Episode,Total_Local_Reward,R_env,R_passing,R_in_box,R_assist,R_role,R_approach
1,0.6750000417232513,0.0,0.0,0.0,0.0,0.3750000298023224,0.30000001192092896
2,1.0500000715255737,0.0,0.0,0.0,0.0,0.7500000596046448,0.30000001192092896
3,1.0499999821186066,0.0,0.0,0.0,0.0,0.7500000596046448,0.30000001192092896
4,0.05000004172325134,0.0,-1.0,0.0,0.0,0.7500000596046448,0.30000001192092896
5,2.050000011920929,0.0,1.0,0.0,0.0,0.7500000596046448,0.30000001192092896
6,0.05000004172325134,0.0,-1.0,0.0,0.0,0.7500000596046448,0.30000001192092896
7,1.4250001013278961,0.0,0.0,0.0,0.0,1.1250000894069672,0.30000001192092896
8,-0.19999992847442627,0.0,-2.0,0.0,0.0,1.5000001192092896,0.30000001192092896
9,0.6750000417232513,0.0,0.0,0.0,0.0,0.3750000298023224,0.30000001192092896
10,0.6750000417232513,0.0,0.0,0.0,0.0,0.3750000298023224,0.30000001192092896
11,0.05000004172325134,0.0,-1.0,0.0,0.0,0.7500000596046448,0.30000001192092896
12,1.0500000715255737,0.0,0.0,0.0,0.0,0.7500000596046448,0.30000001192092896
13,0.6750000417232513,0.0,0.0,0.0,0.0,0.3750000298023224,0.30000001192092896
14,0.6750000417232513,0.0,0.0,0.0,0.0,0.3750000298023224,0.30000001192092896
15,2.525000214576721,0.0,-1.0,0.0,0.0,3.2250002324581146,0.30000001192092896
16,1.0500000715255737,0.0,0.0,0.0,0.0,0.7500000596046448,0.30000001192092896
17,0.42500007152557373,0.0,-1.0,0.0,0.0,1.1250000894069672,0.30000001192092896
18,-0.19999992847442627,0.0,-2.0,0.0,0.0,1.5000001192092896,0.30000001192092896
19,0.8000001013278961,0.0,-1.0,0.0,0.0,1.5000001192092896,0.30000001192092896
20,0.6750000417232513,0.0,0.0,0.0,0.0,0.3750000298023224,0.30000001192092896
21,1.0500000715255737,0.0,0.0,0.0,0.0,0.7500000596046448,0.30000001192092896
22,2.049999922513962,0.0,1.0,0.0,0.0,0.7500000596046448,0.30000001192092896
23,1.4250001013278961,0.0,0.0,0.0,0.0,1.1250000894069672,0.30000001192092896
24,0.05000007152557373,0.0,-1.0,0.0,0.0,0.7500000596046448,0.30000001192092896
25,-0.5749999284744263,0.0,-2.0,0.0,0.0,1.1250000894069672,0.30000001192092896
26,8.475000232458115,0.0,-4.300000011920929,0.0,0.0,12.175000131130219,0.6000000238418579
27,0.05000004172325134,0.0,-1.0,0.0,0.0,0.7500000596046448,0.30000001192092896
28,0.6750000417232513,0.0,0.0,0.0,0.0,0.3750000298023224,0.30000001192092896
29,1.6749999821186066,0.0,1.0,0.0,0.0,0.3750000298023224,0.30000001192092896
30,9.975000470876694,0.0,-12.300000011920929,0.0,0.0,21.67500078678131,0.6000000238418579
31,1.6749999821186066,0.0,1.0,0.0,0.0,0.3750000298023224,0.30000001192092896
32,10.550000160932541,0.0,-0.2999999523162842,0.0,0.0,10.25000050663948,0.6000000238418579
33,1.0500000715255737,0.0,0.0,0.0,0.0,0.7500000596046448,0.30000001192092896
34,0.42500007152557373,0.0,-1.0,0.0,0.0,1.1250000894069672,0.30000001192092896
35,1.0500000715255737,0.0,0.0,0.0,0.0,0.7500000596046448,0.30000001192092896
36,17.525001257658005,-1.0000001192092896,-8.0,0.0,0.0,26.225002128630877,0.30000001192092896
37,20.325001295655966,0.0,-3.0,0.0,0.0,23.02500145882368,0.30000001192092896
38,-0.32499995827674866,0.0,-1.0,0.0,0.0,0.3750000298023224,0.30000001192092896
39,1.0500000715255737,0.0,0.0,0.0,0.0,0.7500000596046448,0.30000001192092896
40,0.05000004172325134,0.0,-1.0,0.0,0.0,0.7500000596046448,0.30000001192092896
41,17.074999377131462,0.0,-2.0,0.0,0.0,18.77499920502305,0.30000001192092896
42,18.92500100284815,0.0,-5.800000011920929,0.0,0.0,23.8250014744699,0.9000000357627869
43,0.6750000417232513,0.0,0.0,0.0,0.0,0.3750000298023224,0.30000001192092896
44,0.6750000417232513,0.0,0.0,0.0,0.0,0.3750000298023224,0.30000001192092896
45,9.175000879913568,0.0,-11.0,0.0,0.0,19.875001024454832,0.30000001192092896
46,1.4250001013278961,0.0,0.0,0.0,0.0,1.1250000894069672,0.30000001192092896
47,1.0500000715255737,0.0,0.0,0.0,0.0,0.7500000596046448,0.30000001192092896
48,16.10000103339553,-1.0000001192092896,-6.599999964237213,0.0,0.0,22.800001561641693,0.9000000357627869
49,0.6750000417232513,0.0,0.0,0.0,0.0,0.3750000298023224,0.30000001192092896
50,1.4249999225139618,0.0,0.0,0.0,0.0,1.1250000894069672,0.30000001192092896
51,0.42500007152557373,0.0,-1.0,0.0,0.0,1.1250000894069672,0.30000001192092896
52,5.100000724196434,-1.0000001192092896,-17.299999952316284,0.0,0.0,22.800001077353954,0.6000000238418579
53,2.050000011920929,0.0,1.0,0.0,0.0,0.7500000596046448,0.30000001192092896
54,1.0499999821186066,0.0,0.0,0.0,0.0,0.7500000596046448,0.30000001192092896
55,-0.32499995827674866,0.0,-1.0,0.0,0.0,0.3750000298023224,0.30000001192092896
56,0.6750000417232513,0.0,0.0,0.0,0.0,0.3750000298023224,0.30000001192092896
57,-0.19999992847442627,0.0,-2.0,0.0,0.0,1.5000001192092896,0.30000001192092896
58,1.6749999821186066,0.0,1.0,0.0,0.0,0.3750000298023224,0.30000001192092896
59,0.6750000417232513,0.0,0.0,0.0,0.0,0.3750000298023224,0.30000001192092896
60,0.42500007152557373,0.0,-1.0,0.0,0.0,1.1250000894069672,0.30000001192092896
61,-0.32499995827674866,0.0,-1.0,0.0,0.0,0.3750000298023224,0.30000001192092896
62,14.875000454485416,0.0,-6.600000023841858,0.0,0.0,20.2750004529953,1.2000000476837158
63,0.6750000417232513,0.0,0.0,0.0,0.0,0.3750000298023224,0.30000001192092896
64,1.0500000715255737,0.0,0.0,0.0,0.0,0.7500000596046448,0.30000001192092896
65,0.4250001013278961,0.0,-1.0,0.0,0.0,1.1250000894069672,0.30000001192092896
66,0.6750000417232513,0.0,0.0,0.0,0.0,0.3750000298023224,0.30000001192092896
67,0.6750000417232513,0.0,0.0,0.0,0.0,0.3750000298023224,0.30000001192092896
68,0.6750000417232513,0.0,0.0,0.0,0.0,0.3750000298023224,0.30000001192092896
69,1.0499999225139618,0.0,0.0,0.0,0.0,0.7500000596046448,0.30000001192092896
70,14.325000785291195,0.0,-13.0,0.0,0.0,27.025001130998135,0.30000001192092896
71,5.800000369548798,0.0,-2.600000023841858,0.0,0.0,7.500000596046448,0.9000000357627869
72,0.6750000417232513,0.0,0.0,0.0,0.0,0.3750000298023224,0.30000001192092896
73,11.675000488758087,0.0,-1.300000011920929,0.0,0.0,12.375000536441803,0.6000000238418579
74,1.6749999821186066,0.0,1.0,0.0,0.0,0.3750000298023224,0.30000001192092896
75,0.6750000417232513,0.0,0.0,0.0,0.0,0.3750000298023224,0.30000001192092896
76,0.6750000417232513,0.0,0.0,0.0,0.0,0.3750000298023224,0.30000001192092896
77,6.825000494718552,0.0,-6.300000011920929,0.0,0.0,12.525000661611557,0.6000000238418579
78,9.550000235438347,0.0,-4.0,0.0,0.0,13.250000271946192,0.30000001192092896
79,1.0500000715255737,0.0,0.0,0.0,0.0,0.7500000596046448,0.30000001192092896
80,12.825000423938036,-1.0000001192092896,-12.300000011920929,0.0,0.0,25.525001790374517,0.6000000238418579
81,14.900000557303429,-1.0000001192092896,-3.5,0.0,0.0,18.800000797957182,0.6000000238418579
82,14.450000528246164,0.0,-1.0,0.0,0.0,15.150000881403685,0.30000001192092896
83,-2.1749996952712536,-1.0000001192092896,-31.5,0.0,0.0,28.525000017136335,1.8000000715255737
84,0.05000004172325134,0.0,-1.0,0.0,0.0,0.7500000596046448,0.30000001192092896
85,7.100000210106373,-1.0000001192092896,-5.5,0.0,0.0,13.00000025331974,0.6000000238418579
86,1.4250001013278961,0.0,0.0,0.0,0.0,1.1250000894069672,0.30000001192092896
87,2.424999952316284,0.0,1.0,0.0,0.0,1.1250000894069672,0.30000001192092896
88,14.700000956654549,-1.0000001192092896,-6.0,0.0,0.0,21.400001142174006,0.30000001192092896
89,0.05000007152557373,0.0,-1.0,0.0,0.0,0.7500000596046448,0.30000001192092896
90,23.975000619888306,-1.0000001192092896,-6.0,0.0,0.0,30.675000954419374,0.30000001192092896
91,2.7999998331069946,0.0,1.0,0.0,0.0,1.5000001192092896,0.30000001192092896
92,0.6750000417232513,0.0,0.0,0.0,0.0,0.3750000298023224,0.30000001192092896
93,14.0750000923872,0.0,-7.600000023841858,0.0,0.0,20.77500034496188,0.9000000357627869
94,13.099999893456697,-1.0000001192092896,-8.600000023841858,0.0,0.0,21.800000347197056,0.9000000357627869
95,37.60000041127205,0.0,-8.300000011920929,0.0,0.0,45.300001353025436,0.6000000238418579
96,1.4250001013278961,0.0,0.0,0.0,0.0,1.1250000894069672,0.30000001192092896
97,11.475000143051147,0.0,-6.699999988079071,-1.0,0.0,17.375000089406967,1.8000000715255737
98,0.6750000417232513,0.0,0.0,0.0,0.0,0.3750000298023224,0.30000001192092896
99,1.4250001013278961,0.0,0.0,0.0,0.0,1.1250000894069672,0.30000001192092896
100,21.200000666081905,0.0,-18.500000059604645,0.0,0.0,37.60000067204237,2.1000000834465027
101,0.6750000417232513,0.0,0.0,0.0,0.0,0.3750000298023224,0.30000001192092896
102,0.05000004172325134,0.0,-1.0,0.0,0.0,0.7500000596046448,0.30000001192092896
103,22.475000731647015,-1.0000001192092896,-13.300000011920929,0.0,0.0,36.17500137537718,0.6000000238418579
104,0.8000001013278961,0.0,-1.0,0.0,0.0,1.5000001192092896,0.30000001192092896
105,-0.32499995827674866,0.0,-1.0,0.0,0.0,0.3750000298023224,0.30000001192092896
106,7.9750007800757885,-1.0000001192092896,-16.0,0.0,0.0,24.67500142008066,0.30000001192092896
107,1.0500000715255737,0.0,0.0,0.0,0.0,0.7500000596046448,0.30000001192092896
108,0.6750000417232513,0.0,0.0,0.0,0.0,0.3750000298023224,0.30000001192092896
109,13.30000015720725,-1.0000001192092896,-5.600000023841858,0.0,0.0,19.000000398606062,0.9000000357627869
110,1.6749999821186066,0.0,1.0,0.0,0.0,0.3750000298023224,0.30000001192092896
111,-0.32499995827674866,0.0,-1.0,0.0,0.0,0.3750000298023224,0.30000001192092896
112,0.6750000417232513,0.0,0.0,0.0,0.0,0.3750000298023224,0.30000001192092896
113,1.0500000715255737,0.0,0.0,0.0,0.0,0.7500000596046448,0.30000001192092896
114,12.425000935792923,0.0,-1.0,0.0,0.0,13.125000923871994,0.30000001192092896
115,32.70000075548887,0.0,-7.299999952316284,0.0,0.0,39.40000119060278,0.6000000238418579
116,1.0500000715255737,0.0,0.0,0.0,0.0,0.7500000596046448,0.30000001192092896
117,-0.5749999582767487,0.0,-2.0,0.0,0.0,1.1250000894069672,0.30000001192092896
118,0.6750000417232513,0.0,0.0,0.0,0.0,0.3750000298023224,0.30000001192092896
119,-0.32499995827674866,0.0,-1.0,0.0,0.0,0.3750000298023224,0.30000001192092896
120,1.0500000715255737,0.0,0.0,0.0,0.0,0.7500000596046448,0.30000001192092896
121,3.8000002279877663,0.0,-10.300000011920929,0.0,0.0,13.50000025331974,0.6000000238418579
122,15.7250005453825,-1.0000001192092896,-4.299999952316284,0.0,0.0,20.42500087991357,0.6000000238418579
123,25.750000670552254,-1.0000001192092896,-6.800000011920929,0.0,0.0,32.3500011600554,1.2000000476837158
124,1.4250001013278961,0.0,0.0,0.0,0.0,1.1250000894069672,0.30000001192092896
125,0.17500010132789612,0.0,-2.0,0.0,0.0,1.875000149011612,0.30000001192092896
126,0.6750000417232513,0.0,0.0,0.0,0.0,0.3750000298023224,0.30000001192092896
127,0.6750000417232513,0.0,0.0,0.0,0.0,0.3750000298023224,0.30000001192092896
128,1.4000000953674316,0.0,0.0,0.0,0.0,1.1000000834465027,0.30000001192092896
129,2.7999999821186066,0.0,1.0,0.0,0.0,1.5000001192092896,0.30000001192092896
130,0.6750000417232513,0.0,0.0,0.0,0.0,0.3750000298023224,0.30000001192092896
131,1.0500000715255737,0.0,0.0,0.0,0.0,0.7500000596046448,0.30000001192092896
132,1.0499999821186066,0.0,0.0,0.0,0.0,0.7500000596046448,0.30000001192092896
133,0.8000001013278961,0.0,-1.0,0.0,0.0,1.5000001192092896,0.30000001192092896
134,0.6750000417232513,0.0,0.0,0.0,0.0,0.3750000298023224,0.30000001192092896
135,1.4250001013278961,0.0,0.0,0.0,0.0,1.1250000894069672,0.30000001192092896
136,1.4249999225139618,0.0,0.0,0.0,0.0,1.1250000894069672,0.30000001192092896
137,1.0500000715255737,0.0,0.0,0.0,0.0,0.7500000596046448,0.30000001192092896
138,0.6750000417232513,0.0,0.0,0.0,0.0,0.3750000298023224,0.30000001192092896
139,0.42500007152557373,0.0,-1.0,0.0,0.0,1.1250000894069672,0.30000001192092896
140,9.825000695884228,0.0,-9.0,0.0,0.0,18.525001239031553,0.30000001192092896
141,1.6749999821186066,0.0,1.0,0.0,0.0,0.3750000298023224,0.30000001192092896
142,21.700000803917646,0.0,-4.0,0.0,0.0,25.40000106394291,0.30000001192092896
143,0.6750000417232513,0.0,0.0,0.0,0.0,0.3750000298023224,0.30000001192092896
144,16.100000265985727,0.0,-2.5,0.0,0.0,18.000000201165676,0.6000000238418579
145,3.4249998927116394,0.0,2.0,0.0,0.0,1.1250000894069672,0.30000001192092896
146,17.925001438707113,0.0,-10.300000011920929,0.0,0.0,27.625001780688763,0.6000000238418579
147,1.0500000715255737,0.0,0.0,0.0,0.0,0.7500000596046448,0.30000001192092896
148,0.6750000417232513,0.0,0.0,0.0,0.0,0.3750000298023224,0.30000001192092896
149,26.650000900030136,0.0,-4.299999952316284,0.0,0.0,30.050001066178083,0.9000000357627869
150,0.42500007152557373,0.0,-1.0,0.0,0.0,1.1250000894069672,0.30000001192092896
151,0.6750000417232513,0.0,0.0,0.0,0.0,0.3750000298023224,0.30000001192092896
152,1.0499999225139618,0.0,0.0,0.0,0.0,0.7500000596046448,0.30000001192092896
153,0.4250001013278961,0.0,-1.0,0.0,0.0,1.1250000894069672,0.30000001192092896
154,33.450000155717134,0.0,-8.300000011920929,0.0,0.0,41.150001250207424,0.6000000238418579
155,0.6750000417232513,0.0,0.0,0.0,0.0,0.3750000298023224,0.30000001192092896
156,0.6750000417232513,0.0,0.0,0.0,0.0,0.3750000298023224,0.30000001192092896
157,-0.32499995827674866,0.0,-1.0,0.0,0.0,0.3750000298023224,0.30000001192092896
158,0.6750000417232513,0.0,0.0,0.0,0.0,0.3750000298023224,0.30000001192092896
159,0.6750000417232513,0.0,0.0,0.0,0.0,0.3750000298023224,0.30000001192092896
160,2.175000160932541,0.0,0.0,0.0,0.0,1.875000149011612,0.30000001192092896
161,16.200000286102295,0.0,0.09999996423721313,0.0,0.0,14.600000560283661,1.5000000596046448
162,23.250000655651093,0.0,-6.800000011920929,-1.5,0.0,30.050001949071884,1.5000000596046448
163,0.05000004172325134,0.0,-1.0,0.0,0.0,0.7500000596046448,0.30000001192092896
164,3.5500003695487976,0.0,-2.0,0.0,0.0,5.250000417232513,0.30000001192092896
165,0.6750000417232513,0.0,0.0,0.0,0.0,0.3750000298023224,0.30000001192092896
166,1.6000001728534698,0.0,-1.0,0.0,0.0,2.3000001907348633,0.30000001192092896
167,5.8500005304813385,0.0,-26.500000059604645,0.5,0.0,29.45000060647726,2.4000000953674316
168,0.6750000417232513,0.0,0.0,0.0,0.0,0.3750000298023224,0.30000001192092896
169,1.6749999821186066,0.0,1.0,0.0,0.0,0.3750000298023224,0.30000001192092896
170,19.97500102967024,-1.0000001192092896,-10.0,0.0,0.0,30.675002187490463,0.30000001192092896
171,0.6750000417232513,0.0,0.0,0.0,0.0,0.3750000298023224,0.30000001192092896
172,16.400001011788845,-1.0000001192092896,-7.0,0.0,0.0,24.10000131651759,0.30000001192092896
173,0.6750000417232513,0.0,0.0,0.0,0.0,0.3750000298023224,0.30000001192092896
174,3.5750000439584255,0.0,-12.600000023841858,0.0,0.0,15.274999998509884,0.9000000357627869
175,1.4250001013278961,0.0,0.0,0.0,0.0,1.1250000894069672,0.30000001192092896
176,3.4249998033046722,0.0,2.0,0.0,0.0,1.1250000894069672,0.30000001192092896
177,1.4249999225139618,0.0,0.0,0.0,0.0,1.1250000894069672,0.30000001192092896
178,0.42500007152557373,0.0,-1.0,0.0,0.0,1.1250000894069672,0.30000001192092896
179,0.42500007152557373,0.0,-1.0,0.0,0.0,1.1250000894069672,0.30000001192092896
180,0.05000007152557373,0.0,-1.0,0.0,0.0,0.7500000596046448,0.30000001192092896
181,16.850000642240047,0.0,-0.30000001192092896,0.0,0.0,16.550000805407763,0.6000000238418579
182,1.4750001430511475,0.0,-1.0,0.0,0.0,2.175000160932541,0.30000001192092896
183,1.0500000715255737,0.0,0.0,0.0,0.0,0.7500000596046448,0.30000001192092896
184,0.8000001013278961,0.0,-1.0,0.0,0.0,1.5000001192092896,0.30000001192092896
185,0.6750000417232513,0.0,0.0,0.0,0.0,0.3750000298023224,0.30000001192092896
186,0.6750000417232513,0.0,0.0,0.0,0.0,0.3750000298023224,0.30000001192092896
187,11.100000146776438,0.0,-5.0,0.0,0.0,15.800000537186861,0.30000001192092896
188,0.6750000417232513,0.0,0.0,0.0,0.0,0.3750000298023224,0.30000001192092896
189,0.6750000417232513,0.0,0.0,0.0,0.0,0.3750000298023224,0.30000001192092896
190,1.0500000715255737,0.0,0.0,0.0,0.0,0.7500000596046448,0.30000001192092896
191,11.374999966472387,-1.0000001192092896,-13.0,0.0,0.0,25.074999772012234,0.30000001192092896
192,19.450001176446676,0.0,-3.5,0.0,0.0,22.350001215934753,0.6000000238418579
193,7.150000482797623,0.0,-2.600000023841858,0.0,0.0,8.850000619888306,0.9000000357627869
194,0.3500000834465027,0.0,-2.0,0.0,0.0,2.050000101327896,0.30000001192092896
195,8.67500051483512,-1.0000001192092896,-13.0,0.0,0.0,22.37500087544322,0.30000001192092896
196,9.750000298023224,0.0,-0.6000000238418579,0.0,0.0,9.450000643730164,0.9000000357627869
197,9.000000689178705,0.0,-4.5,-3.0,0.0,15.900000862777233,0.6000000238418579
198,0.42500007152557373,0.0,-1.0,0.0,0.0,1.1250000894069672,0.30000001192092896
199,12.725000739097595,0.0,-1.300000011920929,0.0,0.0,12.825001031160355,1.2000000476837158
200,2.050000011920929,0.0,1.0,0.0,0.0,0.7500000596046448,0.30000001192092896
201,1.4249999523162842,0.0,0.0,0.0,0.0,1.1250000894069672,0.30000001192092896
202,8.150000724941492,-1.0000001192092896,-5.0,0.0,0.0,13.850001018494368,0.30000001192092896
203,18.65000044927001,-1.0000001192092896,-1.600000023841858,0.0,0.0,20.35000130906701,0.9000000357627869
204,1.8000001311302185,0.0,0.0,0.0,0.0,1.5000001192092896,0.30000001192092896
205,2.7999999821186066,0.0,1.0,0.0,0.0,1.5000001192092896,0.30000001192092896
206,16.700000934302807,0.0,-7.299999952316284,0.0,0.0,23.400001518428326,0.6000000238418579
207,20.37500125169754,-1.0000001192092896,-10.5,0.0,0.0,30.67500202730298,1.2000000476837158
208,2.050000011920929,0.0,1.0,0.0,0.0,0.7500000596046448,0.30000001192092896
209,0.42500007152557373,0.0,-1.0,0.0,0.0,1.1250000894069672,0.30000001192092896
210,16.52500057220459,0.0,-11.100000023841858,0.0,0.0,26.425000965595245,1.2000000476837158
211,7.275000900030136,0.0,-5.299999952316284,0.0,0.0,11.975001007318497,0.6000000238418579
212,0.6750000417232513,0.0,0.0,0.0,0.0,0.3750000298023224,0.30000001192092896
213,1.4250001013278961,0.0,0.0,0.0,0.0,1.1250000894069672,0.30000001192092896
214,0.42500007152557373,0.0,-1.0,0.0,0.0,1.1250000894069672,0.30000001192092896
215,11.625000569969416,0.0,-5.0,0.0,0.0,16.325000636279583,0.30000001192092896
216,8.950000926852226,-1.0000001192092896,-11.0,0.0,0.0,20.650001399219036,0.30000001192092896
217,8.275000765919685,0.0,-14.0,0.0,0.0,21.975000761449337,0.30000001192092896
218,0.42500007152557373,0.0,-1.0,0.0,0.0,1.1250000894069672,0.30000001192092896
219,0.42500007152557373,0.0,-1.0,0.0,0.0,1.1250000894069672,0.30000001192092896
220,7.2000005058944225,0.0,-18.0,0.0,0.0,24.300001453608274,0.9000000357627869
221,0.4250001013278961,0.0,-1.0,0.0,0.0,1.1250000894069672,0.30000001192092896
222,0.6750000417232513,0.0,0.0,0.0,0.0,0.3750000298023224,0.30000001192092896
223,1.0500000715255737,0.0,0.0,0.0,0.0,0.7500000596046448,0.30000001192092896
224,1.0500000715255737,0.0,0.0,0.0,0.0,0.7500000596046448,0.30000001192092896
225,0.42500007152557373,0.0,-1.0,0.0,0.0,1.1250000894069672,0.30000001192092896
226,1.0500000715255737,0.0,0.0,0.0,0.0,0.7500000596046448,0.30000001192092896
227,-0.5749999582767487,0.0,-2.0,0.0,0.0,1.1250000894069672,0.30000001192092896
228,0.6750000417232513,0.0,0.0,0.0,0.0,0.3750000298023224,0.30000001192092896
229,-0.32499995827674866,0.0,-1.0,0.0,0.0,0.3750000298023224,0.30000001192092896
230,0.6750000417232513,0.0,0.0,0.0,0.0,0.3750000298023224,0.30000001192092896
231,1.0500000715255737,0.0,0.0,0.0,0.0,0.7500000596046448,0.30000001192092896
232,0.6750000417232513,0.0,0.0,0.0,0.0,0.3750000298023224,0.30000001192092896
233,13.50000037252903,0.0,-8.0,0.0,0.0,21.200000576674938,0.30000001192092896
234,-0.32499995827674866,0.0,-1.0,0.0,0.0,0.3750000298023224,0.30000001192092896
235,13.075001016259193,0.0,-15.0,0.0,0.0,27.775001496076584,0.30000001192092896
236,1.0500000715255737,0.0,0.0,0.0,0.0,0.7500000596046448,0.30000001192092896
237,3.175000160932541,0.0,-2.300000011920929,0.0,0.0,4.875000387430191,0.6000000238418579
238,1.0500000715255737,0.0,0.0,0.0,0.0,0.7500000596046448,0.30000001192092896
239,0.6750000417232513,0.0,0.0,0.0,0.0,0.3750000298023224,0.30000001192092896
240,16.925001233816147,0.0,-9.0,0.0,0.0,25.625001329928637,0.30000001192092896
241,5.000000327825546,0.0,-6.600000023841858,0.0,0.0,10.70000047981739,0.9000000357627869
242,1.4250001013278961,0.0,0.0,0.0,0.0,1.1250000894069672,0.30000001192092896
243,0.6750000417232513,0.0,0.0,0.0,0.0,0.3750000298023224,0.30000001192092896
244,-0.32499995827674866,0.0,-1.0,0.0,0.0,0.3750000298023224,0.30000001192092896
245,6.125000439584255,-1.0000001192092896,-15.200000047683716,0.0,0.0,20.825000785291195,1.5000000596046448
246,0.6750000417232513,0.0,0.0,0.0,0.0,0.3750000298023224,0.30000001192092896
247,1.4250001013278961,0.0,0.0,0.0,0.0,1.1250000894069672,0.30000001192092896
248,4.975000441074371,0.0,-6.300000011920929,0.0,0.0,10.67500051856041,0.6000000238418579
249,2.049999922513962,0.0,1.0,0.0,0.0,0.7500000596046448,0.30000001192092896
250,1.0500000715255737,0.0,0.0,0.0,0.0,0.7500000596046448,0.30000001192092896
251,2.7999999821186066,0.0,1.0,0.0,0.0,1.5000001192092896,0.30000001192092896
252,0.4250001013278961,0.0,-1.0,0.0,0.0,1.1250000894069672,0.30000001192092896
253,1.0500000715255737,0.0,0.0,0.0,0.0,0.7500000596046448,0.30000001192092896
254,18.400000300258398,0.0,-3.0,0.0,0.0,21.100000981241465,0.30000001192092896
255,1.0500000715255737,0.0,0.0,0.0,0.0,0.7500000596046448,0.30000001192092896
256,17.00000076368451,0.0,-4.0,0.0,0.0,20.700000889599323,0.30000001192092896
257,17.45000086352229,-1.0000001192092896,-2.5,0.0,0.0,20.35000078380108,0.6000000238418579
258,0.05000004172325134,0.0,-1.0,0.0,0.0,0.7500000596046448,0.30000001192092896
259,10.550000071525574,0.0,-3.600000023841858,0.0,0.0,13.25000037252903,0.9000000357627869
260,0.6750000417232513,0.0,0.0,0.0,0.0,0.3750000298023224,0.30000001192092896
261,0.6750000417232513,0.0,0.0,0.0,0.0,0.3750000298023224,0.30000001192092896
262,1.0500000715255737,0.0,0.0,0.0,0.0,0.7500000596046448,0.30000001192092896
263,18.600001011043787,-1.0000001192092896,-7.0,0.0,0.0,26.300002098083496,0.30000001192092896
264,0.6750000417232513,0.0,0.0,0.0,0.0,0.3750000298023224,0.30000001192092896
265,13.70000046491623,0.0,-4.300000011920929,0.0,0.0,17.40000057220459,0.6000000238418579
266,2.050000011920929,0.0,1.0,0.0,0.0,0.7500000596046448,0.30000001192092896
267,0.05000004172325134,0.0,-1.0,0.0,0.0,0.7500000596046448,0.30000001192092896
268,1.0500000715255737,0.0,0.0,0.0,0.0,0.7500000596046448,0.30000001192092896
269,9.600000441074371,0.0,-1.300000011920929,0.0,0.0,10.300000727176666,0.6000000238418579
270,4.72500017285347,0.0,0.0,0.0,0.0,4.425000160932541,0.30000001192092896
271,13.875000786036253,0.0,-2.0,0.0,0.0,15.575001120567322,0.30000001192092896
272,10.550000369548798,0.0,1.699999988079071,0.0,0.0,8.250000655651093,0.6000000238418579
273,0.6750000417232513,0.0,0.0,0.0,0.0,0.3750000298023224,0.30000001192092896
274,1.6749999821186066,0.0,1.0,0.0,0.0,0.3750000298023224,0.30000001192092896
275,0.05000004172325134,0.0,-1.0,0.0,0.0,0.7500000596046448,0.30000001192092896
276,0.6750000417232513,0.0,0.0,0.0,0.0,0.3750000298023224,0.30000001192092896
277,1.4250001013278961,0.0,0.0,0.0,0.0,1.1250000894069672,0.30000001192092896
278,-0.9499999582767487,0.0,-2.0,0.0,0.0,0.7500000596046448,0.30000001192092896
279,0.6750000417232513,0.0,0.0,0.0,0.0,0.3750000298023224,0.30000001192092896
280,1.0500000715255737,0.0,0.0,0.0,0.0,0.7500000596046448,0.30000001192092896
281,4.175000682473183,-1.0000001192092896,-7.0,0.0,0.0,11.87500074878335,0.30000001192092896
282,-0.32499995827674866,0.0,-1.0,0.0,0.0,0.3750000298023224,0.30000001192092896
283,18.325000792741776,0.0,-4.0,0.0,0.0,20.82500146701932,1.5000000596046448
284,1.0500000715255737,0.0,0.0,0.0,0.0,0.7500000596046448,0.30000001192092896
285,0.6750000417232513,0.0,0.0,0.0,0.0,0.3750000298023224,0.30000001192092896
286,1.8000001311302185,0.0,0.0,0.0,0.0,1.5000001192092896,0.30000001192092896
287,17.025000549852848,-1.0000001192092896,-2.5,0.5,0.0,18.825001005083323,1.2000000476837158
288,-0.32499995827674866,0.0,-1.0,0.0,0.0,0.3750000298023224,0.30000001192092896
289,0.42500007152557373,0.0,-1.0,0.0,0.0,1.1250000894069672,0.30000001192092896
290,0.6750000417232513,0.0,0.0,0.0,0.0,0.3750000298023224,0.30000001192092896
291,18.850000150501728,0.0,-5.5,-1.5,0.0,25.25000062212348,0.6000000238418579
292,1.0499998927116394,0.0,0.0,0.0,0.0,0.7500000596046448,0.30000001192092896
293,0.6750000417232513,0.0,0.0,0.0,0.0,0.3750000298023224,0.30000001192092896
294,13.550000671297312,0.0,-5.0,0.0,0.0,18.25000136345625,0.30000001192092896
295,1.4250001013278961,0.0,0.0,0.0,0.0,1.1250000894069672,0.30000001192092896
296,7.350000716745853,-1.0000001192092896,-8.0,0.0,0.0,16.0500007532537,0.30000001192092896
297,6.375000417232513,0.0,-2.300000011920929,0.0,0.0,8.075000494718552,0.6000000238418579
298,0.05000007152557373,0.0,-1.0,0.0,0.0,0.7500000596046448,0.30000001192092896
299,0.05000004172325134,0.0,-1.0,0.0,0.0,0.7500000596046448,0.30000001192092896
300,0.05000004172325134,0.0,-1.0,0.0,0.0,0.7500000596046448,0.30000001192092896
301,21.750000573694706,0.0,-8.0,0.0,0.0,29.450001206249,0.30000001192092896
302,0.6750000417232513,0.0,0.0,0.0,0.0,0.3750000298023224,0.30000001192092896
303,-0.32499995827674866,0.0,-1.0,0.0,0.0,0.3750000298023224,0.30000001192092896
304,0.6750000417232513,0.0,0.0,0.0,0.0,0.3750000298023224,0.30000001192092896
305,20.275000661611557,-1.0000001192092896,-10.800000011920929,0.0,0.0,30.87500073760748,1.2000000476837158
306,25.125000808387995,0.0,3.0,0.0,0.0,21.825001273304224,0.30000001192092896
307,1.4250001013278961,0.0,0.0,0.0,0.0,1.1250000894069672,0.30000001192092896
308,2.4250000417232513,0.0,1.0,0.0,0.0,1.1250000894069672,0.30000001192092896
309,13.900001171976328,0.0,-7.0,0.0,0.0,20.600001454353333,0.30000001192092896
310,0.05000004172325134,0.0,-1.0,0.0,0.0,0.7500000596046448,0.30000001192092896
311,12.150000773370266,0.0,-13.299999952316284,0.0,0.0,24.850001253187656,0.6000000238418579
312,4.225000411272049,0.0,-2.0,0.0,0.0,5.9250005185604095,0.30000001192092896
313,0.05000004172325134,0.0,-1.0,0.0,0.0,0.7500000596046448,0.30000001192092896
314,0.6750000417232513,0.0,0.0,0.0,0.0,0.3750000298023224,0.30000001192092896
315,0.6750000417232513,0.0,0.0,0.0,0.0,0.3750000298023224,0.30000001192092896
316,-0.5749999582767487,0.0,-2.0,0.0,0.0,1.1250000894069672,0.30000001192092896
317,2.050000011920929,0.0,1.0,0.0,0.0,0.7500000596046448,0.30000001192092896
318,12.475000936537981,0.0,-11.0,0.0,0.0,23.175001084804535,0.30000001192092896
319,1.0500000715255737,0.0,0.0,0.0,0.0,0.7500000596046448,0.30000001192092896
320,0.8000001013278961,0.0,-1.0,0.0,0.0,1.5000001192092896,0.30000001192092896
321,0.6750000417232513,0.0,0.0,0.0,0.0,0.3750000298023224,0.30000001192092896
322,9.500001076608896,0.0,-7.0,0.0,0.0,16.20000111311674,0.30000001192092896
323,12.125000271946192,0.0,-5.0,0.0,0.0,16.825000189244747,0.30000001192092896
324,1.6749999821186066,0.0,1.0,0.0,0.0,0.3750000298023224,0.30000001192092896
325,2.050000011920929,0.0,1.0,0.0,0.0,0.7500000596046448,0.30000001192092896
326,0.05000004172325134,0.0,-1.0,0.0,0.0,0.7500000596046448,0.30000001192092896
327,-0.5749999284744263,0.0,-2.0,0.0,0.0,1.1250000894069672,0.30000001192092896
328,1.8000001311302185,0.0,0.0,0.0,0.0,1.5000001192092896,0.30000001192092896
329,0.6750000417232513,0.0,0.0,0.0,0.0,0.3750000298023224,0.30000001192092896
330,0.6750000417232513,0.0,0.0,0.0,0.0,0.3750000298023224,0.30000001192092896
331,2.424999952316284,0.0,1.0,0.0,0.0,1.1250000894069672,0.30000001192092896
332,0.6750000417232513,0.0,0.0,0.0,0.0,0.3750000298023224,0.30000001192092896
333,0.42500007152557373,0.0,-1.0,0.0,0.0,1.1250000894069672,0.30000001192092896
334,0.05000004172325134,0.0,-1.0,0.0,0.0,0.7500000596046448,0.30000001192092896
335,1.4250001013278961,0.0,0.0,0.0,0.0,1.1250000894069672,0.30000001192092896
336,32.425001103430986,-1.0000001192092896,-22.899999916553497,0.0,0.0,55.12500212714076,1.2000000476837158
337,1.4250001013278961,0.0,0.0,0.0,0.0,1.1250000894069672,0.30000001192092896
338,2.1749999821186066,0.0,0.0,0.0,0.0,1.875000149011612,0.30000001192092896
339,19.175001207739115,0.0,-9.300000011920929,0.0,0.0,27.87500164285302,0.6000000238418579
340,13.225000534206629,0.0,-9.600000023841858,0.0,0.0,21.92500088736415,0.9000000357627869
341,-0.32499998807907104,0.0,-1.0,0.0,0.0,0.3750000298023224,0.30000001192092896
342,17.950001183897257,0.0,-7.0,0.0,0.0,24.65000157803297,0.30000001192092896
343,0.05000004172325134,0.0,-1.0,0.0,0.0,0.7500000596046448,0.30000001192092896
344,1.0500000715255737,0.0,0.0,0.0,0.0,0.7500000596046448,0.30000001192092896
345,-0.32499998807907104,0.0,-1.0,0.0,0.0,0.3750000298023224,0.30000001192092896
346,13.500000558793545,0.0,-5.0,0.0,0.0,18.200000666081905,0.30000001192092896
347,2.050000011920929,0.0,1.0,0.0,0.0,0.7500000596046448,0.30000001192092896
348,0.05000004172325134,0.0,-1.0,0.0,0.0,0.7500000596046448,0.30000001192092896
349,2.049999922513962,0.0,1.0,0.0,0.0,0.7500000596046448,0.30000001192092896
350,5.64999994635582,-1.0000001192092896,-17.0,0.0,0.0,23.350000131875277,0.30000001192092896
351,0.6750000417232513,0.0,0.0,0.0,0.0,0.3750000298023224,0.30000001192092896
352,1.0500000715255737,0.0,0.0,0.0,0.0,0.7500000596046448,0.30000001192092896
353,43.75000158697367,0.0,-13.700000047683716,-4.5,0.0,59.550001353025436,2.4000000953674316
354,0.05000004172325134,0.0,-1.0,0.0,0.0,0.7500000596046448,0.30000001192092896
355,2.424999952316284,0.0,1.0,0.0,0.0,1.1250000894069672,0.30000001192092896
356,0.6750000417232513,0.0,0.0,0.0,0.0,0.3750000298023224,0.30000001192092896
357,14.8000005222857,0.0,-5.0,0.0,0.0,19.500001054257154,0.30000001192092896
358,6.000000327825546,0.0,-1.300000011920929,0.0,0.0,6.700000464916229,0.6000000238418579
359,16.87500113248825,0.0,-8.300000011920929,0.0,0.0,24.575001206249,0.6000000238418579
360,1.8000001311302185,0.0,0.0,0.0,0.0,1.5000001192092896,0.30000001192092896
361,-0.19999992847442627,0.0,-2.0,0.0,0.0,1.5000001192092896,0.30000001192092896
362,21.6250011138618,0.0,-7.600000023841858,0.0,0.0,28.325002145022154,0.9000000357627869
363,0.05000004172325134,0.0,-1.0,0.0,0.0,0.7500000596046448,0.30000001192092896
364,0.6750000417232513,0.0,0.0,0.0,0.0,0.3750000298023224,0.30000001192092896
365,16.750000901520252,0.0,-11.600000023841858,0.0,0.0,27.450001318007708,0.9000000357627869
366,0.42500007152557373,0.0,-1.0,0.0,0.0,1.1250000894069672,0.30000001192092896
367,0.05000004172325134,0.0,-1.0,0.0,0.0,0.7500000596046448,0.30000001192092896
368,5.425000190734863,0.0,1.0,0.0,0.0,4.125000327825546,0.30000001192092896
369,0.6750000417232513,0.0,0.0,0.0,0.0,0.3750000298023224,0.30000001192092896
370,1.0500000715255737,0.0,0.0,0.0,0.0,0.7500000596046448,0.30000001192092896
371,18.750000935047865,0.0,-8.0,0.0,0.0,26.450001269578934,0.30000001192092896
372,1.0500000715255737,0.0,0.0,0.0,0.0,0.7500000596046448,0.30000001192092896
373,15.425001218914986,-1.0000001192092896,-6.0,0.0,0.0,22.125001661479473,0.30000001192092896
374,3.7999998331069946,0.0,2.0,0.0,0.0,1.5000001192092896,0.30000001192092896
375,0.42500007152557373,0.0,-1.0,0.0,0.0,1.1250000894069672,0.30000001192092896
376,11.85000067576766,-1.0000001192092896,-13.600000023841858,0.0,0.0,25.550001215189695,0.9000000357627869
377,0.42500007152557373,0.0,-1.0,0.0,0.0,1.1250000894069672,0.30000001192092896
378,0.6750000417232513,0.0,0.0,0.0,0.0,0.3750000298023224,0.30000001192092896
379,0.6750000417232513,0.0,0.0,0.0,0.0,0.3750000298023224,0.30000001192092896
380,11.100000455975533,0.0,-7.300000011920929,0.0,0.0,17.800000622868538,0.6000000238418579
381,0.42500007152557373,0.0,-1.0,0.0,0.0,1.1250000894069672,0.30000001192092896
382,0.42500007152557373,0.0,-1.0,0.0,0.0,1.1250000894069672,0.30000001192092896
383,1.0500000715255737,0.0,0.0,0.0,0.0,0.7500000596046448,0.30000001192092896
384,7.59999980404973,-1.0000001192092896,-12.900000035762787,0.0,0.0,20.300000175833702,1.2000000476837158
385,0.42500007152557373,0.0,-1.0,0.0,0.0,1.1250000894069672,0.30000001192092896
386,0.6750000417232513,0.0,0.0,0.0,0.0,0.3750000298023224,0.30000001192092896
387,0.6750000417232513,0.0,0.0,0.0,0.0,0.3750000298023224,0.30000001192092896
388,1.6749999821186066,0.0,1.0,0.0,0.0,0.3750000298023224,0.30000001192092896
389,6.20000047981739,0.0,-15.300000011920929,0.0,0.0,20.900001101195812,0.6000000238418579
390,1.4250001013278961,0.0,0.0,0.0,0.0,1.1250000894069672,0.30000001192092896
391,2.4250000417232513,0.0,1.0,0.0,0.0,1.1250000894069672,0.30000001192092896
392,0.6750000417232513,0.0,0.0,0.0,0.0,0.3750000298023224,0.30000001192092896
393,8.025000035762787,0.0,1.399999976158142,0.0,0.0,5.725000232458115,0.9000000357627869
394,0.6750000417232513,0.0,0.0,0.0,0.0,0.3750000298023224,0.30000001192092896
395,1.6749999821186066,0.0,1.0,0.0,0.0,0.3750000298023224,0.30000001192092896
396,-0.19999992847442627,0.0,-2.0,0.0,0.0,1.5000001192092896,0.30000001192092896
397,1.4250001013278961,0.0,0.0,0.0,0.0,1.1250000894069672,0.30000001192092896
398,0.8000001013278961,0.0,-1.0,0.0,0.0,1.5000001192092896,0.30000001192092896
399,1.4250001013278961,0.0,0.0,0.0,0.0,1.1250000894069672,0.30000001192092896
400,1.0500000715255737,0.0,0.0,0.0,0.0,0.7500000596046448,0.30000001192092896
401,15.975000586360693,-1.0000001192092896,-8.400000035762787,0.0,0.0,23.875001225620508,1.5000000596046448
402,0.6750000417232513,0.0,0.0,0.0,0.0,0.3750000298023224,0.30000001192092896
403,13.750001169741154,0.0,-13.599999964237213,0.0,0.0,26.150001611560583,1.2000000476837158
404,1.0500000715255737,0.0,0.0,0.0,0.0,0.7500000596046448,0.30000001192092896
405,16.775000646710396,0.0,-1.300000011920929,0.0,0.0,17.475001022219658,0.6000000238418579
406,17.025000765919685,0.0,-6.0,0.0,0.0,22.725001603364944,0.30000001192092896
407,-0.32499995827674866,0.0,-1.0,0.0,0.0,0.3750000298023224,0.30000001192092896
408,1.0500000715255737,0.0,0.0,0.0,0.0,0.7500000596046448,0.30000001192092896
409,21.40000070631504,0.0,-3.0,0.0,0.0,24.100001703947783,0.30000001192092896
410,6.55000039935112,0.0,-2.300000011920929,0.0,0.0,8.250000596046448,0.6000000238418579
411,-0.32499995827674866,0.0,-1.0,0.0,0.0,0.3750000298023224,0.30000001192092896
412,1.0500000715255737,0.0,0.0,0.0,0.0,0.7500000596046448,0.30000001192092896
413,12.600000698119402,-1.0000001192092896,-6.5,-1.5,0.0,20.400001406669617,1.2000000476837158
414,2.050000011920929,0.0,1.0,0.0,0.0,0.7500000596046448,0.30000001192092896
415,24.00000075995922,0.0,-0.5,0.0,0.0,23.900000732392073,0.6000000238418579
416,13.350000135600567,0.0,-25.100000023841858,-2.5,0.0,37.05000002682209,3.9000001549720764
417,0.6750000417232513,0.0,0.0,0.0,0.0,0.3750000298023224,0.30000001192092896
418,1.0500000715255737,0.0,0.0,0.0,0.0,0.7500000596046448,0.30000001192092896
419,-0.32499995827674866,0.0,-1.0,0.0,0.0,0.3750000298023224,0.30000001192092896
420,8.65000057220459,-1.0000001192092896,-13.0,0.0,0.0,22.350001323968172,0.30000001192092896
421,6.825000554323196,0.0,-3.300000011920929,0.0,0.0,9.525000721216202,0.6000000238418579
422,0.42500007152557373,0.0,-1.0,0.0,0.0,1.1250000894069672,0.30000001192092896
423,1.4250001013278961,0.0,0.0,0.0,0.0,1.1250000894069672,0.30000001192092896
424,1.0500000715255737,0.0,0.0,0.0,0.0,0.7500000596046448,0.30000001192092896
425,1.4249999225139618,0.0,0.0,0.0,0.0,1.1250000894069672,0.30000001192092896
426,0.8000001013278961,0.0,-1.0,0.0,0.0,1.5000001192092896,0.30000001192092896
427,1.0500000715255737,0.0,0.0,0.0,0.0,0.7500000596046448,0.30000001192092896
428,20.60000041127205,0.0,-3.300000011920929,-1.5,0.0,23.90000081062317,1.5000000596046448
429,15.350001018494368,0.0,-11.599999964237213,0.0,0.0,26.050001237541437,0.9000000357627869
430,1.0500000715255737,0.0,0.0,0.0,0.0,0.7500000596046448,0.30000001192092896
431,1.6749999821186066,0.0,1.0,0.0,0.0,0.3750000298023224,0.30000001192092896
432,10.925000369548798,0.0,-3.5,-1.5,0.0,15.325001060962677,0.6000000238418579
433,0.6750000417232513,0.0,0.0,0.0,0.0,0.3750000298023224,0.30000001192092896
434,-0.32499995827674866,0.0,-1.0,0.0,0.0,0.3750000298023224,0.30000001192092896
435,0.6750000417232513,0.0,0.0,0.0,0.0,0.3750000298023224,0.30000001192092896
436,1.4250001013278961,0.0,0.0,0.0,0.0,1.1250000894069672,0.30000001192092896
437,0.6750000417232513,0.0,0.0,0.0,0.0,0.3750000298023224,0.30000001192092896
438,9.800000216811895,-1.0000001192092896,-7.0,0.0,0.0,17.500000581145287,0.30000001192092896
439,11.52500070258975,-1.0000001192092896,-4.0,0.0,0.0,16.22500093653798,0.30000001192092896
440,-0.9499999582767487,0.0,-2.0,0.0,0.0,0.7500000596046448,0.30000001192092896
441,1.4250001013278961,0.0,0.0,0.0,0.0,1.1250000894069672,0.30000001192092896
442,0.6750000417232513,0.0,0.0,0.0,0.0,0.3750000298023224,0.30000001192092896
443,0.42499998211860657,0.0,-1.0,0.0,0.0,1.1250000894069672,0.30000001192092896
444,12.125000987201929,0.0,-9.0,0.0,0.0,20.825001072138548,0.30000001192092896
445,25.350000768899918,-1.0000001192092896,-0.800000011920929,0.0,0.0,26.250001035630703,0.9000000357627869
446,0.6750000417232513,0.0,0.0,0.0,0.0,0.3750000298023224,0.30000001192092896
447,1.0500000715255737,0.0,0.0,0.0,0.0,0.7500000596046448,0.30000001192092896
448,0.6750000417232513,0.0,0.0,0.0,0.0,0.3750000298023224,0.30000001192092896
449,5.17500039935112,0.0,-1.0,0.0,0.0,5.875000387430191,0.30000001192092896
450,-0.949999988079071,0.0,-2.0,0.0,0.0,0.7500000596046448,0.30000001192092896
451,24.625001203268766,-1.0000001192092896,-14.400000035762787,0.0,0.0,38.52500128746033,1.5000000596046448
452,0.05000007152557373,0.0,-1.0,0.0,0.0,0.7500000596046448,0.30000001192092896
453,0.05000004172325134,0.0,-1.0,0.0,0.0,0.7500000596046448,0.30000001192092896
454,17.550000090152025,0.0,-5.200000047683716,0.0,0.0,21.250000428408384,1.5000000596046448
455,0.6750000417232513,0.0,0.0,0.0,0.0,0.3750000298023224,0.30000001192092896
456,1.4250001013278961,0.0,0.0,0.0,0.0,1.1250000894069672,0.30000001192092896
457,0.6750000417232513,0.0,0.0,0.0,0.0,0.3750000298023224,0.30000001192092896
458,0.6750000417232513,0.0,0.0,0.0,0.0,0.3750000298023224,0.30000001192092896
459,21.200000125914812,-1.0000001192092896,-9.0,0.0,0.0,30.900000657886267,0.30000001192092896
460,-0.32499995827674866,0.0,-1.0,0.0,0.0,0.3750000298023224,0.30000001192092896
461,1.4250001013278961,0.0,0.0,0.0,0.0,1.1250000894069672,0.30000001192092896
462,12.450000438839197,-1.0000001192092896,-5.800000011920929,0.0,0.0,18.350000493228436,0.9000000357627869
463,0.6750000417232513,0.0,0.0,0.0,0.0,0.3750000298023224,0.30000001192092896
464,24.550000607967377,0.0,-0.9000000357627869,0.0,0.0,24.250001192092896,1.2000000476837158
465,1.0500000715255737,0.0,0.0,0.0,0.0,0.7500000596046448,0.30000001192092896
466,5.900000482797623,0.0,-8.0,0.0,0.0,13.600000403821468,0.30000001192092896
467,0.6750000417232513,0.0,0.0,0.0,0.0,0.3750000298023224,0.30000001192092896
468,1.4250001013278961,0.0,0.0,0.0,0.0,1.1250000894069672,0.30000001192092896
469,0.8000001013278961,0.0,-1.0,0.0,0.0,1.5000001192092896,0.30000001192092896
470,0.6750000417232513,0.0,0.0,0.0,0.0,0.3750000298023224,0.30000001192092896
471,19.800001610070467,0.0,-13.300000011920929,0.0,0.0,32.500001691281796,0.6000000238418579
472,27.225000262260437,0.0,-1.0,0.0,0.0,27.92500039935112,0.30000001192092896
473,1.0499998927116394,0.0,0.0,0.0,0.0,0.7500000596046448,0.30000001192092896
474,0.6750000417232513,0.0,0.0,0.0,0.0,0.3750000298023224,0.30000001192092896
475,0.6750000417232513,0.0,0.0,0.0,0.0,0.3750000298023224,0.30000001192092896
476,1.4250001013278961,0.0,0.0,0.0,0.0,1.1250000894069672,0.30000001192092896
477,0.05000004172325134,0.0,-1.0,0.0,0.0,0.7500000596046448,0.30000001192092896
478,0.05000004172325134,0.0,-1.0,0.0,0.0,0.7500000596046448,0.30000001192092896
479,4.425000160932541,0.0,-0.6000000238418579,0.0,0.0,4.125000208616257,0.9000000357627869
480,17.075000800192356,0.0,-7.300000011920929,0.0,0.0,23.775001391768456,0.6000000238418579
481,1.6749999821186066,0.0,1.0,0.0,0.0,0.3750000298023224,0.30000001192092896
482,0.05000004172325134,0.0,-1.0,0.0,0.0,0.7500000596046448,0.30000001192092896
483,23.825000312179327,0.0,-13.100000023841858,6.0,0.0,29.725000713020563,1.2000000476837158
484,0.42500007152557373,0.0,-1.0,0.0,0.0,1.1250000894069672,0.30000001192092896
485,2.049999922513962,0.0,1.0,0.0,0.0,0.7500000596046448,0.30000001192092896
486,1.0500000715255737,0.0,0.0,0.0,0.0,0.7500000596046448,0.30000001192092896
487,0.6750000417232513,0.0,0.0,0.0,0.0,0.3750000298023224,0.30000001192092896
488,0.6750000417232513,0.0,0.0,0.0,0.0,0.3750000298023224,0.30000001192092896
489,33.7250000089407,-1.0000001192092896,-3.100000023841858,2.0,0.0,34.02500036358833,1.8000000715255737
490,18.97500091791153,0.0,-5.600000023841858,0.0,0.0,23.675000868737698,0.9000000357627869
491,3.4249998927116394,0.0,2.0,0.0,0.0,1.1250000894069672,0.30000001192092896
492,6.025000367313623,-1.0000001192092896,-10.0,0.0,0.0,16.725000649690628,0.30000001192092896
493,0.05000007152557373,0.0,-1.0,0.0,0.0,0.7500000596046448,0.30000001192092896
494,0.6750000417232513,0.0,0.0,0.0,0.0,0.3750000298023224,0.30000001192092896
495,0.6750000417232513,0.0,0.0,0.0,0.0,0.3750000298023224,0.30000001192092896
496,0.8000001013278961,0.0,-1.0,0.0,0.0,1.5000001192092896,0.30000001192092896
497,1.0500000715255737,0.0,0.0,0.0,0.0,0.7500000596046448,0.30000001192092896
498,1.8000001311302185,0.0,0.0,0.0,0.0,1.5000001192092896,0.30000001192092896
499,14.725001029670238,-1.0000001192092896,-6.0,0.0,0.0,21.425001308321953,0.30000001192092896
500,0.6750000417232513,0.0,0.0,0.0,0.0,0.3750000298023224,0.30000001192092896
501,1.4250001013278961,0.0,0.0,0.0,0.0,1.1250000894069672,0.30000001192092896
502,23.97500106319785,0.0,-7.0,0.0,0.0,30.675001863390207,0.30000001192092896
503,1.0500000715255737,0.0,0.0,0.0,0.0,0.7500000596046448,0.30000001192092896
504,3.5000004172325134,0.0,-3.300000011920929,0.0,0.0,6.200000524520874,0.6000000238418579
505,1.0500000715255737,0.0,0.0,0.0,0.0,0.7500000596046448,0.30000001192092896
506,1.4249999225139618,0.0,0.0,0.0,0.0,1.1250000894069672,0.30000001192092896
507,6.225000560283661,0.0,-4.300000011920929,0.0,0.0,9.92500051856041,0.6000000238418579
508,1.4250001013278961,0.0,0.0,0.0,0.0,1.1250000894069672,0.30000001192092896
509,0.8000001311302185,0.0,-1.0,0.0,0.0,1.5000001192092896,0.30000001192092896
510,23.70000096410513,0.0,-1.5,1.0,0.0,23.60000140592456,0.6000000238418579
511,0.05000007152557373,0.0,-1.0,0.0,0.0,0.7500000596046448,0.30000001192092896
512,21.60000029206276,0.0,-3.0,0.0,0.0,24.000000715255737,0.6000000238418579
513,12.32500034943223,0.0,-3.300000011920929,0.0,0.0,15.025001239031553,0.6000000238418579
514,0.05000004172325134,0.0,-1.0,0.0,0.0,0.7500000596046448,0.30000001192092896
515,0.6750000417232513,0.0,0.0,0.0,0.0,0.3750000298023224,0.30000001192092896
516,1.0500000715255737,0.0,0.0,0.0,0.0,0.7500000596046448,0.30000001192092896
517,16.05000053346157,0.0,-2.0,0.0,0.0,17.750001184642315,0.30000001192092896
518,15.125001102685928,0.0,-5.300000011920929,0.0,0.0,19.82500134781003,0.6000000238418579
519,7.925000727176666,0.0,-2.0,0.0,0.0,9.625000804662704,0.30000001192092896
520,1.0500000715255737,0.0,0.0,0.0,0.0,0.7500000596046448,0.30000001192092896
521,1.0500000715255737,0.0,0.0,0.0,0.0,0.7500000596046448,0.30000001192092896
522,1.0500000715255737,0.0,0.0,0.0,0.0,0.7500000596046448,0.30000001192092896
523,0.05000007152557373,0.0,-1.0,0.0,0.0,0.7500000596046448,0.30000001192092896
524,2.049999922513962,0.0,1.0,0.0,0.0,0.7500000596046448,0.30000001192092896
525,4.600000441074371,0.0,-4.599999964237213,0.0,0.0,8.300000697374344,0.9000000357627869
526,1.4250001013278961,0.0,0.0,0.0,0.0,1.1250000894069672,0.30000001192092896
527,-0.5749999284744263,0.0,-2.0,0.0,0.0,1.1250000894069672,0.30000001192092896
528,2.424999952316284,0.0,1.0,0.0,0.0,1.1250000894069672,0.30000001192092896
529,0.05000004172325134,0.0,-1.0,0.0,0.0,0.7500000596046448,0.30000001192092896
530,9.55000101402402,0.0,-9.899999976158142,0.0,0.0,18.250001054257154,1.2000000476837158
531,0.6750000417232513,0.0,0.0,0.0,0.0,0.3750000298023224,0.30000001192092896
532,0.6750000417232513,0.0,0.0,0.0,0.0,0.3750000298023224,0.30000001192092896
533,2.8000000715255737,0.0,1.0,0.0,0.0,1.5000001192092896,0.30000001192092896
534,1.0500000715255737,0.0,0.0,0.0,0.0,0.7500000596046448,0.30000001192092896
535,0.42500007152557373,0.0,-1.0,0.0,0.0,1.1250000894069672,0.30000001192092896
536,1.4250001013278961,0.0,0.0,0.0,0.0,1.1250000894069672,0.30000001192092896
537,0.05000004172325134,0.0,-1.0,0.0,0.0,0.7500000596046448,0.30000001192092896
538,-0.32499995827674866,0.0,-1.0,0.0,0.0,0.3750000298023224,0.30000001192092896
539,0.42500007152557373,0.0,-1.0,0.0,0.0,1.1250000894069672,0.30000001192092896
540,1.7999999523162842,0.0,0.0,0.0,0.0,1.5000001192092896,0.30000001192092896
541,2.424999952316284,0.0,1.0,0.0,0.0,1.1250000894069672,0.30000001192092896
542,9.650000121444464,0.0,-2.0,0.0,0.0,11.350000321865082,0.30000001192092896
543,1.0500000715255737,0.0,0.0,0.0,0.0,0.7500000596046448,0.30000001192092896
544,14.725000444799662,0.0,-4.0,0.0,0.0,18.425000496208668,0.30000001192092896
545,21.87499938160181,-1.0000001192092896,-2.0,0.0,0.0,24.57499946653843,0.30000001192092896
546,13.850001111626625,-1.0000001192092896,-7.0,0.0,0.0,21.55000151321292,0.30000001192092896
547,1.4250001013278961,0.0,0.0,0.0,0.0,1.1250000894069672,0.30000001192092896
548,0.8000001013278961,0.0,-1.0,0.0,0.0,1.5000001192092896,0.30000001192092896
549,0.6750000417232513,0.0,0.0,0.0,0.0,0.3750000298023224,0.30000001192092896
550,0.8750001788139343,0.0,-2.0,0.0,0.0,2.5750001966953278,0.30000001192092896
551,11.875000089406967,0.0,-2.5,2.0,0.0,11.775000244379044,0.6000000238418579
552,1.0500000715255737,0.0,0.0,0.0,0.0,0.7500000596046448,0.30000001192092896
553,6.850000500679016,1.0000001192092896,-8.5,0.5,1.0,12.25000062584877,0.6000000238418579
554,0.6750000417232513,0.0,0.0,0.0,0.0,0.3750000298023224,0.30000001192092896
555,1.4249999225139618,0.0,0.0,0.0,0.0,1.1250000894069672,0.30000001192092896
556,1.4250001013278961,0.0,0.0,0.0,0.0,1.1250000894069672,0.30000001192092896
557,-0.32499995827674866,0.0,-1.0,0.0,0.0,0.3750000298023224,0.30000001192092896
558,14.125000346451998,0.0,-7.300000011920929,0.0,0.0,20.825000669807196,0.6000000238418579
559,18.05000014230609,-1.0000001192092896,-2.0,0.0,0.0,20.750000543892384,0.30000001192092896
560,0.6750000417232513,0.0,0.0,0.0,0.0,0.3750000298023224,0.30000001192092896
561,0.6750000417232513,0.0,0.0,0.0,0.0,0.3750000298023224,0.30000001192092896
562,2.475000709295273,0.0,-10.300000011920929,0.0,0.0,12.175000637769699,0.6000000238418579
563,0.6750000417232513,0.0,0.0,0.0,0.0,0.3750000298023224,0.30000001192092896
564,11.72499980404973,0.0,-13.0,0.0,0.0,24.424999851733446,0.30000001192092896
565,-0.32499995827674866,0.0,-1.0,0.0,0.0,0.3750000298023224,0.30000001192092896
566,-1.5749999582767487,0.0,-3.0,0.0,0.0,1.1250000894069672,0.30000001192092896
567,-0.9499999582767487,0.0,-2.0,0.0,0.0,0.7500000596046448,0.30000001192092896
568,-0.32499995827674866,0.0,-1.0,0.0,0.0,0.3750000298023224,0.30000001192092896
569,1.7999999523162842,0.0,0.0,0.0,0.0,1.5000001192092896,0.30000001192092896
570,1.4250001013278961,0.0,0.0,0.0,0.0,1.1250000894069672,0.30000001192092896
571,1.4249999225139618,0.0,0.0,0.0,0.0,1.1250000894069672,0.30000001192092896
572,-0.5749999284744263,0.0,-2.0,0.0,0.0,1.1250000894069672,0.30000001192092896
573,13.575000543147326,-1.0000001192092896,-2.0,0.0,0.0,16.27500081807375,0.30000001192092896
574,2.049999922513962,0.0,1.0,0.0,0.0,0.7500000596046448,0.30000001192092896
575,11.975000731647015,0.0,-11.300000011920929,0.0,0.0,22.675000816583633,0.6000000238418579
576,6.875000908970833,0.0,-10.0,0.0,0.0,16.575001001358032,0.30000001192092896
577,16.725001011043787,0.0,-7.300000011920929,0.0,0.0,23.425001822412014,0.6000000238418579
578,1.0500000715255737,0.0,0.0,0.0,0.0,0.7500000596046448,0.30000001192092896
579,0.6750000417232513,0.0,0.0,0.0,0.0,0.3750000298023224,0.30000001192092896
580,-1.1999999582767487,0.0,-3.0,0.0,0.0,1.5000001192092896,0.30000001192092896
581,1.0500000715255737,0.0,0.0,0.0,0.0,0.7500000596046448,0.30000001192092896
582,2.0999999940395355,0.0,0.0,0.0,0.0,1.8000001311302185,0.30000001192092896
583,-0.9499999582767487,0.0,-2.0,0.0,0.0,0.7500000596046448,0.30000001192092896
584,1.0500000715255737,0.0,0.0,0.0,0.0,0.7500000596046448,0.30000001192092896
585,1.0500000715255737,0.0,0.0,0.0,0.0,0.7500000596046448,0.30000001192092896
586,-0.32499995827674866,0.0,-1.0,0.0,0.0,0.3750000298023224,0.30000001192092896
587,0.42500007152557373,0.0,-1.0,0.0,0.0,1.1250000894069672,0.30000001192092896
588,0.6750000417232513,0.0,0.0,0.0,0.0,0.3750000298023224,0.30000001192092896
589,15.65000107884407,0.0,-14.300000011920929,0.0,0.0,29.35000093653798,0.6000000238418579
590,0.6750000417232513,0.0,0.0,0.0,0.0,0.3750000298023224,0.30000001192092896
591,2.175000160932541,0.0,0.0,0.0,0.0,1.875000149011612,0.30000001192092896
592,1.0500000715255737,0.0,0.0,0.0,0.0,0.7500000596046448,0.30000001192092896
593,1.7000004053115845,0.0,-5.599999964237213,0.0,0.0,6.400000214576721,0.9000000357627869
594,2.8000000715255737,0.0,1.0,0.0,0.0,1.5000001192092896,0.30000001192092896
595,6.299999907612801,-1.0000001192092896,-16.0,0.0,0.0,22.999999944120646,0.30000001192092896
596,0.4250001013278961,0.0,-1.0,0.0,0.0,1.1250000894069672,0.30000001192092896
597,1.0500000715255737,0.0,0.0,0.0,0.0,0.7500000596046448,0.30000001192092896
598,0.6750000417232513,0.0,0.0,0.0,0.0,0.3750000298023224,0.30000001192092896
599,12.57500096410513,0.0,-9.0,0.0,0.0,21.275001149624586,0.30000001192092896
600,1.6749999821186066,0.0,1.0,0.0,0.0,0.3750000298023224,0.30000001192092896
601,0.05000004172325134,0.0,-1.0,0.0,0.0,0.7500000596046448,0.30000001192092896
602,0.6750000417232513,0.0,0.0,0.0,0.0,0.3750000298023224,0.30000001192092896
603,0.05000007152557373,0.0,-1.0,0.0,0.0,0.7500000596046448,0.30000001192092896
604,0.6750000417232513,0.0,0.0,0.0,0.0,0.3750000298023224,0.30000001192092896
605,0.4250001013278961,0.0,-1.0,0.0,0.0,1.1250000894069672,0.30000001192092896
606,0.6750000417232513,0.0,0.0,0.0,0.0,0.3750000298023224,0.30000001192092896
607,-0.9499999582767487,0.0,-2.0,0.0,0.0,0.7500000596046448,0.30000001192092896
608,1.0500000715255737,0.0,0.0,0.0,0.0,0.7500000596046448,0.30000001192092896
609,0.42500007152557373,0.0,-1.0,0.0,0.0,1.1250000894069672,0.30000001192092896
610,0.6750000417232513,0.0,0.0,0.0,0.0,0.3750000298023224,0.30000001192092896
611,0.6750000417232513,0.0,0.0,0.0,0.0,0.3750000298023224,0.30000001192092896
612,12.77500094473362,-1.0000001192092896,-8.600000023841858,0.0,0.0,21.475001238286495,0.9000000357627869
613,0.8000001013278961,0.0,-1.0,0.0,0.0,1.5000001192092896,0.30000001192092896
614,8.225000079721212,-1.0000001192092896,-10.299999952316284,0.0,0.0,18.92500076815486,0.6000000238418579
615,16.150001525878906,0.0,-13.900000035762787,0.0,0.0,28.850001879036427,1.2000000476837158
616,0.6750000417232513,0.0,0.0,0.0,0.0,0.3750000298023224,0.30000001192092896
617,6.450000777840614,0.0,-9.300000011920929,0.0,0.0,15.15000069513917,0.6000000238418579
618,0.6750000417232513,0.0,0.0,0.0,0.0,0.3750000298023224,0.30000001192092896
619,15.075000584125519,0.0,0.3999999761581421,0.0,0.0,13.77500107884407,0.9000000357627869
620,1.7999999225139618,0.0,0.0,0.0,0.0,1.5000000894069672,0.30000001192092896
621,15.100000742822886,-1.0000001192092896,-7.0,0.0,0.0,22.800001244992018,0.30000001192092896
622,1.4250001013278961,0.0,0.0,0.0,0.0,1.1250000894069672,0.30000001192092896
623,0.6750000417232513,0.0,0.0,0.0,0.0,0.3750000298023224,0.30000001192092896
624,0.37500008940696716,0.0,-1.0,0.0,0.0,1.0750000774860382,0.30000001192092896
625,0.6750000417232513,0.0,0.0,0.0,0.0,0.3750000298023224,0.30000001192092896
626,2.424999952316284,0.0,1.0,0.0,0.0,1.1250000894069672,0.30000001192092896
627,0.05000007152557373,0.0,-1.0,0.0,0.0,0.7500000596046448,0.30000001192092896
628,1.4250001013278961,0.0,0.0,0.0,0.0,1.1250000894069672,0.30000001192092896
629,5.325000137090683,0.0,-2.0,0.0,0.0,7.025000184774399,0.30000001192092896
630,1.725000113248825,0.0,0.0,0.0,0.0,1.4250001013278961,0.30000001192092896
631,20.50000124052167,0.0,-12.0,0.0,0.0,32.20000148564577,0.30000001192092896
632,10.72500042617321,-1.0000001192092896,-6.300000011920929,0.0,0.0,17.425001058727503,0.6000000238418579
633,0.8000001013278961,0.0,-1.0,0.0,0.0,1.5000001192092896,0.30000001192092896
634,14.550000224262476,-1.0000001192092896,-11.0,0.0,0.0,26.25000088661909,0.30000001192092896
635,4.950000822544098,-1.0000001192092896,-14.0,0.0,0.0,19.650001145899296,0.30000001192092896
636,1.0500000715255737,0.0,0.0,0.0,0.0,0.7500000596046448,0.30000001192092896
637,1.0500000715255737,0.0,0.0,0.0,0.0,0.7500000596046448,0.30000001192092896
638,22.425001204013824,-1.0000001192092896,-3.300000011920929,0.0,0.0,26.125001527369022,0.6000000238418579
639,-0.5749999284744263,0.0,-2.0,0.0,0.0,1.1250000894069672,0.30000001192092896
640,24.225000459700823,-1.0000001192092896,-11.400000035762787,2.0,0.0,31.925000213086605,2.7000001072883606
641,22.77500070631504,0.0,-5.300000011920929,0.0,0.0,27.475000761449337,0.6000000238418579
642,1.325000625103712,-1.0000001192092896,-18.400000035762787,0.0,0.0,19.225000843405724,1.5000000596046448
643,3.6499999165534973,0.0,-2.0,0.0,0.0,5.3500001430511475,0.30000001192092896
644,1.0500000715255737,0.0,0.0,0.0,0.0,0.7500000596046448,0.30000001192092896
645,1.0500000715255737,0.0,0.0,0.0,0.0,0.7500000596046448,0.30000001192092896
646,0.42500007152557373,0.0,-1.0,0.0,0.0,1.1250000894069672,0.30000001192092896
647,11.025001019239426,0.0,-3.0,0.0,0.0,13.725001126527786,0.30000001192092896
648,0.6750000417232513,0.0,0.0,0.0,0.0,0.3750000298023224,0.30000001192092896
649,0.6750000417232513,0.0,0.0,0.0,0.0,0.3750000298023224,0.30000001192092896
650,16.62500113248825,0.0,-4.300000011920929,0.0,0.0,20.325001507997513,0.6000000238418579
651,0.6750000417232513,0.0,0.0,0.0,0.0,0.3750000298023224,0.30000001192092896
652,1.8000001311302185,0.0,0.0,0.0,0.0,1.5000001192092896,0.30000001192092896
653,0.6750000417232513,0.0,0.0,0.0,0.0,0.3750000298023224,0.30000001192092896
654,11.650000113993883,0.0,-10.899999976158142,0.0,0.0,21.350000720471144,1.2000000476837158
655,1.0500000715255737,0.0,0.0,0.0,0.0,0.7500000596046448,0.30000001192092896
656,0.05000004172325134,0.0,-1.0,0.0,0.0,0.7500000596046448,0.30000001192092896
657,-0.32499995827674866,0.0,-1.0,0.0,0.0,0.3750000298023224,0.30000001192092896
658,-0.32499995827674866,0.0,-1.0,0.0,0.0,0.3750000298023224,0.30000001192092896
659,-0.5749999284744263,0.0,-2.0,0.0,0.0,1.1250000894069672,0.30000001192092896
660,1.8000001311302185,0.0,0.0,0.0,0.0,1.5000001192092896,0.30000001192092896
661,1.0500000715255737,0.0,0.0,0.0,0.0,0.7500000596046448,0.30000001192092896
662,1.4250001013278961,0.0,0.0,0.0,0.0,1.1250000894069672,0.30000001192092896
663,14.600000597536564,0.0,-1.2999999523162842,0.0,0.0,15.300000604242086,0.6000000238418579
664,1.8000001311302185,0.0,0.0,0.0,0.0,1.5000001192092896,0.30000001192092896
665,13.800000462681055,-1.0000001192092896,-9.5,0.0,0.0,23.700000576674938,0.6000000238418579
666,19.00000137090683,-1.0000001192092896,-18.500000059604645,0.0,0.0,36.700001791119576,1.8000000715255737
667,1.4250001013278961,0.0,0.0,0.0,0.0,1.1250000894069672,0.30000001192092896
668,0.6750000417232513,0.0,0.0,0.0,0.0,0.3750000298023224,0.30000001192092896
669,9.525000970810652,0.0,-6.0,0.0,0.0,15.225000977516174,0.30000001192092896
670,1.0499999821186066,0.0,0.0,0.0,0.0,0.7500000596046448,0.30000001192092896
671,19.875001069158316,-1.0000001192092896,-18.30000001192093,0.0,0.0,38.57500188797712,0.6000000238418579
672,0.05000007152557373,0.0,-1.0,0.0,0.0,0.7500000596046448,0.30000001192092896
673,0.42500007152557373,0.0,-1.0,0.0,0.0,1.1250000894069672,0.30000001192092896
674,19.45000010728836,0.0,-2.600000023841858,0.0,0.0,21.15000009536743,0.9000000357627869
675,1.0500000715255737,0.0,0.0,0.0,0.0,0.7500000596046448,0.30000001192092896
676,-0.5749999284744263,0.0,-2.0,0.0,0.0,1.1250000894069672,0.30000001192092896
677,0.05000007152557373,0.0,-1.0,0.0,0.0,0.7500000596046448,0.30000001192092896
678,12.90000120922923,-1.0000001192092896,-12.900000035762787,0.0,0.0,25.300001338124275,1.5000000596046448
679,41.72500129044056,0.0,-6.600000023841858,-6.0,0.0,51.62500213086605,2.7000001072883606
680,18.62499988824129,0.0,-5.0,0.0,0.0,23.325000680983067,0.30000001192092896
681,0.6750000417232513,0.0,0.0,0.0,0.0,0.3750000298023224,0.30000001192092896
682,0.6750000417232513,0.0,0.0,0.0,0.0,0.3750000298023224,0.30000001192092896
683,1.4250001013278961,0.0,0.0,0.0,0.0,1.1250000894069672,0.30000001192092896
684,10.525000602006912,-1.0000001192092896,-6.0,0.0,0.0,17.22500078752637,0.30000001192092896
685,2.4250000417232513,0.0,1.0,0.0,0.0,1.1250000894069672,0.30000001192092896
686,1.0500000715255737,0.0,0.0,0.0,0.0,0.7500000596046448,0.30000001192092896
687,-0.32499995827674866,0.0,-1.0,0.0,0.0,0.3750000298023224,0.30000001192092896
688,11.100000277161598,-1.0000001192092896,-11.0,0.0,0.0,22.800000619143248,0.30000001192092896
689,1.0500000715255737,0.0,0.0,0.0,0.0,0.7500000596046448,0.30000001192092896
690,20.250000655651093,0.0,-3.0,0.0,0.0,22.950001675635576,0.30000001192092896
691,14.400001257658005,0.0,-4.600000023841858,0.0,0.0,18.100001454353333,0.9000000357627869
692,14.100000724196434,-1.0000001192092896,-5.0,0.0,0.0,19.800001174211502,0.30000001192092896
693,0.42500007152557373,0.0,-1.0,0.0,0.0,1.1250000894069672,0.30000001192092896
694,0.6750000417232513,0.0,0.0,0.0,0.0,0.3750000298023224,0.30000001192092896
695,1.0500000715255737,0.0,0.0,0.0,0.0,0.7500000596046448,0.30000001192092896
696,15.200000554323196,0.0,-9.300000011920929,0.0,0.0,23.900001168251038,0.6000000238418579
697,0.6750000417232513,0.0,0.0,0.0,0.0,0.3750000298023224,0.30000001192092896
698,1.0500000715255737,0.0,0.0,0.0,0.0,0.7500000596046448,0.30000001192092896
699,2.424999952316284,0.0,1.0,0.0,0.0,1.1250000894069672,0.30000001192092896
700,-0.32499995827674866,0.0,-1.0,0.0,0.0,0.3750000298023224,0.30000001192092896
701,1.825000137090683,0.0,0.0,0.0,0.0,1.525000125169754,0.30000001192092896
702,2.050000011920929,0.0,1.0,0.0,0.0,0.7500000596046448,0.30000001192092896
703,1.4250001013278961,0.0,0.0,0.0,0.0,1.1250000894069672,0.30000001192092896
704,13.2250005453825,0.0,-8.0,0.0,0.0,20.925001196563244,0.30000001192092896
705,1.6749999821186066,0.0,1.0,0.0,0.0,0.3750000298023224,0.30000001192092896
706,0.42500007152557373,0.0,-1.0,0.0,0.0,1.1250000894069672,0.30000001192092896
707,16.1250007301569,-1.0000001192092896,-6.300000011920929,0.0,0.0,22.82500082999468,0.6000000238418579
708,9.800000865012407,-1.0000001192092896,-9.0,0.0,0.0,19.500001326203346,0.30000001192092896
709,6.4750005453825,-1.0000001192092896,-7.300000011920929,0.0,0.0,14.175000291317701,0.6000000238418579
710,0.05000004172325134,0.0,-1.0,0.0,0.0,0.7500000596046448,0.30000001192092896
711,-0.32499995827674866,0.0,-1.0,0.0,0.0,0.3750000298023224,0.30000001192092896
712,17.099999964237213,0.0,-8.599999964237213,0.0,0.0,24.79999977350235,0.9000000357627869
713,1.4250001013278961,0.0,0.0,0.0,0.0,1.1250000894069672,0.30000001192092896
714,0.6750000417232513,0.0,0.0,0.0,0.0,0.3750000298023224,0.30000001192092896
715,9.70000122860074,0.0,-16.899999976158142,0.0,0.0,25.40000157058239,1.2000000476837158
716,0.6750000417232513,0.0,0.0,0.0,0.0,0.3750000298023224,0.30000001192092896
717,10.950000699609518,0.0,-15.300000011920929,0.0,0.0,25.650001607835293,0.6000000238418579
718,1.0500000715255737,0.0,0.0,0.0,0.0,0.7500000596046448,0.30000001192092896
719,0.6750000417232513,0.0,0.0,0.0,0.0,0.3750000298023224,0.30000001192092896
720,0.4250001013278961,0.0,-1.0,0.0,0.0,1.1250000894069672,0.30000001192092896
721,9.625000238418579,0.0,0.3999999761581421,0.0,0.0,8.325000315904617,0.9000000357627869
722,35.07500013336539,-1.0000001192092896,-5.0,0.0,0.0,40.77500146627426,0.30000001192092896
723,0.42500007152557373,0.0,-1.0,0.0,0.0,1.1250000894069672,0.30000001192092896
724,1.4250001013278961,0.0,0.0,0.0,0.0,1.1250000894069672,0.30000001192092896
725,0.6750000417232513,0.0,0.0,0.0,0.0,0.3750000298023224,0.30000001192092896
726,0.800000011920929,0.0,-1.0,0.0,0.0,1.5000001192092896,0.30000001192092896
727,0.8000001013278961,0.0,-1.0,0.0,0.0,1.5000001192092896,0.30000001192092896
728,1.0500000715255737,0.0,0.0,0.0,0.0,0.7500000596046448,0.30000001192092896
729,0.42500007152557373,0.0,-1.0,0.0,0.0,1.1250000894069672,0.30000001192092896
730,0.4250001013278961,0.0,-1.0,0.0,0.0,1.1250000894069672,0.30000001192092896
731,2.424999952316284,0.0,1.0,0.0,0.0,1.1250000894069672,0.30000001192092896
732,22.100000955164433,0.0,-3.300000011920929,0.0,0.0,24.800001922994852,0.6000000238418579
733,0.6750000417232513,0.0,0.0,0.0,0.0,0.3750000298023224,0.30000001192092896
734,0.42500007152557373,0.0,-1.0,0.0,0.0,1.1250000894069672,0.30000001192092896
735,0.6750000417232513,0.0,0.0,0.0,0.0,0.3750000298023224,0.30000001192092896
736,1.8000001311302185,0.0,0.0,0.0,0.0,1.5000001192092896,0.30000001192092896
737,0.42500007152557373,0.0,-1.0,0.0,0.0,1.1250000894069672,0.30000001192092896
738,1.0499998927116394,0.0,0.0,0.0,0.0,0.7500000596046448,0.30000001192092896
739,2.150000184774399,0.0,-1.0,0.0,0.0,2.8500002026557922,0.30000001192092896
740,21.000000812113285,-1.0000001192092896,-12.300000011920929,0.0,0.0,33.40000132843852,0.9000000357627869
741,0.6750000417232513,0.0,0.0,0.0,0.0,0.3750000298023224,0.30000001192092896
742,0.6750000417232513,0.0,0.0,0.0,0.0,0.3750000298023224,0.30000001192092896
743,1.0500000715255737,0.0,0.0,0.0,0.0,0.7500000596046448,0.30000001192092896
744,1.7999999523162842,0.0,0.0,0.0,0.0,1.5000001192092896,0.30000001192092896
745,0.6750000417232513,0.0,0.0,0.0,0.0,0.3750000298023224,0.30000001192092896
746,1.4250001013278961,0.0,0.0,0.0,0.0,1.1250000894069672,0.30000001192092896
747,1.0500000715255737,0.0,0.0,0.0,0.0,0.7500000596046448,0.30000001192092896
748,1.0500000715255737,0.0,0.0,0.0,0.0,0.7500000596046448,0.30000001192092896
749,1.4249999225139618,0.0,0.0,0.0,0.0,1.1250000894069672,0.30000001192092896
750,2.424999952316284,0.0,1.0,0.0,0.0,1.1250000894069672,0.30000001192092896
751,11.750000711530447,-1.0000001192092896,-4.0,0.0,0.0,16.450000926852226,0.30000001192092896
752,1.0500000715255737,0.0,0.0,0.0,0.0,0.7500000596046448,0.30000001192092896
753,2.7999999821186066,0.0,1.0,0.0,0.0,1.5000001192092896,0.30000001192092896
754,-0.5749999582767487,0.0,-2.0,0.0,0.0,1.1250000894069672,0.30000001192092896
755,0.6750000417232513,0.0,0.0,0.0,0.0,0.3750000298023224,0.30000001192092896
756,2.4250000417232513,0.0,1.0,0.0,0.0,1.1250000894069672,0.30000001192092896
757,0.05000007152557373,0.0,-1.0,0.0,0.0,0.7500000596046448,0.30000001192092896
758,-1.1999999582767487,0.0,-3.0,0.0,0.0,1.5000001192092896,0.30000001192092896
759,1.0500000715255737,0.0,0.0,0.0,0.0,0.7500000596046448,0.30000001192092896
760,0.6750000417232513,0.0,0.0,0.0,0.0,0.3750000298023224,0.30000001192092896
761,2.049999922513962,0.0,1.0,0.0,0.0,0.7500000596046448,0.30000001192092896
762,0.6750000417232513,0.0,0.0,0.0,0.0,0.3750000298023224,0.30000001192092896
763,-0.32499995827674866,0.0,-1.0,0.0,0.0,0.3750000298023224,0.30000001192092896
764,7.7750009670853615,-1.0000001192092896,-7.0,0.0,0.0,15.475001350045204,0.30000001192092896
765,0.8000001013278961,0.0,-1.0,0.0,0.0,1.5000001192092896,0.30000001192092896
766,1.4249999225139618,0.0,0.0,0.0,0.0,1.1250000894069672,0.30000001192092896
767,2.049999922513962,0.0,1.0,0.0,0.0,0.7500000596046448,0.30000001192092896
768,10.025000877678394,0.0,-8.0,0.0,0.0,17.725001350045204,0.30000001192092896
769,0.42500007152557373,0.0,-1.0,0.0,0.0,1.1250000894069672,0.30000001192092896
770,1.4250001013278961,0.0,0.0,0.0,0.0,1.1250000894069672,0.30000001192092896
771,1.0500000715255737,0.0,0.0,0.0,0.0,0.7500000596046448,0.30000001192092896
772,2.7999999821186066,0.0,1.0,0.0,0.0,1.5000001192092896,0.30000001192092896
773,0.6750000417232513,0.0,0.0,0.0,0.0,0.3750000298023224,0.30000001192092896
774,3.799999922513962,0.0,2.0,0.0,0.0,1.5000001192092896,0.30000001192092896
775,0.6750000417232513,0.0,0.0,0.0,0.0,0.3750000298023224,0.30000001192092896
776,3.30000039935112,0.0,-3.0,0.0,0.0,6.000000476837158,0.30000001192092896
777,0.6750000417232513,0.0,0.0,0.0,0.0,0.3750000298023224,0.30000001192092896
778,0.05000004172325134,0.0,-1.0,0.0,0.0,0.7500000596046448,0.30000001192092896
779,11.850000590085983,0.0,-0.30000001192092896,0.0,0.0,11.550000727176666,0.6000000238418579
780,1.0500000715255737,0.0,0.0,0.0,0.0,0.7500000596046448,0.30000001192092896
781,1.0500000715255737,0.0,0.0,0.0,0.0,0.7500000596046448,0.30000001192092896
782,8.475000411272049,0.0,-5.300000011920929,0.0,0.0,13.175000697374344,0.6000000238418579
783,0.6750000417232513,0.0,0.0,0.0,0.0,0.3750000298023224,0.30000001192092896
784,0.6750000417232513,0.0,0.0,0.0,0.0,0.3750000298023224,0.30000001192092896
785,1.0500000715255737,0.0,0.0,0.0,0.0,0.7500000596046448,0.30000001192092896
786,5.425000358372927,-1.0000001192092896,-12.300000011920929,0.0,0.0,18.12500039488077,0.6000000238418579
787,-0.32499995827674866,0.0,-1.0,0.0,0.0,0.3750000298023224,0.30000001192092896
788,0.6750000417232513,0.0,0.0,0.0,0.0,0.3750000298023224,0.30000001192092896
789,0.6750000417232513,0.0,0.0,0.0,0.0,0.3750000298023224,0.30000001192092896
790,2.4250000417232513,0.0,1.0,0.0,0.0,1.1250000894069672,0.30000001192092896
791,14.900000911206007,0.0,-17.600000023841858,0.0,0.0,31.600002378225327,0.9000000357627869
792,0.6750000417232513,0.0,0.0,0.0,0.0,0.3750000298023224,0.30000001192092896
793,0.4250001013278961,0.0,-1.0,0.0,0.0,1.1250000894069672,0.30000001192092896
794,9.750000171363354,-1.0000001192092896,-9.300000011920929,0.0,0.0,19.450000442564487,0.6000000238418579
795,1.0500000715255737,0.0,0.0,0.0,0.0,0.7500000596046448,0.30000001192092896
796,-0.32499995827674866,0.0,-1.0,0.0,0.0,0.3750000298023224,0.30000001192092896
797,0.7999999225139618,0.0,-1.0,0.0,0.0,1.5000001192092896,0.30000001192092896
798,14.27500044181943,-1.0000001192092896,-10.300000011920929,0.0,0.0,24.975000835955143,0.6000000238418579
799,13.225000381469727,-1.0000001192092896,-9.0,0.0,0.0,22.925001192837954,0.30000001192092896
800,7.3250005804002285,0.0,-10.0,0.0,0.0,17.025001022964716,0.30000001192092896
801,0.6750000417232513,0.0,0.0,0.0,0.0,0.3750000298023224,0.30000001192092896
802,0.6750000417232513,0.0,0.0,0.0,0.0,0.3750000298023224,0.30000001192092896
803,2.049999922513962,0.0,1.0,0.0,0.0,0.7500000596046448,0.30000001192092896
804,1.0500000715255737,0.0,0.0,0.0,0.0,0.7500000596046448,0.30000001192092896
805,21.100001469254494,0.0,-15.200000047683716,0.0,0.0,34.50000184029341,1.8000000715255737
806,0.6750000417232513,0.0,0.0,0.0,0.0,0.3750000298023224,0.30000001192092896
807,0.6750000417232513,0.0,0.0,0.0,0.0,0.3750000298023224,0.30000001192092896
808,0.05000004172325134,0.0,-1.0,0.0,0.0,0.7500000596046448,0.30000001192092896
809,1.425000011920929,0.0,0.0,0.0,0.0,1.1250000894069672,0.30000001192092896
810,1.0500000715255737,0.0,0.0,0.0,0.0,0.7500000596046448,0.30000001192092896
811,0.42500007152557373,0.0,-1.0,0.0,0.0,1.1250000894069672,0.30000001192092896
812,0.6750000417232513,0.0,0.0,0.0,0.0,0.3750000298023224,0.30000001192092896
813,0.6750000417232513,0.0,0.0,0.0,0.0,0.3750000298023224,0.30000001192092896
814,10.325000774115324,0.0,-9.300000011920929,0.0,0.0,19.025001168251038,0.6000000238418579
815,17.225000623613596,0.0,-8.0,0.0,0.0,24.925000928342342,0.30000001192092896
816,42.37500102445483,0.0,-14.300000011920929,0.5,0.0,54.97500228509307,1.2000000476837158
817,1.8000001311302185,0.0,0.0,0.0,0.0,1.5000001192092896,0.30000001192092896
818,1.4250001013278961,0.0,0.0,0.0,0.0,1.1250000894069672,0.30000001192092896
819,28.825000770390034,0.0,-23.399999976158142,-4.5,0.0,55.22500158846378,1.5000000596046448
820,0.6750000417232513,0.0,0.0,0.0,0.0,0.3750000298023224,0.30000001192092896
821,-0.9499999582767487,0.0,-2.0,0.0,0.0,0.7500000596046448,0.30000001192092896
822,11.225000023841858,0.0,-16.900000035762787,0.0,0.0,26.925000101327896,1.2000000476837158
823,0.05000004172325134,0.0,-1.0,0.0,0.0,0.7500000596046448,0.30000001192092896
824,-0.32499995827674866,0.0,-1.0,0.0,0.0,0.3750000298023224,0.30000001192092896
825,14.800000630319118,0.0,-5.0,0.0,0.0,19.5000013820827,0.30000001192092896
826,16.40000071376562,0.0,-5.300000011920929,0.0,0.0,21.10000093653798,0.6000000238418579
827,1.4250001013278961,0.0,0.0,0.0,0.0,1.1250000894069672,0.30000001192092896
828,16.300000239163637,0.0,-9.5,2.0,0.0,23.20000098645687,0.6000000238418579
829,7.125000838190317,0.0,-7.0,0.0,0.0,13.825001142919064,0.30000001192092896
830,0.6750000417232513,0.0,0.0,0.0,0.0,0.3750000298023224,0.30000001192092896
831,-0.32499995827674866,0.0,-1.0,0.0,0.0,0.3750000298023224,0.30000001192092896
832,10.400000438094139,0.0,-9.0,0.0,0.0,19.100000832229853,0.30000001192092896
833,0.6750000417232513,0.0,0.0,0.0,0.0,0.3750000298023224,0.30000001192092896
834,0.6750000417232513,0.0,0.0,0.0,0.0,0.3750000298023224,0.30000001192092896
835,0.6750000417232513,0.0,0.0,0.0,0.0,0.3750000298023224,0.30000001192092896
836,0.6750000417232513,0.0,0.0,0.0,0.0,0.3750000298023224,0.30000001192092896
837,0.6750000417232513,0.0,0.0,0.0,0.0,0.3750000298023224,0.30000001192092896
838,0.6750000417232513,0.0,0.0,0.0,0.0,0.3750000298023224,0.30000001192092896
839,1.4250001013278961,0.0,0.0,0.0,0.0,1.1250000894069672,0.30000001192092896
840,-0.6999996602535248,0.0,-7.0,0.0,0.0,6.000000476837158,0.30000001192092896
841,-0.32499995827674866,0.0,-1.0,0.0,0.0,0.3750000298023224,0.30000001192092896
842,2.050000011920929,0.0,1.0,0.0,0.0,0.7500000596046448,0.30000001192092896
843,17.450000554323196,0.0,-6.0,0.0,0.0,23.15000143647194,0.30000001192092896
844,1.0500000715255737,0.0,0.0,0.0,0.0,0.7500000596046448,0.30000001192092896
845,13.775001138448715,0.0,-10.099999904632568,2.0,0.0,20.07500085234642,1.8000000715255737
846,1.6749999821186066,0.0,1.0,0.0,0.0,0.3750000298023224,0.30000001192092896
847,16.975000496953726,-1.0000001192092896,-7.0,0.0,0.0,24.675000987946987,0.30000001192092896
848,9.950000375509262,0.0,-4.0,0.0,0.0,13.650000859051943,0.30000001192092896
849,1.0500000715255737,0.0,0.0,0.0,0.0,0.7500000596046448,0.30000001192092896
850,0.6750000417232513,0.0,0.0,0.0,0.0,0.3750000298023224,0.30000001192092896
851,0.42500007152557373,0.0,-1.0,0.0,0.0,1.1250000894069672,0.30000001192092896
852,0.6750000417232513,0.0,0.0,0.0,0.0,0.3750000298023224,0.30000001192092896
853,9.27500057592988,0.0,-10.0,0.0,0.0,18.975000970065594,0.30000001192092896
854,10.450001154094934,-1.0000001192092896,-22.69999998807907,-1.5,0.0,33.550001338124275,2.1000000834465027
855,8.600001409649849,0.0,-19.599999964237213,0.0,0.0,27.300001986324787,0.9000000357627869
856,0.05000004172325134,0.0,-1.0,0.0,0.0,0.7500000596046448,0.30000001192092896
857,1.0500000715255737,0.0,0.0,0.0,0.0,0.7500000596046448,0.30000001192092896
858,0.4250001013278961,0.0,-1.0,0.0,0.0,1.1250000894069672,0.30000001192092896
859,0.05000004172325134,0.0,-1.0,0.0,0.0,0.7500000596046448,0.30000001192092896
860,0.05000004172325134,0.0,-1.0,0.0,0.0,0.7500000596046448,0.30000001192092896
861,1.4250001013278961,0.0,0.0,0.0,0.0,1.1250000894069672,0.30000001192092896
862,0.6750000417232513,0.0,0.0,0.0,0.0,0.3750000298023224,0.30000001192092896
863,2.350000351667404,0.0,-6.600000023841858,0.0,0.0,8.050000578165054,0.9000000357627869
864,0.42500007152557373,0.0,-1.0,0.0,0.0,1.1250000894069672,0.30000001192092896
865,15.82500046491623,0.0,-11.0,0.0,0.0,26.52500121667981,0.30000001192092896
866,10.600000787526369,0.0,-14.0,0.0,0.0,24.300001170486212,0.30000001192092896
867,3.825000338256359,0.0,-7.0,0.0,0.0,10.525000344961882,0.30000001192092896
868,4.075000673532486,-1.0000001192092896,-18.099999964237213,0.0,0.0,21.975000772625208,1.2000000476837158
869,8.575000770390034,-1.0000001192092896,-21.799999952316284,0.0,0.0,30.475000828504562,0.9000000357627869
870,0.6750000417232513,0.0,0.0,0.0,0.0,0.3750000298023224,0.30000001192092896
871,0.6750000417232513,0.0,0.0,0.0,0.0,0.3750000298023224,0.30000001192092896
872,1.4249999225139618,0.0,0.0,0.0,0.0,1.1250000894069672,0.30000001192092896
873,5.875001031905413,0.0,-16.299999952316284,0.0,0.0,21.575001310557127,0.6000000238418579
874,0.05000004172325134,0.0,-1.0,0.0,0.0,0.7500000596046448,0.30000001192092896
875,2.4750010147690773,-1.0000001192092896,-19.0,0.0,0.0,22.17500125989318,0.30000001192092896
876,2.4250000417232513,0.0,1.0,0.0,0.0,1.1250000894069672,0.30000001192092896
877,0.6750000417232513,0.0,0.0,0.0,0.0,0.3750000298023224,0.30000001192092896
878,-0.32499995827674866,0.0,-1.0,0.0,0.0,0.3750000298023224,0.30000001192092896
879,0.6750000417232513,0.0,0.0,0.0,0.0,0.3750000298023224,0.30000001192092896
880,18.725000329315662,-1.0000001192092896,-0.30000001192092896,0.0,0.0,19.42500063404441,0.6000000238418579
881,1.4250001013278961,0.0,0.0,0.0,0.0,1.1250000894069672,0.30000001192092896
882,0.42500007152557373,0.0,-1.0,0.0,0.0,1.1250000894069672,0.30000001192092896
883,21.87500138580799,0.0,-3.0,0.0,0.0,24.57500161975622,0.30000001192092896
884,-0.32499995827674866,0.0,-1.0,0.0,0.0,0.3750000298023224,0.30000001192092896
885,0.4250001013278961,0.0,-1.0,0.0,0.0,1.1250000894069672,0.30000001192092896
886,0.4249999225139618,0.0,-1.0,0.0,0.0,1.1250000894069672,0.30000001192092896
887,4.250000327825546,0.0,-3.300000011920929,0.0,0.0,6.950000286102295,0.6000000238418579
888,1.0500000715255737,0.0,0.0,0.0,0.0,0.7500000596046448,0.30000001192092896
889,0.6750000417232513,0.0,0.0,0.0,0.0,0.3750000298023224,0.30000001192092896
890,0.05000004172325134,0.0,-1.0,0.0,0.0,0.7500000596046448,0.30000001192092896
891,0.42500007152557373,0.0,-1.0,0.0,0.0,1.1250000894069672,0.30000001192092896
892,0.42500007152557373,0.0,-1.0,0.0,0.0,1.1250000894069672,0.30000001192092896
893,0.6750000417232513,0.0,0.0,0.0,0.0,0.3750000298023224,0.30000001192092896
894,19.52500080317259,-1.0000001192092896,-5.0,0.0,0.0,25.225001253187656,0.30000001192092896
895,7.275000914931297,0.0,-9.0,0.0,0.0,15.975001286715269,0.30000001192092896
896,1.4250001013278961,0.0,0.0,0.0,0.0,1.1250000894069672,0.30000001192092896
897,0.6750000417232513,0.0,0.0,0.0,0.0,0.3750000298023224,0.30000001192092896
898,0.4250001013278961,0.0,-1.0,0.0,0.0,1.1250000894069672,0.30000001192092896
899,0.42500007152557373,0.0,-1.0,0.0,0.0,1.1250000894069672,0.30000001192092896
900,0.8000001013278961,0.0,-1.0,0.0,0.0,1.5000001192092896,0.30000001192092896
901,0.6750000417232513,0.0,0.0,0.0,0.0,0.3750000298023224,0.30000001192092896
902,-0.5749999582767487,0.0,-2.0,0.0,0.0,1.1250000894069672,0.30000001192092896
903,18.600001111626625,0.0,-9.300000011920929,0.0,0.0,27.300001922994852,0.6000000238418579
904,1.0500000715255737,0.0,0.0,0.0,0.0,0.7500000596046448,0.30000001192092896
905,16.100000366568565,0.0,-11.0,0.0,0.0,26.80000050738454,0.30000001192092896
906,0.8000001013278961,0.0,-1.0,0.0,0.0,1.5000001192092896,0.30000001192092896
907,1.0500000715255737,0.0,0.0,0.0,0.0,0.7500000596046448,0.30000001192092896
908,1.4250001013278961,0.0,0.0,0.0,0.0,1.1250000894069672,0.30000001192092896
909,11.650000467896461,-1.0000001192092896,-3.300000011920929,0.0,0.0,15.350000653415918,0.6000000238418579
910,0.4250001013278961,0.0,-1.0,0.0,0.0,1.1250000894069672,0.30000001192092896
911,0.05000004172325134,0.0,-1.0,0.0,0.0,0.7500000596046448,0.30000001192092896
912,9.450001046061516,0.0,-11.300000011920929,0.0,0.0,20.15000105649233,0.6000000238418579
913,28.225001983344555,0.0,-10.300000011920929,0.0,0.0,37.92500265315175,0.6000000238418579
914,0.6750000417232513,0.0,0.0,0.0,0.0,0.3750000298023224,0.30000001192092896
915,1.0499999225139618,0.0,0.0,0.0,0.0,0.7500000596046448,0.30000001192092896
916,1.4250001013278961,0.0,0.0,0.0,0.0,1.1250000894069672,0.30000001192092896
917,0.05000007152557373,0.0,-1.0,0.0,0.0,0.7500000596046448,0.30000001192092896
918,1.5250003933906555,-1.0000001192092896,-23.200000047683716,-6.0,0.0,29.62500064447522,2.1000000834465027
919,-0.32499995827674866,0.0,-1.0,0.0,0.0,0.3750000298023224,0.30000001192092896
920,1.0500000715255737,0.0,0.0,0.0,0.0,0.7500000596046448,0.30000001192092896
921,2.175000160932541,0.0,0.0,0.0,0.0,1.875000149011612,0.30000001192092896
922,-0.32499995827674866,0.0,-1.0,0.0,0.0,0.3750000298023224,0.30000001192092896
923,1.8000001311302185,0.0,0.0,0.0,0.0,1.5000001192092896,0.30000001192092896
924,0.4250001013278961,0.0,-1.0,0.0,0.0,1.1250000894069672,0.30000001192092896
925,-0.32499995827674866,0.0,-1.0,0.0,0.0,0.3750000298023224,0.30000001192092896
926,0.05000004172325134,0.0,-1.0,0.0,0.0,0.7500000596046448,0.30000001192092896
927,0.42500007152557373,0.0,-1.0,0.0,0.0,1.1250000894069672,0.30000001192092896
928,-0.32499995827674866,0.0,-1.0,0.0,0.0,0.3750000298023224,0.30000001192092896
929,2.175000160932541,0.0,0.0,0.0,0.0,1.875000149011612,0.30000001192092896
930,0.05000004172325134,0.0,-1.0,0.0,0.0,0.7500000596046448,0.30000001192092896
931,5.000000208616257,0.0,-2.599999964237213,0.0,0.0,6.700000464916229,0.9000000357627869
932,9.275001462548971,-1.0000001192092896,-19.0,0.0,0.0,28.97500179708004,0.30000001192092896
933,1.0500000715255737,0.0,0.0,0.0,0.0,0.7500000596046448,0.30000001192092896
934,0.6750000417232513,0.0,0.0,0.0,0.0,0.3750000298023224,0.30000001192092896
935,11.775000903755426,-1.0000001192092896,-2.0,0.0,0.0,14.47500117868185,0.30000001192092896
936,0.6750000417232513,0.0,0.0,0.0,0.0,0.3750000298023224,0.30000001192092896
937,1.0500000715255737,0.0,0.0,0.0,0.0,0.7500000596046448,0.30000001192092896
938,0.6750000417232513,0.0,0.0,0.0,0.0,0.3750000298023224,0.30000001192092896
939,-0.19999992847442627,0.0,-2.0,0.0,0.0,1.5000001192092896,0.30000001192092896
940,0.6750000417232513,0.0,0.0,0.0,0.0,0.3750000298023224,0.30000001192092896
941,1.4250001013278961,0.0,0.0,0.0,0.0,1.1250000894069672,0.30000001192092896
942,0.6750000417232513,0.0,0.0,0.0,0.0,0.3750000298023224,0.30000001192092896
943,1.3000002205371857,0.0,-2.0,0.0,0.0,3.000000238418579,0.30000001192092896
944,18.47500015795231,-1.0000001192092896,-2.5,0.0,0.0,20.775000248104334,1.2000000476837158
945,0.6750000417232513,0.0,0.0,0.0,0.0,0.3750000298023224,0.30000001192092896
946,1.0500000715255737,0.0,0.0,0.0,0.0,0.7500000596046448,0.30000001192092896
947,0.42500007152557373,0.0,-1.0,0.0,0.0,1.1250000894069672,0.30000001192092896
948,18.125000327825546,0.0,-4.800000011920929,0.0,0.0,22.02500057220459,0.9000000357627869
949,1.0500000715255737,0.0,0.0,0.0,0.0,0.7500000596046448,0.30000001192092896
950,1.0500000715255737,0.0,0.0,0.0,0.0,0.7500000596046448,0.30000001192092896
951,2.049999922513962,0.0,1.0,0.0,0.0,0.7500000596046448,0.30000001192092896
952,1.0500000715255737,0.0,0.0,0.0,0.0,0.7500000596046448,0.30000001192092896
953,3.6499999165534973,0.0,0.0,0.0,0.0,3.3500002324581146,0.30000001192092896
954,2.050000011920929,0.0,1.0,0.0,0.0,0.7500000596046448,0.30000001192092896
955,0.6750000417232513,0.0,0.0,0.0,0.0,0.3750000298023224,0.30000001192092896
956,21.400001347064972,0.0,-7.0,0.0,0.0,28.100001752376556,0.30000001192092896
957,19.12500014528632,0.0,-13.800000011920929,-1.0,0.0,32.425000220537186,1.5000000596046448
958,13.300000008195639,0.0,-5.599999964237213,0.0,0.0,18.0000007301569,0.9000000357627869
959,17.450000640004873,0.0,-9.0,0.0,0.0,26.150000981986523,0.30000001192092896
960,7.375000428408384,0.0,-9.0,0.0,0.0,16.07500058412552,0.30000001192092896
961,13.550000052899122,0.0,-10.300000011920929,0.0,0.0,23.250001080334187,0.6000000238418579
962,0.6750000417232513,0.0,0.0,0.0,0.0,0.3750000298023224,0.30000001192092896
963,1.4250001013278961,0.0,0.0,0.0,0.0,1.1250000894069672,0.30000001192092896
964,0.6750000417232513,0.0,0.0,0.0,0.0,0.3750000298023224,0.30000001192092896
965,0.05000007152557373,0.0,-1.0,0.0,0.0,0.7500000596046448,0.30000001192092896
966,12.750000685453415,0.0,-10.0,0.0,0.0,22.45000059902668,0.30000001192092896
967,0.6750000417232513,0.0,0.0,0.0,0.0,0.3750000298023224,0.30000001192092896
968,8.150000661611557,0.0,-4.300000011920929,0.0,0.0,11.85000091791153,0.6000000238418579
969,14.625000692903996,0.0,-19.299999952316284,0.0,0.0,33.0250010676682,0.9000000357627869
970,1.0500000715255737,0.0,0.0,0.0,0.0,0.7500000596046448,0.30000001192092896
971,0.05000004172325134,0.0,-1.0,0.0,0.0,0.7500000596046448,0.30000001192092896
972,1.4250001013278961,0.0,0.0,0.0,0.0,1.1250000894069672,0.30000001192092896
973,0.6750000417232513,0.0,0.0,0.0,0.0,0.3750000298023224,0.30000001192092896
974,27.725001078099012,-1.0000001192092896,-0.9000000357627869,0.0,0.0,28.425002198666334,1.2000000476837158
975,0.42500007152557373,0.0,-1.0,0.0,0.0,1.1250000894069672,0.30000001192092896
976,7.425000935792923,-1.0000001192092896,-11.299999952316284,0.0,0.0,19.125001199543476,0.6000000238418579
977,-0.32499995827674866,0.0,-1.0,0.0,0.0,0.3750000298023224,0.30000001192092896
978,-0.19999992847442627,0.0,-2.0,0.0,0.0,1.5000001192092896,0.30000001192092896
979,1.0500000715255737,0.0,0.0,0.0,0.0,0.7500000596046448,0.30000001192092896
980,1.4250001013278961,0.0,0.0,0.0,0.0,1.1250000894069672,0.30000001192092896
981,8.950000509619713,0.0,-6.0,0.0,0.0,14.650000549852848,0.30000001192092896
982,4.375000175088644,0.0,-10.5,0.0,0.0,14.2749999538064,0.6000000238418579
983,0.6750000417232513,0.0,0.0,0.0,0.0,0.3750000298023224,0.30000001192092896
984,0.05000007152557373,0.0,-1.0,0.0,0.0,0.7500000596046448,0.30000001192092896
985,0.05000004172325134,0.0,-1.0,0.0,0.0,0.7500000596046448,0.30000001192092896
986,3.04999977350235,0.0,2.0,0.0,0.0,0.7500000596046448,0.30000001192092896
987,0.05000004172325134,0.0,-1.0,0.0,0.0,0.7500000596046448,0.30000001192092896
988,20.025000125169754,0.0,-7.0,0.0,0.0,26.725000739097595,0.30000001192092896
989,17.025001130998135,0.0,-3.5,0.0,0.0,19.32500134035945,1.2000000476837158
990,4.250000447034836,0.0,-3.0,0.0,0.0,6.950000464916229,0.30000001192092896
991,-0.32499995827674866,0.0,-1.0,0.0,0.0,0.3750000298023224,0.30000001192092896
992,0.6750000417232513,0.0,0.0,0.0,0.0,0.3750000298023224,0.30000001192092896
993,0.6750000417232513,0.0,0.0,0.0,0.0,0.3750000298023224,0.30000001192092896
994,0.6750000417232513,0.0,0.0,0.0,0.0,0.3750000298023224,0.30000001192092896
995,0.6750000417232513,0.0,0.0,0.0,0.0,0.3750000298023224,0.30000001192092896
996,7.175001040101051,-1.0000001192092896,-15.0,0.0,0.0,22.875001322478056,0.30000001192092896
997,21.550000194460154,0.0,-16.0,0.0,0.0,37.250000432133675,0.30000001192092896
998,18.375001449137926,0.0,-14.700000047683716,0.0,0.0,31.27500156313181,1.8000000715255737
999,1.0500000715255737,0.0,0.0,0.0,0.0,0.7500000596046448,0.30000001192092896
1000,2.424999952316284,0.0,1.0,0.0,0.0,1.1250000894069672,0.30000001192092896
1001,13.425001244992018,0.0,-8.300000011920929,0.0,0.0,21.125001199543476,0.6000000238418579
1002,0.05000007152557373,0.0,-1.0,0.0,0.0,0.7500000596046448,0.30000001192092896
1003,1.4250001013278961,0.0,0.0,0.0,0.0,1.1250000894069672,0.30000001192092896
1004,16.65000107884407,0.0,-8.0,0.0,0.0,24.350001741200686,0.30000001192092896
1005,0.6750000417232513,0.0,0.0,0.0,0.0,0.3750000298023224,0.30000001192092896
1006,0.6750000417232513,0.0,0.0,0.0,0.0,0.3750000298023224,0.30000001192092896
1007,1.0500000715255737,0.0,0.0,0.0,0.0,0.7500000596046448,0.30000001192092896
1008,1.0500000715255737,0.0,0.0,0.0,0.0,0.7500000596046448,0.30000001192092896
1009,-0.32499995827674866,0.0,-1.0,0.0,0.0,0.3750000298023224,0.30000001192092896
1010,2.5750001668930054,0.0,-2.0,0.0,0.0,4.275000303983688,0.30000001192092896
1011,11.37500124424696,0.0,-11.300000011920929,0.0,0.0,22.075001746416092,0.6000000238418579
1012,0.6750000417232513,0.0,0.0,0.0,0.0,0.3750000298023224,0.30000001192092896
1013,2.049999922513962,0.0,1.0,0.0,0.0,0.7500000596046448,0.30000001192092896
1014,0.05000004172325134,0.0,-1.0,0.0,0.0,0.7500000596046448,0.30000001192092896
1015,0.6750000417232513,0.0,0.0,0.0,0.0,0.3750000298023224,0.30000001192092896
1016,0.6750000417232513,0.0,0.0,0.0,0.0,0.3750000298023224,0.30000001192092896
1017,0.6750000417232513,0.0,0.0,0.0,0.0,0.3750000298023224,0.30000001192092896
1018,11.425000969320536,-1.0000001192092896,-11.0,0.0,0.0,23.12500151246786,0.30000001192092896
1019,1.4250001013278961,0.0,0.0,0.0,0.0,1.1250000894069672,0.30000001192092896
1020,0.9250001907348633,0.0,-2.0,0.0,0.0,2.6250002086162567,0.30000001192092896
1021,1.4249999523162842,0.0,0.0,0.0,0.0,1.1250000894069672,0.30000001192092896
1022,-0.32499995827674866,0.0,-1.0,0.0,0.0,0.3750000298023224,0.30000001192092896
1023,13.725000735372305,-1.0000001192092896,-6.0,0.0,0.0,20.42500116676092,0.30000001192092896
1024,14.925001196563244,-1.0000001192092896,-13.0,0.5,0.0,27.225001472979784,1.2000000476837158
1025,2.424999952316284,0.0,1.0,0.0,0.0,1.1250000894069672,0.30000001192092896
1026,2.025000214576721,0.0,-1.0,0.0,0.0,2.7250002324581146,0.30000001192092896
1027,-0.32499995827674866,0.0,-1.0,0.0,0.0,0.3750000298023224,0.30000001192092896
1028,10.850000590085983,-1.0000001192092896,-12.0,0.0,0.0,23.55000116303563,0.30000001192092896
1029,10.950000453740358,0.0,-11.600000023841858,0.0,0.0,21.650000855326653,0.9000000357627869
1030,10.550000563263893,-1.0000001192092896,-9.0,0.0,0.0,20.250000678002834,0.30000001192092896
1031,1.4250001013278961,0.0,0.0,0.0,0.0,1.1250000894069672,0.30000001192092896
1032,-0.5749999582767487,0.0,-2.0,0.0,0.0,1.1250000894069672,0.30000001192092896
1033,1.2000000774860382,0.0,-1.0,0.0,0.0,1.9000000953674316,0.30000001192092896
1034,5.000000447034836,0.0,-14.300000011920929,0.0,0.0,18.70000034570694,0.6000000238418579
1035,5.249999970197678,0.0,0.0,0.0,0.0,4.95000034570694,0.30000001192092896
1036,0.6750000417232513,0.0,0.0,0.0,0.0,0.3750000298023224,0.30000001192092896
1037,1.0500000715255737,0.0,0.0,0.0,0.0,0.7500000596046448,0.30000001192092896
1038,12.625000309199095,0.0,-10.600000023841858,0.0,0.0,22.325000196695328,0.9000000357627869
1039,1.8000001311302185,0.0,0.0,0.0,0.0,1.5000001192092896,0.30000001192092896
1040,16.05000004172325,-1.0000001192092896,-4.400000035762787,-3.0,0.0,22.95000060275197,1.5000000596046448
1041,1.4250001013278961,0.0,0.0,0.0,0.0,1.1250000894069672,0.30000001192092896
1042,1.0500000715255737,0.0,0.0,0.0,0.0,0.7500000596046448,0.30000001192092896
1043,1.0500000715255737,0.0,0.0,0.0,0.0,0.7500000596046448,0.30000001192092896
1044,-0.5749999284744263,0.0,-2.0,0.0,0.0,1.1250000894069672,0.30000001192092896
1045,1.8000001311302185,0.0,0.0,0.0,0.0,1.5000001192092896,0.30000001192092896
1046,0.42500007152557373,0.0,-1.0,0.0,0.0,1.1250000894069672,0.30000001192092896
1047,0.6750000417232513,0.0,0.0,0.0,0.0,0.3750000298023224,0.30000001192092896
1048,0.05000004172325134,0.0,-1.0,0.0,0.0,0.7500000596046448,0.30000001192092896
1049,17.375000935047865,0.0,-12.800000011920929,-3.0,0.0,32.27500165626407,0.9000000357627869
1050,1.425000011920929,0.0,0.0,0.0,0.0,1.1250000894069672,0.30000001192092896
1051,15.90000095963478,1.0000001192092896,-6.5,4.0,1.0,15.80000126361847,0.6000000238418579
1052,2.424999952316284,0.0,1.0,0.0,0.0,1.1250000894069672,0.30000001192092896
1053,25.525001011788845,0.0,-10.300000011920929,0.0,0.0,34.925001583993435,0.9000000357627869
1054,6.4000001810491085,-1.0000001192092896,-17.80000001192093,0.0,0.0,24.300001237541437,0.9000000357627869
1055,-0.9499999582767487,0.0,-2.0,0.0,0.0,0.7500000596046448,0.30000001192092896
1056,18.175001710653305,0.0,-7.299999952316284,0.0,0.0,24.875001698732376,0.6000000238418579
1057,0.6750000417232513,0.0,0.0,0.0,0.0,0.3750000298023224,0.30000001192092896
1058,2.7999999821186066,0.0,1.0,0.0,0.0,1.5000001192092896,0.30000001192092896
1059,0.6750000417232513,0.0,0.0,0.0,0.0,0.3750000298023224,0.30000001192092896
1060,12.400001164525747,-1.0000001192092896,-13.5,0.5,0.0,25.80000128597021,0.6000000238418579
1061,0.6750000417232513,0.0,0.0,0.0,0.0,0.3750000298023224,0.30000001192092896
1062,2.049999922513962,0.0,1.0,0.0,0.0,0.7500000596046448,0.30000001192092896
1063,0.6750000417232513,0.0,0.0,0.0,0.0,0.3750000298023224,0.30000001192092896
1064,0.6750000417232513,0.0,0.0,0.0,0.0,0.3750000298023224,0.30000001192092896
1065,1.0500000715255737,0.0,0.0,0.0,0.0,0.7500000596046448,0.30000001192092896
1066,1.625000648200512,0.0,-19.600000023841858,0.0,0.0,20.325000859797,0.9000000357627869
1067,1.6749998927116394,0.0,1.0,0.0,0.0,0.3750000298023224,0.30000001192092896
1068,1.4250001013278961,0.0,0.0,0.0,0.0,1.1250000894069672,0.30000001192092896
1069,1.0500000715255737,0.0,0.0,0.0,0.0,0.7500000596046448,0.30000001192092896
1070,1.0500000715255737,0.0,0.0,0.0,0.0,0.7500000596046448,0.30000001192092896
1071,1.0500000715255737,0.0,0.0,0.0,0.0,0.7500000596046448,0.30000001192092896
1072,-0.9499999582767487,0.0,-2.0,0.0,0.0,0.7500000596046448,0.30000001192092896
1073,0.42500007152557373,0.0,-1.0,0.0,0.0,1.1250000894069672,0.30000001192092896
1074,14.200000837445259,0.0,-10.300000011920929,0.0,0.0,23.900001037865877,0.6000000238418579
1075,-0.5749999284744263,0.0,-2.0,0.0,0.0,1.1250000894069672,0.30000001192092896
1076,0.6750000417232513,0.0,0.0,0.0,0.0,0.3750000298023224,0.30000001192092896
1077,22.80000127851963,0.0,-7.900000035762787,0.5,0.0,28.400001518428326,1.8000000715255737
1078,9.325000673532486,-1.0000001192092896,-12.0,0.0,0.0,22.02500069141388,0.30000001192092896
1079,2.7999999821186066,0.0,1.0,0.0,0.0,1.5000001192092896,0.30000001192092896
1080,1.0500000715255737,0.0,0.0,0.0,0.0,0.7500000596046448,0.30000001192092896
1081,12.250000599771738,0.0,-13.0,0.0,0.0,24.95000072568655,0.30000001192092896
1082,-0.19999989867210388,0.0,-2.0,0.0,0.0,1.5000001192092896,0.30000001192092896
1083,-0.949999988079071,0.0,-2.0,0.0,0.0,0.7500000596046448,0.30000001192092896
1084,0.42500007152557373,0.0,-1.0,0.0,0.0,1.1250000894069672,0.30000001192092896
1085,11.925000727176666,0.0,-6.600000023841858,0.0,0.0,17.325001090765,1.2000000476837158
1086,0.6750000417232513,0.0,0.0,0.0,0.0,0.3750000298023224,0.30000001192092896
1087,4.200000613927841,0.0,-15.600000023841858,0.0,0.0,18.90000081062317,0.9000000357627869
1088,0.42500007152557373,0.0,-1.0,0.0,0.0,1.1250000894069672,0.30000001192092896
1089,9.600001070648432,0.0,-15.0,0.0,0.0,24.300001334398985,0.30000001192092896
1090,0.42500007152557373,0.0,-1.0,0.0,0.0,1.1250000894069672,0.30000001192092896
1091,0.6750000417232513,0.0,0.0,0.0,0.0,0.3750000298023224,0.30000001192092896
1092,1.4249999523162842,0.0,0.0,0.0,0.0,1.1250000894069672,0.30000001192092896
1093,0.05000007152557373,0.0,-1.0,0.0,0.0,0.7500000596046448,0.30000001192092896
1094,0.6750000417232513,0.0,0.0,0.0,0.0,0.3750000298023224,0.30000001192092896
1095,1.7999999821186066,0.0,0.0,0.0,0.0,1.5000001192092896,0.30000001192092896
1096,1.0500000715255737,0.0,0.0,0.0,0.0,0.7500000596046448,0.30000001192092896
1097,1.0500000715255737,0.0,0.0,0.0,0.0,0.7500000596046448,0.30000001192092896
1098,2.049999922513962,0.0,1.0,0.0,0.0,0.7500000596046448,0.30000001192092896
1099,0.42500007152557373,0.0,-1.0,0.0,0.0,1.1250000894069672,0.30000001192092896
1100,0.05000004172325134,0.0,-1.0,0.0,0.0,0.7500000596046448,0.30000001192092896
1101,0.6750000417232513,0.0,0.0,0.0,0.0,0.3750000298023224,0.30000001192092896
1102,11.474999103695154,-1.0000001192092896,-15.0,0.0,0.0,27.175000209361315,0.30000001192092896
1103,0.42500007152557373,0.0,-1.0,0.0,0.0,1.1250000894069672,0.30000001192092896
1104,1.4250001013278961,0.0,0.0,0.0,0.0,1.1250000894069672,0.30000001192092896
1105,0.05000004172325134,0.0,-1.0,0.0,0.0,0.7500000596046448,0.30000001192092896
1106,9.099999886006117,-1.0000001192092896,-9.300000011920929,0.0,0.0,18.800000183284283,0.6000000238418579
1107,4.125000469386578,-1.0000001192092896,-21.499999940395355,0.0,0.0,24.82500071823597,1.8000000715255737
1108,11.200000450015068,0.0,-9.0,0.0,0.0,19.90000132843852,0.30000001192092896
1109,0.6750000417232513,0.0,0.0,0.0,0.0,0.3750000298023224,0.30000001192092896
1110,0.6750000417232513,0.0,0.0,0.0,0.0,0.3750000298023224,0.30000001192092896
1111,1.0500000715255737,0.0,0.0,0.0,0.0,0.7500000596046448,0.30000001192092896
1112,0.05000007152557373,0.0,-1.0,0.0,0.0,0.7500000596046448,0.30000001192092896
1113,1.4250001013278961,0.0,0.0,0.0,0.0,1.1250000894069672,0.30000001192092896
1114,8.474999647587538,0.0,-21.0,0.0,0.0,29.175000194460154,0.30000001192092896
1115,1.6749999821186066,0.0,1.0,0.0,0.0,0.3750000298023224,0.30000001192092896
1116,0.05000004172325134,0.0,-1.0,0.0,0.0,0.7500000596046448,0.30000001192092896
1117,1.0500000715255737,0.0,0.0,0.0,0.0,0.7500000596046448,0.30000001192092896
1118,6.475000023841858,0.0,-4.5,0.0,0.0,10.375000327825546,0.6000000238418579
1119,0.6750000417232513,0.0,0.0,0.0,0.0,0.3750000298023224,0.30000001192092896
1120,1.0500000715255737,0.0,0.0,0.0,0.0,0.7500000596046448,0.30000001192092896
1121,1.0500000715255737,0.0,0.0,0.0,0.0,0.7500000596046448,0.30000001192092896
1122,0.6750000417232513,0.0,0.0,0.0,0.0,0.3750000298023224,0.30000001192092896
1123,3.175000011920929,0.0,1.0,0.0,0.0,1.875000149011612,0.30000001192092896
1124,1.8000001311302185,0.0,0.0,0.0,0.0,1.5000001192092896,0.30000001192092896
1125,-2.574999988079071,0.0,-4.0,0.0,0.0,1.1250000894069672,0.30000001192092896
1126,0.6750000417232513,0.0,0.0,0.0,0.0,0.3750000298023224,0.30000001192092896
1127,22.450001448392868,0.0,-6.0,0.0,0.0,28.150002270936966,0.30000001192092896
1128,0.6750000417232513,0.0,0.0,0.0,0.0,0.3750000298023224,0.30000001192092896
1129,0.6750000417232513,0.0,0.0,0.0,0.0,0.3750000298023224,0.30000001192092896
1130,1.0500000715255737,0.0,0.0,0.0,0.0,0.7500000596046448,0.30000001192092896
1131,0.6750000417232513,0.0,0.0,0.0,0.0,0.3750000298023224,0.30000001192092896
1132,2.1750000715255737,0.0,0.0,0.0,0.0,1.875000149011612,0.30000001192092896
1133,-0.5749999582767487,0.0,-2.0,0.0,0.0,1.1250000894069672,0.30000001192092896
1134,0.6750000417232513,0.0,0.0,0.0,0.0,0.3750000298023224,0.30000001192092896
1135,0.6750000417232513,0.0,0.0,0.0,0.0,0.3750000298023224,0.30000001192092896
1136,0.6750000417232513,0.0,0.0,0.0,0.0,0.3750000298023224,0.30000001192092896
1137,-0.9499999582767487,0.0,-2.0,0.0,0.0,0.7500000596046448,0.30000001192092896
1138,18.47500103339553,-1.0000001192092896,-5.0,0.0,0.0,24.175001833587885,0.30000001192092896
1139,0.05000004172325134,0.0,-1.0,0.0,0.0,0.7500000596046448,0.30000001192092896
1140,1.0500000715255737,0.0,0.0,0.0,0.0,0.7500000596046448,0.30000001192092896
1141,1.6749999821186066,0.0,1.0,0.0,0.0,0.3750000298023224,0.30000001192092896
1142,17.75000113248825,-1.0000001192092896,-8.0,0.0,0.0,26.450002003461123,0.30000001192092896
1143,3.050000101327896,0.0,-1.0,0.0,0.0,3.750000089406967,0.30000001192092896
1144,0.42500007152557373,0.0,-1.0,0.0,0.0,1.1250000894069672,0.30000001192092896
1145,0.6750000417232513,0.0,0.0,0.0,0.0,0.3750000298023224,0.30000001192092896
1146,1.0500000715255737,0.0,0.0,0.0,0.0,0.7500000596046448,0.30000001192092896
1147,0.6750000417232513,0.0,0.0,0.0,0.0,0.3750000298023224,0.30000001192092896
1148,6.800000812858343,0.0,-11.300000011920929,0.0,0.0,17.50000112503767,0.6000000238418579
1149,2.175000160932541,0.0,0.0,0.0,0.0,1.875000149011612,0.30000001192092896
1150,1.0500000715255737,0.0,0.0,0.0,0.0,0.7500000596046448,0.30000001192092896
1151,0.6750000417232513,0.0,0.0,0.0,0.0,0.3750000298023224,0.30000001192092896
1152,0.6750000417232513,0.0,0.0,0.0,0.0,0.3750000298023224,0.30000001192092896
1153,0.6750000417232513,0.0,0.0,0.0,0.0,0.3750000298023224,0.30000001192092896
1154,2.7999999821186066,0.0,1.0,0.0,0.0,1.5000001192092896,0.30000001192092896
1155,1.0499999821186066,0.0,0.0,0.0,0.0,0.7500000596046448,0.30000001192092896
1156,0.8000001013278961,0.0,-1.0,0.0,0.0,1.5000001192092896,0.30000001192092896
1157,0.05000004172325134,0.0,-1.0,0.0,0.0,0.7500000596046448,0.30000001192092896
1158,-0.32499995827674866,0.0,-1.0,0.0,0.0,0.3750000298023224,0.30000001192092896
1159,1.6749999821186066,0.0,1.0,0.0,0.0,0.3750000298023224,0.30000001192092896
1160,1.975000362843275,0.0,-12.0,0.0,0.0,13.675000604242086,0.30000001192092896
1161,-0.5749999284744263,0.0,-2.0,0.0,0.0,1.1250000894069672,0.30000001192092896
1162,3.4249998927116394,0.0,2.0,0.0,0.0,1.1250000894069672,0.30000001192092896
1163,0.05000007152557373,0.0,-1.0,0.0,0.0,0.7500000596046448,0.30000001192092896
1164,12.250001307576895,0.0,-8.599999904632568,0.0,0.0,19.950001124292612,0.9000000357627869
1165,9.00000024586916,-1.0000001192092896,-15.300000011920929,0.0,0.0,24.700000446289778,0.6000000238418579
1166,12.050000250339508,0.0,0.699999988079071,0.0,0.0,10.750000268220901,0.6000000238418579
1167,1.4250001013278961,0.0,0.0,0.0,0.0,1.1250000894069672,0.30000001192092896
1168,10.250000931322575,0.0,-14.299999952316284,0.0,0.0,23.950001522898674,0.6000000238418579
1169,0.6750000417232513,0.0,0.0,0.0,0.0,0.3750000298023224,0.30000001192092896
1170,1.0500000715255737,0.0,0.0,0.0,0.0,0.7500000596046448,0.30000001192092896
1171,-0.5749999582767487,0.0,-2.0,0.0,0.0,1.1250000894069672,0.30000001192092896
1172,1.0500000715255737,0.0,0.0,0.0,0.0,0.7500000596046448,0.30000001192092896
1173,1.0500000715255737,0.0,0.0,0.0,0.0,0.7500000596046448,0.30000001192092896
1174,1.8000001311302185,0.0,0.0,0.0,0.0,1.5000001192092896,0.30000001192092896
1175,1.4249999225139618,0.0,0.0,0.0,0.0,1.1250000894069672,0.30000001192092896
1176,0.6750000417232513,0.0,0.0,0.0,0.0,0.3750000298023224,0.30000001192092896
1177,1.0500000715255737,0.0,0.0,0.0,0.0,0.7500000596046448,0.30000001192092896
1178,0.05000007152557373,0.0,-1.0,0.0,0.0,0.7500000596046448,0.30000001192092896
1179,8.32500023022294,0.0,-10.299999952316284,0.0,0.0,18.025000404566526,0.6000000238418579
1180,0.8000001013278961,0.0,-1.0,0.0,0.0,1.5000001192092896,0.30000001192092896
1181,1.4250001013278961,0.0,0.0,0.0,0.0,1.1250000894069672,0.30000001192092896
1182,1.0500000715255737,0.0,0.0,0.0,0.0,0.7500000596046448,0.30000001192092896
1183,12.400000918656588,0.0,-10.0,0.0,0.0,22.100001398473978,0.30000001192092896
1184,1.9250001907348633,0.0,-1.0,0.0,0.0,2.6250002086162567,0.30000001192092896
1185,7.050000809133053,-1.0000001192092896,-10.0,0.0,0.0,17.750001411885023,0.30000001192092896
1186,3.300000250339508,0.0,0.0,0.0,0.0,3.000000238418579,0.30000001192092896
1187,0.6750000417232513,0.0,0.0,0.0,0.0,0.3750000298023224,0.30000001192092896
1188,18.850001122802496,-1.0000001192092896,-11.299999952316284,0.0,0.0,30.550002120435238,0.6000000238418579
1189,-0.32499995827674866,0.0,-1.0,0.0,0.0,0.3750000298023224,0.30000001192092896
1190,0.6750000417232513,0.0,0.0,0.0,0.0,0.3750000298023224,0.30000001192092896
1191,0.8000001013278961,0.0,-1.0,0.0,0.0,1.5000001192092896,0.30000001192092896
1192,0.05000004172325134,0.0,-1.0,0.0,0.0,0.7500000596046448,0.30000001192092896
1193,1.0500000715255737,0.0,0.0,0.0,0.0,0.7500000596046448,0.30000001192092896
1194,-0.19999992847442627,0.0,-2.0,0.0,0.0,1.5000001192092896,0.30000001192092896
1195,-1.324999988079071,0.0,-2.0,0.0,0.0,0.3750000298023224,0.30000001192092896
1196,0.4250001013278961,0.0,-1.0,0.0,0.0,1.1250000894069672,0.30000001192092896
1197,12.425000581890345,-1.0000001192092896,-6.0,0.0,0.0,19.125001423060894,0.30000001192092896
1198,0.6750000417232513,0.0,0.0,0.0,0.0,0.3750000298023224,0.30000001192092896
1199,0.05000004172325134,0.0,-1.0,0.0,0.0,0.7500000596046448,0.30000001192092896
1200,0.05000007152557373,0.0,-1.0,0.0,0.0,0.7500000596046448,0.30000001192092896
1201,1.4250001013278961,0.0,0.0,0.0,0.0,1.1250000894069672,0.30000001192092896
1202,0.8000001013278961,0.0,-1.0,0.0,0.0,1.5000001192092896,0.30000001192092896
1203,0.6750000417232513,0.0,0.0,0.0,0.0,0.3750000298023224,0.30000001192092896
1204,0.6750000417232513,0.0,0.0,0.0,0.0,0.3750000298023224,0.30000001192092896
1205,0.17500010132789612,0.0,-2.0,0.0,0.0,1.875000149011612,0.30000001192092896
1206,0.6750000417232513,0.0,0.0,0.0,0.0,0.3750000298023224,0.30000001192092896
1207,0.05000004172325134,0.0,-1.0,0.0,0.0,0.7500000596046448,0.30000001192092896
1208,0.05000004172325134,0.0,-1.0,0.0,0.0,0.7500000596046448,0.30000001192092896
1209,0.6750000417232513,0.0,0.0,0.0,0.0,0.3750000298023224,0.30000001192092896
1210,2.050000011920929,0.0,1.0,0.0,0.0,0.7500000596046448,0.30000001192092896
1211,0.05000004172325134,0.0,-1.0,0.0,0.0,0.7500000596046448,0.30000001192092896
1212,0.6750000417232513,0.0,0.0,0.0,0.0,0.3750000298023224,0.30000001192092896
1213,4.3750004060566425,0.0,-9.0,0.0,0.0,13.075000539422035,0.30000001192092896
1214,1.6749998927116394,0.0,1.0,0.0,0.0,0.3750000298023224,0.30000001192092896
1215,1.0500000715255737,0.0,0.0,0.0,0.0,0.7500000596046448,0.30000001192092896
1216,13.925001624971628,0.0,-18.0,0.0,0.0,31.625002466142178,0.30000001192092896
1217,9.175000190734863,0.0,-6.600000023841858,0.0,0.0,14.875000208616257,0.9000000357627869
1218,0.6750000417232513,0.0,0.0,0.0,0.0,0.3750000298023224,0.30000001192092896
1219,0.6750000417232513,0.0,0.0,0.0,0.0,0.3750000298023224,0.30000001192092896
1220,0.05000004172325134,0.0,-1.0,0.0,0.0,0.7500000596046448,0.30000001192092896
1221,1.4250001013278961,0.0,0.0,0.0,0.0,1.1250000894069672,0.30000001192092896
1222,0.6750000417232513,0.0,0.0,0.0,0.0,0.3750000298023224,0.30000001192092896
1223,0.05000007152557373,0.0,-1.0,0.0,0.0,0.7500000596046448,0.30000001192092896
1224,24.90000121295452,-1.0000001192092896,-30.000000059604645,0.0,0.0,53.8000014051795,2.1000000834465027
1225,1.0500000715255737,0.0,0.0,0.0,0.0,0.7500000596046448,0.30000001192092896
1226,4.250000149011612,0.0,0.0,0.0,0.0,3.9500003457069397,0.30000001192092896
1227,0.6750000417232513,0.0,0.0,0.0,0.0,0.3750000298023224,0.30000001192092896
1228,1.0500000715255737,0.0,0.0,0.0,0.0,0.7500000596046448,0.30000001192092896
1229,1.4250001013278961,0.0,0.0,0.0,0.0,1.1250000894069672,0.30000001192092896
1230,20.075000893324614,0.0,-9.599999964237213,0.0,0.0,28.17500087991357,1.5000000596046448
1231,9.77500083297491,0.0,-4.0,0.0,0.0,13.475001148879528,0.30000001192092896
1232,0.6750000417232513,0.0,0.0,0.0,0.0,0.3750000298023224,0.30000001192092896
1233,0.6750000417232513,0.0,0.0,0.0,0.0,0.3750000298023224,0.30000001192092896
1234,-0.32499995827674866,0.0,-1.0,0.0,0.0,0.3750000298023224,0.30000001192092896
1235,0.6750000417232513,0.0,0.0,0.0,0.0,0.3750000298023224,0.30000001192092896
1236,1.0500000715255737,0.0,0.0,0.0,0.0,0.7500000596046448,0.30000001192092896
1237,0.4250001013278961,0.0,-1.0,0.0,0.0,1.1250000894069672,0.30000001192092896
1238,1.0500000715255737,0.0,0.0,0.0,0.0,0.7500000596046448,0.30000001192092896
1239,0.1750001311302185,0.0,-2.0,0.0,0.0,1.875000149011612,0.30000001192092896
1240,1.6749999821186066,0.0,1.0,0.0,0.0,0.3750000298023224,0.30000001192092896
1241,29.52500143647194,0.0,-26.299999952316284,-1.5,0.0,54.925001949071884,2.4000000953674316
1242,18.62500037625432,-1.0000001192092896,-6.600000023841858,0.0,0.0,25.325000420212746,0.9000000357627869
1243,0.42500007152557373,0.0,-1.0,0.0,0.0,1.1250000894069672,0.30000001192092896
1244,0.42499998211860657,0.0,-1.0,0.0,0.0,1.1250000894069672,0.30000001192092896
1245,1.4250001013278961,0.0,0.0,0.0,0.0,1.1250000894069672,0.30000001192092896
1246,1.0500000715255737,0.0,0.0,0.0,0.0,0.7500000596046448,0.30000001192092896
1247,1.0500000715255737,0.0,0.0,0.0,0.0,0.7500000596046448,0.30000001192092896
1248,0.6750000417232513,0.0,0.0,0.0,0.0,0.3750000298023224,0.30000001192092896
1249,1.0500000715255737,0.0,0.0,0.0,0.0,0.7500000596046448,0.30000001192092896
1250,21.975001577287912,0.0,-13.699999988079071,2.0,0.0,30.975001357495785,2.7000001072883606
1251,5.67500114813447,-1.0000001192092896,-16.0,0.0,0.0,22.37500113248825,0.30000001192092896
1252,2.424999952316284,0.0,1.0,0.0,0.0,1.1250000894069672,0.30000001192092896
1253,1.4250001013278961,0.0,0.0,0.0,0.0,1.1250000894069672,0.30000001192092896
1254,1.8000001311302185,0.0,0.0,0.0,0.0,1.5000001192092896,0.30000001192092896
1255,0.6750000417232513,0.0,0.0,0.0,0.0,0.3750000298023224,0.30000001192092896
1256,2.049999922513962,0.0,1.0,0.0,0.0,0.7500000596046448,0.30000001192092896
1257,5.575000286102295,0.0,-10.300000011920929,0.0,0.0,15.275000780820847,0.6000000238418579
1258,1.1750001311302185,0.0,-1.0,0.0,0.0,1.875000149011612,0.30000001192092896
1259,1.0500000715255737,0.0,0.0,0.0,0.0,0.7500000596046448,0.30000001192092896
1260,0.6750000417232513,0.0,0.0,0.0,0.0,0.3750000298023224,0.30000001192092896
1261,1.8000001311302185,0.0,0.0,0.0,0.0,1.5000001192092896,0.30000001192092896
1262,-0.32499995827674866,0.0,-1.0,0.0,0.0,0.3750000298023224,0.30000001192092896
1263,1.4250001013278961,0.0,0.0,0.0,0.0,1.1250000894069672,0.30000001192092896
1264,1.0500000715255737,0.0,0.0,0.0,0.0,0.7500000596046448,0.30000001192092896
1265,12.775000881403685,-1.0000001192092896,-3.600000023841858,0.0,0.0,16.475001260638237,0.9000000357627869
1266,1.4250001013278961,0.0,0.0,0.0,0.0,1.1250000894069672,0.30000001192092896
1267,1.0500000715255737,0.0,0.0,0.0,0.0,0.7500000596046448,0.30000001192092896
1268,0.6750000417232513,0.0,0.0,0.0,0.0,0.3750000298023224,0.30000001192092896
1269,1.0500000715255737,0.0,0.0,0.0,0.0,0.7500000596046448,0.30000001192092896
1270,3.749999761581421,-1.0000001192092896,-4.0,0.0,0.0,8.449999917298555,0.30000001192092896
1271,1.4250001013278961,0.0,0.0,0.0,0.0,1.1250000894069672,0.30000001192092896
1272,0.05000004172325134,0.0,-1.0,0.0,0.0,0.7500000596046448,0.30000001192092896
1273,6.750000581145287,0.0,-5.0,0.0,0.0,11.450000744313002,0.30000001192092896
1274,2.0499998331069946,0.0,1.0,0.0,0.0,0.7500000596046448,0.30000001192092896
1275,0.6750000417232513,0.0,0.0,0.0,0.0,0.3750000298023224,0.30000001192092896
1276,0.6750000417232513,0.0,0.0,0.0,0.0,0.3750000298023224,0.30000001192092896
1277,10.475000888109207,0.0,-7.800000011920929,-2.5,0.0,19.87500149011612,0.9000000357627869
1278,-0.19999989867210388,0.0,-2.0,0.0,0.0,1.5000001192092896,0.30000001192092896
1279,3.6500001549720764,0.0,-1.0,0.0,0.0,4.350000321865082,0.30000001192092896
1280,1.0500000715255737,0.0,0.0,0.0,0.0,0.7500000596046448,0.30000001192092896
1281,1.8000001311302185,0.0,0.0,0.0,0.0,1.5000001192092896,0.30000001192092896
1282,1.0500000715255737,0.0,0.0,0.0,0.0,0.7500000596046448,0.30000001192092896
1283,14.90000069141388,-1.0000001192092896,-8.0,0.0,0.0,23.600000966340303,0.30000001192092896
1284,10.775000683963299,0.0,-6.0,0.0,0.0,16.475000884383917,0.30000001192092896
1285,18.57499985396862,-1.0000001192092896,1.0,0.0,0.0,18.27500069513917,0.30000001192092896
1286,7.42500089854002,0.0,-16.0,0.0,0.0,23.125001329928637,0.30000001192092896
1287,-0.9499999582767487,0.0,-2.0,0.0,0.0,0.7500000596046448,0.30000001192092896
1288,-0.32499995827674866,0.0,-1.0,0.0,0.0,0.3750000298023224,0.30000001192092896
1289,1.4250001013278961,0.0,0.0,0.0,0.0,1.1250000894069672,0.30000001192092896
1290,3.4249998927116394,0.0,2.0,0.0,0.0,1.1250000894069672,0.30000001192092896
1291,0.05000004172325134,0.0,-1.0,0.0,0.0,0.7500000596046448,0.30000001192092896
1292,0.6750000417232513,0.0,0.0,0.0,0.0,0.3750000298023224,0.30000001192092896
1293,4.1750005185604095,0.0,-4.300000011920929,0.0,0.0,7.87500062584877,0.6000000238418579
1294,1.8000001311302185,0.0,0.0,0.0,0.0,1.5000001192092896,0.30000001192092896
1295,0.8000001013278961,0.0,-1.0,0.0,0.0,1.5000001192092896,0.30000001192092896
1296,0.05000004172325134,0.0,-1.0,0.0,0.0,0.7500000596046448,0.30000001192092896
1297,1.0500000715255737,0.0,0.0,0.0,0.0,0.7500000596046448,0.30000001192092896
1298,0.6750000417232513,0.0,0.0,0.0,0.0,0.3750000298023224,0.30000001192092896
1299,0.6750000417232513,0.0,0.0,0.0,0.0,0.3750000298023224,0.30000001192092896
1300,-0.32499995827674866,0.0,-1.0,0.0,0.0,0.3750000298023224,0.30000001192092896
1301,9.875000156462193,0.0,-10.0,0.0,0.0,19.57500059902668,0.30000001192092896
1302,24.40000157058239,0.0,-14.800000011920929,0.0,0.0,38.30000250786543,0.9000000357627869
1303,0.6750000417232513,0.0,0.0,0.0,0.0,0.3750000298023224,0.30000001192092896
1304,0.6750000417232513,0.0,0.0,0.0,0.0,0.3750000298023224,0.30000001192092896
1305,0.05000004172325134,0.0,-1.0,0.0,0.0,0.7500000596046448,0.30000001192092896
1306,0.9250001609325409,0.0,-2.0,0.0,0.0,2.6250002086162567,0.30000001192092896
1307,33.62500226870179,0.0,-21.000000059604645,0.0,0.0,52.22500288113952,2.4000000953674316
1308,-0.5749999284744263,0.0,-2.0,0.0,0.0,1.1250000894069672,0.30000001192092896
1309,1.4250001013278961,0.0,0.0,0.0,0.0,1.1250000894069672,0.30000001192092896
1310,10.35000080615282,0.0,-22.599999964237213,0.0,0.0,32.050001718103886,0.9000000357627869
1311,1.0499999225139618,0.0,0.0,0.0,0.0,0.7500000596046448,0.30000001192092896
1312,9.9250004068017,0.0,-11.799999952316284,0.0,0.0,20.825000308454037,0.9000000357627869
1313,0.05000004172325134,0.0,-1.0,0.0,0.0,0.7500000596046448,0.30000001192092896
1314,0.6750000417232513,0.0,0.0,0.0,0.0,0.3750000298023224,0.30000001192092896
1315,9.825001083314419,0.0,-15.0,0.0,0.0,24.52500106021762,0.30000001192092896
1316,8.825000535696745,-1.0000001192092896,-15.300000011920929,0.0,0.0,24.525000918656588,0.6000000238418579
1317,1.0500000715255737,0.0,0.0,0.0,0.0,0.7500000596046448,0.30000001192092896
1318,7.525000654160976,0.0,-6.0,0.0,0.0,13.225000858306885,0.30000001192092896
1319,0.6750000417232513,0.0,0.0,0.0,0.0,0.3750000298023224,0.30000001192092896
1320,1.8000001311302185,0.0,0.0,0.0,0.0,1.5000001192092896,0.30000001192092896
1321,-0.32499995827674866,0.0,-1.0,0.0,0.0,0.3750000298023224,0.30000001192092896
1322,2.049999922513962,0.0,1.0,0.0,0.0,0.7500000596046448,0.30000001192092896
1323,0.6750000417232513,0.0,0.0,0.0,0.0,0.3750000298023224,0.30000001192092896
1324,0.20000022649765015,0.0,-5.0,0.0,0.0,4.9000003933906555,0.30000001192092896
1325,1.4250001013278961,0.0,0.0,0.0,0.0,1.1250000894069672,0.30000001192092896
1326,0.6750000417232513,0.0,0.0,0.0,0.0,0.3750000298023224,0.30000001192092896
1327,1.4250001013278961,0.0,0.0,0.0,0.0,1.1250000894069672,0.30000001192092896
1328,-0.32499995827674866,0.0,-1.0,0.0,0.0,0.3750000298023224,0.30000001192092896
1329,1.725000113248825,0.0,0.0,0.0,0.0,1.4250001013278961,0.30000001192092896
1330,10.875000860542059,0.0,-5.0,0.0,0.0,15.575001254677773,0.30000001192092896
1331,0.8000001311302185,0.0,-1.0,0.0,0.0,1.5000001192092896,0.30000001192092896
1332,0.42500007152557373,0.0,-1.0,0.0,0.0,1.1250000894069672,0.30000001192092896
1333,1.0500000715255737,0.0,0.0,0.0,0.0,0.7500000596046448,0.30000001192092896
1334,0.6750000417232513,0.0,0.0,0.0,0.0,0.3750000298023224,0.30000001192092896
1335,1.4250001013278961,0.0,0.0,0.0,0.0,1.1250000894069672,0.30000001192092896
1336,0.6750000417232513,0.0,0.0,0.0,0.0,0.3750000298023224,0.30000001192092896
1337,-0.5749999284744263,0.0,-2.0,0.0,0.0,1.1250000894069672,0.30000001192092896
1338,1.0500000715255737,0.0,0.0,0.0,0.0,0.7500000596046448,0.30000001192092896
1339,0.6750000417232513,0.0,0.0,0.0,0.0,0.3750000298023224,0.30000001192092896
1340,3.175000101327896,0.0,1.0,0.0,0.0,1.875000149011612,0.30000001192092896
1341,-0.9499999582767487,0.0,-2.0,0.0,0.0,0.7500000596046448,0.30000001192092896
1342,1.4250001013278961,0.0,0.0,0.0,0.0,1.1250000894069672,0.30000001192092896
1343,1.4250001013278961,0.0,0.0,0.0,0.0,1.1250000894069672,0.30000001192092896
1344,0.6750000417232513,0.0,0.0,0.0,0.0,0.3750000298023224,0.30000001192092896
1345,0.05000007152557373,0.0,-1.0,0.0,0.0,0.7500000596046448,0.30000001192092896
1346,0.42500007152557373,0.0,-1.0,0.0,0.0,1.1250000894069672,0.30000001192092896
1347,2.7999999821186066,0.0,1.0,0.0,0.0,1.5000001192092896,0.30000001192092896
1348,0.6750000417232513,0.0,0.0,0.0,0.0,0.3750000298023224,0.30000001192092896
1349,0.6750000417232513,0.0,0.0,0.0,0.0,0.3750000298023224,0.30000001192092896
1350,2.7999999821186066,0.0,1.0,0.0,0.0,1.5000001192092896,0.30000001192092896
1351,1.4250001013278961,0.0,0.0,0.0,0.0,1.1250000894069672,0.30000001192092896
1352,0.6750000417232513,0.0,0.0,0.0,0.0,0.3750000298023224,0.30000001192092896
1353,27.625001594424248,0.0,-12.100000023841858,-3.0,0.0,40.02500148117542,2.7000001072883606
1354,1.4250001013278961,0.0,0.0,0.0,0.0,1.1250000894069672,0.30000001192092896
1355,-0.5749999284744263,0.0,-2.0,0.0,0.0,1.1250000894069672,0.30000001192092896
1356,-0.5749999582767487,0.0,-2.0,0.0,0.0,1.1250000894069672,0.30000001192092896
1357,-0.32499995827674866,0.0,-1.0,0.0,0.0,0.3750000298023224,0.30000001192092896
1358,-0.9499999582767487,0.0,-2.0,0.0,0.0,0.7500000596046448,0.30000001192092896
1359,0.4250001013278961,0.0,-1.0,0.0,0.0,1.1250000894069672,0.30000001192092896
1360,18.77500084415078,-1.0000001192092896,-7.0,0.0,0.0,26.47500102967024,0.30000001192092896
1361,0.42500007152557373,0.0,-1.0,0.0,0.0,1.1250000894069672,0.30000001192092896
1362,1.0500000715255737,0.0,0.0,0.0,0.0,0.7500000596046448,0.30000001192092896
1363,-0.32499995827674866,0.0,-1.0,0.0,0.0,0.3750000298023224,0.30000001192092896
1364,-0.949999988079071,0.0,-2.0,0.0,0.0,0.7500000596046448,0.30000001192092896
1365,0.42500007152557373,0.0,-1.0,0.0,0.0,1.1250000894069672,0.30000001192092896
1366,1.4250001013278961,0.0,0.0,0.0,0.0,1.1250000894069672,0.30000001192092896
1367,15.850000008940697,0.0,-6.0,0.0,0.0,21.55000029504299,0.30000001192092896
1368,13.450001042336226,0.0,-9.300000011920929,0.0,0.0,22.150001283735037,0.6000000238418579
1369,0.6750000417232513,0.0,0.0,0.0,0.0,0.3750000298023224,0.30000001192092896
1370,15.95000060275197,0.0,-2.0,0.0,0.0,17.650000996887684,0.30000001192092896
1371,0.05000004172325134,0.0,-1.0,0.0,0.0,0.7500000596046448,0.30000001192092896
1372,-0.32499995827674866,0.0,-1.0,0.0,0.0,0.3750000298023224,0.30000001192092896
1373,12.750000979751348,-1.0000001192092896,-5.300000011920929,0.0,0.0,18.450001381337643,0.6000000238418579
1374,1.5999999940395355,0.0,-3.0,0.0,0.0,4.300000190734863,0.30000001192092896
1375,0.6750000417232513,0.0,0.0,0.0,0.0,0.3750000298023224,0.30000001192092896
1376,6.150000903755426,-1.0000001192092896,-23.30000001192093,0.0,0.0,29.850002091377974,0.6000000238418579
1377,-0.32499995827674866,0.0,-1.0,0.0,0.0,0.3750000298023224,0.30000001192092896
1378,1.0500000715255737,0.0,0.0,0.0,0.0,0.7500000596046448,0.30000001192092896
1379,-0.9499999582767487,0.0,-2.0,0.0,0.0,0.7500000596046448,0.30000001192092896
1380,1.0500000715255737,0.0,0.0,0.0,0.0,0.7500000596046448,0.30000001192092896
1381,5.450000528246164,-1.0000001192092896,-11.0,0.0,0.0,17.15000069141388,0.30000001192092896
1382,0.6750000417232513,0.0,0.0,0.0,0.0,0.3750000298023224,0.30000001192092896
1383,1.0500000715255737,0.0,0.0,0.0,0.0,0.7500000596046448,0.30000001192092896
1384,11.50000013038516,0.0,-12.600000023841858,0.0,0.0,23.200000271201134,0.9000000357627869
1385,11.175000935792923,0.0,-8.300000011920929,0.0,0.0,18.87500086799264,0.6000000238418579
1386,-0.5749999284744263,0.0,-2.0,0.0,0.0,1.1250000894069672,0.30000001192092896
1387,1.0500000715255737,0.0,0.0,0.0,0.0,0.7500000596046448,0.30000001192092896
1388,3.600000351667404,0.0,-2.300000011920929,0.0,0.0,5.300000369548798,0.6000000238418579
1389,0.6750000417232513,0.0,0.0,0.0,0.0,0.3750000298023224,0.30000001192092896
1390,0.6750000417232513,0.0,0.0,0.0,0.0,0.3750000298023224,0.30000001192092896
1391,1.4250001013278961,0.0,0.0,0.0,0.0,1.1250000894069672,0.30000001192092896
1392,-0.32499995827674866,0.0,-1.0,0.0,0.0,0.3750000298023224,0.30000001192092896
1393,1.4250001013278961,0.0,0.0,0.0,0.0,1.1250000894069672,0.30000001192092896
1394,0.6750000417232513,0.0,0.0,0.0,0.0,0.3750000298023224,0.30000001192092896
1395,2.424999952316284,0.0,1.0,0.0,0.0,1.1250000894069672,0.30000001192092896
1396,7.000000040978193,-1.0000001192092896,-15.800000011920929,0.0,0.0,22.900000490248203,0.9000000357627869
1397,0.05000004172325134,0.0,-1.0,0.0,0.0,0.7500000596046448,0.30000001192092896
1398,1.0500000715255737,0.0,0.0,0.0,0.0,0.7500000596046448,0.30000001192092896
1399,12.450001392513514,-1.0000001192092896,-14.800000011920929,-3.0,0.0,29.750001680105925,1.5000000596046448
1400,2.049999922513962,0.0,1.0,0.0,0.0,0.7500000596046448,0.30000001192092896
1401,0.6750000417232513,0.0,0.0,0.0,0.0,0.3750000298023224,0.30000001192092896
1402,0.6750000417232513,0.0,0.0,0.0,0.0,0.3750000298023224,0.30000001192092896
1403,0.6750000417232513,0.0,0.0,0.0,0.0,0.3750000298023224,0.30000001192092896
1404,-0.32499995827674866,0.0,-1.0,0.0,0.0,0.3750000298023224,0.30000001192092896
1405,2.049999922513962,0.0,1.0,0.0,0.0,0.7500000596046448,0.30000001192092896
1406,11.350000709295273,-1.0000001192092896,-6.0,0.0,0.0,18.050001431256533,0.30000001192092896
1407,0.8000001013278961,0.0,-1.0,0.0,0.0,1.5000001192092896,0.30000001192092896
1408,-0.9499999582767487,0.0,-2.0,0.0,0.0,0.7500000596046448,0.30000001192092896
1409,12.80000028386712,-1.0000001192092896,-11.0,0.0,0.0,24.499999944120646,0.30000001192092896
1410,0.6750000417232513,0.0,0.0,0.0,0.0,0.3750000298023224,0.30000001192092896
1411,11.625000789761543,-1.0000001192092896,-8.600000023841858,0.0,0.0,20.325001679360867,0.9000000357627869
1412,0.6750000417232513,0.0,0.0,0.0,0.0,0.3750000298023224,0.30000001192092896
1413,0.05000007152557373,0.0,-1.0,0.0,0.0,0.7500000596046448,0.30000001192092896
1414,1.4250001013278961,0.0,0.0,0.0,0.0,1.1250000894069672,0.30000001192092896
1415,1.0500000715255737,0.0,0.0,0.0,0.0,0.7500000596046448,0.30000001192092896
1416,0.42500007152557373,0.0,-1.0,0.0,0.0,1.1250000894069672,0.30000001192092896
1417,0.6750000417232513,0.0,0.0,0.0,0.0,0.3750000298023224,0.30000001192092896
1418,14.45000097900629,0.0,-9.0,0.0,0.0,23.15000107139349,0.30000001192092896
1419,15.274999912828207,-1.0000001192092896,1.0,0.0,0.0,14.97500017657876,0.30000001192092896
1420,0.8000001013278961,0.0,-1.0,0.0,0.0,1.5000001192092896,0.30000001192092896
1421,1.4250001013278961,0.0,0.0,0.0,0.0,1.1250000894069672,0.30000001192092896
1422,-0.32499995827674866,0.0,-1.0,0.0,0.0,0.3750000298023224,0.30000001192092896
1423,0.6750000417232513,0.0,0.0,0.0,0.0,0.3750000298023224,0.30000001192092896
1424,17.02500107139349,-1.0000001192092896,-7.0,0.0,0.0,24.72500117495656,0.30000001192092896
1425,0.42500007152557373,0.0,-1.0,0.0,0.0,1.1250000894069672,0.30000001192092896
1426,4.799999684095383,0.0,3.0,0.0,0.0,1.5000001192092896,0.30000001192092896
1427,0.6750000417232513,0.0,0.0,0.0,0.0,0.3750000298023224,0.30000001192092896
1428,-0.9499999582767487,0.0,-2.0,0.0,0.0,0.7500000596046448,0.30000001192092896
1429,1.0500000715255737,0.0,0.0,0.0,0.0,0.7500000596046448,0.30000001192092896
1430,0.8000001013278961,0.0,-1.0,0.0,0.0,1.5000001192092896,0.30000001192092896
1431,0.42500007152557373,0.0,-1.0,0.0,0.0,1.1250000894069672,0.30000001192092896
1432,11.875001206994057,-1.0000001192092896,-20.600000023841858,0.0,0.0,32.575001779943705,0.9000000357627869
1433,6.125000566244125,0.0,-8.300000011920929,0.0,0.0,13.825000822544098,0.6000000238418579
1434,1.0500000715255737,0.0,0.0,0.0,0.0,0.7500000596046448,0.30000001192092896
1435,17.200000539422035,0.0,-9.300000011920929,0.0,0.0,25.900000523775816,0.6000000238418579
1436,0.6750000417232513,0.0,0.0,0.0,0.0,0.3750000298023224,0.30000001192092896
1437,0.05000004172325134,0.0,-1.0,0.0,0.0,0.7500000596046448,0.30000001192092896
1438,5.800000861287117,0.0,-11.300000011920929,0.0,0.0,16.500000935047865,0.6000000238418579
1439,0.6750000417232513,0.0,0.0,0.0,0.0,0.3750000298023224,0.30000001192092896
1440,27.475000999867916,0.0,-18.30000001192093,-4.5,0.0,48.77500120922923,1.5000000596046448
1441,0.6750000417232513,0.0,0.0,0.0,0.0,0.3750000298023224,0.30000001192092896
1442,0.05000007152557373,0.0,-1.0,0.0,0.0,0.7500000596046448,0.30000001192092896
1443,0.8000001013278961,0.0,-1.0,0.0,0.0,1.5000001192092896,0.30000001192092896
1444,0.05000004172325134,0.0,-1.0,0.0,0.0,0.7500000596046448,0.30000001192092896
1445,6.375000301748514,-1.0000001192092896,-7.300000011920929,0.0,0.0,14.075000427663326,0.6000000238418579
1446,30.275001153349876,-1.0000001192092896,-8.100000023841858,0.0,0.0,37.875001676380634,1.5000000596046448
1447,0.05000004172325134,0.0,-1.0,0.0,0.0,0.7500000596046448,0.30000001192092896
1448,19.55000104382634,-1.0000001192092896,-8.5,0.0,0.0,28.450001176446676,0.6000000238418579
1449,1.0500000715255737,0.0,0.0,0.0,0.0,0.7500000596046448,0.30000001192092896
1450,11.050000991672277,0.0,-10.899999976158142,0.0,0.0,20.75000086426735,1.2000000476837158
1451,16.575000762939453,0.0,1.0,0.0,0.0,15.275000989437103,0.30000001192092896
1452,0.6750000417232513,0.0,0.0,0.0,0.0,0.3750000298023224,0.30000001192092896
1453,0.4250001013278961,0.0,-1.0,0.0,0.0,1.1250000894069672,0.30000001192092896
1454,0.6750000417232513,0.0,0.0,0.0,0.0,0.3750000298023224,0.30000001192092896
1455,2.7999999821186066,0.0,1.0,0.0,0.0,1.5000001192092896,0.30000001192092896
1456,0.05000004172325134,0.0,-1.0,0.0,0.0,0.7500000596046448,0.30000001192092896
1457,0.4250001013278961,0.0,-1.0,0.0,0.0,1.1250000894069672,0.30000001192092896
1458,14.025001130998135,0.0,-12.0,0.0,0.0,25.725001763552427,0.30000001192092896
1459,0.6750000417232513,0.0,0.0,0.0,0.0,0.3750000298023224,0.30000001192092896
1460,1.0500000715255737,0.0,0.0,0.0,0.0,0.7500000596046448,0.30000001192092896
1461,1.4250001013278961,0.0,0.0,0.0,0.0,1.1250000894069672,0.30000001192092896
1462,8.649999897927046,0.0,-4.0,0.0,0.0,12.350000631064177,0.30000001192092896
1463,-0.32499995827674866,0.0,-1.0,0.0,0.0,0.3750000298023224,0.30000001192092896
1464,2.424999952316284,0.0,1.0,0.0,0.0,1.1250000894069672,0.30000001192092896
1465,-0.8249998986721039,0.0,-3.0,0.0,0.0,1.875000149011612,0.30000001192092896
1466,-0.32499995827674866,0.0,-1.0,0.0,0.0,0.3750000298023224,0.30000001192092896
1467,0.6750000417232513,0.0,0.0,0.0,0.0,0.3750000298023224,0.30000001192092896
1468,0.6750000417232513,0.0,0.0,0.0,0.0,0.3750000298023224,0.30000001192092896
1469,1.3250001668930054,0.0,-4.0,0.0,0.0,5.025000423192978,0.30000001192092896
1470,0.6750000417232513,0.0,0.0,0.0,0.0,0.3750000298023224,0.30000001192092896
1471,4.950000584125519,0.0,-10.600000023841858,0.0,0.0,14.350000619888306,1.2000000476837158
1472,5.675001114606857,-1.0000001192092896,-13.399999976158142,0.0,0.0,18.575000975281,1.5000000596046448
1473,1.8000001311302185,0.0,0.0,0.0,0.0,1.5000001192092896,0.30000001192092896
1474,1.4250001013278961,0.0,0.0,0.0,0.0,1.1250000894069672,0.30000001192092896
1475,1.0500000715255737,0.0,0.0,0.0,0.0,0.7500000596046448,0.30000001192092896
1476,17.225000742822886,0.0,-7.0,0.0,0.0,23.925001055002213,0.30000001192092896
1477,0.05000007152557373,0.0,-1.0,0.0,0.0,0.7500000596046448,0.30000001192092896
1478,0.8000001013278961,0.0,-1.0,0.0,0.0,1.5000001192092896,0.30000001192092896
1479,17.85000091418624,0.0,-4.600000023841858,0.0,0.0,21.550001204013824,0.9000000357627869
1480,1.0500000715255737,0.0,0.0,0.0,0.0,0.7500000596046448,0.30000001192092896
1481,17.60000066459179,-1.0000001192092896,-13.199999988079071,0.0,0.0,30.30000091716647,1.5000000596046448
1482,0.6750000417232513,0.0,0.0,0.0,0.0,0.3750000298023224,0.30000001192092896
1483,13.57500073313713,0.0,-4.5,0.0,0.0,17.475000828504562,0.6000000238418579
1484,14.625000283122063,-1.0000001192092896,-8.0,0.0,0.0,23.325000885874033,0.30000001192092896
1485,5.02500019967556,0.0,-7.899999976158142,0.0,0.0,11.725000195205212,1.2000000476837158
1486,-0.32499995827674866,0.0,-1.0,0.0,0.0,0.3750000298023224,0.30000001192092896
1487,8.600000530481339,0.0,-4.600000023841858,0.0,0.0,12.000000953674316,1.2000000476837158
1488,17.57500171661377,0.0,-7.300000011920929,0.0,0.0,24.27500209212303,0.6000000238418579
1489,18.400000270456076,0.0,-2.300000011920929,0.0,0.0,20.10000042617321,0.6000000238418579
1490,0.6750000417232513,0.0,0.0,0.0,0.0,0.3750000298023224,0.30000001192092896
1491,0.6750000417232513,0.0,0.0,0.0,0.0,0.3750000298023224,0.30000001192092896
1492,2.6000002920627594,0.0,-3.900000035762787,0.0,0.0,5.300000369548798,1.2000000476837158
1493,1.0500000715255737,0.0,0.0,0.0,0.0,0.7500000596046448,0.30000001192092896
1494,1.8000001311302185,0.0,0.0,0.0,0.0,1.5000001192092896,0.30000001192092896
1495,0.6750000417232513,0.0,0.0,0.0,0.0,0.3750000298023224,0.30000001192092896
1496,0.6750000417232513,0.0,0.0,0.0,0.0,0.3750000298023224,0.30000001192092896
1497,1.4250001013278961,0.0,0.0,0.0,0.0,1.1250000894069672,0.30000001192092896
1498,1.4250001013278961,0.0,0.0,0.0,0.0,1.1250000894069672,0.30000001192092896
1499,12.97500079870224,0.0,-8.300000011920929,0.0,0.0,20.67500126361847,0.6000000238418579
1500,8.625000413507223,0.0,-9.5,0.0,0.0,17.525000397115946,0.6000000238418579
1501,0.6750000417232513,0.0,0.0,0.0,0.0,0.3750000298023224,0.30000001192092896
1502,0.6750000417232513,0.0,0.0,0.0,0.0,0.3750000298023224,0.30000001192092896
1503,0.8000001013278961,0.0,-1.0,0.0,0.0,1.5000001192092896,0.30000001192092896
1504,0.6750000417232513,0.0,0.0,0.0,0.0,0.3750000298023224,0.30000001192092896
1505,0.05000004172325134,0.0,-1.0,0.0,0.0,0.7500000596046448,0.30000001192092896
1506,1.0500000715255737,0.0,0.0,0.0,0.0,0.7500000596046448,0.30000001192092896
1507,0.6750000417232513,0.0,0.0,0.0,0.0,0.3750000298023224,0.30000001192092896
1508,-0.32499995827674866,0.0,-1.0,0.0,0.0,0.3750000298023224,0.30000001192092896
1509,0.6750000417232513,0.0,0.0,0.0,0.0,0.3750000298023224,0.30000001192092896
1510,0.6750000417232513,0.0,0.0,0.0,0.0,0.3750000298023224,0.30000001192092896
1511,10.975001465529203,0.0,-23.0,0.0,0.0,33.675001595169306,0.30000001192092896
1512,1.0500000715255737,0.0,0.0,0.0,0.0,0.7500000596046448,0.30000001192092896
1513,0.05000004172325134,0.0,-1.0,0.0,0.0,0.7500000596046448,0.30000001192092896
1514,0.6750000417232513,0.0,0.0,0.0,0.0,0.3750000298023224,0.30000001192092896
1515,-0.9499999582767487,0.0,-2.0,0.0,0.0,0.7500000596046448,0.30000001192092896
1516,12.100000977516174,0.0,-13.5,0.0,0.0,25.00000200420618,0.6000000238418579
1517,20.000000551342964,0.0,-6.0,0.0,0.0,25.70000061765313,0.30000001192092896
1518,5.800000190734863,0.0,-2.300000011920929,0.0,0.0,7.500000596046448,0.6000000238418579
1519,18.025000490248203,-1.0000001192092896,-7.0,0.0,0.0,25.725000973790884,0.30000001192092896
1520,0.6750000417232513,0.0,0.0,0.0,0.0,0.3750000298023224,0.30000001192092896
1521,0.42500007152557373,0.0,-1.0,0.0,0.0,1.1250000894069672,0.30000001192092896
1522,1.0500000715255737,0.0,0.0,0.0,0.0,0.7500000596046448,0.30000001192092896
1523,-0.8249999284744263,0.0,-3.0,0.0,0.0,1.875000149011612,0.30000001192092896
1524,16.67500088736415,0.0,-4.300000011920929,0.0,0.0,20.375000786036253,0.6000000238418579
1525,1.0500000715255737,0.0,0.0,0.0,0.0,0.7500000596046448,0.30000001192092896
1526,1.0500000715255737,0.0,0.0,0.0,0.0,0.7500000596046448,0.30000001192092896
1527,0.6750000417232513,0.0,0.0,0.0,0.0,0.3750000298023224,0.30000001192092896
1528,-0.32499995827674866,0.0,-1.0,0.0,0.0,0.3750000298023224,0.30000001192092896
1529,1.0500000715255737,0.0,0.0,0.0,0.0,0.7500000596046448,0.30000001192092896
1530,11.650000490248203,-1.0000001192092896,-9.5,4.5,0.0,17.050000373274088,0.6000000238418579
1531,-0.5749999284744263,0.0,-2.0,0.0,0.0,1.1250000894069672,0.30000001192092896
1532,-0.32499995827674866,0.0,-1.0,0.0,0.0,0.3750000298023224,0.30000001192092896
1533,7.475000321865082,-1.0000001192092896,-10.0,0.0,0.0,18.175000600516796,0.30000001192092896
1534,2.050000011920929,0.0,1.0,0.0,0.0,0.7500000596046448,0.30000001192092896
1535,14.300000619143248,0.0,-6.0,0.0,0.0,20.00000113248825,0.30000001192092896
1536,8.875001139938831,0.0,-13.300000011920929,0.0,0.0,21.57500122487545,0.6000000238418579
1537,1.0500000715255737,0.0,0.0,0.0,0.0,0.7500000596046448,0.30000001192092896
1538,0.6750000417232513,0.0,0.0,0.0,0.0,0.3750000298023224,0.30000001192092896
1539,2.175000160932541,0.0,0.0,0.0,0.0,1.875000149011612,0.30000001192092896
1540,6.225000772625208,0.0,-7.800000011920929,0.0,0.0,13.425000756978989,0.6000000238418579
1541,0.05000004172325134,0.0,-1.0,0.0,0.0,0.7500000596046448,0.30000001192092896
1542,0.05000007152557373,0.0,-1.0,0.0,0.0,0.7500000596046448,0.30000001192092896
1543,0.6750000417232513,0.0,0.0,0.0,0.0,0.3750000298023224,0.30000001192092896
1544,0.4250001013278961,0.0,-1.0,0.0,0.0,1.1250000894069672,0.30000001192092896
1545,9.075000494718552,0.0,0.5,-1.5,0.0,9.475000590085983,0.6000000238418579
1546,4.8000002689659595,0.0,-21.600000023841858,0.0,0.0,25.500000309199095,0.9000000357627869
1547,2.6749998331069946,0.0,2.0,0.0,0.0,0.3750000298023224,0.30000001192092896
1548,1.8000000417232513,0.0,0.0,0.0,0.0,1.5000001192092896,0.30000001192092896
1549,20.325000554323196,-1.0000001192092896,-11.300000011920929,-1.0,0.0,32.42500092834234,1.2000000476837158
1550,13.625000637024641,-1.0000001192092896,-15.0,0.0,0.0,29.325001008808613,0.30000001192092896
1551,13.725000325590372,-1.0000001192092896,-10.800000011920929,0.0,0.0,24.02500068023801,1.5000000596046448
1552,22.65000071376562,0.0,-6.600000023841858,0.0,0.0,28.350001472979784,0.9000000357627869
1553,0.42500007152557373,0.0,-1.0,0.0,0.0,1.1250000894069672,0.30000001192092896
1554,-0.9499999582767487,0.0,-2.0,0.0,0.0,0.7500000596046448,0.30000001192092896
1555,0.42500007152557373,0.0,-1.0,0.0,0.0,1.1250000894069672,0.30000001192092896
1556,0.05000004172325134,0.0,-1.0,0.0,0.0,0.7500000596046448,0.30000001192092896
1557,0.6750000417232513,0.0,0.0,0.0,0.0,0.3750000298023224,0.30000001192092896
1558,0.6750000417232513,0.0,0.0,0.0,0.0,0.3750000298023224,0.30000001192092896
1559,19.500000968575478,-1.0000001192092896,-5.0,0.0,0.0,25.200002007186413,0.30000001192092896
1560,12.32500073313713,0.0,-6.800000011920929,0.0,0.0,18.525000780820847,0.6000000238418579
1561,-0.32499995827674866,0.0,-1.0,0.0,0.0,0.3750000298023224,0.30000001192092896
1562,8.50000112503767,0.0,-10.0,0.0,0.0,18.200001131743193,0.30000001192092896
1563,0.42500007152557373,0.0,-1.0,0.0,0.0,1.1250000894069672,0.30000001192092896
1564,1.0500000715255737,0.0,0.0,0.0,0.0,0.7500000596046448,0.30000001192092896
1565,0.40000012516975403,0.0,-2.0,0.0,0.0,2.1000001430511475,0.30000001192092896
1566,12.52500007674098,-1.0000001192092896,-9.0,0.0,0.0,22.225000865757465,0.30000001192092896
1567,0.04999995231628418,0.0,-1.0,0.0,0.0,0.7500000596046448,0.30000001192092896
1568,1.0500000715255737,0.0,0.0,0.0,0.0,0.7500000596046448,0.30000001192092896
1569,0.6750000417232513,0.0,0.0,0.0,0.0,0.3750000298023224,0.30000001192092896
1570,2.04999977350235,0.0,1.0,0.0,0.0,0.7500000596046448,0.30000001192092896
1571,0.6750000417232513,0.0,0.0,0.0,0.0,0.3750000298023224,0.30000001192092896
1572,-0.32499995827674866,0.0,-1.0,0.0,0.0,0.3750000298023224,0.30000001192092896
1573,0.6750000417232513,0.0,0.0,0.0,0.0,0.3750000298023224,0.30000001192092896
1574,2.049999922513962,0.0,1.0,0.0,0.0,0.7500000596046448,0.30000001192092896
1575,1.1750001311302185,0.0,-1.0,0.0,0.0,1.875000149011612,0.30000001192092896
1576,2.049999922513962,0.0,1.0,0.0,0.0,0.7500000596046448,0.30000001192092896
1577,0.05000004172325134,0.0,-1.0,0.0,0.0,0.7500000596046448,0.30000001192092896
1578,6.575000144541264,-1.0000001192092896,-12.0,0.0,0.0,19.275000106543303,0.30000001192092896
1579,1.4250001013278961,0.0,0.0,0.0,0.0,1.1250000894069672,0.30000001192092896
1580,0.6750000417232513,0.0,0.0,0.0,0.0,0.3750000298023224,0.30000001192092896
1581,0.6750000417232513,0.0,0.0,0.0,0.0,0.3750000298023224,0.30000001192092896
1582,15.32500146329403,0.0,-11.0,0.0,0.0,26.025001626461744,0.30000001192092896
1583,0.6750000417232513,0.0,0.0,0.0,0.0,0.3750000298023224,0.30000001192092896
1584,1.0500000715255737,0.0,0.0,0.0,0.0,0.7500000596046448,0.30000001192092896
1585,0.6750000417232513,0.0,0.0,0.0,0.0,0.3750000298023224,0.30000001192092896
1586,0.6750000417232513,0.0,0.0,0.0,0.0,0.3750000298023224,0.30000001192092896
1587,0.6750000417232513,0.0,0.0,0.0,0.0,0.3750000298023224,0.30000001192092896
1588,10.175000317394733,0.0,-12.600000023841858,0.0,0.0,21.875000596046448,0.9000000357627869
1589,0.05000004172325134,0.0,-1.0,0.0,0.0,0.7500000596046448,0.30000001192092896
1590,0.6750000417232513,0.0,0.0,0.0,0.0,0.3750000298023224,0.30000001192092896
1591,0.05000004172325134,0.0,-1.0,0.0,0.0,0.7500000596046448,0.30000001192092896
1592,19.75000100582838,-1.0000001192092896,-4.0,0.0,0.0,24.450001746416092,0.30000001192092896
1593,1.0500000715255737,0.0,0.0,0.0,0.0,0.7500000596046448,0.30000001192092896
1594,0.6750000417232513,0.0,0.0,0.0,0.0,0.3750000298023224,0.30000001192092896
1595,1.4250001013278961,0.0,0.0,0.0,0.0,1.1250000894069672,0.30000001192092896
1596,1.4250001013278961,0.0,0.0,0.0,0.0,1.1250000894069672,0.30000001192092896
1597,15.525000903755426,0.0,-9.0,0.0,0.0,24.225001119077206,0.30000001192092896
1598,12.625000208616257,0.0,-0.30000001192092896,0.0,0.0,12.325000762939453,0.6000000238418579
1599,1.0500000715255737,0.0,0.0,0.0,0.0,0.7500000596046448,0.30000001192092896
1600,6.350000623613596,0.0,-11.0,0.0,0.0,17.050000708550215,0.30000001192092896
1601,5.0500005558133125,0.0,-7.0,0.0,0.0,11.75000100582838,0.30000001192092896
1602,0.05000007152557373,0.0,-1.0,0.0,0.0,0.7500000596046448,0.30000001192092896
1603,-0.19999992847442627,0.0,-2.0,0.0,0.0,1.5000001192092896,0.30000001192092896
1604,1.0500000715255737,0.0,0.0,0.0,0.0,0.7500000596046448,0.30000001192092896
1605,0.6750000417232513,0.0,0.0,0.0,0.0,0.3750000298023224,0.30000001192092896
1606,1.7999999821186066,0.0,0.0,0.0,0.0,1.5000001192092896,0.30000001192092896
1607,1.0500000715255737,0.0,0.0,0.0,0.0,0.7500000596046448,0.30000001192092896
1608,13.700000286102295,0.0,-5.600000023841858,0.0,0.0,18.40000033378601,0.9000000357627869
1609,0.6750000417232513,0.0,0.0,0.0,0.0,0.3750000298023224,0.30000001192092896
1610,9.150000862777233,0.0,-9.0,0.0,0.0,17.850001137703657,0.30000001192092896
1611,0.6750000417232513,0.0,0.0,0.0,0.0,0.3750000298023224,0.30000001192092896
1612,0.6750000417232513,0.0,0.0,0.0,0.0,0.3750000298023224,0.30000001192092896
1613,0.6750000417232513,0.0,0.0,0.0,0.0,0.3750000298023224,0.30000001192092896
1614,1.0500000715255737,0.0,0.0,0.0,0.0,0.7500000596046448,0.30000001192092896
1615,1.4250001013278961,0.0,0.0,0.0,0.0,1.1250000894069672,0.30000001192092896
1616,1.6749999821186066,0.0,1.0,0.0,0.0,0.3750000298023224,0.30000001192092896
1617,0.05000007152557373,0.0,-1.0,0.0,0.0,0.7500000596046448,0.30000001192092896
1618,3.0250001326203346,-1.0000001192092896,-6.0,0.0,0.0,9.72500055283308,0.30000001192092896
1619,7.025000303983688,0.0,1.0,0.0,0.0,5.725000441074371,0.30000001192092896
1620,1.0500000715255737,0.0,0.0,0.0,0.0,0.7500000596046448,0.30000001192092896
1621,13.300000540912151,-1.0000001192092896,-3.300000011920929,0.0,0.0,17.000000815838575,0.6000000238418579
1622,1.0500000715255737,0.0,0.0,0.0,0.0,0.7500000596046448,0.30000001192092896
1623,0.6750000417232513,0.0,0.0,0.0,0.0,0.3750000298023224,0.30000001192092896
1624,1.0500000715255737,0.0,0.0,0.0,0.0,0.7500000596046448,0.30000001192092896
1625,0.05000004172325134,0.0,-1.0,0.0,0.0,0.7500000596046448,0.30000001192092896
1626,19.65000168606639,-1.0000001192092896,-8.300000011920929,0.0,0.0,28.350002206861973,0.6000000238418579
1627,9.800000332295895,-1.0000001192092896,-6.0,0.0,0.0,16.50000049546361,0.30000001192092896
1628,0.05000004172325134,0.0,-1.0,0.0,0.0,0.7500000596046448,0.30000001192092896
1629,-0.32499995827674866,0.0,-1.0,0.0,0.0,0.3750000298023224,0.30000001192092896
1630,0.6750000417232513,0.0,0.0,0.0,0.0,0.3750000298023224,0.30000001192092896
1631,8.550000637769699,0.0,-4.300000011920929,0.0,0.0,12.250000804662704,0.6000000238418579
1632,0.6750000417232513,0.0,0.0,0.0,0.0,0.3750000298023224,0.30000001192092896
1633,0.8000001013278961,0.0,-1.0,0.0,0.0,1.5000001192092896,0.30000001192092896
1634,1.6500003337860107,0.0,-8.300000011920929,0.0,0.0,9.350000649690628,0.6000000238418579
1635,2.050000011920929,0.0,1.0,0.0,0.0,0.7500000596046448,0.30000001192092896
1636,0.42500007152557373,0.0,-1.0,0.0,0.0,1.1250000894069672,0.30000001192092896
1637,2.42499977350235,0.0,1.0,0.0,0.0,1.1250000894069672,0.30000001192092896
1638,0.6750000417232513,0.0,0.0,0.0,0.0,0.3750000298023224,0.30000001192092896
1639,15.450000882148743,0.0,-1.600000023841858,0.0,0.0,16.150000602006912,0.9000000357627869
1640,31.800000816583633,-1.0000001192092896,-19.80000001192093,0.0,0.0,50.50000125914812,2.1000000834465027
1641,0.8500001430511475,0.0,-1.0,0.0,0.0,1.5500001311302185,0.30000001192092896
1642,-0.5749999582767487,0.0,-2.0,0.0,0.0,1.1250000894069672,0.30000001192092896
1643,-0.5749999284744263,0.0,-2.0,0.0,0.0,1.1250000894069672,0.30000001192092896
1644,15.625000018626451,0.0,-10.899999976158142,0.0,0.0,25.325000446289778,1.2000000476837158
1645,1.0500000715255737,0.0,0.0,0.0,0.0,0.7500000596046448,0.30000001192092896
1646,0.6750000417232513,0.0,0.0,0.0,0.0,0.3750000298023224,0.30000001192092896
1647,11.925000861287117,0.0,-13.0,0.0,0.0,24.62500088661909,0.30000001192092896
1648,1.0500000715255737,0.0,0.0,0.0,0.0,0.7500000596046448,0.30000001192092896
1649,0.6750000417232513,0.0,0.0,0.0,0.0,0.3750000298023224,0.30000001192092896
1650,9.37499975413084,0.0,-5.0,0.0,0.0,14.075000010430813,0.30000001192092896
1651,3.4249998927116394,0.0,2.0,0.0,0.0,1.1250000894069672,0.30000001192092896
1652,12.425000682473183,0.0,-4.0,0.0,0.0,16.125001214444637,0.30000001192092896
1653,1.8000001311302185,0.0,0.0,0.0,0.0,1.5000001192092896,0.30000001192092896
1654,1.4250001013278961,0.0,0.0,0.0,0.0,1.1250000894069672,0.30000001192092896
1655,10.225000832229853,0.0,-20.0,0.0,0.0,29.925001334398985,0.30000001192092896
1656,-0.32499995827674866,0.0,-1.0,0.0,0.0,0.3750000298023224,0.30000001192092896
1657,6.600000739097595,0.0,-4.300000011920929,0.0,0.0,10.300000727176666,0.6000000238418579
1658,1.0500000715255737,0.0,0.0,0.0,0.0,0.7500000596046448,0.30000001192092896
1659,0.6750000417232513,0.0,0.0,0.0,0.0,0.3750000298023224,0.30000001192092896
1660,0.05000004172325134,0.0,-1.0,0.0,0.0,0.7500000596046448,0.30000001192092896
1661,-0.19999992847442627,0.0,-2.0,0.0,0.0,1.5000001192092896,0.30000001192092896
1662,2.9250000715255737,0.0,0.0,0.0,0.0,2.6250002086162567,0.30000001192092896
1663,1.4250001013278961,0.0,0.0,0.0,0.0,1.1250000894069672,0.30000001192092896
1664,2.424999952316284,0.0,1.0,0.0,0.0,1.1250000894069672,0.30000001192092896
1665,1.4250001013278961,0.0,0.0,0.0,0.0,1.1250000894069672,0.30000001192092896
1666,0.6750000417232513,0.0,0.0,0.0,0.0,0.3750000298023224,0.30000001192092896
1667,1.4250001013278961,0.0,0.0,0.0,0.0,1.1250000894069672,0.30000001192092896
1668,0.05000007152557373,0.0,-1.0,0.0,0.0,0.7500000596046448,0.30000001192092896
1669,0.6750000417232513,0.0,0.0,0.0,0.0,0.3750000298023224,0.30000001192092896
1670,0.8000001013278961,0.0,-1.0,0.0,0.0,1.5000001192092896,0.30000001192092896
1671,0.6750000417232513,0.0,0.0,0.0,0.0,0.3750000298023224,0.30000001192092896
1672,11.975000437349081,0.0,-15.0,0.0,0.0,26.67500091716647,0.30000001192092896
1673,0.6750000417232513,0.0,0.0,0.0,0.0,0.3750000298023224,0.30000001192092896
1674,0.6750000417232513,0.0,0.0,0.0,0.0,0.3750000298023224,0.30000001192092896
1675,10.62500050291419,0.0,-15.599999964237213,0.0,0.0,25.32500061765313,0.9000000357627869
1676,0.6750000417232513,0.0,0.0,0.0,0.0,0.3750000298023224,0.30000001192092896
1677,8.250000204890966,-1.0000001192092896,-11.0,0.0,0.0,19.950000289827585,0.30000001192092896
1678,9.850001148879528,0.0,-9.0,0.0,0.0,18.550001244992018,0.30000001192092896
1679,0.6750000417232513,0.0,0.0,0.0,0.0,0.3750000298023224,0.30000001192092896
1680,6.225000660866499,-1.0000001192092896,-11.0,0.0,0.0,17.925000481307507,0.30000001192092896
1681,7.725000970065594,0.0,-11.0,0.0,0.0,18.425000976771116,0.30000001192092896
1682,0.8250001072883606,0.0,-1.0,0.0,0.0,1.525000125169754,0.30000001192092896
1683,16.17500091716647,0.0,-11.5,-3.0,0.0,30.0750013589859,0.6000000238418579
1684,0.6750000417232513,0.0,0.0,0.0,0.0,0.3750000298023224,0.30000001192092896
1685,2.0250004045665264,0.0,-19.600000023841858,0.0,0.0,20.725000519305468,0.9000000357627869
1686,8.675000388175249,0.0,-14.600000023841858,0.0,0.0,22.375000722706318,0.9000000357627869
1687,0.8000001013278961,0.0,-1.0,0.0,0.0,1.5000001192092896,0.30000001192092896
1688,-0.19999992847442627,0.0,-2.0,0.0,0.0,1.5000001192092896,0.30000001192092896
1689,9.175000667572021,0.0,-3.300000011920929,0.0,0.0,11.875000983476639,0.6000000238418579
1690,0.6750000417232513,0.0,0.0,0.0,0.0,0.3750000298023224,0.30000001192092896
1691,6.1500003933906555,-1.0000001192092896,-16.80000001192093,0.0,0.0,23.050000701099634,0.9000000357627869
1692,0.6750000417232513,0.0,0.0,0.0,0.0,0.3750000298023224,0.30000001192092896
1693,1.1750001311302185,0.0,-1.0,0.0,0.0,1.875000149011612,0.30000001192092896
1694,1.8000001311302185,0.0,0.0,0.0,0.0,1.5000001192092896,0.30000001192092896
1695,1.1750001311302185,0.0,-1.0,0.0,0.0,1.875000149011612,0.30000001192092896
1696,7.625000953674316,-1.0000001192092896,-14.0,0.0,0.0,22.325001046061516,0.30000001192092896
1697,1.425000011920929,0.0,0.0,0.0,0.0,1.1250000894069672,0.30000001192092896
1698,0.6750000417232513,0.0,0.0,0.0,0.0,0.3750000298023224,0.30000001192092896
1699,1.6749999821186066,0.0,1.0,0.0,0.0,0.3750000298023224,0.30000001192092896
1700,0.6750000417232513,0.0,0.0,0.0,0.0,0.3750000298023224,0.30000001192092896
1701,10.725000586360693,0.0,-7.300000011920929,0.0,0.0,17.42500076442957,0.6000000238418579
1702,17.000001072883606,-1.0000001192092896,-16.600000023841858,-1.0,0.0,34.40000130608678,1.2000000476837158
1703,3.700000286102295,0.0,-2.599999964237213,0.0,0.0,5.4000003933906555,0.9000000357627869
1704,19.150000985711813,0.0,-5.0,0.0,0.0,23.850001078099012,0.30000001192092896
1705,7.000000357627869,0.0,0.0,0.0,0.0,6.700000524520874,0.30000001192092896
1706,0.6750000417232513,0.0,0.0,0.0,0.0,0.3750000298023224,0.30000001192092896
1707,0.6750000417232513,0.0,0.0,0.0,0.0,0.3750000298023224,0.30000001192092896
1708,0.6750000417232513,0.0,0.0,0.0,0.0,0.3750000298023224,0.30000001192092896
1709,18.625000849366188,-1.0000001192092896,-5.0,0.0,0.0,24.32500123232603,0.30000001192092896
1710,21.60000006109476,0.0,-10.899999976158142,0.0,0.0,31.300000350922346,1.2000000476837158
1711,0.42500007152557373,0.0,-1.0,0.0,0.0,1.1250000894069672,0.30000001192092896
1712,17.15000143274665,0.0,-14.0,0.0,0.0,30.850001446902752,0.30000001192092896
1713,0.6750000417232513,0.0,0.0,0.0,0.0,0.3750000298023224,0.30000001192092896
1714,0.6750000417232513,0.0,0.0,0.0,0.0,0.3750000298023224,0.30000001192092896
1715,2.049999922513962,0.0,1.0,0.0,0.0,0.7500000596046448,0.30000001192092896
1716,0.6750000417232513,0.0,0.0,0.0,0.0,0.3750000298023224,0.30000001192092896
1717,12.000000763684511,0.0,-12.0,0.0,0.0,23.700001411139965,0.30000001192092896
1718,17.02500057220459,0.0,-5.900000035762787,0.0,0.0,21.12500086426735,1.8000000715255737
1719,1.3250006660819054,0.0,-13.0,0.0,0.0,14.025000642985106,0.30000001192092896
1720,1.4250001013278961,0.0,0.0,0.0,0.0,1.1250000894069672,0.30000001192092896
1721,-0.9499999582767487,0.0,-2.0,0.0,0.0,0.7500000596046448,0.30000001192092896
1722,1.0500000715255737,0.0,0.0,0.0,0.0,0.7500000596046448,0.30000001192092896
1723,0.6750000417232513,0.0,0.0,0.0,0.0,0.3750000298023224,0.30000001192092896
1724,-0.5749999284744263,0.0,-2.0,0.0,0.0,1.1250000894069672,0.30000001192092896
1725,0.6750000417232513,0.0,0.0,0.0,0.0,0.3750000298023224,0.30000001192092896
1726,0.4250001013278961,0.0,-1.0,0.0,0.0,1.1250000894069672,0.30000001192092896
1727,0.4249998927116394,0.0,-1.0,0.0,0.0,1.1250000894069672,0.30000001192092896
1728,0.6750000417232513,0.0,0.0,0.0,0.0,0.3750000298023224,0.30000001192092896
1729,2.550000339746475,0.0,-2.0,0.0,0.0,4.250000357627869,0.30000001192092896
1730,0.6750000417232513,0.0,0.0,0.0,0.0,0.3750000298023224,0.30000001192092896
1731,1.0500000715255737,0.0,0.0,0.0,0.0,0.7500000596046448,0.30000001192092896
1732,0.6750000417232513,0.0,0.0,0.0,0.0,0.3750000298023224,0.30000001192092896
1733,5.800000246614218,0.0,-11.5,-1.0,0.0,17.700000558048487,0.6000000238418579
1734,11.975000604987144,0.0,-8.0,0.0,0.0,19.67500116676092,0.30000001192092896
1735,14.550001177936792,0.0,-6.0,0.0,0.0,20.250001322478056,0.30000001192092896
1736,0.6750000417232513,0.0,0.0,0.0,0.0,0.3750000298023224,0.30000001192092896
1737,2.050000011920929,0.0,1.0,0.0,0.0,0.7500000596046448,0.30000001192092896
1738,1.0500000715255737,0.0,0.0,0.0,0.0,0.7500000596046448,0.30000001192092896
1739,8.375000815838575,0.0,-12.300000011920929,0.0,0.0,20.07500048726797,0.6000000238418579
1740,-0.32499995827674866,0.0,-1.0,0.0,0.0,0.3750000298023224,0.30000001192092896
1741,1.0500000715255737,0.0,0.0,0.0,0.0,0.7500000596046448,0.30000001192092896
1742,13.42500053346157,-1.0000001192092896,-8.800000011920929,0.0,0.0,22.325000785291195,0.9000000357627869
1743,0.6750000417232513,0.0,0.0,0.0,0.0,0.3750000298023224,0.30000001192092896
1744,0.05000004172325134,0.0,-1.0,0.0,0.0,0.7500000596046448,0.30000001192092896
1745,1.4250001013278961,0.0,0.0,0.0,0.0,1.1250000894069672,0.30000001192092896
1746,1.0499999821186066,0.0,0.0,0.0,0.0,0.7500000596046448,0.30000001192092896
1747,9.62500024959445,-1.0000001192092896,-11.300000011920929,0.0,0.0,21.325000435113907,0.6000000238418579
1748,1.8000001311302185,0.0,0.0,0.0,0.0,1.5000001192092896,0.30000001192092896
1749,1.8000001311302185,0.0,0.0,0.0,0.0,1.5000001192092896,0.30000001192092896
1750,0.8000001013278961,0.0,-1.0,0.0,0.0,1.5000001192092896,0.30000001192092896
1751,1.0500000715255737,0.0,0.0,0.0,0.0,0.7500000596046448,0.30000001192092896
1752,9.450000051409006,0.0,-5.300000011920929,0.0,0.0,14.150000266730785,0.6000000238418579
1753,1.4249999225139618,0.0,0.0,0.0,0.0,1.1250000894069672,0.30000001192092896
1754,1.0500000715255737,0.0,0.0,0.0,0.0,0.7500000596046448,0.30000001192092896
1755,1.0500000715255737,0.0,0.0,0.0,0.0,0.7500000596046448,0.30000001192092896
1756,5.500000149011612,0.0,-1.0,0.0,0.0,6.2000004053115845,0.30000001192092896
1757,12.575000658631325,-1.0000001192092896,-10.600000023841858,0.0,0.0,23.27500119060278,0.9000000357627869
1758,2.049999922513962,0.0,1.0,0.0,0.0,0.7500000596046448,0.30000001192092896
1759,1.8000001311302185,0.0,0.0,0.0,0.0,1.5000001192092896,0.30000001192092896
1760,8.87500075623393,-1.0000001192092896,-13.599999964237213,0.0,0.0,22.575000930577517,0.9000000357627869
1761,0.6750000417232513,0.0,0.0,0.0,0.0,0.3750000298023224,0.30000001192092896
1762,-0.32499995827674866,0.0,-1.0,0.0,0.0,0.3750000298023224,0.30000001192092896
1763,1.0500000715255737,0.0,0.0,0.0,0.0,0.7500000596046448,0.30000001192092896
1764,1.0500000715255737,0.0,0.0,0.0,0.0,0.7500000596046448,0.30000001192092896
1765,12.77500044927001,0.0,-9.300000011920929,0.0,0.0,21.475000854581594,0.6000000238418579
1766,0.05000004172325134,0.0,-1.0,0.0,0.0,0.7500000596046448,0.30000001192092896
1767,14.450000047683716,0.0,-4.300000011920929,0.0,0.0,18.150000512599945,0.6000000238418579
1768,7.975000996142626,0.0,-12.899999976158142,0.0,0.0,19.67500089481473,1.2000000476837158
1769,1.0500000715255737,0.0,0.0,0.0,0.0,0.7500000596046448,0.30000001192092896
1770,-0.32499995827674866,0.0,-1.0,0.0,0.0,0.3750000298023224,0.30000001192092896
1771,0.6750000417232513,0.0,0.0,0.0,0.0,0.3750000298023224,0.30000001192092896
1772,1.8000001311302185,0.0,0.0,0.0,0.0,1.5000001192092896,0.30000001192092896
1773,0.05000007152557373,0.0,-1.0,0.0,0.0,0.7500000596046448,0.30000001192092896
1774,-0.5749999284744263,0.0,-2.0,0.0,0.0,1.1250000894069672,0.30000001192092896
1775,0.05000007152557373,0.0,-1.0,0.0,0.0,0.7500000596046448,0.30000001192092896
1776,1.0500000715255737,0.0,0.0,0.0,0.0,0.7500000596046448,0.30000001192092896
1777,0.6750000417232513,0.0,0.0,0.0,0.0,0.3750000298023224,0.30000001192092896
1778,2.250000238418579,0.0,-4.300000011920929,0.0,0.0,5.95000034570694,0.6000000238418579
1779,-0.32499995827674866,0.0,-1.0,0.0,0.0,0.3750000298023224,0.30000001192092896
1780,0.05000004172325134,0.0,-1.0,0.0,0.0,0.7500000596046448,0.30000001192092896
1781,1.0500000715255737,0.0,0.0,0.0,0.0,0.7500000596046448,0.30000001192092896
1782,19.450000498443842,-1.0000001192092896,-4.300000011920929,0.0,0.0,24.150001101195812,0.6000000238418579
1783,0.6750000417232513,0.0,0.0,0.0,0.0,0.3750000298023224,0.30000001192092896
1784,1.7999999523162842,0.0,0.0,0.0,0.0,1.5000001192092896,0.30000001192092896
1785,35.85000157728791,-1.0000001192092896,-12.100000023841858,0.0,0.0,46.55000223964453,2.4000000953674316
1786,18.450000755488873,0.0,-5.0,0.0,0.0,22.550001375377178,0.9000000357627869
1787,17.35000040382147,0.0,-4.300000011920929,0.0,0.0,21.050000809133053,0.6000000238418579
1788,0.6750000417232513,0.0,0.0,0.0,0.0,0.3750000298023224,0.30000001192092896
1789,2.424999952316284,0.0,1.0,0.0,0.0,1.1250000894069672,0.30000001192092896
1790,11.100000649690628,-1.0000001192092896,-29.5,0.0,0.0,39.80000143125653,1.8000000715255737
1791,0.8000001311302185,0.0,-1.0,0.0,0.0,1.5000001192092896,0.30000001192092896
1792,0.6750000417232513,0.0,0.0,0.0,0.0,0.3750000298023224,0.30000001192092896
1793,12.72500029578805,-1.0000001192092896,-8.0,0.0,0.0,21.425000440329313,0.30000001192092896
1794,14.200000457465649,-1.0000001192092896,-9.800000011920929,0.0,0.0,24.10000102967024,0.9000000357627869
1795,5.100000083446503,0.0,-3.0,0.0,0.0,7.8000002801418304,0.30000001192092896
1796,1.0500000715255737,0.0,0.0,0.0,0.0,0.7500000596046448,0.30000001192092896
1797,0.42500007152557373,0.0,-1.0,0.0,0.0,1.1250000894069672,0.30000001192092896
1798,1.1750001311302185,0.0,-1.0,0.0,0.0,1.875000149011612,0.30000001192092896
1799,1.0500002205371857,0.0,-3.0,0.0,0.0,3.750000298023224,0.30000001192092896
1800,9.625000551342964,0.0,-5.300000011920929,0.0,0.0,14.325001005083323,0.6000000238418579
1801,2.050000011920929,0.0,1.0,0.0,0.0,0.7500000596046448,0.30000001192092896
1802,0.05000007152557373,0.0,-1.0,0.0,0.0,0.7500000596046448,0.30000001192092896
1803,1.6749999821186066,0.0,1.0,0.0,0.0,0.3750000298023224,0.30000001192092896
1804,-0.32499995827674866,0.0,-1.0,0.0,0.0,0.3750000298023224,0.30000001192092896
1805,1.0500000715255737,0.0,0.0,0.0,0.0,0.7500000596046448,0.30000001192092896
1806,14.400000970810652,0.0,-6.300000011920929,0.0,0.0,20.100001484155655,0.6000000238418579
1807,5.975000396370888,0.0,-13.0,0.0,0.0,18.67500066757202,0.30000001192092896
1808,11.475000739097595,0.0,-4.0,0.0,0.0,15.175001174211502,0.30000001192092896
1809,-0.32499995827674866,0.0,-1.0,0.0,0.0,0.3750000298023224,0.30000001192092896
1810,35.05000100284815,-1.0000001192092896,-12.400000035762787,0.0,0.0,46.65000153332949,1.8000000715255737
1811,1.0500000715255737,0.0,0.0,0.0,0.0,0.7500000596046448,0.30000001192092896
1812,0.6750000417232513,0.0,0.0,0.0,0.0,0.3750000298023224,0.30000001192092896
1813,1.0500000715255737,0.0,0.0,0.0,0.0,0.7500000596046448,0.30000001192092896
1814,-0.9499999582767487,0.0,-2.0,0.0,0.0,0.7500000596046448,0.30000001192092896
1815,-0.19999992847442627,0.0,-2.0,0.0,0.0,1.5000001192092896,0.30000001192092896
1816,-1.5749999582767487,0.0,-3.0,0.0,0.0,1.1250000894069672,0.30000001192092896
1817,0.6750000417232513,0.0,0.0,0.0,0.0,0.3750000298023224,0.30000001192092896
1818,3.7999998331069946,0.0,2.0,0.0,0.0,1.5000001192092896,0.30000001192092896
1819,4.425000190734863,0.0,-2.0,0.0,0.0,6.125000149011612,0.30000001192092896
1820,-0.32499995827674866,0.0,-1.0,0.0,0.0,0.3750000298023224,0.30000001192092896
1821,6.500000387430191,0.0,-2.0,0.0,0.0,8.20000046491623,0.30000001192092896
1822,21.5500002540648,0.0,-5.0,0.0,0.0,26.250000946223736,0.30000001192092896
1823,-0.9499999582767487,0.0,-2.0,0.0,0.0,0.7500000596046448,0.30000001192092896
1824,0.6750000417232513,0.0,0.0,0.0,0.0,0.3750000298023224,0.30000001192092896
1825,-0.32499995827674866,0.0,-1.0,0.0,0.0,0.3750000298023224,0.30000001192092896
1826,11.750000536441803,1.0000001192092896,-3.5,4.0,1.0,8.650000363588333,0.6000000238418579
1827,0.05000004172325134,0.0,-1.0,0.0,0.0,0.7500000596046448,0.30000001192092896
1828,1.4250001013278961,0.0,0.0,0.0,0.0,1.1250000894069672,0.30000001192092896
1829,0.05000004172325134,0.0,-1.0,0.0,0.0,0.7500000596046448,0.30000001192092896
1830,0.6750000417232513,0.0,0.0,0.0,0.0,0.3750000298023224,0.30000001192092896
1831,1.0500000715255737,0.0,0.0,0.0,0.0,0.7500000596046448,0.30000001192092896
1832,-0.32499995827674866,0.0,-1.0,0.0,0.0,0.3750000298023224,0.30000001192092896
1833,1.0500000715255737,0.0,0.0,0.0,0.0,0.7500000596046448,0.30000001192092896
1834,2.049999922513962,0.0,1.0,0.0,0.0,0.7500000596046448,0.30000001192092896
1835,0.6750000417232513,0.0,0.0,0.0,0.0,0.3750000298023224,0.30000001192092896
1836,-0.32499995827674866,0.0,-1.0,0.0,0.0,0.3750000298023224,0.30000001192092896
1837,0.05000004172325134,0.0,-1.0,0.0,0.0,0.7500000596046448,0.30000001192092896
1838,14.200000636279583,0.0,-7.0,0.0,0.0,20.900001019239426,0.30000001192092896
1839,0.42500007152557373,0.0,-1.0,0.0,0.0,1.1250000894069672,0.30000001192092896
1840,1.8000001311302185,0.0,0.0,0.0,0.0,1.5000001192092896,0.30000001192092896
1841,13.150000590831041,-1.0000001192092896,-9.300000011920929,0.0,0.0,22.8500013127923,0.6000000238418579
1842,0.6750000417232513,0.0,0.0,0.0,0.0,0.3750000298023224,0.30000001192092896
1843,3.550000309944153,0.0,-1.0,0.0,0.0,4.250000357627869,0.30000001192092896
1844,1.0500000715255737,0.0,0.0,0.0,0.0,0.7500000596046448,0.30000001192092896
1845,0.6750000417232513,0.0,0.0,0.0,0.0,0.3750000298023224,0.30000001192092896
1846,1.0500000715255737,0.0,0.0,0.0,0.0,0.7500000596046448,0.30000001192092896
1847,0.6750000417232513,0.0,0.0,0.0,0.0,0.3750000298023224,0.30000001192092896
1848,1.3500000834465027,0.0,0.0,0.0,0.0,1.0500000715255737,0.30000001192092896
1849,1.4250001013278961,0.0,0.0,0.0,0.0,1.1250000894069672,0.30000001192092896
1850,-0.9499999582767487,0.0,-2.0,0.0,0.0,0.7500000596046448,0.30000001192092896
1851,0.4250001013278961,0.0,-1.0,0.0,0.0,1.1250000894069672,0.30000001192092896
1852,0.6750000417232513,0.0,0.0,0.0,0.0,0.3750000298023224,0.30000001192092896
1853,0.6750000417232513,0.0,0.0,0.0,0.0,0.3750000298023224,0.30000001192092896
1854,0.8000001311302185,0.0,-1.0,0.0,0.0,1.5000001192092896,0.30000001192092896
1855,0.4250001013278961,0.0,-1.0,0.0,0.0,1.1250000894069672,0.30000001192092896
1856,7.400000423192978,0.0,-6.900000035762787,0.0,0.0,13.100000351667404,1.2000000476837158
1857,1.4250001013278961,0.0,0.0,0.0,0.0,1.1250000894069672,0.30000001192092896
1858,0.6750000417232513,0.0,0.0,0.0,0.0,0.3750000298023224,0.30000001192092896
1859,2.050000011920929,0.0,1.0,0.0,0.0,0.7500000596046448,0.30000001192092896
1860,0.4249998927116394,0.0,-1.0,0.0,0.0,1.1250000894069672,0.30000001192092896
1861,0.05000007152557373,0.0,-1.0,0.0,0.0,0.7500000596046448,0.30000001192092896
1862,3.6000000573694706,0.0,-11.600000023841858,0.0,0.0,14.300000172108412,0.9000000357627869
1863,2.049999922513962,0.0,1.0,0.0,0.0,0.7500000596046448,0.30000001192092896
1864,0.6750000417232513,0.0,0.0,0.0,0.0,0.3750000298023224,0.30000001192092896
1865,0.42500007152557373,0.0,-1.0,0.0,0.0,1.1250000894069672,0.30000001192092896
1866,0.05000004172325134,0.0,-1.0,0.0,0.0,0.7500000596046448,0.30000001192092896
1867,2.175000160932541,0.0,0.0,0.0,0.0,1.875000149011612,0.30000001192092896
1868,-0.32499995827674866,0.0,-1.0,0.0,0.0,0.3750000298023224,0.30000001192092896
1869,7.500000532716513,-1.0000001192092896,-12.600000023841858,0.0,0.0,20.20000132918358,0.9000000357627869
1870,-0.32499995827674866,0.0,-1.0,0.0,0.0,0.3750000298023224,0.30000001192092896
1871,0.6750000417232513,0.0,0.0,0.0,0.0,0.3750000298023224,0.30000001192092896
1872,0.775000125169754,0.0,-1.0,0.0,0.0,1.475000113248825,0.30000001192092896
1873,0.42500007152557373,0.0,-1.0,0.0,0.0,1.1250000894069672,0.30000001192092896
1874,14.975000366568565,0.0,-22.100000023841858,0.0,0.0,35.875000543892384,1.2000000476837158
1875,0.42500007152557373,0.0,-1.0,0.0,0.0,1.1250000894069672,0.30000001192092896
1876,0.6750000417232513,0.0,0.0,0.0,0.0,0.3750000298023224,0.30000001192092896
1877,0.6750000417232513,0.0,0.0,0.0,0.0,0.3750000298023224,0.30000001192092896
1878,1.4250001013278961,0.0,0.0,0.0,0.0,1.1250000894069672,0.30000001192092896
1879,1.0499999821186066,0.0,0.0,0.0,0.0,0.7500000596046448,0.30000001192092896
1880,1.8000001311302185,0.0,0.0,0.0,0.0,1.5000001192092896,0.30000001192092896
1881,0.6750000417232513,0.0,0.0,0.0,0.0,0.3750000298023224,0.30000001192092896
1882,0.8000001013278961,0.0,-1.0,0.0,0.0,1.5000001192092896,0.30000001192092896
1883,3.300000626593828,-1.0000001192092896,-15.799999952316284,0.0,0.0,18.6000009290874,1.5000000596046448
1884,1.8000001311302185,0.0,0.0,0.0,0.0,1.5000001192092896,0.30000001192092896
1885,1.0500000715255737,0.0,0.0,0.0,0.0,0.7500000596046448,0.30000001192092896
1886,1.4250001013278961,0.0,0.0,0.0,0.0,1.1250000894069672,0.30000001192092896
1887,0.6750000417232513,0.0,0.0,0.0,0.0,0.3750000298023224,0.30000001192092896
1888,0.6750000417232513,0.0,0.0,0.0,0.0,0.3750000298023224,0.30000001192092896
1889,1.0500000715255737,0.0,0.0,0.0,0.0,0.7500000596046448,0.30000001192092896
1890,14.625000659376383,0.0,-3.0,0.0,0.0,17.32500070333481,0.30000001192092896
1891,10.125000670552254,0.0,-13.0,0.0,0.0,22.825001053512096,0.30000001192092896
1892,11.325000505894423,0.0,-5.300000011920929,0.0,0.0,16.025000739842653,0.6000000238418579
1893,1.0500000715255737,0.0,0.0,0.0,0.0,0.7500000596046448,0.30000001192092896
1894,1.8000001311302185,0.0,0.0,0.0,0.0,1.5000001192092896,0.30000001192092896
1895,0.6750000417232513,0.0,0.0,0.0,0.0,0.3750000298023224,0.30000001192092896
1896,1.0500000715255737,0.0,0.0,0.0,0.0,0.7500000596046448,0.30000001192092896
1897,0.6750000417232513,0.0,0.0,0.0,0.0,0.3750000298023224,0.30000001192092896
1898,0.05000007152557373,0.0,-1.0,0.0,0.0,0.7500000596046448,0.30000001192092896
1899,1.4250001013278961,0.0,0.0,0.0,0.0,1.1250000894069672,0.30000001192092896
1900,0.05000004172325134,0.0,-1.0,0.0,0.0,0.7500000596046448,0.30000001192092896
1901,0.6750000417232513,0.0,0.0,0.0,0.0,0.3750000298023224,0.30000001192092896
1902,9.400000166147947,0.0,-6.299999952316284,0.0,0.0,15.100000202655792,0.6000000238418579
1903,1.0500000715255737,0.0,0.0,0.0,0.0,0.7500000596046448,0.30000001192092896
1904,1.0500000715255737,0.0,0.0,0.0,0.0,0.7500000596046448,0.30000001192092896
1905,13.549999497830868,-1.0000001192092896,-13.300000011920929,0.0,0.0,27.249999914318323,0.6000000238418579
1906,3.7500003576278687,0.0,-2.600000023841858,0.0,0.0,5.450000464916229,0.9000000357627869
1907,0.6750000417232513,0.0,0.0,0.0,0.0,0.3750000298023224,0.30000001192092896
1908,1.0500000715255737,0.0,0.0,0.0,0.0,0.7500000596046448,0.30000001192092896
1909,0.9750002026557922,0.0,-3.0,0.0,0.0,3.6750002205371857,0.30000001192092896
1910,1.0500000715255737,0.0,0.0,0.0,0.0,0.7500000596046448,0.30000001192092896
1911,18.3250000923872,-1.0000001192092896,-18.19999998807907,0.0,0.0,35.72500028088689,1.8000000715255737
1912,-0.9499999582767487,0.0,-2.0,0.0,0.0,0.7500000596046448,0.30000001192092896
1913,0.6750000417232513,0.0,0.0,0.0,0.0,0.3750000298023224,0.30000001192092896
1914,0.42500007152557373,0.0,-1.0,0.0,0.0,1.1250000894069672,0.30000001192092896
1915,1.0500000715255737,0.0,0.0,0.0,0.0,0.7500000596046448,0.30000001192092896
1916,0.6750000417232513,0.0,0.0,0.0,0.0,0.3750000298023224,0.30000001192092896
1917,1.0500000715255737,0.0,0.0,0.0,0.0,0.7500000596046448,0.30000001192092896
1918,0.6750000417232513,0.0,0.0,0.0,0.0,0.3750000298023224,0.30000001192092896
1919,0.8000001013278961,0.0,-1.0,0.0,0.0,1.5000001192092896,0.30000001192092896
1920,0.6750000417232513,0.0,0.0,0.0,0.0,0.3750000298023224,0.30000001192092896
1921,0.4250001013278961,0.0,-1.0,0.0,0.0,1.1250000894069672,0.30000001192092896
1922,-0.32499995827674866,0.0,-1.0,0.0,0.0,0.3750000298023224,0.30000001192092896
1923,2.050000011920929,0.0,1.0,0.0,0.0,0.7500000596046448,0.30000001192092896
1924,16.175001613795757,0.0,-6.0,0.0,0.0,21.875001907348633,0.30000001192092896
1925,2.6000000536441803,0.0,0.0,0.0,0.0,2.3000001907348633,0.30000001192092896
1926,10.775000117719173,0.0,-5.0,0.0,0.0,15.47500005364418,0.30000001192092896
1927,1.0500000715255737,0.0,0.0,0.0,0.0,0.7500000596046448,0.30000001192092896
1928,0.6750000417232513,0.0,0.0,0.0,0.0,0.3750000298023224,0.30000001192092896
1929,0.6750000417232513,0.0,0.0,0.0,0.0,0.3750000298023224,0.30000001192092896
1930,12.70000022649765,-1.0000001192092896,-3.0,0.0,0.0,16.400000292807817,0.30000001192092896
1931,1.0500000715255737,0.0,0.0,0.0,0.0,0.7500000596046448,0.30000001192092896
1932,0.4250001013278961,0.0,-1.0,0.0,0.0,1.1250000894069672,0.30000001192092896
1933,-0.5749999284744263,0.0,-2.0,0.0,0.0,1.1250000894069672,0.30000001192092896
1934,1.0500000715255737,0.0,0.0,0.0,0.0,0.7500000596046448,0.30000001192092896
1935,3.8750002905726433,0.0,-15.0,0.0,0.0,18.575000416487455,0.30000001192092896
1936,2.049999922513962,0.0,1.0,0.0,0.0,0.7500000596046448,0.30000001192092896
1937,29.675001621246338,1.0000001192092896,-10.400000035762787,-4.5,1.0,40.17500226199627,2.4000000953674316
1938,-0.5749999582767487,0.0,-2.0,0.0,0.0,1.1250000894069672,0.30000001192092896
1939,19.850001081824303,0.0,-16.0,0.0,0.0,35.5500014834106,0.30000001192092896
1940,-0.32499995827674866,0.0,-1.0,0.0,0.0,0.3750000298023224,0.30000001192092896
1941,1.4250001013278961,0.0,0.0,0.0,0.0,1.1250000894069672,0.30000001192092896
1942,15.525002066046,0.0,-24.900000035762787,0.0,0.0,39.22500244155526,1.2000000476837158
1943,28.375000543892384,0.0,0.3999999761581421,0.0,0.0,27.075001411139965,0.9000000357627869
1944,0.6750000417232513,0.0,0.0,0.0,0.0,0.3750000298023224,0.30000001192092896
1945,32.62500209733844,0.0,-17.80000001192093,0.0,0.0,49.52500216290355,0.9000000357627869
1946,1.8000001311302185,0.0,0.0,0.0,0.0,1.5000001192092896,0.30000001192092896
1947,-0.32499995827674866,0.0,-1.0,0.0,0.0,0.3750000298023224,0.30000001192092896
1948,0.6750000417232513,0.0,0.0,0.0,0.0,0.3750000298023224,0.30000001192092896
1949,0.6750000417232513,0.0,0.0,0.0,0.0,0.3750000298023224,0.30000001192092896
1950,1.0500000715255737,0.0,0.0,0.0,0.0,0.7500000596046448,0.30000001192092896
1951,1.4250001013278961,0.0,0.0,0.0,0.0,1.1250000894069672,0.30000001192092896
1952,2.424999952316284,0.0,1.0,0.0,0.0,1.1250000894069672,0.30000001192092896
1953,-0.32499995827674866,0.0,-1.0,0.0,0.0,0.3750000298023224,0.30000001192092896
1954,1.0500000715255737,0.0,0.0,0.0,0.0,0.7500000596046448,0.30000001192092896
1955,21.100001208484173,0.0,-11.0,0.0,0.0,31.800002615898848,0.30000001192092896
1956,6.875000227242708,0.0,-12.599999964237213,0.0,0.0,18.575000755488873,0.9000000357627869
1957,18.050001073628664,0.0,-17.0,0.5,0.0,33.05000093206763,1.5000000596046448
1958,1.0500000715255737,0.0,0.0,0.0,0.0,0.7500000596046448,0.30000001192092896
1959,1.0499999821186066,0.0,0.0,0.0,0.0,0.7500000596046448,0.30000001192092896
1960,1.0500000715255737,0.0,0.0,0.0,0.0,0.7500000596046448,0.30000001192092896
1961,1.0500000715255737,0.0,0.0,0.0,0.0,0.7500000596046448,0.30000001192092896
1962,0.42500007152557373,0.0,-1.0,0.0,0.0,1.1250000894069672,0.30000001192092896
1963,0.42500007152557373,0.0,-1.0,0.0,0.0,1.1250000894069672,0.30000001192092896
1964,0.05000004172325134,0.0,-1.0,0.0,0.0,0.7500000596046448,0.30000001192092896
1965,0.4250001013278961,0.0,-1.0,0.0,0.0,1.1250000894069672,0.30000001192092896
1966,1.8000001311302185,0.0,0.0,0.0,0.0,1.5000001192092896,0.30000001192092896
1967,1.4250001013278961,0.0,0.0,0.0,0.0,1.1250000894069672,0.30000001192092896
1968,5.225000351667404,0.0,-2.5,0.0,0.0,7.125000566244125,0.6000000238418579
1969,0.6750000417232513,0.0,0.0,0.0,0.0,0.3750000298023224,0.30000001192092896
1970,0.05000007152557373,0.0,-1.0,0.0,0.0,0.7500000596046448,0.30000001192092896
1971,0.6750000417232513,0.0,0.0,0.0,0.0,0.3750000298023224,0.30000001192092896
1972,2.425000160932541,0.0,-1.0,0.0,0.0,3.1250002682209015,0.30000001192092896
1973,18.600000325590372,0.0,-4.5,0.0,0.0,22.500001423060894,0.6000000238418579
1974,18.37500113248825,0.0,-12.0,0.0,0.0,29.47500079497695,0.9000000357627869
1975,0.6750000417232513,0.0,0.0,0.0,0.0,0.3750000298023224,0.30000001192092896
1976,1.0500000715255737,0.0,0.0,0.0,0.0,0.7500000596046448,0.30000001192092896
1977,17.075001284480095,-1.0000001192092896,-11.300000011920929,0.0,0.0,28.77500220388174,0.6000000238418579
1978,4.4750003553926945,0.0,-14.0,0.0,0.0,18.17500052973628,0.30000001192092896
1979,0.05000004172325134,0.0,-1.0,0.0,0.0,0.7500000596046448,0.30000001192092896
1980,2.424999952316284,0.0,1.0,0.0,0.0,1.1250000894069672,0.30000001192092896
1981,0.05000004172325134,0.0,-1.0,0.0,0.0,0.7500000596046448,0.30000001192092896
1982,12.700000241398811,-1.0000001192092896,-8.300000011920929,0.0,0.0,21.400000654160976,0.6000000238418579
1983,2.1750000715255737,0.0,0.0,0.0,0.0,1.875000149011612,0.30000001192092896
1984,1.6749998927116394,0.0,1.0,0.0,0.0,0.3750000298023224,0.30000001192092896
1985,10.025000724941492,0.0,-11.300000011920929,0.0,0.0,20.725001018494368,0.6000000238418579
1986,2.2500003837049007,-1.0000001192092896,-12.100000023841858,0.0,0.0,14.150000602006912,1.2000000476837158
1987,17.2250008136034,-1.0000001192092896,-8.0,0.0,0.0,25.92500101774931,0.30000001192092896
1988,0.05000004172325134,0.0,-1.0,0.0,0.0,0.7500000596046448,0.30000001192092896
1989,0.6750000417232513,0.0,0.0,0.0,0.0,0.3750000298023224,0.30000001192092896
1990,10.72500030696392,0.0,-7.0,0.0,0.0,17.425000321120024,0.30000001192092896
1991,-0.32499995827674866,0.0,-1.0,0.0,0.0,0.3750000298023224,0.30000001192092896
1992,3.8250003159046173,0.0,0.0,0.0,0.0,3.5250003039836884,0.30000001192092896
1993,13.29999989271164,0.0,-2.300000011920929,0.0,0.0,15.00000074505806,0.6000000238418579
1994,1.0500000715255737,0.0,0.0,0.0,0.0,0.7500000596046448,0.30000001192092896
1995,7.450000751763582,0.0,-9.300000011920929,0.0,0.0,16.150000605732203,0.6000000238418579
1996,1.4250001013278961,0.0,0.0,0.0,0.0,1.1250000894069672,0.30000001192092896
1997,0.6750000417232513,0.0,0.0,0.0,0.0,0.3750000298023224,0.30000001192092896
1998,25.65000083297491,0.0,-2.0,0.0,0.0,27.35000156611204,0.30000001192092896
1999,0.6750000417232513,0.0,0.0,0.0,0.0,0.3750000298023224,0.30000001192092896
2000,5.124999850988388,0.0,1.0,0.0,0.0,3.8250003159046173,0.30000001192092896
2001,0.42500007152557373,0.0,-1.0,0.0,0.0,1.1250000894069672,0.30000001192092896
2002,1.0499999225139618,0.0,0.0,0.0,0.0,0.7500000596046448,0.30000001192092896
2003,-1.324999988079071,0.0,-2.0,0.0,0.0,0.3750000298023224,0.30000001192092896
2004,0.8000001013278961,0.0,-1.0,0.0,0.0,1.5000001192092896,0.30000001192092896
2005,10.575000740587711,0.0,-12.0,0.0,0.0,22.275000646710396,0.30000001192092896
2006,0.05000004172325134,0.0,-1.0,0.0,0.0,0.7500000596046448,0.30000001192092896
2007,1.425000011920929,0.0,0.0,0.0,0.0,1.1250000894069672,0.30000001192092896
2008,0.05000004172325134,0.0,-1.0,0.0,0.0,0.7500000596046448,0.30000001192092896
2009,1.8000001311302185,0.0,0.0,0.0,0.0,1.5000001192092896,0.30000001192092896
2010,2.7999999821186066,0.0,1.0,0.0,0.0,1.5000001192092896,0.30000001192092896
2011,7.0000006556510925,0.0,-4.299999952316284,0.0,0.0,10.700000822544098,0.6000000238418579
2012,0.6750000417232513,0.0,0.0,0.0,0.0,0.3750000298023224,0.30000001192092896
2013,1.4250001013278961,0.0,0.0,0.0,0.0,1.1250000894069672,0.30000001192092896
2014,1.8000001311302185,0.0,0.0,0.0,0.0,1.5000001192092896,0.30000001192092896
2015,2.424999952316284,0.0,1.0,0.0,0.0,1.1250000894069672,0.30000001192092896
2016,16.275000169873238,0.0,-17.400000035762787,0.5,0.0,31.675000458955765,1.5000000596046448
2017,0.6750000417232513,0.0,0.0,0.0,0.0,0.3750000298023224,0.30000001192092896
2018,18.175000719726086,0.0,-8.0,0.0,0.0,25.87500114366412,0.30000001192092896
2019,0.6750000417232513,0.0,0.0,0.0,0.0,0.3750000298023224,0.30000001192092896
2020,14.675001345574856,0.0,-12.0,0.0,0.0,26.37500149011612,0.30000001192092896
2021,1.8000001311302185,0.0,0.0,0.0,0.0,1.5000001192092896,0.30000001192092896
2022,-0.9499999582767487,0.0,-2.0,0.0,0.0,0.7500000596046448,0.30000001192092896
2023,19.050001375377178,0.0,-8.900000035762787,0.0,0.0,26.750002156943083,1.2000000476837158
2024,10.17499953508377,0.0,-12.300000011920929,0.0,0.0,21.874999403953552,0.6000000238418579
2025,22.450000897049904,-1.0000001192092896,-17.999999940395355,0.0,0.0,39.350000493228436,2.1000000834465027
2026,0.6750000417232513,0.0,0.0,0.0,0.0,0.3750000298023224,0.30000001192092896
2027,0.6750000417232513,0.0,0.0,0.0,0.0,0.3750000298023224,0.30000001192092896
2028,4.2250001430511475,0.0,0.0,0.0,0.0,3.9250002801418304,0.30000001192092896
2029,1.0500000715255737,0.0,0.0,0.0,0.0,0.7500000596046448,0.30000001192092896
2030,0.6750000417232513,0.0,0.0,0.0,0.0,0.3750000298023224,0.30000001192092896
2031,0.05000004172325134,0.0,-1.0,0.0,0.0,0.7500000596046448,0.30000001192092896
2032,3.4249998033046722,0.0,2.0,0.0,0.0,1.1250000894069672,0.30000001192092896
2033,10.075000315904617,0.0,-1.300000011920929,0.0,0.0,10.77500031888485,0.6000000238418579
2034,3.3000004291534424,0.0,-3.0,0.0,0.0,6.000000417232513,0.30000001192092896
2035,0.05000004172325134,0.0,-1.0,0.0,0.0,0.7500000596046448,0.30000001192092896
2036,19.250000674277544,0.0,-7.300000011920929,0.0,0.0,25.95000096783042,0.6000000238418579
2037,1.0500000715255737,0.0,0.0,0.0,0.0,0.7500000596046448,0.30000001192092896
2038,-0.32499995827674866,0.0,-1.0,0.0,0.0,0.3750000298023224,0.30000001192092896
2039,13.725000005215406,0.0,-10.600000023841858,0.0,0.0,23.42499988526106,0.9000000357627869
2040,12.400000795722008,-1.0000001192092896,-5.0,0.0,0.0,18.100001148879528,0.30000001192092896
2041,0.6750000417232513,0.0,0.0,0.0,0.0,0.3750000298023224,0.30000001192092896
2042,0.42500007152557373,0.0,-1.0,0.0,0.0,1.1250000894069672,0.30000001192092896
2043,1.8000001311302185,0.0,0.0,0.0,0.0,1.5000001192092896,0.30000001192092896
2044,0.05000004172325134,0.0,-1.0,0.0,0.0,0.7500000596046448,0.30000001192092896
2045,0.6750000417232513,0.0,0.0,0.0,0.0,0.3750000298023224,0.30000001192092896
2046,0.42500007152557373,0.0,-1.0,0.0,0.0,1.1250000894069672,0.30000001192092896
2047,0.05000007152557373,0.0,-1.0,0.0,0.0,0.7500000596046448,0.30000001192092896
2048,0.6750000417232513,0.0,0.0,0.0,0.0,0.3750000298023224,0.30000001192092896
2049,1.0500000715255737,0.0,0.0,0.0,0.0,0.7500000596046448,0.30000001192092896
2050,1.0500000715255737,0.0,0.0,0.0,0.0,0.7500000596046448,0.30000001192092896
2051,5.6750002801418304,0.0,0.0,0.0,0.0,5.375000447034836,0.30000001192092896
2052,17.125000305473804,0.0,-6.0,0.0,0.0,22.82500022277236,0.30000001192092896
2053,1.0500000715255737,0.0,0.0,0.0,0.0,0.7500000596046448,0.30000001192092896
2054,0.42500007152557373,0.0,-1.0,0.0,0.0,1.1250000894069672,0.30000001192092896
2055,0.6750000417232513,0.0,0.0,0.0,0.0,0.3750000298023224,0.30000001192092896
2056,2.424999952316284,0.0,1.0,0.0,0.0,1.1250000894069672,0.30000001192092896
2057,0.6750000417232513,0.0,0.0,0.0,0.0,0.3750000298023224,0.30000001192092896
2058,19.450001090765,-1.0000001192092896,-6.300000011920929,0.0,0.0,26.150001980364323,0.6000000238418579
2059,18.950000975281,0.0,-4.300000011920929,0.0,0.0,22.650001358240843,0.6000000238418579
2060,1.0500000715255737,0.0,0.0,0.0,0.0,0.7500000596046448,0.30000001192092896
2061,3.600000321865082,0.0,-1.0,0.0,0.0,4.300000309944153,0.30000001192092896
2062,1.0500000715255737,0.0,0.0,0.0,0.0,0.7500000596046448,0.30000001192092896
2063,18.424999952316284,0.0,-11.600000023841858,0.0,0.0,29.12500023841858,0.9000000357627869
2064,9.575000401586294,0.0,-6.0,0.0,0.0,15.275000717490911,0.30000001192092896
2065,0.6750000417232513,0.0,0.0,0.0,0.0,0.3750000298023224,0.30000001192092896
2066,12.425000756978989,-1.0000001192092896,-6.0,0.0,0.0,19.125001475214958,0.30000001192092896
2067,5.650000423192978,0.0,-2.300000011920929,0.0,0.0,7.350000560283661,0.6000000238418579
2068,0.6750000417232513,0.0,0.0,0.0,0.0,0.3750000298023224,0.30000001192092896
2069,19.375000905245543,0.0,-9.300000011920929,0.0,0.0,28.075001925230026,0.6000000238418579
2070,0.6750000417232513,0.0,0.0,0.0,0.0,0.3750000298023224,0.30000001192092896
2071,1.0500000715255737,0.0,0.0,0.0,0.0,0.7500000596046448,0.30000001192092896
2072,0.8000001013278961,0.0,-1.0,0.0,0.0,1.5000001192092896,0.30000001192092896
2073,2.424999952316284,0.0,1.0,0.0,0.0,1.1250000894069672,0.30000001192092896
2074,14.199999950826168,-1.0000001192092896,0.0,0.0,0.0,14.900000005960464,0.30000001192092896
2075,0.6750000417232513,0.0,0.0,0.0,0.0,0.3750000298023224,0.30000001192092896
2076,4.375000596046448,0.0,-8.300000011920929,0.0,0.0,12.075000792741776,0.6000000238418579
2077,0.42500007152557373,0.0,-1.0,0.0,0.0,1.1250000894069672,0.30000001192092896
2078,1.7999999821186066,0.0,0.0,0.0,0.0,1.5000001192092896,0.30000001192092896
2079,2.424999952316284,0.0,1.0,0.0,0.0,1.1250000894069672,0.30000001192092896
2080,1.0500000715255737,0.0,0.0,0.0,0.0,0.7500000596046448,0.30000001192092896
2081,1.0500000715255737,0.0,0.0,0.0,0.0,0.7500000596046448,0.30000001192092896
2082,0.6750000417232513,0.0,0.0,0.0,0.0,0.3750000298023224,0.30000001192092896
2083,1.4249999225139618,0.0,0.0,0.0,0.0,1.1250000894069672,0.30000001192092896
2084,0.6750000417232513,0.0,0.0,0.0,0.0,0.3750000298023224,0.30000001192092896
2085,6.3250002562999725,0.0,-2.300000011920929,0.0,0.0,8.025000602006912,0.6000000238418579
2086,6.925000891089439,-1.0000001192092896,-13.0,0.0,0.0,20.62500151619315,0.30000001192092896
2087,1.0500000715255737,0.0,0.0,0.0,0.0,0.7500000596046448,0.30000001192092896
2088,0.42500007152557373,0.0,-1.0,0.0,0.0,1.1250000894069672,0.30000001192092896
2089,1.8000001311302185,0.0,0.0,0.0,0.0,1.5000001192092896,0.30000001192092896
2090,11.400000981986523,0.0,-8.0,0.0,0.0,19.10000091418624,0.30000001192092896
2091,0.6750000417232513,0.0,0.0,0.0,0.0,0.3750000298023224,0.30000001192092896
2092,10.450001008808613,0.0,-14.0,0.0,0.0,24.150001410394907,0.30000001192092896
2093,1.4250001013278961,0.0,0.0,0.0,0.0,1.1250000894069672,0.30000001192092896
2094,1.4250001013278961,0.0,0.0,0.0,0.0,1.1250000894069672,0.30000001192092896
2095,2.424999952316284,0.0,1.0,0.0,0.0,1.1250000894069672,0.30000001192092896
2096,0.42500007152557373,0.0,-1.0,0.0,0.0,1.1250000894069672,0.30000001192092896
2097,1.7999999821186066,0.0,0.0,0.0,0.0,1.5000001192092896,0.30000001192092896
2098,0.4250001013278961,0.0,-1.0,0.0,0.0,1.1250000894069672,0.30000001192092896
2099,-3.2999993450939655,0.0,-27.5,0.0,0.0,23.60000091418624,0.6000000238418579
2100,-0.32499995827674866,0.0,-1.0,0.0,0.0,0.3750000298023224,0.30000001192092896
2101,1.0500000715255737,0.0,0.0,0.0,0.0,0.7500000596046448,0.30000001192092896
2102,0.6750000417232513,0.0,0.0,0.0,0.0,0.3750000298023224,0.30000001192092896
2103,0.05000007152557373,0.0,-1.0,0.0,0.0,0.7500000596046448,0.30000001192092896
2104,1.8000001311302185,0.0,0.0,0.0,0.0,1.5000001192092896,0.30000001192092896
2105,-0.5749999284744263,0.0,-2.0,0.0,0.0,1.1250000894069672,0.30000001192092896
2106,0.6750000417232513,0.0,0.0,0.0,0.0,0.3750000298023224,0.30000001192092896
2107,1.0500000715255737,0.0,0.0,0.0,0.0,0.7500000596046448,0.30000001192092896
2108,7.850000292062759,0.0,-4.300000011920929,0.0,0.0,11.550000846385956,0.6000000238418579
2109,28.325001388788223,0.0,-18.399999976158142,0.0,0.0,44.625001430511475,2.1000000834465027
2110,7.0250003561377525,-1.0000001192092896,-17.600000023841858,0.0,0.0,24.725000333040953,0.9000000357627869
2111,1.0500000715255737,0.0,0.0,0.0,0.0,0.7500000596046448,0.30000001192092896
2112,4.600000903010368,-1.0000001192092896,-18.0,0.0,0.0,23.300001084804535,0.30000001192092896
2113,0.6750000417232513,0.0,0.0,0.0,0.0,0.3750000298023224,0.30000001192092896
2114,0.6750000417232513,0.0,0.0,0.0,0.0,0.3750000298023224,0.30000001192092896
2115,6.650000046938658,-1.0000001192092896,-12.099999964237213,2.0,0.0,16.549999967217445,1.2000000476837158
2116,-0.5749999582767487,0.0,-2.0,0.0,0.0,1.1250000894069672,0.30000001192092896
2117,-0.32499995827674866,0.0,-1.0,0.0,0.0,0.3750000298023224,0.30000001192092896
2118,20.600001111626625,0.0,-8.0,0.0,0.0,28.300001610070467,0.30000001192092896
2119,1.4250001013278961,0.0,0.0,0.0,0.0,1.1250000894069672,0.30000001192092896
2120,12.275000154972076,-1.0000001192092896,-9.0,0.0,0.0,21.97500153258443,0.30000001192092896
2121,22.650000471621752,0.0,-5.0,0.0,0.0,27.350001025944948,0.30000001192092896
2122,22.050001248717308,0.0,-12.300000011920929,0.0,0.0,33.7500021494925,0.6000000238418579
2123,11.625001050531864,0.0,-8.0,0.0,0.0,19.325001280754805,0.30000001192092896
2124,0.8000001013278961,0.0,-1.0,0.0,0.0,1.5000001192092896,0.30000001192092896
2125,0.6750000417232513,0.0,0.0,0.0,0.0,0.3750000298023224,0.30000001192092896
2126,0.6750000417232513,0.0,0.0,0.0,0.0,0.3750000298023224,0.30000001192092896
2127,18.375000309199095,0.0,-3.0,0.0,0.0,21.07500010728836,0.30000001192092896
2128,4.450000811368227,-1.0000001192092896,-16.0,0.0,0.0,21.150000970810652,0.30000001192092896
2129,15.775000911206007,-1.0000001192092896,-13.199999988079071,0.0,0.0,28.47500156238675,1.5000000596046448
2130,3.9750002324581146,0.0,0.0,0.0,0.0,3.675000160932541,0.30000001192092896
2131,5.475000321865082,0.0,-3.300000011920929,0.0,0.0,8.17500051856041,0.6000000238418579
2132,0.6750000417232513,0.0,0.0,0.0,0.0,0.3750000298023224,0.30000001192092896
2133,25.475001115351915,-1.0000001192092896,-11.800000011920929,0.0,0.0,36.17500049620867,2.1000000834465027
2134,0.6750000417232513,0.0,0.0,0.0,0.0,0.3750000298023224,0.30000001192092896
2135,18.250001035630703,-1.0000001192092896,-10.300000011920929,0.0,0.0,28.950002297759056,0.6000000238418579
2136,1.6750000417232513,0.0,-2.0,0.0,0.0,3.3750002682209015,0.30000001192092896
2137,1.4250001013278961,0.0,0.0,0.0,0.0,1.1250000894069672,0.30000001192092896
2138,1.4250001013278961,0.0,0.0,0.0,0.0,1.1250000894069672,0.30000001192092896
2139,0.42500007152557373,0.0,-1.0,0.0,0.0,1.1250000894069672,0.30000001192092896
2140,0.4250001013278961,0.0,-1.0,0.0,0.0,1.1250000894069672,0.30000001192092896
2141,0.6750000417232513,0.0,0.0,0.0,0.0,0.3750000298023224,0.30000001192092896
2142,0.4250001013278961,0.0,-1.0,0.0,0.0,1.1250000894069672,0.30000001192092896
2143,5.325000196695328,0.0,-4.900000035762787,0.0,0.0,9.025000184774399,1.2000000476837158
2144,9.750000081956387,0.0,-7.0,0.0,0.0,16.449999950826168,0.30000001192092896
2145,2.550000101327896,0.0,0.0,0.0,0.0,2.2500001788139343,0.30000001192092896
2146,14.650000136345625,0.0,-2.5,-1.5,0.0,18.050000745803118,0.6000000238418579
2147,-0.5749999582767487,0.0,-2.0,0.0,0.0,1.1250000894069672,0.30000001192092896
2148,0.6750000417232513,0.0,0.0,0.0,0.0,0.3750000298023224,0.30000001192092896
2149,0.8000001013278961,0.0,-1.0,0.0,0.0,1.5000001192092896,0.30000001192092896
2150,0.05000004172325134,0.0,-1.0,0.0,0.0,0.7500000596046448,0.30000001192092896
2151,1.0500000715255737,0.0,0.0,0.0,0.0,0.7500000596046448,0.30000001192092896
2152,1.0500000715255737,0.0,0.0,0.0,0.0,0.7500000596046448,0.30000001192092896
2153,1.0499999225139618,0.0,0.0,0.0,0.0,0.7500000596046448,0.30000001192092896
2154,20.350000612437725,0.0,-6.599999964237213,0.0,0.0,26.05000079423189,0.9000000357627869
2155,25.525001108646393,0.0,-10.300000011920929,0.0,0.0,35.22500168159604,0.6000000238418579
2156,11.52500056475401,0.0,-6.0,0.0,0.0,17.225000701844692,0.30000001192092896
2157,2.9250003695487976,0.0,-3.0,0.0,0.0,5.625000447034836,0.30000001192092896
2158,-0.32499995827674866,0.0,-1.0,0.0,0.0,0.3750000298023224,0.30000001192092896
2159,2.650000497698784,-1.0000001192092896,-14.0,0.0,0.0,17.350000452250242,0.30000001192092896
2160,0.8000001311302185,0.0,-1.0,0.0,0.0,1.5000001192092896,0.30000001192092896
2161,10.950000524520874,-1.0000001192092896,-7.0,0.0,0.0,18.650000918656588,0.30000001192092896
2162,1.0500000715255737,0.0,0.0,0.0,0.0,0.7500000596046448,0.30000001192092896
2163,9.825000073760748,0.0,-8.0,0.0,0.0,17.52500021830201,0.30000001192092896
2164,0.42500007152557373,0.0,-1.0,0.0,0.0,1.1250000894069672,0.30000001192092896
2165,29.349999725818634,0.0,0.0,0.0,0.0,29.050000488758087,0.30000001192092896
2166,1.0500000715255737,0.0,0.0,0.0,0.0,0.7500000596046448,0.30000001192092896
2167,-0.32499995827674866,0.0,-1.0,0.0,0.0,0.3750000298023224,0.30000001192092896
2168,5.10000030323863,0.0,-13.0,0.0,0.0,17.80000039562583,0.30000001192092896
2169,11.125000189989805,-1.0000001192092896,-7.300000011920929,0.0,0.0,18.825000669807196,0.6000000238418579
2170,29.4750009290874,0.0,-6.0,0.0,0.0,35.17500150203705,0.30000001192092896
2171,0.42500007152557373,0.0,-1.0,0.0,0.0,1.1250000894069672,0.30000001192092896
2172,21.65000009164214,-1.0000001192092896,-5.0,0.0,0.0,27.350000206381083,0.30000001192092896
2173,0.05000004172325134,0.0,-1.0,0.0,0.0,0.7500000596046448,0.30000001192092896
2174,-0.9499999582767487,0.0,-2.0,0.0,0.0,0.7500000596046448,0.30000001192092896
2175,1.0500000715255737,0.0,0.0,0.0,0.0,0.7500000596046448,0.30000001192092896
2176,1.0500000715255737,0.0,0.0,0.0,0.0,0.7500000596046448,0.30000001192092896
2177,0.05000004172325134,0.0,-1.0,0.0,0.0,0.7500000596046448,0.30000001192092896
2178,2.8000000715255737,0.0,1.0,0.0,0.0,1.5000001192092896,0.30000001192092896
2179,0.6750000417232513,0.0,0.0,0.0,0.0,0.3750000298023224,0.30000001192092896
2180,0.42500007152557373,0.0,-1.0,0.0,0.0,1.1250000894069672,0.30000001192092896
2181,1.0500000715255737,0.0,0.0,0.0,0.0,0.7500000596046448,0.30000001192092896
2182,1.0500000715255737,0.0,0.0,0.0,0.0,0.7500000596046448,0.30000001192092896
2183,1.4250001013278961,0.0,0.0,0.0,0.0,1.1250000894069672,0.30000001192092896
2184,-0.19999992847442627,0.0,-2.0,0.0,0.0,1.5000001192092896,0.30000001192092896
2185,17.950001120567322,0.0,-9.300000011920929,0.0,0.0,26.65000158548355,0.6000000238418579
2186,1.0500000715255737,0.0,0.0,0.0,0.0,0.7500000596046448,0.30000001192092896
2187,3.4249998033046722,0.0,2.0,0.0,0.0,1.1250000894069672,0.30000001192092896
2188,1.4250001013278961,0.0,0.0,0.0,0.0,1.1250000894069672,0.30000001192092896
2189,1.6749999821186066,0.0,1.0,0.0,0.0,0.3750000298023224,0.30000001192092896
2190,1.8000001311302185,0.0,0.0,0.0,0.0,1.5000001192092896,0.30000001192092896
2191,0.8000001013278961,0.0,-1.0,0.0,0.0,1.5000001192092896,0.30000001192092896
2192,0.6750000417232513,0.0,0.0,0.0,0.0,0.3750000298023224,0.30000001192092896
2193,0.6750000417232513,0.0,0.0,0.0,0.0,0.3750000298023224,0.30000001192092896
2194,0.6750000417232513,0.0,0.0,0.0,0.0,0.3750000298023224,0.30000001192092896
2195,3.7250002026557922,0.0,0.0,0.0,0.0,3.4250002801418304,0.30000001192092896
2196,12.275000412017107,-1.0000001192092896,-8.0,0.0,0.0,20.975000623613596,0.30000001192092896
2197,0.05000004172325134,0.0,-1.0,0.0,0.0,0.7500000596046448,0.30000001192092896
2198,1.0500000715255737,0.0,0.0,0.0,0.0,0.7500000596046448,0.30000001192092896
2199,0.6750000417232513,0.0,0.0,0.0,0.0,0.3750000298023224,0.30000001192092896
2200,0.6750000417232513,0.0,0.0,0.0,0.0,0.3750000298023224,0.30000001192092896
2201,0.6750000417232513,0.0,0.0,0.0,0.0,0.3750000298023224,0.30000001192092896
2202,15.62500062584877,0.0,-2.800000011920929,2.0,0.0,15.525000810623169,0.9000000357627869
2203,0.6750000417232513,0.0,0.0,0.0,0.0,0.3750000298023224,0.30000001192092896
2204,-0.9499999582767487,0.0,-2.0,0.0,0.0,0.7500000596046448,0.30000001192092896
2205,0.6750000417232513,0.0,0.0,0.0,0.0,0.3750000298023224,0.30000001192092896
2206,0.42500007152557373,0.0,-1.0,0.0,0.0,1.1250000894069672,0.30000001192092896
2207,1.4249999225139618,0.0,0.0,0.0,0.0,1.1250000894069672,0.30000001192092896
2208,0.05000004172325134,0.0,-1.0,0.0,0.0,0.7500000596046448,0.30000001192092896
2209,0.6750000417232513,0.0,0.0,0.0,0.0,0.3750000298023224,0.30000001192092896
2210,1.4500001072883606,0.0,0.0,0.0,0.0,1.1500000953674316,0.30000001192092896
2211,0.6750000417232513,0.0,0.0,0.0,0.0,0.3750000298023224,0.30000001192092896
2212,1.8000001311302185,0.0,0.0,0.0,0.0,1.5000001192092896,0.30000001192092896
2213,1.0500000715255737,0.0,0.0,0.0,0.0,0.7500000596046448,0.30000001192092896
2214,1.4250001013278961,0.0,0.0,0.0,0.0,1.1250000894069672,0.30000001192092896
2215,1.0500000715255737,0.0,0.0,0.0,0.0,0.7500000596046448,0.30000001192092896
2216,1.000000238418579,0.0,-2.0,0.0,0.0,2.70000022649765,0.30000001192092896
2217,0.6750000417232513,0.0,0.0,0.0,0.0,0.3750000298023224,0.30000001192092896
2218,-0.32499995827674866,0.0,-1.0,0.0,0.0,0.3750000298023224,0.30000001192092896
2219,0.6750000417232513,0.0,0.0,0.0,0.0,0.3750000298023224,0.30000001192092896
2220,17.27500070258975,0.0,-4.0,0.0,0.0,20.975001007318497,0.30000001192092896
2221,32.07500168681145,-1.0000001192092896,-1.0,-2.0,0.0,34.57500246167183,1.5000000596046448
2222,8.1500004529953,0.0,-6.300000011920929,0.0,0.0,13.850000441074371,0.6000000238418579
2223,0.8000002205371857,0.0,-3.0,0.0,0.0,3.500000298023224,0.30000001192092896
2224,10.70000061020255,0.0,-6.0,0.0,0.0,16.400000676512718,0.30000001192092896
2225,1.1750001311302185,0.0,-1.0,0.0,0.0,1.875000149011612,0.30000001192092896
2226,15.525000911206007,-1.0000001192092896,-10.400000035762787,-6.0,0.0,30.825001556426287,2.1000000834465027
2227,0.42500007152557373,0.0,-1.0,0.0,0.0,1.1250000894069672,0.30000001192092896
2228,0.6750000417232513,0.0,0.0,0.0,0.0,0.3750000298023224,0.30000001192092896
2229,0.6750000417232513,0.0,0.0,0.0,0.0,0.3750000298023224,0.30000001192092896
2230,17.60000068694353,0.0,-10.300000011920929,-1.5,0.0,27.90000056475401,1.5000000596046448
2231,16.70000195503235,-1.0000001192092896,-15.300000011920929,0.0,0.0,32.40000182017684,0.6000000238418579
2232,1.0499999225139618,0.0,0.0,0.0,0.0,0.7500000596046448,0.30000001192092896
2233,1.8000001311302185,0.0,0.0,0.0,0.0,1.5000001192092896,0.30000001192092896
2234,-0.32499995827674866,0.0,-1.0,0.0,0.0,0.3750000298023224,0.30000001192092896
2235,8.200000137090683,0.0,0.3999999761581421,0.0,0.0,6.900000333786011,0.9000000357627869
2236,1.0500000715255737,0.0,0.0,0.0,0.0,0.7500000596046448,0.30000001192092896
2237,3.799999922513962,0.0,2.0,0.0,0.0,1.5000001192092896,0.30000001192092896
2238,0.6750000417232513,0.0,0.0,0.0,0.0,0.3750000298023224,0.30000001192092896
2239,-0.32499995827674866,0.0,-1.0,0.0,0.0,0.3750000298023224,0.30000001192092896
2240,15.175000593066216,-1.0000001192092896,-4.299999952316284,0.0,0.0,19.875001054257154,0.6000000238418579
2241,20.05000104382634,-1.0000001192092896,-14.0,-1.5,0.0,35.650001384317875,0.9000000357627869
2242,8.55000040307641,-1.0000001192092896,-12.300000011920929,0.0,0.0,21.2500006146729,0.6000000238418579
2243,0.42500007152557373,0.0,-1.0,0.0,0.0,1.1250000894069672,0.30000001192092896
2244,1.0500000715255737,0.0,0.0,0.0,0.0,0.7500000596046448,0.30000001192092896
2245,15.250000778585672,0.0,-4.300000011920929,0.0,0.0,18.95000110194087,0.6000000238418579
2246,0.6750000417232513,0.0,0.0,0.0,0.0,0.3750000298023224,0.30000001192092896
2247,16.000001039355993,-1.0000001192092896,-11.600000023841858,0.0,0.0,27.700001392513514,0.9000000357627869
2248,5.950000241398811,0.0,-4.300000011920929,0.0,0.0,9.350000247359276,0.9000000357627869
2249,1.4250001013278961,0.0,0.0,0.0,0.0,1.1250000894069672,0.30000001192092896
2250,-0.32499995827674866,0.0,-1.0,0.0,0.0,0.3750000298023224,0.30000001192092896
2251,0.6750000417232513,0.0,0.0,0.0,0.0,0.3750000298023224,0.30000001192092896
2252,0.6750000417232513,0.0,0.0,0.0,0.0,0.3750000298023224,0.30000001192092896
2253,3.7999998331069946,0.0,2.0,0.0,0.0,1.5000001192092896,0.30000001192092896
2254,0.42500007152557373,0.0,-1.0,0.0,0.0,1.1250000894069672,0.30000001192092896
2255,1.4250001013278961,0.0,0.0,0.0,0.0,1.1250000894069672,0.30000001192092896
2256,0.6750000417232513,0.0,0.0,0.0,0.0,0.3750000298023224,0.30000001192092896
2257,0.6750000417232513,0.0,0.0,0.0,0.0,0.3750000298023224,0.30000001192092896
2258,1.4250001013278961,0.0,0.0,0.0,0.0,1.1250000894069672,0.30000001192092896
2259,20.550000313669443,0.0,-9.5,0.0,0.0,29.450000416487455,0.6000000238418579
2260,20.700001291930676,0.0,-10.0,0.0,0.0,30.40000181645155,0.30000001192092896
2261,1.0500000715255737,0.0,0.0,0.0,0.0,0.7500000596046448,0.30000001192092896
2262,7.3000005930662155,-1.0000001192092896,-10.299999952316284,0.0,0.0,18.00000062584877,0.6000000238418579
2263,1.0500000715255737,0.0,0.0,0.0,0.0,0.7500000596046448,0.30000001192092896
2264,0.4249998927116394,0.0,-1.0,0.0,0.0,1.1250000894069672,0.30000001192092896
2265,0.6750000417232513,0.0,0.0,0.0,0.0,0.3750000298023224,0.30000001192092896
2266,1.0500000715255737,0.0,0.0,0.0,0.0,0.7500000596046448,0.30000001192092896
2267,1.0500000715255737,0.0,0.0,0.0,0.0,0.7500000596046448,0.30000001192092896
2268,0.6750000417232513,0.0,0.0,0.0,0.0,0.3750000298023224,0.30000001192092896
2269,3.049999862909317,0.0,2.0,0.0,0.0,0.7500000596046448,0.30000001192092896
2270,0.42500007152557373,0.0,-1.0,0.0,0.0,1.1250000894069672,0.30000001192092896
2271,0.6750000417232513,0.0,0.0,0.0,0.0,0.3750000298023224,0.30000001192092896
2272,-0.5749999582767487,0.0,-2.0,0.0,0.0,1.1250000894069672,0.30000001192092896
2273,0.6750000417232513,0.0,0.0,0.0,0.0,0.3750000298023224,0.30000001192092896
2274,25.600000731647015,-1.0000001192092896,-3.400000035762787,0.0,0.0,27.900000855326653,2.1000000834465027
2275,16.175000566989183,-1.0000001192092896,-2.600000023841858,0.0,0.0,18.875000540167093,0.9000000357627869
2276,0.6750000417232513,0.0,0.0,0.0,0.0,0.3750000298023224,0.30000001192092896
2277,-0.32499995827674866,0.0,-1.0,0.0,0.0,0.3750000298023224,0.30000001192092896
2278,0.05000004172325134,0.0,-1.0,0.0,0.0,0.7500000596046448,0.30000001192092896
2279,1.1750002801418304,0.0,-3.0,0.0,0.0,3.8750003278255463,0.30000001192092896
2280,18.10000053793192,0.0,-1.0,0.0,0.0,18.800000466406345,0.30000001192092896
2281,2.7999999821186066,0.0,1.0,0.0,0.0,1.5000001192092896,0.30000001192092896
2282,0.6750000417232513,0.0,0.0,0.0,0.0,0.3750000298023224,0.30000001192092896
2283,9.350000102072954,0.0,-4.600000023841858,0.0,0.0,13.050000037997961,0.9000000357627869
2284,0.6750000417232513,0.0,0.0,0.0,0.0,0.3750000298023224,0.30000001192092896
2285,1.0500000715255737,0.0,0.0,0.0,0.0,0.7500000596046448,0.30000001192092896
2286,1.0500000715255737,0.0,0.0,0.0,0.0,0.7500000596046448,0.30000001192092896
2287,-0.32499995827674866,0.0,-1.0,0.0,0.0,0.3750000298023224,0.30000001192092896
2288,9.94999998435378,-1.0000001192092896,-6.0,0.0,0.0,16.65000045672059,0.30000001192092896
2289,12.750000450760126,0.0,-4.0,0.0,0.0,16.45000059530139,0.30000001192092896
2290,17.675000742077827,-1.0000001192092896,-9.400000035762787,0.0,0.0,26.575001128017902,1.5000000596046448
2291,17.575001001358032,0.0,-4.300000011920929,0.0,0.0,21.27500107884407,0.6000000238418579
2292,3.8000005409121513,0.0,-8.0,0.0,0.0,11.500000517815351,0.30000001192092896
2293,11.000000223517418,0.0,-6.0,0.0,0.0,16.700000409036875,0.30000001192092896
2294,0.6750000417232513,0.0,0.0,0.0,0.0,0.3750000298023224,0.30000001192092896
2295,31.175001561641693,-1.0000001192092896,-10.400000035762787,-1.5,0.0,42.57500209286809,1.5000000596046448
2296,0.6750000417232513,0.0,0.0,0.0,0.0,0.3750000298023224,0.30000001192092896
2297,15.05000089854002,-1.0000001192092896,-4.300000011920929,0.0,0.0,19.750001348555088,0.6000000238418579
2298,1.0500000715255737,0.0,0.0,0.0,0.0,0.7500000596046448,0.30000001192092896
2299,2.049999922513962,0.0,1.0,0.0,0.0,0.7500000596046448,0.30000001192092896
2300,29.87500037252903,0.0,0.699999988079071,0.0,0.0,28.575001675635576,0.6000000238418579
2301,10.475000742822886,-1.0000001192092896,-12.400000035762787,0.0,0.0,22.375000439584255,1.5000000596046448
2302,14.924999807029963,-1.0000001192092896,-1.300000011920929,0.0,0.0,16.62499987334013,0.6000000238418579
2303,0.6750000417232513,0.0,0.0,0.0,0.0,0.3750000298023224,0.30000001192092896
2304,28.975001003593206,0.0,0.19999998807907104,0.5,0.0,27.37500185519457,0.9000000357627869
2305,0.05000004172325134,0.0,-1.0,0.0,0.0,0.7500000596046448,0.30000001192092896
2306,1.0500000715255737,0.0,0.0,0.0,0.0,0.7500000596046448,0.30000001192092896
2307,15.525001388043165,0.0,-13.900000035762787,0.0,0.0,28.22500141710043,1.2000000476837158
2308,1.4250001013278961,0.0,0.0,0.0,0.0,1.1250000894069672,0.30000001192092896
2309,0.6750000417232513,0.0,0.0,0.0,0.0,0.3750000298023224,0.30000001192092896
2310,0.6750000417232513,0.0,0.0,0.0,0.0,0.3750000298023224,0.30000001192092896
2311,0.6750000417232513,0.0,0.0,0.0,0.0,0.3750000298023224,0.30000001192092896
2312,18.02500093728304,0.0,-1.0,0.0,0.0,18.725001081824303,0.30000001192092896
2313,0.6750000417232513,0.0,0.0,0.0,0.0,0.3750000298023224,0.30000001192092896
2314,0.42500007152557373,0.0,-1.0,0.0,0.0,1.1250000894069672,0.30000001192092896
2315,1.4250001013278961,0.0,0.0,0.0,0.0,1.1250000894069672,0.30000001192092896
2316,20.575001258403063,0.0,-13.0,0.0,0.0,33.275002148002386,0.30000001192092896
2317,15.374999981373549,0.0,-2.300000011920929,0.0,0.0,17.075000684708357,0.6000000238418579
2318,0.05000004172325134,0.0,-1.0,0.0,0.0,0.7500000596046448,0.30000001192092896
2319,1.6749999821186066,0.0,1.0,0.0,0.0,0.3750000298023224,0.30000001192092896
2320,7.675000444054604,0.0,-2.300000011920929,0.0,0.0,9.375000700354576,0.6000000238418579
2321,0.4250001013278961,0.0,-1.0,0.0,0.0,1.1250000894069672,0.30000001192092896
2322,1.8000001311302185,0.0,0.0,0.0,0.0,1.5000001192092896,0.30000001192092896
2323,1.0500000715255737,0.0,0.0,0.0,0.0,0.7500000596046448,0.30000001192092896
2324,10.125000588595867,0.0,-7.0,0.0,0.0,16.825001031160355,0.30000001192092896
2325,1.0500000715255737,0.0,0.0,0.0,0.0,0.7500000596046448,0.30000001192092896
2326,28.600000962615013,-1.0000001192092896,-3.5,0.0,0.0,32.50000187382102,0.6000000238418579
2327,1.0500000715255737,0.0,0.0,0.0,0.0,0.7500000596046448,0.30000001192092896
2328,0.42500007152557373,0.0,-1.0,0.0,0.0,1.1250000894069672,0.30000001192092896
2329,0.6750000417232513,0.0,0.0,0.0,0.0,0.3750000298023224,0.30000001192092896
2330,0.05000004172325134,0.0,-1.0,0.0,0.0,0.7500000596046448,0.30000001192092896
2331,16.22500031068921,0.0,-13.300000011920929,0.0,0.0,28.925000991672277,0.6000000238418579
2332,1.4250001013278961,0.0,0.0,0.0,0.0,1.1250000894069672,0.30000001192092896
2333,14.050000865012407,-1.0000001192092896,-2.0,0.0,0.0,16.7500012293458,0.30000001192092896
2334,1.0500000715255737,0.0,0.0,0.0,0.0,0.7500000596046448,0.30000001192092896
2335,-0.5749999582767487,0.0,-2.0,0.0,0.0,1.1250000894069672,0.30000001192092896
2336,14.925000581890345,0.0,-2.0,0.0,0.0,16.625000786036253,0.30000001192092896
2337,11.000000432133675,-1.0000001192092896,0.0,0.0,0.0,11.700000885874033,0.30000001192092896
2338,0.6750000417232513,0.0,0.0,0.0,0.0,0.3750000298023224,0.30000001192092896
2339,0.6750000417232513,0.0,0.0,0.0,0.0,0.3750000298023224,0.30000001192092896
2340,13.250000331550837,-1.0000001192092896,-3.299999952316284,0.0,0.0,16.950000505894423,0.6000000238418579
2341,15.525000307708979,0.0,-5.300000011920929,0.0,0.0,20.22500092536211,0.6000000238418579
2342,22.700000528246164,0.0,-2.0,0.0,0.0,24.40000169724226,0.30000001192092896
2343,-0.32499995827674866,0.0,-1.0,0.0,0.0,0.3750000298023224,0.30000001192092896
2344,0.6750000417232513,0.0,0.0,0.0,0.0,0.3750000298023224,0.30000001192092896
2345,33.87500164285302,-1.0000001192092896,-7.399999976158142,0.0,0.0,40.77500183880329,1.5000000596046448
2346,0.05000004172325134,0.0,-1.0,0.0,0.0,0.7500000596046448,0.30000001192092896
2347,2.050000011920929,0.0,1.0,0.0,0.0,0.7500000596046448,0.30000001192092896
2348,9.700000926852226,-1.0000001192092896,-9.300000011920929,0.0,0.0,19.400001142174006,0.6000000238418579
2349,1.4250001013278961,0.0,0.0,0.0,0.0,1.1250000894069672,0.30000001192092896
2350,25.02500033378601,-1.0000001192092896,-5.300000011920929,0.0,0.0,30.72500054910779,0.6000000238418579
2351,15.900000188499689,-1.0000001192092896,-11.0,0.0,0.0,27.600000869482756,0.30000001192092896
2352,19.350000713020563,0.0,-7.0,0.0,0.0,26.05000191181898,0.30000001192092896
2353,0.05000004172325134,0.0,-1.0,0.0,0.0,0.7500000596046448,0.30000001192092896
2354,20.975000586360693,0.0,-0.8999999761581421,0.0,0.0,20.675000824034214,1.2000000476837158
2355,0.6750000417232513,0.0,0.0,0.0,0.0,0.3750000298023224,0.30000001192092896
2356,1.4250001013278961,0.0,0.0,0.0,0.0,1.1250000894069672,0.30000001192092896
2357,24.92500004172325,0.0,-2.600000023841858,0.0,0.0,26.625000655651093,0.9000000357627869
2358,13.825000151991844,-1.0000001192092896,-11.0,0.0,0.0,25.52500019222498,0.30000001192092896
2359,0.6750000417232513,0.0,0.0,0.0,0.0,0.3750000298023224,0.30000001192092896
2360,0.05000004172325134,0.0,-1.0,0.0,0.0,0.7500000596046448,0.30000001192092896
2361,17.45000110566616,0.0,-8.599999964237213,0.0,0.0,25.150001619011164,0.9000000357627869
2362,2.4250000417232513,0.0,1.0,0.0,0.0,1.1250000894069672,0.30000001192092896
2363,18.80000039935112,-1.0000001192092896,-7.5,-1.5,0.0,28.200000382959843,0.6000000238418579
2364,1.7999999523162842,0.0,0.0,0.0,0.0,1.5000001192092896,0.30000001192092896
2365,18.200001288205385,0.0,-13.0,0.0,0.0,30.90000208467245,0.30000001192092896
2366,21.975000113248825,0.0,-4.200000047683716,0.0,0.0,24.675000309944153,1.5000000596046448
2367,1.4250001013278961,0.0,0.0,0.0,0.0,1.1250000894069672,0.30000001192092896
2368,0.6750000417232513,0.0,0.0,0.0,0.0,0.3750000298023224,0.30000001192092896
2369,1.4250001013278961,0.0,0.0,0.0,0.0,1.1250000894069672,0.30000001192092896
2370,8.200000524520874,0.0,-0.6000000238418579,0.0,0.0,7.900000512599945,0.9000000357627869
2371,17.225000735372305,0.0,-8.300000011920929,0.0,0.0,24.92500128597021,0.6000000238418579
2372,0.05000004172325134,0.0,-1.0,0.0,0.0,0.7500000596046448,0.30000001192092896
2373,0.6750000417232513,0.0,0.0,0.0,0.0,0.3750000298023224,0.30000001192092896
2374,0.42500007152557373,0.0,-1.0,0.0,0.0,1.1250000894069672,0.30000001192092896
2375,0.42500007152557373,0.0,-1.0,0.0,0.0,1.1250000894069672,0.30000001192092896
2376,2.424999952316284,0.0,1.0,0.0,0.0,1.1250000894069672,0.30000001192092896
2377,18.525000907480717,-1.0000001192092896,-1.0,0.0,0.0,20.225000832229853,0.30000001192092896
2378,2.049999922513962,0.0,1.0,0.0,0.0,0.7500000596046448,0.30000001192092896
2379,9.700000673532486,0.0,-3.300000011920929,0.0,0.0,12.400001049041748,0.6000000238418579
2380,-2.1999999284744263,0.0,-4.0,0.0,0.0,1.5000001192092896,0.30000001192092896
2381,1.0500000715255737,0.0,0.0,0.0,0.0,0.7500000596046448,0.30000001192092896
2382,1.4250001013278961,0.0,0.0,0.0,0.0,1.1250000894069672,0.30000001192092896
2383,17.150000363588333,-1.0000001192092896,-4.300000011920929,0.0,0.0,21.850001093000174,0.6000000238418579
2384,32.62500127777457,1.0000001192092896,-8.300000071525574,0.0,1.0,35.92500138655305,3.0000001192092896
2385,0.6749999523162842,0.0,0.0,0.0,0.0,0.3750000298023224,0.30000001192092896
2386,1.0500000715255737,0.0,0.0,0.0,0.0,0.7500000596046448,0.30000001192092896
2387,0.42500007152557373,0.0,-1.0,0.0,0.0,1.1250000894069672,0.30000001192092896
2388,2.050000011920929,0.0,1.0,0.0,0.0,0.7500000596046448,0.30000001192092896
2389,-0.32499995827674866,0.0,-1.0,0.0,0.0,0.3750000298023224,0.30000001192092896
2390,15.625000584870577,0.0,-4.0,0.0,0.0,19.325000759214163,0.30000001192092896
2391,1.6749999821186066,0.0,1.0,0.0,0.0,0.3750000298023224,0.30000001192092896
2392,1.0500000715255737,0.0,0.0,0.0,0.0,0.7500000596046448,0.30000001192092896
2393,0.05000007152557373,0.0,-1.0,0.0,0.0,0.7500000596046448,0.30000001192092896
2394,0.05000004172325134,0.0,-1.0,0.0,0.0,0.7500000596046448,0.30000001192092896
2395,1.4250001013278961,0.0,0.0,0.0,0.0,1.1250000894069672,0.30000001192092896
2396,1.9250001907348633,0.0,-1.0,0.0,0.0,2.6250002086162567,0.30000001192092896
2397,0.05000004172325134,0.0,-1.0,0.0,0.0,0.7500000596046448,0.30000001192092896
2398,0.6750000417232513,0.0,0.0,0.0,0.0,0.3750000298023224,0.30000001192092896
2399,0.05000004172325134,0.0,-1.0,0.0,0.0,0.7500000596046448,0.30000001192092896
2400,23.52500144019723,0.0,-6.0,0.0,0.0,29.225001882761717,0.30000001192092896
2401,12.40000033378601,0.0,-1.300000011920929,0.0,0.0,13.100000649690628,0.6000000238418579
2402,1.8000001311302185,0.0,0.0,0.0,0.0,1.5000001192092896,0.30000001192092896
2403,0.6750000417232513,0.0,0.0,0.0,0.0,0.3750000298023224,0.30000001192092896
2404,22.62500137090683,0.0,-5.0,0.0,0.0,27.32500148564577,0.30000001192092896
2405,0.6750000417232513,0.0,0.0,0.0,0.0,0.3750000298023224,0.30000001192092896
2406,10.375000081956387,0.0,-2.0,0.0,0.0,12.075000554323196,0.30000001192092896
2407,0.6750000417232513,0.0,0.0,0.0,0.0,0.3750000298023224,0.30000001192092896
2408,1.4250001013278961,0.0,0.0,0.0,0.0,1.1250000894069672,0.30000001192092896
2409,1.0500000715255737,0.0,0.0,0.0,0.0,0.7500000596046448,0.30000001192092896
2410,1.4250001013278961,0.0,0.0,0.0,0.0,1.1250000894069672,0.30000001192092896
2411,1.0500000715255737,0.0,0.0,0.0,0.0,0.7500000596046448,0.30000001192092896
2412,0.4250001013278961,0.0,-1.0,0.0,0.0,1.1250000894069672,0.30000001192092896
2413,14.075000267475843,0.0,-3.900000035762787,0.0,0.0,16.775000225752592,1.2000000476837158
2414,2.050000011920929,0.0,1.0,0.0,0.0,0.7500000596046448,0.30000001192092896
2415,10.550000458955765,0.0,-5.300000011920929,0.0,0.0,15.250000596046448,0.6000000238418579
2416,-0.32499995827674866,0.0,-1.0,0.0,0.0,0.3750000298023224,0.30000001192092896
2417,1.0500000715255737,0.0,0.0,0.0,0.0,0.7500000596046448,0.30000001192092896
2418,11.150000926107168,-1.0000001192092896,-8.0,0.0,0.0,19.85000104084611,0.30000001192092896
2419,2.4250000417232513,0.0,1.0,0.0,0.0,1.1250000894069672,0.30000001192092896
2420,4.77500119805336,0.0,-16.299999952316284,0.0,0.0,20.475000862032175,0.6000000238418579
2421,2.049999922513962,0.0,1.0,0.0,0.0,0.7500000596046448,0.30000001192092896
2422,26.500000461935997,0.0,-15.600000023841858,-6.0,0.0,46.000001065433025,2.1000000834465027
2423,1.8000001311302185,0.0,0.0,0.0,0.0,1.5000001192092896,0.30000001192092896
2424,0.6750000417232513,0.0,0.0,0.0,0.0,0.3750000298023224,0.30000001192092896
2425,1.0500000715255737,0.0,0.0,0.0,0.0,0.7500000596046448,0.30000001192092896
2426,2.4250000417232513,0.0,1.0,0.0,0.0,1.1250000894069672,0.30000001192092896
2427,0.4250001013278961,0.0,-1.0,0.0,0.0,1.1250000894069672,0.30000001192092896
2428,1.4250001013278961,0.0,0.0,0.0,0.0,1.1250000894069672,0.30000001192092896
2429,1.4250001013278961,0.0,0.0,0.0,0.0,1.1250000894069672,0.30000001192092896
2430,0.05000004172325134,0.0,-1.0,0.0,0.0,0.7500000596046448,0.30000001192092896
2431,0.6750000417232513,0.0,0.0,0.0,0.0,0.3750000298023224,0.30000001192092896
2432,18.67500053346157,-1.0000001192092896,-1.9000000357627869,0.0,0.0,20.3750006146729,1.2000000476837158
2433,0.6750000417232513,0.0,0.0,0.0,0.0,0.3750000298023224,0.30000001192092896
2434,21.87500101700425,-1.0000001192092896,-4.0,0.0,0.0,26.575001887977123,0.30000001192092896
2435,-0.9499999582767487,0.0,-2.0,0.0,0.0,0.7500000596046448,0.30000001192092896
2436,5.350000631064177,0.0,-15.599999964237213,0.0,0.0,20.050001118332148,0.9000000357627869
2437,0.6750000417232513,0.0,0.0,0.0,0.0,0.3750000298023224,0.30000001192092896
2438,0.05000007152557373,0.0,-1.0,0.0,0.0,0.7500000596046448,0.30000001192092896
2439,0.05000004172325134,0.0,-1.0,0.0,0.0,0.7500000596046448,0.30000001192092896
2440,0.800000011920929,0.0,-1.0,0.0,0.0,1.5000001192092896,0.30000001192092896
2441,0.4250001013278961,0.0,-1.0,0.0,0.0,1.1250000894069672,0.30000001192092896
2442,0.6750000417232513,0.0,0.0,0.0,0.0,0.3750000298023224,0.30000001192092896
2443,0.05000007152557373,0.0,-1.0,0.0,0.0,0.7500000596046448,0.30000001192092896
2444,21.20000095665455,-1.0000001192092896,0.5,-1.5,0.0,22.600000325590372,0.6000000238418579
2445,1.6749999821186066,0.0,1.0,0.0,0.0,0.3750000298023224,0.30000001192092896
2446,0.6750000417232513,0.0,0.0,0.0,0.0,0.3750000298023224,0.30000001192092896
2447,6.500000238418579,0.0,-7.899999976158142,0.0,0.0,13.200000166893005,1.2000000476837158
2448,1.8000001311302185,0.0,0.0,0.0,0.0,1.5000001192092896,0.30000001192092896
2449,3.049999862909317,0.0,2.0,0.0,0.0,0.7500000596046448,0.30000001192092896
2450,1.0500000715255737,0.0,0.0,0.0,0.0,0.7500000596046448,0.30000001192092896
2451,13.375000227242708,0.0,-7.0,0.0,0.0,20.07500096783042,0.30000001192092896
2452,20.07500034943223,-1.0000001192092896,-10.5,0.0,0.0,29.775000885128975,1.8000000715255737
2453,18.02500058710575,-1.0000001192092896,-15.099999964237213,-1.5,0.0,33.82500060647726,1.8000000715255737
2454,1.425000011920929,0.0,0.0,0.0,0.0,1.1250000894069672,0.30000001192092896
2455,24.675000626593828,0.0,-0.8999999761581421,0.0,0.0,24.375001594424248,1.2000000476837158
2456,22.075000803917646,0.0,-14.900000035762787,0.0,0.0,35.77500060945749,1.2000000476837158
2457,1.4250001013278961,0.0,0.0,0.0,0.0,1.1250000894069672,0.30000001192092896
2458,1.0500000715255737,0.0,0.0,0.0,0.0,0.7500000596046448,0.30000001192092896
2459,0.6750000417232513,0.0,0.0,0.0,0.0,0.3750000298023224,0.30000001192092896
2460,1.6749999821186066,0.0,1.0,0.0,0.0,0.3750000298023224,0.30000001192092896
2461,-0.32499995827674866,0.0,-1.0,0.0,0.0,0.3750000298023224,0.30000001192092896
2462,2.9000003337860107,0.0,-2.0,0.0,0.0,4.600000381469727,0.30000001192092896
2463,-0.32499995827674866,0.0,-1.0,0.0,0.0,0.3750000298023224,0.30000001192092896
2464,1.4250001013278961,0.0,0.0,0.0,0.0,1.1250000894069672,0.30000001192092896
2465,19.000000409781933,0.0,0.0,0.0,0.0,18.700001042336226,0.30000001192092896
2466,0.17499995231628418,0.0,-2.0,0.0,0.0,1.875000149011612,0.30000001192092896
2467,0.42500007152557373,0.0,-1.0,0.0,0.0,1.1250000894069672,0.30000001192092896
2468,2.1749999821186066,0.0,0.0,0.0,0.0,1.875000149011612,0.30000001192092896
2469,0.4250001013278961,0.0,-1.0,0.0,0.0,1.1250000894069672,0.30000001192092896
2470,1.0500000715255737,0.0,0.0,0.0,0.0,0.7500000596046448,0.30000001192092896
2471,0.42500007152557373,0.0,-1.0,0.0,0.0,1.1250000894069672,0.30000001192092896
2472,18.500000815838575,0.0,-1.0,0.0,0.0,19.20000145956874,0.30000001192092896
2473,0.6750000417232513,0.0,0.0,0.0,0.0,0.3750000298023224,0.30000001192092896
2474,16.32500086724758,0.0,-4.0,0.0,0.0,20.025000892579556,0.30000001192092896
2475,-0.32499995827674866,0.0,-1.0,0.0,0.0,0.3750000298023224,0.30000001192092896
2476,15.625000435858965,-1.0000001192092896,-8.0,0.0,0.0,24.325000945478678,0.30000001192092896
2477,2.049999922513962,0.0,1.0,0.0,0.0,0.7500000596046448,0.30000001192092896
2478,1.8000001311302185,0.0,0.0,0.0,0.0,1.5000001192092896,0.30000001192092896
2479,0.6750000417232513,0.0,0.0,0.0,0.0,0.3750000298023224,0.30000001192092896
2480,2.7999999821186066,0.0,1.0,0.0,0.0,1.5000001192092896,0.30000001192092896
2481,16.850001085549593,-1.0000001192092896,-4.0,0.0,0.0,21.55000125989318,0.30000001192092896
2482,1.4250001013278961,0.0,0.0,0.0,0.0,1.1250000894069672,0.30000001192092896
2483,1.0500000715255737,0.0,0.0,0.0,0.0,0.7500000596046448,0.30000001192092896
2484,19.325000658631325,0.0,-5.0,0.0,0.0,24.025000762194395,0.30000001192092896
2485,1.8000001311302185,0.0,0.0,0.0,0.0,1.5000001192092896,0.30000001192092896
2486,0.6750000417232513,0.0,0.0,0.0,0.0,0.3750000298023224,0.30000001192092896
2487,30.350001759827137,0.0,-7.0,0.0,0.0,37.050002835690975,0.30000001192092896
2488,0.6750000417232513,0.0,0.0,0.0,0.0,0.3750000298023224,0.30000001192092896
2489,3.4249998927116394,0.0,2.0,0.0,0.0,1.1250000894069672,0.30000001192092896
2490,13.150000602006912,0.0,-6.300000011920929,0.0,0.0,18.85000118613243,0.6000000238418579
2491,0.42500007152557373,0.0,-1.0,0.0,0.0,1.1250000894069672,0.30000001192092896
2492,0.6750000417232513,0.0,0.0,0.0,0.0,0.3750000298023224,0.30000001192092896
2493,2.175000160932541,0.0,0.0,0.0,0.0,1.875000149011612,0.30000001192092896
2494,1.0500000715255737,0.0,0.0,0.0,0.0,0.7500000596046448,0.30000001192092896
2495,7.750000588595867,-1.0000001192092896,-6.0,0.0,0.0,14.45000097155571,0.30000001192092896
2496,0.8000001013278961,0.0,-1.0,0.0,0.0,1.5000001192092896,0.30000001192092896
2497,-0.32499995827674866,0.0,-1.0,0.0,0.0,0.3750000298023224,0.30000001192092896
2498,0.6750000417232513,0.0,0.0,0.0,0.0,0.3750000298023224,0.30000001192092896
2499,0.05000007152557373,0.0,-1.0,0.0,0.0,0.7500000596046448,0.30000001192092896
2500,2.4250000417232513,0.0,1.0,0.0,0.0,1.1250000894069672,0.30000001192092896
2501,1.6749998927116394,0.0,1.0,0.0,0.0,0.3750000298023224,0.30000001192092896
2502,-0.5749999284744263,0.0,-2.0,0.0,0.0,1.1250000894069672,0.30000001192092896
2503,0.6750000417232513,0.0,0.0,0.0,0.0,0.3750000298023224,0.30000001192092896
2504,0.6750000417232513,0.0,0.0,0.0,0.0,0.3750000298023224,0.30000001192092896
2505,3.4249998033046722,0.0,2.0,0.0,0.0,1.1250000894069672,0.30000001192092896
2506,8.700000569224358,0.0,-1.300000011920929,0.0,0.0,9.100000515580177,0.9000000357627869
2507,1.8000001311302185,0.0,0.0,0.0,0.0,1.5000001192092896,0.30000001192092896
2508,12.725000713020563,-1.0000001192092896,-8.300000011920929,0.0,0.0,21.425001196563244,0.6000000238418579
2509,0.6750000417232513,0.0,0.0,0.0,0.0,0.3750000298023224,0.30000001192092896
2510,1.4250001013278961,0.0,0.0,0.0,0.0,1.1250000894069672,0.30000001192092896
2511,2.250000238418579,0.0,-1.0,0.0,0.0,2.95000022649765,0.30000001192092896
2512,39.575001649558544,0.0,5.5,2.5,0.0,30.37500160560012,1.2000000476837158
2513,7.00000025331974,0.0,-9.0,0.0,0.0,15.70000035688281,0.30000001192092896
2514,0.6750000417232513,0.0,0.0,0.0,0.0,0.3750000298023224,0.30000001192092896
2515,20.500000443309546,0.0,-5.300000011920929,0.0,0.0,25.200000777840614,0.6000000238418579
2516,1.0499999821186066,0.0,0.0,0.0,0.0,0.7500000596046448,0.30000001192092896
2517,0.6750000417232513,0.0,0.0,0.0,0.0,0.3750000298023224,0.30000001192092896
2518,0.6750000417232513,0.0,0.0,0.0,0.0,0.3750000298023224,0.30000001192092896
2519,0.05000007152557373,0.0,-1.0,0.0,0.0,0.7500000596046448,0.30000001192092896
2520,2.049999922513962,0.0,1.0,0.0,0.0,0.7500000596046448,0.30000001192092896
2521,1.0500000715255737,0.0,0.0,0.0,0.0,0.7500000596046448,0.30000001192092896
2522,22.950000796467066,0.0,-4.300000011920929,0.0,0.0,26.65000130981207,0.6000000238418579
2523,1.4249999225139618,0.0,0.0,0.0,0.0,1.1250000894069672,0.30000001192092896
2524,0.6750000417232513,0.0,0.0,0.0,0.0,0.3750000298023224,0.30000001192092896
2525,1.4250001013278961,0.0,0.0,0.0,0.0,1.1250000894069672,0.30000001192092896
2526,1.0500000715255737,0.0,0.0,0.0,0.0,0.7500000596046448,0.30000001192092896
2527,12.425000250339508,0.0,1.699999988079071,0.0,0.0,9.825000673532486,0.9000000357627869
2528,1.6749999821186066,0.0,1.0,0.0,0.0,0.3750000298023224,0.30000001192092896
2529,27.825001258403063,0.0,-6.600000023841858,0.0,0.0,33.52500136196613,0.9000000357627869
2530,27.27500107511878,0.0,-2.600000023841858,0.0,0.0,28.975001219660044,0.9000000357627869
2531,19.70000060647726,-1.0000001192092896,-3.0,0.0,0.0,23.400001008063555,0.30000001192092896
2532,-0.32499995827674866,0.0,-1.0,0.0,0.0,0.3750000298023224,0.30000001192092896
2533,0.42500007152557373,0.0,-1.0,0.0,0.0,1.1250000894069672,0.30000001192092896
2534,0.42500007152557373,0.0,-1.0,0.0,0.0,1.1250000894069672,0.30000001192092896
2535,0.6750000417232513,0.0,0.0,0.0,0.0,0.3750000298023224,0.30000001192092896
2536,1.0500000715255737,0.0,0.0,0.0,0.0,0.7500000596046448,0.30000001192092896
2537,23.200000308454037,0.0,0.0,0.0,0.0,22.90000058338046,0.30000001192092896
2538,0.6750000417232513,0.0,0.0,0.0,0.0,0.3750000298023224,0.30000001192092896
2539,1.6749999821186066,0.0,1.0,0.0,0.0,0.3750000298023224,0.30000001192092896
2540,20.65000080317259,0.0,-4.900000035762787,0.0,0.0,24.35000080987811,1.2000000476837158
2541,19.150000289082527,-1.0000001192092896,-0.6000000238418579,0.0,0.0,19.850000970065594,0.9000000357627869
2542,-0.32499995827674866,0.0,-1.0,0.0,0.0,0.3750000298023224,0.30000001192092896
2543,1.4250001013278961,0.0,0.0,0.0,0.0,1.1250000894069672,0.30000001192092896
2544,1.6749999821186066,0.0,1.0,0.0,0.0,0.3750000298023224,0.30000001192092896
2545,19.77500057220459,0.0,0.0,0.5,0.0,18.37500101327896,0.9000000357627869
2546,0.6750000417232513,0.0,0.0,0.0,0.0,0.3750000298023224,0.30000001192092896
2547,26.60000043734908,-1.0000001192092896,-1.600000023841858,0.0,0.0,28.300000492483377,0.9000000357627869
2548,0.6750000417232513,0.0,0.0,0.0,0.0,0.3750000298023224,0.30000001192092896
2549,16.47500019147992,0.0,0.0,0.0,0.0,16.175001051276922,0.30000001192092896
2550,2.9500003457069397,0.0,-3.0,0.0,0.0,5.6500004529953,0.30000001192092896
2551,16.75000136345625,-1.0000001192092896,-12.900000035762787,0.0,0.0,29.45000223070383,1.2000000476837158
2552,0.4250001013278961,0.0,-1.0,0.0,0.0,1.1250000894069672,0.30000001192092896
2553,19.125001072883606,0.0,0.0,0.0,0.0,18.825001526623964,0.30000001192092896
2554,22.550000961869955,0.0,4.0,0.0,0.0,18.250001464039087,0.30000001192092896
2555,0.6750000417232513,0.0,0.0,0.0,0.0,0.3750000298023224,0.30000001192092896
2556,0.6750000417232513,0.0,0.0,0.0,0.0,0.3750000298023224,0.30000001192092896
2557,1.0500000715255737,0.0,0.0,0.0,0.0,0.7500000596046448,0.30000001192092896
2558,2.050000011920929,0.0,1.0,0.0,0.0,0.7500000596046448,0.30000001192092896
2559,16.37500035762787,0.0,-1.800000011920929,2.0,0.0,15.275000512599945,0.9000000357627869
2560,3.4249998927116394,0.0,2.0,0.0,0.0,1.1250000894069672,0.30000001192092896
2561,1.4249999523162842,0.0,0.0,0.0,0.0,1.1250000894069672,0.30000001192092896
2562,1.0500000715255737,0.0,0.0,0.0,0.0,0.7500000596046448,0.30000001192092896
2563,-1.949999988079071,0.0,-3.0,0.0,0.0,0.7500000596046448,0.30000001192092896
2564,1.6749999821186066,0.0,1.0,0.0,0.0,0.3750000298023224,0.30000001192092896
2565,1.0500000715255737,0.0,0.0,0.0,0.0,0.7500000596046448,0.30000001192092896
2566,-0.32499995827674866,0.0,-1.0,0.0,0.0,0.3750000298023224,0.30000001192092896
2567,1.0500000715255737,0.0,0.0,0.0,0.0,0.7500000596046448,0.30000001192092896
2568,0.6750000417232513,0.0,0.0,0.0,0.0,0.3750000298023224,0.30000001192092896
2569,3.049999862909317,0.0,2.0,0.0,0.0,0.7500000596046448,0.30000001192092896
2570,19.200000919401646,0.0,-3.5,2.0,0.0,20.100001141428947,0.6000000238418579
2571,1.0500000715255737,0.0,0.0,0.0,0.0,0.7500000596046448,0.30000001192092896
2572,2.7999999821186066,0.0,1.0,0.0,0.0,1.5000001192092896,0.30000001192092896
2573,-1.5749999582767487,0.0,-3.0,0.0,0.0,1.1250000894069672,0.30000001192092896
2574,0.6750000417232513,0.0,0.0,0.0,0.0,0.3750000298023224,0.30000001192092896
2575,28.67500100284815,0.0,-6.300000011920929,0.0,0.0,34.37500121444464,0.6000000238418579
2576,3.4249998927116394,0.0,2.0,0.0,0.0,1.1250000894069672,0.30000001192092896
2577,14.750000841915607,0.0,-5.0,0.0,0.0,19.450000878423452,0.30000001192092896
2578,1.4250001013278961,0.0,0.0,0.0,0.0,1.1250000894069672,0.30000001192092896
2579,37.02500159665942,0.0,-1.600000023841858,0.0,0.0,37.72500282153487,0.9000000357627869
2580,1.425000011920929,0.0,0.0,0.0,0.0,1.1250000894069672,0.30000001192092896
2581,0.6750000417232513,0.0,0.0,0.0,0.0,0.3750000298023224,0.30000001192092896
2582,2.049999922513962,0.0,1.0,0.0,0.0,0.7500000596046448,0.30000001192092896
2583,0.6750000417232513,0.0,0.0,0.0,0.0,0.3750000298023224,0.30000001192092896
2584,21.30000016465783,0.0,-4.0,0.0,0.0,25.000000786036253,0.30000001192092896
2585,1.4250001013278961,0.0,0.0,0.0,0.0,1.1250000894069672,0.30000001192092896
2586,0.6750000417232513,0.0,0.0,0.0,0.0,0.3750000298023224,0.30000001192092896
2587,1.1750001311302185,0.0,-1.0,0.0,0.0,1.875000149011612,0.30000001192092896
2588,14.050000362098217,0.0,-8.0,0.0,0.0,21.750000428408384,0.30000001192092896
2589,0.42500007152557373,0.0,-1.0,0.0,0.0,1.1250000894069672,0.30000001192092896
2590,14.175001207739115,-1.0000001192092896,-10.100000023841858,0.0,0.0,24.075001381337643,1.2000000476837158
2591,16.675000466406345,0.0,-3.300000011920929,0.0,0.0,19.375000797212124,0.6000000238418579
2592,4.32500034570694,0.0,-2.299999952316284,0.0,0.0,6.025000482797623,0.6000000238418579
2593,1.0500000715255737,0.0,0.0,0.0,0.0,0.7500000596046448,0.30000001192092896
2594,11.925000593066216,0.0,-3.0,0.0,0.0,14.625001154839993,0.30000001192092896
2595,0.6750000417232513,0.0,0.0,0.0,0.0,0.3750000298023224,0.30000001192092896
2596,-0.32499995827674866,0.0,-1.0,0.0,0.0,0.3750000298023224,0.30000001192092896
2597,0.6750000417232513,0.0,0.0,0.0,0.0,0.3750000298023224,0.30000001192092896
2598,0.6750000417232513,0.0,0.0,0.0,0.0,0.3750000298023224,0.30000001192092896
2599,10.675000064074993,0.0,-7.600000023841858,0.0,0.0,17.37500023469329,0.9000000357627869
2600,1.6749999821186066,0.0,1.0,0.0,0.0,0.3750000298023224,0.30000001192092896
2601,1.0500000715255737,0.0,0.0,0.0,0.0,0.7500000596046448,0.30000001192092896
2602,14.800000846385956,0.0,-1.300000011920929,0.0,0.0,15.500001311302185,0.6000000238418579
2603,10.500000517815351,0.0,-5.300000011920929,0.0,0.0,15.200000684708357,0.6000000238418579
2604,1.4250001013278961,0.0,0.0,0.0,0.0,1.1250000894069672,0.30000001192092896
2605,24.999999839812517,-1.0000001192092896,-1.2999999523162842,0.0,0.0,26.40000055357814,0.9000000357627869
2606,0.6750000417232513,0.0,0.0,0.0,0.0,0.3750000298023224,0.30000001192092896
2607,2.900000274181366,0.0,-1.0,0.0,0.0,3.600000262260437,0.30000001192092896
2608,0.6750000417232513,0.0,0.0,0.0,0.0,0.3750000298023224,0.30000001192092896
2609,13.975001160055399,-1.0000001192092896,-4.300000011920929,0.0,0.0,18.675001334398985,0.6000000238418579
2610,0.42500007152557373,0.0,-1.0,0.0,0.0,1.1250000894069672,0.30000001192092896
2611,28.425000749528408,-1.0000001192092896,-6.300000011920929,0.0,0.0,35.125001169741154,0.6000000238418579
2612,0.42500007152557373,0.0,-1.0,0.0,0.0,1.1250000894069672,0.30000001192092896
2613,0.42500007152557373,0.0,-1.0,0.0,0.0,1.1250000894069672,0.30000001192092896
2614,1.0500000715255737,0.0,0.0,0.0,0.0,0.7500000596046448,0.30000001192092896
2615,0.6750000417232513,0.0,0.0,0.0,0.0,0.3750000298023224,0.30000001192092896
2616,2.050000011920929,0.0,1.0,0.0,0.0,0.7500000596046448,0.30000001192092896
2617,1.4250001013278961,0.0,0.0,0.0,0.0,1.1250000894069672,0.30000001192092896
2618,0.6750000417232513,0.0,0.0,0.0,0.0,0.3750000298023224,0.30000001192092896
2619,35.40000061690807,0.0,-1.300000011920929,0.0,0.0,36.100001219660044,0.6000000238418579
2620,-0.9499999582767487,0.0,-2.0,0.0,0.0,0.7500000596046448,0.30000001192092896
2621,2.175000011920929,0.0,0.0,0.0,0.0,1.875000149011612,0.30000001192092896
2622,-0.5749999582767487,0.0,-2.0,0.0,0.0,1.1250000894069672,0.30000001192092896
2623,1.0500000715255737,0.0,0.0,0.0,0.0,0.7500000596046448,0.30000001192092896
2624,1.8000001311302185,0.0,0.0,0.0,0.0,1.5000001192092896,0.30000001192092896
2625,13.950000807642937,0.0,-6.300000011920929,0.0,0.0,19.650000877678394,0.6000000238418579
2626,10.300000175833702,-1.0000001192092896,-1.300000011920929,0.0,0.0,12.000000271946192,0.6000000238418579
2627,1.8000001311302185,0.0,0.0,0.0,0.0,1.5000001192092896,0.30000001192092896
2628,0.6750000417232513,0.0,0.0,0.0,0.0,0.3750000298023224,0.30000001192092896
2629,2.7999999821186066,0.0,1.0,0.0,0.0,1.5000001192092896,0.30000001192092896
2630,19.525000799447298,0.0,-3.5,0.0,0.0,22.42500125989318,0.6000000238418579
2631,8.325000256299973,0.0,-3.300000011920929,0.0,0.0,11.025000602006912,0.6000000238418579
2632,1.0500000715255737,0.0,0.0,0.0,0.0,0.7500000596046448,0.30000001192092896
2633,1.4250001013278961,0.0,0.0,0.0,0.0,1.1250000894069672,0.30000001192092896
2634,0.6750000417232513,0.0,0.0,0.0,0.0,0.3750000298023224,0.30000001192092896
2635,1.4250001013278961,0.0,0.0,0.0,0.0,1.1250000894069672,0.30000001192092896
2636,0.4250001013278961,0.0,-1.0,0.0,0.0,1.1250000894069672,0.30000001192092896
2637,1.4250001013278961,0.0,0.0,0.0,0.0,1.1250000894069672,0.30000001192092896
2638,2.4250000417232513,0.0,1.0,0.0,0.0,1.1250000894069672,0.30000001192092896
2639,1.0500000715255737,0.0,0.0,0.0,0.0,0.7500000596046448,0.30000001192092896
2640,-0.32499995827674866,0.0,-1.0,0.0,0.0,0.3750000298023224,0.30000001192092896
2641,1.8000001311302185,0.0,0.0,0.0,0.0,1.5000001192092896,0.30000001192092896
2642,0.4250001013278961,0.0,-1.0,0.0,0.0,1.1250000894069672,0.30000001192092896
2643,2.424999952316284,0.0,1.0,0.0,0.0,1.1250000894069672,0.30000001192092896
2644,20.175000820308924,0.0,-2.300000011920929,0.0,0.0,21.87500113621354,0.6000000238418579
2645,33.45000021159649,0.0,-0.30000001192092896,0.0,0.0,33.150001648813486,0.6000000238418579
2646,54.749999329447746,-1.0000001192092896,-2.100000023841858,0.0,0.0,56.049999583512545,1.8000000715255737
2647,2.049999922513962,0.0,1.0,0.0,0.0,0.7500000596046448,0.30000001192092896
2648,29.87500000372529,-1.0000001192092896,8.0,0.0,0.0,22.575000416487455,0.30000001192092896
2649,1.4250001013278961,0.0,0.0,0.0,0.0,1.1250000894069672,0.30000001192092896
2650,0.6750000417232513,0.0,0.0,0.0,0.0,0.3750000298023224,0.30000001192092896
2651,1.0500000715255737,0.0,0.0,0.0,0.0,0.7500000596046448,0.30000001192092896
2652,2.050000011920929,0.0,1.0,0.0,0.0,0.7500000596046448,0.30000001192092896
2653,21.100000835955143,-1.0000001192092896,2.0,0.0,0.0,19.80000152811408,0.30000001192092896
2654,3.4249998033046722,0.0,2.0,0.0,0.0,1.1250000894069672,0.30000001192092896
2655,2.050000011920929,0.0,1.0,0.0,0.0,0.7500000596046448,0.30000001192092896
2656,21.05000089481473,0.0,2.599999964237213,0.0,0.0,16.950000919401646,1.5000000596046448
2657,19.250000599771738,0.0,-2.0,0.0,0.0,20.950001519173384,0.30000001192092896
2658,21.700000908225775,-1.0000001192092896,-1.0,0.0,0.0,22.800000865012407,0.9000000357627869
2659,1.0500000715255737,0.0,0.0,0.0,0.0,0.7500000596046448,0.30000001192092896
2660,23.30000039190054,0.0,-3.0,0.0,0.0,26.00000087544322,0.30000001192092896
2661,1.0500000715255737,0.0,0.0,0.0,0.0,0.7500000596046448,0.30000001192092896
2662,19.425000328570604,-1.0000001192092896,-1.5,0.0,0.0,21.325000900775194,0.6000000238418579
2663,1.6749999821186066,0.0,1.0,0.0,0.0,0.3750000298023224,0.30000001192092896
2664,2.050000011920929,0.0,1.0,0.0,0.0,0.7500000596046448,0.30000001192092896
2665,0.05000007152557373,0.0,-1.0,0.0,0.0,0.7500000596046448,0.30000001192092896
2666,1.0500000715255737,0.0,0.0,0.0,0.0,0.7500000596046448,0.30000001192092896
2667,1.0500000715255737,0.0,0.0,0.0,0.0,0.7500000596046448,0.30000001192092896
2668,21.67500003799796,-1.0000001192092896,3.0,0.0,0.0,19.374999724328518,0.30000001192092896
2669,48.65000290423632,0.0,-4.799999952316284,-1.0,0.0,52.950003050267696,1.5000000596046448
2670,0.6750000417232513,0.0,0.0,0.0,0.0,0.3750000298023224,0.30000001192092896
2671,-0.9499999582767487,0.0,-2.0,0.0,0.0,0.7500000596046448,0.30000001192092896
2672,1.0500000715255737,0.0,0.0,0.0,0.0,0.7500000596046448,0.30000001192092896
2673,1.0500000715255737,0.0,0.0,0.0,0.0,0.7500000596046448,0.30000001192092896
2674,0.6750000417232513,0.0,0.0,0.0,0.0,0.3750000298023224,0.30000001192092896
2675,2.075000524520874,0.0,-5.599999964237213,0.0,0.0,6.775000482797623,0.9000000357627869
2676,2.049999922513962,0.0,1.0,0.0,0.0,0.7500000596046448,0.30000001192092896
2677,11.450000662356615,-1.0000001192092896,-2.0,0.0,0.0,14.150000736117363,0.30000001192092896
2678,0.6750000417232513,0.0,0.0,0.0,0.0,0.3750000298023224,0.30000001192092896
2679,0.6750000417232513,0.0,0.0,0.0,0.0,0.3750000298023224,0.30000001192092896
2680,1.0500000715255737,0.0,0.0,0.0,0.0,0.7500000596046448,0.30000001192092896
2681,0.6750000417232513,0.0,0.0,0.0,0.0,0.3750000298023224,0.30000001192092896
2682,0.6750000417232513,0.0,0.0,0.0,0.0,0.3750000298023224,0.30000001192092896
2683,24.525001280009747,0.0,-4.600000023841858,0.0,0.0,28.225001752376556,0.9000000357627869
2684,0.6750000417232513,0.0,0.0,0.0,0.0,0.3750000298023224,0.30000001192092896
2685,1.4249999225139618,0.0,0.0,0.0,0.0,1.1250000894069672,0.30000001192092896
2686,22.724999837577343,0.0,-13.300000011920929,0.0,0.0,35.425000328570604,0.6000000238418579
2687,0.04999995231628418,0.0,-1.0,0.0,0.0,0.7500000596046448,0.30000001192092896
2688,2.0000002086162567,0.0,-1.0,0.0,0.0,2.70000022649765,0.30000001192092896
2689,0.05000007152557373,0.0,-1.0,0.0,0.0,0.7500000596046448,0.30000001192092896
2690,-0.32499998807907104,0.0,-1.0,0.0,0.0,0.3750000298023224,0.30000001192092896
2691,1.0500000715255737,0.0,0.0,0.0,0.0,0.7500000596046448,0.30000001192092896
2692,-0.32499995827674866,0.0,-1.0,0.0,0.0,0.3750000298023224,0.30000001192092896
2693,1.0500000715255737,0.0,0.0,0.0,0.0,0.7500000596046448,0.30000001192092896
2694,0.6750000417232513,0.0,0.0,0.0,0.0,0.3750000298023224,0.30000001192092896
2695,23.025000050663948,0.0,3.0,0.0,0.0,19.72500078007579,0.30000001192092896
2696,1.4250001013278961,0.0,0.0,0.0,0.0,1.1250000894069672,0.30000001192092896
2697,0.05000004172325134,0.0,-1.0,0.0,0.0,0.7500000596046448,0.30000001192092896
2698,0.42500007152557373,0.0,-1.0,0.0,0.0,1.1250000894069672,0.30000001192092896
2699,1.0500000715255737,0.0,0.0,0.0,0.0,0.7500000596046448,0.30000001192092896
2700,0.8000001013278961,0.0,-1.0,0.0,0.0,1.5000001192092896,0.30000001192092896
2701,0.6750000417232513,0.0,0.0,0.0,0.0,0.3750000298023224,0.30000001192092896
2702,1.4250001013278961,0.0,0.0,0.0,0.0,1.1250000894069672,0.30000001192092896
2703,1.0500000715255737,0.0,0.0,0.0,0.0,0.7500000596046448,0.30000001192092896
2704,1.0500000715255737,0.0,0.0,0.0,0.0,0.7500000596046448,0.30000001192092896
2705,43.82500134781003,-1.0000001192092896,-3.600000023841858,0.0,0.0,47.52500194311142,0.9000000357627869
2706,1.0500000715255737,0.0,0.0,0.0,0.0,0.7500000596046448,0.30000001192092896
2707,2.424999952316284,0.0,1.0,0.0,0.0,1.1250000894069672,0.30000001192092896
2708,1.0500000715255737,0.0,0.0,0.0,0.0,0.7500000596046448,0.30000001192092896
2709,1.0500000715255737,0.0,0.0,0.0,0.0,0.7500000596046448,0.30000001192092896
2710,0.6750000417232513,0.0,0.0,0.0,0.0,0.3750000298023224,0.30000001192092896
2711,-0.32499995827674866,0.0,-1.0,0.0,0.0,0.3750000298023224,0.30000001192092896
2712,15.425000369548798,0.0,-5.0,0.0,0.0,20.125000566244125,0.30000001192092896
2713,0.6750000417232513,0.0,0.0,0.0,0.0,0.3750000298023224,0.30000001192092896
2714,1.6749999821186066,0.0,1.0,0.0,0.0,0.3750000298023224,0.30000001192092896
2715,0.05000007152557373,0.0,-1.0,0.0,0.0,0.7500000596046448,0.30000001192092896
2716,0.8000001013278961,0.0,-1.0,0.0,0.0,1.5000001192092896,0.30000001192092896
2717,1.4250001013278961,0.0,0.0,0.0,0.0,1.1250000894069672,0.30000001192092896
2718,1.9250002205371857,0.0,-1.0,0.0,0.0,2.6250002086162567,0.30000001192092896
2719,1.0500000715255737,0.0,0.0,0.0,0.0,0.7500000596046448,0.30000001192092896
2720,3.4249998927116394,0.0,2.0,0.0,0.0,1.1250000894069672,0.30000001192092896
2721,0.6750000417232513,0.0,0.0,0.0,0.0,0.3750000298023224,0.30000001192092896
2722,2.424999952316284,0.0,1.0,0.0,0.0,1.1250000894069672,0.30000001192092896
2723,0.6750000417232513,0.0,0.0,0.0,0.0,0.3750000298023224,0.30000001192092896
2724,21.550000231713057,0.0,-3.0,0.0,0.0,24.250000845640898,0.30000001192092896
2725,1.4250001013278961,0.0,0.0,0.0,0.0,1.1250000894069672,0.30000001192092896
2726,2.424999952316284,0.0,1.0,0.0,0.0,1.1250000894069672,0.30000001192092896
2727,0.42500007152557373,0.0,-1.0,0.0,0.0,1.1250000894069672,0.30000001192092896
2728,-0.32499995827674866,0.0,-1.0,0.0,0.0,0.3750000298023224,0.30000001192092896
2729,1.0500000715255737,0.0,0.0,0.0,0.0,0.7500000596046448,0.30000001192092896
2730,0.6750000417232513,0.0,0.0,0.0,0.0,0.3750000298023224,0.30000001192092896
2731,0.05000007152557373,0.0,-1.0,0.0,0.0,0.7500000596046448,0.30000001192092896
2732,0.6750000417232513,0.0,0.0,0.0,0.0,0.3750000298023224,0.30000001192092896
2733,1.8000001311302185,0.0,0.0,0.0,0.0,1.5000001192092896,0.30000001192092896
2734,0.6750000417232513,0.0,0.0,0.0,0.0,0.3750000298023224,0.30000001192092896
2735,1.4250001013278961,0.0,0.0,0.0,0.0,1.1250000894069672,0.30000001192092896
2736,1.6749999821186066,0.0,1.0,0.0,0.0,0.3750000298023224,0.30000001192092896
2737,-0.32499995827674866,0.0,-1.0,0.0,0.0,0.3750000298023224,0.30000001192092896
2738,16.950000252574682,-1.0000001192092896,-6.300000011920929,0.0,0.0,23.650000907480717,0.6000000238418579
2739,-0.32499995827674866,0.0,-1.0,0.0,0.0,0.3750000298023224,0.30000001192092896
2740,0.42500007152557373,0.0,-1.0,0.0,0.0,1.1250000894069672,0.30000001192092896
2741,0.05000004172325134,0.0,-1.0,0.0,0.0,0.7500000596046448,0.30000001192092896
2742,2.424999952316284,0.0,1.0,0.0,0.0,1.1250000894069672,0.30000001192092896
2743,11.375000905245543,0.0,-9.0,0.0,0.0,20.075001310557127,0.30000001192092896
2744,15.500000357627869,0.0,-1.300000011920929,0.0,0.0,16.20000061392784,0.6000000238418579
2745,0.6750000417232513,0.0,0.0,0.0,0.0,0.3750000298023224,0.30000001192092896
2746,27.75000051409006,-1.0000001192092896,5.899999976158142,0.0,0.0,21.65000092983246,1.2000000476837158
2747,0.8000001013278961,0.0,-1.0,0.0,0.0,1.5000001192092896,0.30000001192092896
2748,18.500000670552254,-1.0000001192092896,-2.5,0.0,0.0,21.400000873953104,0.6000000238418579
2749,1.0500000715255737,0.0,0.0,0.0,0.0,0.7500000596046448,0.30000001192092896
2750,1.4250001013278961,0.0,0.0,0.0,0.0,1.1250000894069672,0.30000001192092896
2751,-0.32499995827674866,0.0,-1.0,0.0,0.0,0.3750000298023224,0.30000001192092896
2752,1.0500000715255737,0.0,0.0,0.0,0.0,0.7500000596046448,0.30000001192092896
2753,13.650000311434269,0.0,-4.0,0.0,0.0,17.350000772625208,0.30000001192092896
2754,0.6750000417232513,0.0,0.0,0.0,0.0,0.3750000298023224,0.30000001192092896
2755,1.8000001311302185,0.0,0.0,0.0,0.0,1.5000001192092896,0.30000001192092896
2756,0.6750000417232513,0.0,0.0,0.0,0.0,0.3750000298023224,0.30000001192092896
2757,2.8250001966953278,0.0,-1.0,0.0,0.0,3.5250003039836884,0.30000001192092896
2758,32.675000213086605,0.0,5.0,0.0,0.0,27.375001590698957,0.30000001192092896
2759,1.8000001311302185,0.0,0.0,0.0,0.0,1.5000001192092896,0.30000001192092896
2760,36.974999744445086,-1.0000001192092896,-2.800000011920929,0.0,0.0,39.27500068023801,1.5000000596046448
2761,17.4500003606081,-1.0000001192092896,-1.0,0.0,0.0,19.15000081062317,0.30000001192092896
2762,2.424999952316284,0.0,1.0,0.0,0.0,1.1250000894069672,0.30000001192092896
2763,0.6750000417232513,0.0,0.0,0.0,0.0,0.3750000298023224,0.30000001192092896
2764,1.0500000715255737,0.0,0.0,0.0,0.0,0.7500000596046448,0.30000001192092896
2765,0.6750000417232513,0.0,0.0,0.0,0.0,0.3750000298023224,0.30000001192092896
2766,2.4250000417232513,0.0,1.0,0.0,0.0,1.1250000894069672,0.30000001192092896
2767,23.0000002682209,-1.0000001192092896,1.699999988079071,0.0,0.0,21.700000572949648,0.6000000238418579
2768,1.0500000715255737,0.0,0.0,0.0,0.0,0.7500000596046448,0.30000001192092896
2769,0.6750000417232513,0.0,0.0,0.0,0.0,0.3750000298023224,0.30000001192092896
2770,0.6750000417232513,0.0,0.0,0.0,0.0,0.3750000298023224,0.30000001192092896
2771,-1.324999988079071,0.0,-2.0,0.0,0.0,0.3750000298023224,0.30000001192092896
2772,0.6750000417232513,0.0,0.0,0.0,0.0,0.3750000298023224,0.30000001192092896
2773,0.8000001013278961,0.0,-1.0,0.0,0.0,1.5000001192092896,0.30000001192092896
2774,24.57499998807907,0.0,1.699999988079071,0.0,0.0,22.275001611560583,0.6000000238418579
2775,0.6750000417232513,0.0,0.0,0.0,0.0,0.3750000298023224,0.30000001192092896
2776,1.0500000715255737,0.0,0.0,0.0,0.0,0.7500000596046448,0.30000001192092896
2777,1.0500000715255737,0.0,0.0,0.0,0.0,0.7500000596046448,0.30000001192092896
2778,1.8000001311302185,0.0,0.0,0.0,0.0,1.5000001192092896,0.30000001192092896
2779,0.6750000417232513,0.0,0.0,0.0,0.0,0.3750000298023224,0.30000001192092896
2780,1.4250001013278961,0.0,0.0,0.0,0.0,1.1250000894069672,0.30000001192092896
2781,0.42500007152557373,0.0,-1.0,0.0,0.0,1.1250000894069672,0.30000001192092896
2782,1.4250001013278961,0.0,0.0,0.0,0.0,1.1250000894069672,0.30000001192092896
2783,0.6750000417232513,0.0,0.0,0.0,0.0,0.3750000298023224,0.30000001192092896
2784,27.350000951439142,0.0,0.0,0.0,0.0,27.05000126734376,0.30000001192092896
2785,1.0500000715255737,0.0,0.0,0.0,0.0,0.7500000596046448,0.30000001192092896
2786,27.37500073388219,-1.0000001192092896,3.099999964237213,0.0,0.0,24.075000442564487,1.2000000476837158
2787,12.875000219792128,-1.0000001192092896,-5.0,0.0,0.0,18.57500061392784,0.30000001192092896
2788,2.424999952316284,0.0,1.0,0.0,0.0,1.1250000894069672,0.30000001192092896
2789,0.6750000417232513,0.0,0.0,0.0,0.0,0.3750000298023224,0.30000001192092896
2790,1.4249999225139618,0.0,0.0,0.0,0.0,1.1250000894069672,0.30000001192092896
2791,1.4250001013278961,0.0,0.0,0.0,0.0,1.1250000894069672,0.30000001192092896
2792,21.400000158697367,0.0,-0.30000001192092896,0.0,0.0,21.100000601261854,0.6000000238418579
2793,2.424999952316284,0.0,1.0,0.0,0.0,1.1250000894069672,0.30000001192092896
2794,24.325000502169132,0.0,-0.30000001192092896,0.0,0.0,24.025000516325235,0.6000000238418579
2795,22.949999798089266,0.0,-1.9000000357627869,0.0,0.0,23.650000650435686,1.2000000476837158
2796,1.6749999821186066,0.0,1.0,0.0,0.0,0.3750000298023224,0.30000001192092896
2797,1.0500000715255737,0.0,0.0,0.0,0.0,0.7500000596046448,0.30000001192092896
2798,36.35000068321824,0.0,2.699999988079071,0.0,0.0,33.050001200288534,0.6000000238418579
2799,0.6750000417232513,0.0,0.0,0.0,0.0,0.3750000298023224,0.30000001192092896
2800,0.6750000417232513,0.0,0.0,0.0,0.0,0.3750000298023224,0.30000001192092896
2801,1.0499999821186066,0.0,0.0,0.0,0.0,0.7500000596046448,0.30000001192092896
2802,0.8000001013278961,0.0,-1.0,0.0,0.0,1.5000001192092896,0.30000001192092896
2803,0.42500007152557373,0.0,-1.0,0.0,0.0,1.1250000894069672,0.30000001192092896
2804,2.049999922513962,0.0,1.0,0.0,0.0,0.7500000596046448,0.30000001192092896
2805,0.6750000417232513,0.0,0.0,0.0,0.0,0.3750000298023224,0.30000001192092896
2806,20.60000091791153,0.0,1.5,0.0,0.0,18.200000822544098,0.9000000357627869
2807,1.0500000715255737,0.0,0.0,0.0,0.0,0.7500000596046448,0.30000001192092896
2808,1.4250001013278961,0.0,0.0,0.0,0.0,1.1250000894069672,0.30000001192092896
2809,21.50000035762787,-1.0000001192092896,2.0,0.0,0.0,20.200000558048487,0.30000001192092896
2810,2.424999952316284,0.0,1.0,0.0,0.0,1.1250000894069672,0.30000001192092896
2811,2.424999952316284,0.0,1.0,0.0,0.0,1.1250000894069672,0.30000001192092896
2812,0.42500007152557373,0.0,-1.0,0.0,0.0,1.1250000894069672,0.30000001192092896
2813,0.6750000417232513,0.0,0.0,0.0,0.0,0.3750000298023224,0.30000001192092896
2814,1.6749999821186066,0.0,1.0,0.0,0.0,0.3750000298023224,0.30000001192092896
2815,1.0500000715255737,0.0,0.0,0.0,0.0,0.7500000596046448,0.30000001192092896
2816,2.049999922513962,0.0,1.0,0.0,0.0,0.7500000596046448,0.30000001192092896
2817,0.6750000417232513,0.0,0.0,0.0,0.0,0.3750000298023224,0.30000001192092896
2818,2.049999922513962,0.0,1.0,0.0,0.0,0.7500000596046448,0.30000001192092896
2819,18.225000642240047,-1.0000001192092896,-1.300000011920929,0.0,0.0,19.92500103637576,0.6000000238418579
2820,0.4250001013278961,0.0,-1.0,0.0,0.0,1.1250000894069672,0.30000001192092896
2821,10.775000590831041,0.0,-6.0,0.0,0.0,16.475001014769077,0.30000001192092896
2822,0.6750000417232513,0.0,0.0,0.0,0.0,0.3750000298023224,0.30000001192092896
2823,0.8000001311302185,0.0,-1.0,0.0,0.0,1.5000001192092896,0.30000001192092896
2824,1.0500000715255737,0.0,0.0,0.0,0.0,0.7500000596046448,0.30000001192092896
2825,17.625000689178705,0.0,-4.0,0.0,0.0,21.32500137016177,0.30000001192092896
2826,-0.32499995827674866,0.0,-1.0,0.0,0.0,0.3750000298023224,0.30000001192092896
2827,0.6750000417232513,0.0,0.0,0.0,0.0,0.3750000298023224,0.30000001192092896
2828,1.0500000715255737,0.0,0.0,0.0,0.0,0.7500000596046448,0.30000001192092896
2829,0.6750000417232513,0.0,0.0,0.0,0.0,0.3750000298023224,0.30000001192092896
2830,1.0500000715255737,0.0,0.0,0.0,0.0,0.7500000596046448,0.30000001192092896
2831,8.175000429153442,0.0,0.5,-1.0,0.0,8.075000673532486,0.6000000238418579
2832,14.875000834465027,0.0,-3.0,0.0,0.0,17.275001138448715,0.6000000238418579
2833,0.6750000417232513,0.0,0.0,0.0,0.0,0.3750000298023224,0.30000001192092896
2834,25.500000413507223,0.0,6.099999964237213,0.0,0.0,18.200000796467066,1.2000000476837158
2835,1.6749999821186066,0.0,1.0,0.0,0.0,0.3750000298023224,0.30000001192092896
2836,1.4250001013278961,0.0,0.0,0.0,0.0,1.1250000894069672,0.30000001192092896
2837,1.0499998927116394,0.0,0.0,0.0,0.0,0.7500000596046448,0.30000001192092896
2838,18.07500008121133,0.0,-2.0,0.0,0.0,19.77500080317259,0.30000001192092896
2839,4.4249997437000275,0.0,3.0,0.0,0.0,1.1250000894069672,0.30000001192092896
2840,2.4250000417232513,0.0,1.0,0.0,0.0,1.1250000894069672,0.30000001192092896
2841,1.6749999821186066,0.0,1.0,0.0,0.0,0.3750000298023224,0.30000001192092896
2842,28.125000301748514,0.0,6.699999988079071,0.0,0.0,20.8250013589859,0.6000000238418579
2843,1.0500000715255737,0.0,0.0,0.0,0.0,0.7500000596046448,0.30000001192092896
2844,19.100000623613596,0.0,-0.6000000238418579,0.0,0.0,18.800000950694084,0.9000000357627869
2845,25.575001198798418,-1.0000001192092896,0.0,0.0,0.0,26.27500196546316,0.30000001192092896
2846,-0.19999992847442627,0.0,-2.0,0.0,0.0,1.5000001192092896,0.30000001192092896
2847,0.6750000417232513,0.0,0.0,0.0,0.0,0.3750000298023224,0.30000001192092896
2848,1.0500000715255737,0.0,0.0,0.0,0.0,0.7500000596046448,0.30000001192092896
2849,0.6750000417232513,0.0,0.0,0.0,0.0,0.3750000298023224,0.30000001192092896
2850,-0.32499995827674866,0.0,-1.0,0.0,0.0,0.3750000298023224,0.30000001192092896
2851,19.80000038072467,0.0,-1.0,0.0,0.0,20.500000953674316,0.30000001192092896
2852,2.7999999821186066,0.0,1.0,0.0,0.0,1.5000001192092896,0.30000001192092896
2853,2.4250000417232513,0.0,1.0,0.0,0.0,1.1250000894069672,0.30000001192092896
2854,20.725000232458115,0.0,-2.0,0.0,0.0,22.425000865012407,0.30000001192092896
2855,21.07500036805868,0.0,-1.300000011920929,0.0,0.0,21.775000903755426,0.6000000238418579
2856,24.000000558793545,-1.0000001192092896,-6.0,0.0,0.0,30.700001686811447,0.30000001192092896
2857,0.6750000417232513,0.0,0.0,0.0,0.0,0.3750000298023224,0.30000001192092896
2858,1.4250001013278961,0.0,0.0,0.0,0.0,1.1250000894069672,0.30000001192092896
2859,0.6750000417232513,0.0,0.0,0.0,0.0,0.3750000298023224,0.30000001192092896
2860,0.05000004172325134,0.0,-1.0,0.0,0.0,0.7500000596046448,0.30000001192092896
2861,36.550000321120024,0.0,2.0,0.0,0.0,34.25000071525574,0.30000001192092896
2862,0.6750000417232513,0.0,0.0,0.0,0.0,0.3750000298023224,0.30000001192092896
2863,0.6750000417232513,0.0,0.0,0.0,0.0,0.3750000298023224,0.30000001192092896
2864,0.6750000417232513,0.0,0.0,0.0,0.0,0.3750000298023224,0.30000001192092896
2865,9.350000143051147,0.0,-0.6000000238418579,0.0,0.0,9.050000250339508,0.9000000357627869
2866,0.6750000417232513,0.0,0.0,0.0,0.0,0.3750000298023224,0.30000001192092896
2867,39.475000113248825,0.0,-7.300000011920929,0.0,0.0,43.77500054240227,3.0000001192092896
2868,0.05000004172325134,0.0,-1.0,0.0,0.0,0.7500000596046448,0.30000001192092896
2869,0.6750000417232513,0.0,0.0,0.0,0.0,0.3750000298023224,0.30000001192092896
2870,2.1749999821186066,0.0,0.0,0.0,0.0,1.875000149011612,0.30000001192092896
2871,0.6750000417232513,0.0,0.0,0.0,0.0,0.3750000298023224,0.30000001192092896
2872,2.050000011920929,0.0,1.0,0.0,0.0,0.7500000596046448,0.30000001192092896
2873,0.4250001013278961,0.0,-1.0,0.0,0.0,1.1250000894069672,0.30000001192092896
2874,1.4250001013278961,0.0,0.0,0.0,0.0,1.1250000894069672,0.30000001192092896
2875,0.05000007152557373,0.0,-1.0,0.0,0.0,0.7500000596046448,0.30000001192092896
2876,0.6750000417232513,0.0,0.0,0.0,0.0,0.3750000298023224,0.30000001192092896
2877,1.0500000715255737,0.0,0.0,0.0,0.0,0.7500000596046448,0.30000001192092896
2878,0.6750000417232513,0.0,0.0,0.0,0.0,0.3750000298023224,0.30000001192092896
2879,1.0500000715255737,0.0,0.0,0.0,0.0,0.7500000596046448,0.30000001192092896
2880,18.249999698251486,-1.0000001192092896,-0.30000001192092896,0.0,0.0,18.950000546872616,0.6000000238418579
2881,1.0500000715255737,0.0,0.0,0.0,0.0,0.7500000596046448,0.30000001192092896
2882,0.42500007152557373,0.0,-1.0,0.0,0.0,1.1250000894069672,0.30000001192092896
2883,0.6750000417232513,0.0,0.0,0.0,0.0,0.3750000298023224,0.30000001192092896
2884,0.6750000417232513,0.0,0.0,0.0,0.0,0.3750000298023224,0.30000001192092896
2885,1.4249999225139618,0.0,0.0,0.0,0.0,1.1250000894069672,0.30000001192092896
2886,0.42500007152557373,0.0,-1.0,0.0,0.0,1.1250000894069672,0.30000001192092896
2887,40.10000016912818,-1.0000001192092896,11.5,-3.0,0.0,31.400001835078,1.2000000476837158
2888,8.050000339746475,0.0,-1.300000011920929,0.0,0.0,8.750000566244125,0.6000000238418579
2889,1.4250001013278961,0.0,0.0,0.0,0.0,1.1250000894069672,0.30000001192092896
2890,10.050000488758087,0.0,0.3999999761581421,0.0,0.0,8.750000774860382,0.9000000357627869
2891,17.87500014156103,0.0,3.0,0.0,0.0,14.575000416487455,0.30000001192092896
2892,1.0500000715255737,0.0,0.0,0.0,0.0,0.7500000596046448,0.30000001192092896
2893,30.27500092983246,0.0,7.5,0.0,0.0,22.17500064894557,0.6000000238418579
2894,1.0500000715255737,0.0,0.0,0.0,0.0,0.7500000596046448,0.30000001192092896
2895,1.0500000715255737,0.0,0.0,0.0,0.0,0.7500000596046448,0.30000001192092896
2896,2.7999999821186066,0.0,1.0,0.0,0.0,1.5000001192092896,0.30000001192092896
2897,1.0500000715255737,0.0,0.0,0.0,0.0,0.7500000596046448,0.30000001192092896
2898,31.350001093000174,0.0,5.199999988079071,0.0,0.0,25.250001214444637,0.9000000357627869
2899,0.6750000417232513,0.0,0.0,0.0,0.0,0.3750000298023224,0.30000001192092896
2900,1.7999997735023499,0.0,0.0,0.0,0.0,1.5000001192092896,0.30000001192092896
2901,1.4250001013278961,0.0,0.0,0.0,0.0,1.1250000894069672,0.30000001192092896
2902,1.0500000715255737,0.0,0.0,0.0,0.0,0.7500000596046448,0.30000001192092896
2903,25.625001180917025,0.0,-1.0,0.0,0.0,26.325001813471317,0.30000001192092896
2904,0.05000007152557373,0.0,-1.0,0.0,0.0,0.7500000596046448,0.30000001192092896
2905,67.55000087991357,0.0,6.099999964237213,0.5,0.0,58.55000276491046,2.4000000953674316
2906,3.4249998927116394,0.0,2.0,0.0,0.0,1.1250000894069672,0.30000001192092896
2907,-0.32499995827674866,0.0,-1.0,0.0,0.0,0.3750000298023224,0.30000001192092896
2908,0.6750000417232513,0.0,0.0,0.0,0.0,0.3750000298023224,0.30000001192092896
2909,1.0500000715255737,0.0,0.0,0.0,0.0,0.7500000596046448,0.30000001192092896
2910,0.6750000417232513,0.0,0.0,0.0,0.0,0.3750000298023224,0.30000001192092896
2911,1.4249999225139618,0.0,0.0,0.0,0.0,1.1250000894069672,0.30000001192092896
2912,0.6750000417232513,0.0,0.0,0.0,0.0,0.3750000298023224,0.30000001192092896
2913,2.4250000417232513,0.0,1.0,0.0,0.0,1.1250000894069672,0.30000001192092896
2914,15.600000977516174,0.0,0.699999988079071,0.0,0.0,14.300001204013824,0.6000000238418579
2915,0.6750000417232513,0.0,0.0,0.0,0.0,0.3750000298023224,0.30000001192092896
2916,9.050000369548798,0.0,2.0,0.0,0.0,6.750000596046448,0.30000001192092896
2917,1.0499999821186066,0.0,0.0,0.0,0.0,0.7500000596046448,0.30000001192092896
2918,20.575000915676355,-1.0000001192092896,-3.0,0.0,0.0,24.275001376867294,0.30000001192092896
2919,1.8000001311302185,0.0,0.0,0.0,0.0,1.5000001192092896,0.30000001192092896
2920,1.4250001013278961,0.0,0.0,0.0,0.0,1.1250000894069672,0.30000001192092896
2921,12.15000020340085,-1.0000001192092896,3.0,0.0,0.0,9.850000359117985,0.30000001192092896
2922,0.05000004172325134,0.0,-1.0,0.0,0.0,0.7500000596046448,0.30000001192092896
2923,0.6750000417232513,0.0,0.0,0.0,0.0,0.3750000298023224,0.30000001192092896
2924,1.0500000715255737,0.0,0.0,0.0,0.0,0.7500000596046448,0.30000001192092896
2925,20.15000071376562,0.0,3.0,0.0,0.0,16.850000619888306,0.30000001192092896
2926,2.424999952316284,0.0,1.0,0.0,0.0,1.1250000894069672,0.30000001192092896
2927,1.0500000715255737,0.0,0.0,0.0,0.0,0.7500000596046448,0.30000001192092896
2928,2.049999922513962,0.0,1.0,0.0,0.0,0.7500000596046448,0.30000001192092896
2929,1.0499999225139618,0.0,0.0,0.0,0.0,0.7500000596046448,0.30000001192092896
2930,0.05000004172325134,0.0,-1.0,0.0,0.0,0.7500000596046448,0.30000001192092896
2931,10.924999833106995,0.0,2.399999976158142,0.0,0.0,7.625000327825546,0.9000000357627869
2932,1.0500000715255737,0.0,0.0,0.0,0.0,0.7500000596046448,0.30000001192092896
2933,30.425000719726086,0.0,4.0,0.0,0.0,26.125000819563866,0.30000001192092896
2934,1.4249999523162842,0.0,0.0,0.0,0.0,1.1250000894069672,0.30000001192092896
2935,0.4250001013278961,0.0,-1.0,0.0,0.0,1.1250000894069672,0.30000001192092896
2936,18.3750007674098,-1.0000001192092896,1.699999988079071,0.0,0.0,17.075001120567322,0.6000000238418579
2937,0.6750000417232513,0.0,0.0,0.0,0.0,0.3750000298023224,0.30000001192092896
2938,1.0499998927116394,0.0,0.0,0.0,0.0,0.7500000596046448,0.30000001192092896
2939,0.6750000417232513,0.0,0.0,0.0,0.0,0.3750000298023224,0.30000001192092896
2940,0.42500007152557373,0.0,-1.0,0.0,0.0,1.1250000894069672,0.30000001192092896
2941,0.05000004172325134,0.0,-1.0,0.0,0.0,0.7500000596046448,0.30000001192092896
2942,0.6750000417232513,0.0,0.0,0.0,0.0,0.3750000298023224,0.30000001192092896
2943,1.4250001013278961,0.0,0.0,0.0,0.0,1.1250000894069672,0.30000001192092896
2944,19.699999645352364,0.0,2.399999976158142,0.0,0.0,16.10000041872263,1.2000000476837158
2945,19.875000707805157,0.0,2.0,0.0,0.0,17.57500048726797,0.30000001192092896
2946,0.05000007152557373,0.0,-1.0,0.0,0.0,0.7500000596046448,0.30000001192092896
2947,1.4250001013278961,0.0,0.0,0.0,0.0,1.1250000894069672,0.30000001192092896
2948,0.6750000417232513,0.0,0.0,0.0,0.0,0.3750000298023224,0.30000001192092896
2949,-0.5749999582767487,0.0,-2.0,0.0,0.0,1.1250000894069672,0.30000001192092896
2950,-0.32499995827674866,0.0,-1.0,0.0,0.0,0.3750000298023224,0.30000001192092896
2951,11.525000426918268,0.0,-5.600000023841858,0.0,0.0,16.225000616163015,0.9000000357627869
2952,0.6750000417232513,0.0,0.0,0.0,0.0,0.3750000298023224,0.30000001192092896
2953,1.0500000715255737,0.0,0.0,0.0,0.0,0.7500000596046448,0.30000001192092896
2954,0.6750000417232513,0.0,0.0,0.0,0.0,0.3750000298023224,0.30000001192092896
2955,1.4250001013278961,0.0,0.0,0.0,0.0,1.1250000894069672,0.30000001192092896
2956,0.05000007152557373,0.0,-1.0,0.0,0.0,0.7500000596046448,0.30000001192092896
2957,26.874999836087227,0.0,2.399999976158142,0.0,0.0,23.575001269578934,0.9000000357627869
2958,15.700000166893005,0.0,1.0999999642372131,0.0,0.0,13.400000184774399,1.2000000476837158
2959,1.0500000715255737,0.0,0.0,0.0,0.0,0.7500000596046448,0.30000001192092896
2960,0.6750000417232513,0.0,0.0,0.0,0.0,0.3750000298023224,0.30000001192092896
2961,0.42500007152557373,0.0,-1.0,0.0,0.0,1.1250000894069672,0.30000001192092896
2962,1.4249999225139618,0.0,0.0,0.0,0.0,1.1250000894069672,0.30000001192092896
2963,10.950000267475843,0.0,-2.0,0.0,0.0,12.650000553578138,0.30000001192092896
2964,26.82500048354268,0.0,3.199999988079071,-3.0,0.0,25.725001707673073,0.9000000357627869
2965,26.65000031143427,0.0,-2.100000023841858,-1.5,0.0,29.050000097602606,1.2000000476837158
2966,18.150000676512718,-1.0000001192092896,2.0,0.0,0.0,16.850001137703657,0.30000001192092896
2967,1.0500000715255737,0.0,0.0,0.0,0.0,0.7500000596046448,0.30000001192092896
2968,25.40000058338046,0.0,-14.300000011920929,0.0,0.0,39.10000102221966,0.6000000238418579
2969,18.900000672787428,0.0,-3.0,0.0,0.0,21.60000130161643,0.30000001192092896
2970,3.7999998331069946,0.0,2.0,0.0,0.0,1.5000001192092896,0.30000001192092896
2971,-0.32499995827674866,0.0,-1.0,0.0,0.0,0.3750000298023224,0.30000001192092896
2972,2.4250000417232513,0.0,1.0,0.0,0.0,1.1250000894069672,0.30000001192092896
2973,-0.5749999582767487,0.0,-2.0,0.0,0.0,1.1250000894069672,0.30000001192092896
2974,75.70000014826655,0.0,6.099999964237213,2.0,0.0,63.699999298900366,3.9000001549720764
2975,1.0500000715255737,0.0,0.0,0.0,0.0,0.7500000596046448,0.30000001192092896
2976,20.925000954419374,-1.0000001192092896,0.0,0.0,0.0,21.62500185519457,0.30000001192092896
2977,47.35000045970082,0.0,1.9999999403953552,-3.0,0.0,45.650000501424074,2.7000001072883606
2978,0.6750000417232513,0.0,0.0,0.0,0.0,0.3750000298023224,0.30000001192092896
2979,14.10000092163682,0.0,-3.5,0.0,0.0,17.000001430511475,0.6000000238418579
2980,2.7999999821186066,0.0,1.0,0.0,0.0,1.5000001192092896,0.30000001192092896
2981,21.10000079125166,0.0,1.0,0.0,0.0,19.800000838935375,0.30000001192092896
2982,9.599999785423279,0.0,3.0,0.0,0.0,6.300000309944153,0.30000001192092896
2983,3.049999862909317,0.0,2.0,0.0,0.0,0.7500000596046448,0.30000001192092896
2984,42.97500066831708,0.0,13.699999988079071,0.0,0.0,28.37500074878335,0.9000000357627869
2985,16.500000033527613,0.0,-2.600000023841858,0.0,0.0,18.20000083371997,0.9000000357627869
2986,1.8000000417232513,0.0,0.0,0.0,0.0,1.5000001192092896,0.30000001192092896
2987,64.89999888464808,-1.0000001192092896,21.999999940395355,-3.0,0.0,44.80000190064311,2.1000000834465027
2988,11.675000801682472,-1.0000001192092896,-5.0,0.0,0.0,17.375000957399607,0.30000001192092896
2989,1.0500000715255737,0.0,0.0,0.0,0.0,0.7500000596046448,0.30000001192092896
2990,1.4250001013278961,0.0,0.0,0.0,0.0,1.1250000894069672,0.30000001192092896
2991,0.6750000417232513,0.0,0.0,0.0,0.0,0.3750000298023224,0.30000001192092896
2992,0.6750000417232513,0.0,0.0,0.0,0.0,0.3750000298023224,0.30000001192092896
2993,1.4250001013278961,0.0,0.0,0.0,0.0,1.1250000894069672,0.30000001192092896
2994,19.02499994635582,-1.0000001192092896,-2.0,0.0,0.0,21.725000400096178,0.30000001192092896
2995,0.05000007152557373,0.0,-1.0,0.0,0.0,0.7500000596046448,0.30000001192092896
2996,1.0500000715255737,0.0,0.0,0.0,0.0,0.7500000596046448,0.30000001192092896
2997,2.049999922513962,0.0,1.0,0.0,0.0,0.7500000596046448,0.30000001192092896
2998,2.049999922513962,0.0,1.0,0.0,0.0,0.7500000596046448,0.30000001192092896
2999,22.275000754743814,0.0,1.4000000357627869,0.0,0.0,19.975000750273466,0.9000000357627869
3000,0.6750000417232513,0.0,0.0,0.0,0.0,0.3750000298023224,0.30000001192092896
3001,2.049999922513962,0.0,1.0,0.0,0.0,0.7500000596046448,0.30000001192092896
3002,1.6749999821186066,0.0,1.0,0.0,0.0,0.3750000298023224,0.30000001192092896
3003,0.6750000417232513,0.0,0.0,0.0,0.0,0.3750000298023224,0.30000001192092896
3004,1.0500000715255737,0.0,0.0,0.0,0.0,0.7500000596046448,0.30000001192092896
3005,20.175000578165054,0.0,-4.0,0.0,0.0,23.875001337379217,0.30000001192092896
3006,3.4249998033046722,0.0,2.0,0.0,0.0,1.1250000894069672,0.30000001192092896
3007,29.37500098720193,0.0,-1.300000011920929,0.0,0.0,30.075001627206802,0.6000000238418579
3008,0.6750000417232513,0.0,0.0,0.0,0.0,0.3750000298023224,0.30000001192092896
3009,0.42500007152557373,0.0,-1.0,0.0,0.0,1.1250000894069672,0.30000001192092896
3010,-0.32499995827674866,0.0,-1.0,0.0,0.0,0.3750000298023224,0.30000001192092896
3011,0.6750000417232513,0.0,0.0,0.0,0.0,0.3750000298023224,0.30000001192092896
3012,1.4250001013278961,0.0,0.0,0.0,0.0,1.1250000894069672,0.30000001192092896
3013,2.050000011920929,0.0,1.0,0.0,0.0,0.7500000596046448,0.30000001192092896
3014,23.875000305473804,0.0,2.0,0.0,0.0,21.575000938028097,0.30000001192092896
3015,20.02500046789646,0.0,1.0,0.0,0.0,18.725000899285078,0.30000001192092896
3016,21.175000920891762,0.0,-2.0,0.0,0.0,22.87500135973096,0.30000001192092896
3017,10.925000756978989,0.0,-1.9000000357627869,0.0,0.0,11.32500073313713,1.5000000596046448
3018,0.6750000417232513,0.0,0.0,0.0,0.0,0.3750000298023224,0.30000001192092896
3019,21.55000028759241,0.0,-0.30000001192092896,0.0,0.0,21.25000035390258,0.6000000238418579
3020,55.175001345574856,-1.0000001192092896,11.099999964237213,0.0,0.0,43.87500159442425,1.2000000476837158
3021,1.0500000715255737,0.0,0.0,0.0,0.0,0.7500000596046448,0.30000001192092896
3022,18.97500042617321,0.0,1.0,0.0,0.0,17.675000689923763,0.30000001192092896
3023,20.87500011920929,0.0,5.699999988079071,-1.5,0.0,15.47500029206276,1.2000000476837158
3024,20.500000566244125,0.0,1.0,0.0,0.0,19.200001507997513,0.30000001192092896
3025,21.850000858306885,0.0,4.199999988079071,0.0,0.0,16.750001072883606,0.9000000357627869
3026,0.6750000417232513,0.0,0.0,0.0,0.0,0.3750000298023224,0.30000001192092896
3027,1.0500000715255737,0.0,0.0,0.0,0.0,0.7500000596046448,0.30000001192092896
3028,27.77499969303608,0.0,0.0,0.0,0.0,27.475000254809856,0.30000001192092896
3029,2.424999952316284,0.0,1.0,0.0,0.0,1.1250000894069672,0.30000001192092896
3030,2.175000160932541,0.0,0.0,0.0,0.0,1.875000149011612,0.30000001192092896
3031,24.00000023469329,0.0,7.0,0.0,0.0,16.700000200420618,0.30000001192092896
3032,0.6750000417232513,0.0,0.0,0.0,0.0,0.3750000298023224,0.30000001192092896
3033,2.7999999821186066,0.0,1.0,0.0,0.0,1.5000001192092896,0.30000001192092896
3034,0.6750000417232513,0.0,0.0,0.0,0.0,0.3750000298023224,0.30000001192092896
3035,-0.32499995827674866,0.0,-1.0,0.0,0.0,0.3750000298023224,0.30000001192092896
3036,31.67500114813447,0.0,3.0,0.0,0.0,28.37500225380063,0.30000001192092896
3037,2.049999922513962,0.0,1.0,0.0,0.0,0.7500000596046448,0.30000001192092896
3038,0.42500007152557373,0.0,-1.0,0.0,0.0,1.1250000894069672,0.30000001192092896
3039,20.37500062212348,0.0,1.0,0.0,0.0,19.07500095665455,0.30000001192092896
3040,0.6750000417232513,0.0,0.0,0.0,0.0,0.3750000298023224,0.30000001192092896
3041,8.425000488758087,0.0,0.0,-3.0,0.0,10.525000602006912,0.9000000357627869
3042,0.4250001013278961,0.0,-1.0,0.0,0.0,1.1250000894069672,0.30000001192092896
3043,1.0500000715255737,0.0,0.0,0.0,0.0,0.7500000596046448,0.30000001192092896
3044,3.4249998927116394,0.0,2.0,0.0,0.0,1.1250000894069672,0.30000001192092896
3045,1.6749999821186066,0.0,1.0,0.0,0.0,0.3750000298023224,0.30000001192092896
3046,0.05000004172325134,0.0,-1.0,0.0,0.0,0.7500000596046448,0.30000001192092896
3047,2.424999952316284,0.0,1.0,0.0,0.0,1.1250000894069672,0.30000001192092896
3048,2.4250000417232513,0.0,1.0,0.0,0.0,1.1250000894069672,0.30000001192092896
3049,-0.32499995827674866,0.0,-1.0,0.0,0.0,0.3750000298023224,0.30000001192092896
3050,0.6750000417232513,0.0,0.0,0.0,0.0,0.3750000298023224,0.30000001192092896
3051,1.0500000715255737,0.0,0.0,0.0,0.0,0.7500000596046448,0.30000001192092896
3052,1.4250001013278961,0.0,0.0,0.0,0.0,1.1250000894069672,0.30000001192092896
3053,2.7999999821186066,0.0,1.0,0.0,0.0,1.5000001192092896,0.30000001192092896
3054,1.8000001311302185,0.0,0.0,0.0,0.0,1.5000001192092896,0.30000001192092896
3055,1.6749999821186066,0.0,1.0,0.0,0.0,0.3750000298023224,0.30000001192092896
3056,17.825000450015068,-1.0000001192092896,3.0,0.0,0.0,15.525000933557749,0.30000001192092896
3057,45.57500106096268,0.0,8.400000035762787,0.0,0.0,35.3750017285347,1.8000000715255737
3058,3.4249998033046722,0.0,2.0,0.0,0.0,1.1250000894069672,0.30000001192092896
3059,0.4250001013278961,0.0,-1.0,0.0,0.0,1.1250000894069672,0.30000001192092896
3060,1.4250001013278961,0.0,0.0,0.0,0.0,1.1250000894069672,0.30000001192092896
3061,1.0500000715255737,0.0,0.0,0.0,0.0,0.7500000596046448,0.30000001192092896
3062,29.97500030323863,0.0,11.399999976158142,0.0,0.0,17.07500085234642,1.5000000596046448
3063,0.6749999523162842,0.0,0.0,0.0,0.0,0.3750000298023224,0.30000001192092896
3064,2.050000011920929,0.0,1.0,0.0,0.0,0.7500000596046448,0.30000001192092896
3065,1.0500000715255737,0.0,0.0,0.0,0.0,0.7500000596046448,0.30000001192092896
3066,0.8000001013278961,0.0,-1.0,0.0,0.0,1.5000001192092896,0.30000001192092896
3067,0.6750000417232513,0.0,0.0,0.0,0.0,0.3750000298023224,0.30000001192092896
3068,16.52500046417117,-1.0000001192092896,-4.5,0.0,0.0,20.825000669807196,1.2000000476837158
3069,13.375000357627869,0.0,2.699999988079071,0.0,0.0,10.075000166893005,0.6000000238418579
3070,1.4250001013278961,0.0,0.0,0.0,0.0,1.1250000894069672,0.30000001192092896
3071,2.424999952316284,0.0,1.0,0.0,0.0,1.1250000894069672,0.30000001192092896
3072,2.424999952316284,0.0,1.0,0.0,0.0,1.1250000894069672,0.30000001192092896
3073,0.6750000417232513,0.0,0.0,0.0,0.0,0.3750000298023224,0.30000001192092896
3074,1.0500000715255737,0.0,0.0,0.0,0.0,0.7500000596046448,0.30000001192092896
3075,3.2500001788139343,0.0,1.0,0.0,0.0,1.9500001668930054,0.30000001192092896
3076,0.6750000417232513,0.0,0.0,0.0,0.0,0.3750000298023224,0.30000001192092896
3077,1.4250001013278961,0.0,0.0,0.0,0.0,1.1250000894069672,0.30000001192092896
3078,2.175000160932541,0.0,0.0,0.0,0.0,1.875000149011612,0.30000001192092896
3079,2.049999922513962,0.0,1.0,0.0,0.0,0.7500000596046448,0.30000001192092896
3080,1.6749999821186066,0.0,1.0,0.0,0.0,0.3750000298023224,0.30000001192092896
3081,24.600000590085983,0.0,1.7999999523162842,0.0,0.0,21.30000053718686,1.5000000596046448
3082,28.800000313669443,0.0,8.0,0.0,0.0,20.50000110641122,0.30000001192092896
3083,1.0499999821186066,0.0,0.0,0.0,0.0,0.7500000596046448,0.30000001192092896
3084,-0.32499995827674866,0.0,-1.0,0.0,0.0,0.3750000298023224,0.30000001192092896
3085,2.424999952316284,0.0,1.0,0.0,0.0,1.1250000894069672,0.30000001192092896
3086,0.6750000417232513,0.0,0.0,0.0,0.0,0.3750000298023224,0.30000001192092896
3087,28.950000416487455,0.0,8.699999988079071,0.0,0.0,19.650001019239426,0.6000000238418579
3088,1.4250001013278961,0.0,0.0,0.0,0.0,1.1250000894069672,0.30000001192092896
3089,1.8000001311302185,0.0,0.0,0.0,0.0,1.5000001192092896,0.30000001192092896
3090,3.4249998927116394,0.0,2.0,0.0,0.0,1.1250000894069672,0.30000001192092896
3091,1.0500000715255737,0.0,0.0,0.0,0.0,0.7500000596046448,0.30000001192092896
3092,0.6750000417232513,0.0,0.0,0.0,0.0,0.3750000298023224,0.30000001192092896
3093,19.225000351667404,-1.0000001192092896,1.399999976158142,0.0,0.0,17.925000336021185,0.9000000357627869
3094,1.8000001311302185,0.0,0.0,0.0,0.0,1.5000001192092896,0.30000001192092896
3095,3.049999862909317,0.0,2.0,0.0,0.0,0.7500000596046448,0.30000001192092896
3096,1.0500000715255737,0.0,0.0,0.0,0.0,0.7500000596046448,0.30000001192092896
3097,-0.32499995827674866,0.0,-1.0,0.0,0.0,0.3750000298023224,0.30000001192092896
3098,2.049999922513962,0.0,1.0,0.0,0.0,0.7500000596046448,0.30000001192092896
3099,0.42500007152557373,0.0,-1.0,0.0,0.0,1.1250000894069672,0.30000001192092896
3100,29.050000429153442,-1.0000001192092896,6.0,0.0,0.0,23.75000039488077,0.30000001192092896
3101,19.700001042336226,0.0,0.0,0.0,0.0,19.40000158548355,0.30000001192092896
3102,1.0500000715255737,0.0,0.0,0.0,0.0,0.7500000596046448,0.30000001192092896
3103,2.049999922513962,0.0,1.0,0.0,0.0,0.7500000596046448,0.30000001192092896
3104,-0.5749999284744263,0.0,-2.0,0.0,0.0,1.1250000894069672,0.30000001192092896
3105,0.6750000417232513,0.0,0.0,0.0,0.0,0.3750000298023224,0.30000001192092896
3106,1.0500000715255737,0.0,0.0,0.0,0.0,0.7500000596046448,0.30000001192092896
3107,36.4000005684793,0.0,12.0,0.0,0.0,24.100001603364944,0.30000001192092896
3108,0.42500007152557373,0.0,-1.0,0.0,0.0,1.1250000894069672,0.30000001192092896
3109,0.6750000417232513,0.0,0.0,0.0,0.0,0.3750000298023224,0.30000001192092896
3110,0.6750000417232513,0.0,0.0,0.0,0.0,0.3750000298023224,0.30000001192092896
3111,18.299999680370092,0.0,-2.599999964237213,0.0,0.0,20.000000443309546,0.9000000357627869
3112,21.12500039488077,-1.0000001192092896,2.699999988079071,0.0,0.0,18.82500096783042,0.6000000238418579
3113,0.4249999225139618,0.0,-1.0,0.0,0.0,1.1250000894069672,0.30000001192092896
3114,0.6750000417232513,0.0,0.0,0.0,0.0,0.3750000298023224,0.30000001192092896
3115,1.0500000715255737,0.0,0.0,0.0,0.0,0.7500000596046448,0.30000001192092896
3116,30.025000255554914,-1.0000001192092896,6.5,0.0,0.0,23.925000097602606,0.6000000238418579
3117,3.4249998927116394,0.0,2.0,0.0,0.0,1.1250000894069672,0.30000001192092896
3118,28.375000409781933,0.0,7.399999976158142,0.0,0.0,20.075000669807196,0.9000000357627869
3119,1.0500000715255737,0.0,0.0,0.0,0.0,0.7500000596046448,0.30000001192092896
3120,3.049999862909317,0.0,2.0,0.0,0.0,0.7500000596046448,0.30000001192092896
3121,4.450000554323196,0.0,-2.5,-1.5,0.0,7.85000067949295,0.6000000238418579
3122,7.549999922513962,0.0,2.0,0.0,0.0,5.250000417232513,0.30000001192092896
3123,1.0500000715255737,0.0,0.0,0.0,0.0,0.7500000596046448,0.30000001192092896
3124,1.0500000715255737,0.0,0.0,0.0,0.0,0.7500000596046448,0.30000001192092896
3125,0.6750000417232513,0.0,0.0,0.0,0.0,0.3750000298023224,0.30000001192092896
3126,0.42500007152557373,0.0,-1.0,0.0,0.0,1.1250000894069672,0.30000001192092896
3127,1.6749999821186066,0.0,1.0,0.0,0.0,0.3750000298023224,0.30000001192092896
3128,2.7999999821186066,0.0,1.0,0.0,0.0,1.5000001192092896,0.30000001192092896
3129,2.424999952316284,0.0,1.0,0.0,0.0,1.1250000894069672,0.30000001192092896
3130,1.0499999821186066,0.0,0.0,0.0,0.0,0.7500000596046448,0.30000001192092896
3131,26.175000205636024,-1.0000001192092896,6.399999976158142,0.0,0.0,19.875001404434443,0.9000000357627869
3132,0.6750000417232513,0.0,0.0,0.0,0.0,0.3750000298023224,0.30000001192092896
3133,3.4249998033046722,0.0,2.0,0.0,0.0,1.1250000894069672,0.30000001192092896
3134,1.6749999821186066,0.0,1.0,0.0,0.0,0.3750000298023224,0.30000001192092896
3135,0.42500007152557373,0.0,-1.0,0.0,0.0,1.1250000894069672,0.30000001192092896
3136,2.050000011920929,0.0,1.0,0.0,0.0,0.7500000596046448,0.30000001192092896
3137,6.2000004053115845,0.0,-4.600000023841858,0.0,0.0,9.900000751018524,0.9000000357627869
3138,0.4250001013278961,0.0,-1.0,0.0,0.0,1.1250000894069672,0.30000001192092896
3139,0.6750000417232513,0.0,0.0,0.0,0.0,0.3750000298023224,0.30000001192092896
3140,1.4249999523162842,0.0,0.0,0.0,0.0,1.1250000894069672,0.30000001192092896
3141,2.049999922513962,0.0,1.0,0.0,0.0,0.7500000596046448,0.30000001192092896
3142,29.050001081079245,0.0,7.0,0.0,0.0,21.750000897794962,0.30000001192092896
3143,1.0500000715255737,0.0,0.0,0.0,0.0,0.7500000596046448,0.30000001192092896
3144,1.7999999523162842,0.0,0.0,0.0,0.0,1.5000001192092896,0.30000001192092896
3145,37.37500016391277,0.0,10.699999988079071,0.0,0.0,26.075000517070293,0.6000000238418579
3146,1.0500000715255737,0.0,0.0,0.0,0.0,0.7500000596046448,0.30000001192092896
3147,22.575000051409006,0.0,4.5,0.0,0.0,17.475000523030758,0.6000000238418579
3148,1.8000000417232513,0.0,0.0,0.0,0.0,1.5000001192092896,0.30000001192092896
3149,0.6750000417232513,0.0,0.0,0.0,0.0,0.3750000298023224,0.30000001192092896
3150,1.0500000715255737,0.0,0.0,0.0,0.0,0.7500000596046448,0.30000001192092896
3151,0.6750000417232513,0.0,0.0,0.0,0.0,0.3750000298023224,0.30000001192092896
3152,1.0500000715255737,0.0,0.0,0.0,0.0,0.7500000596046448,0.30000001192092896
3153,19.9500000923872,0.0,1.699999988079071,0.0,0.0,17.65000106021762,0.6000000238418579
3154,67.50000150874257,-1.0000001192092896,10.699999988079071,0.0,0.0,56.300001207739115,1.5000000596046448
3155,2.424999952316284,0.0,1.0,0.0,0.0,1.1250000894069672,0.30000001192092896
3156,7.900000482797623,0.0,-3.300000011920929,0.0,0.0,10.600000590085983,0.6000000238418579
3157,15.825000312179327,0.0,3.0,0.0,0.0,12.525000546127558,0.30000001192092896
3158,62.27500056475401,0.0,11.199999928474426,-3.0,0.0,51.37500170618296,2.7000001072883606
3159,0.6750000417232513,0.0,0.0,0.0,0.0,0.3750000298023224,0.30000001192092896
3160,17.17500040307641,-1.0000001192092896,1.0,0.0,0.0,16.87500088661909,0.30000001192092896
3161,1.6749999821186066,0.0,1.0,0.0,0.0,0.3750000298023224,0.30000001192092896
3162,0.6750000417232513,0.0,0.0,0.0,0.0,0.3750000298023224,0.30000001192092896
3163,46.07500121742487,0.0,13.199999988079071,0.0,0.0,31.975001133978367,0.9000000357627869
3164,0.6750000417232513,0.0,0.0,0.0,0.0,0.3750000298023224,0.30000001192092896
3165,9.150000009685755,-1.0000001192092896,1.0,0.0,0.0,8.850000482052565,0.30000001192092896
3166,2.424999952316284,0.0,1.0,0.0,0.0,1.1250000894069672,0.30000001192092896
3167,1.6749999821186066,0.0,1.0,0.0,0.0,0.3750000298023224,0.30000001192092896
3168,1.0500000715255737,0.0,0.0,0.0,0.0,0.7500000596046448,0.30000001192092896
3169,2.049999922513962,0.0,1.0,0.0,0.0,0.7500000596046448,0.30000001192092896
3170,8.875000566244125,0.0,-1.9000000357627869,0.0,0.0,9.575000584125519,1.2000000476837158
3171,1.0499999821186066,0.0,0.0,0.0,0.0,0.7500000596046448,0.30000001192092896
3172,0.6750000417232513,0.0,0.0,0.0,0.0,0.3750000298023224,0.30000001192092896
3173,0.05000007152557373,0.0,-1.0,0.0,0.0,0.7500000596046448,0.30000001192092896
3174,26.675000250339508,0.0,7.0,0.0,0.0,19.37500086799264,0.30000001192092896
3175,0.4250001013278961,0.0,-1.0,0.0,0.0,1.1250000894069672,0.30000001192092896
3176,2.424999952316284,0.0,1.0,0.0,0.0,1.1250000894069672,0.30000001192092896
3177,0.6750000417232513,0.0,0.0,0.0,0.0,0.3750000298023224,0.30000001192092896
3178,0.8000001311302185,0.0,-1.0,0.0,0.0,1.5000001192092896,0.30000001192092896
3179,23.27500108256936,0.0,-2.0,0.0,0.0,24.975001834332943,0.30000001192092896
3180,10.550000309944153,0.0,0.699999988079071,0.0,0.0,9.250000417232513,0.6000000238418579
3181,3.049999862909317,0.0,2.0,0.0,0.0,0.7500000596046448,0.30000001192092896
3182,1.4250001013278961,0.0,0.0,0.0,0.0,1.1250000894069672,0.30000001192092896
3183,22.4750011600554,0.0,4.0,0.0,0.0,18.17500103265047,0.30000001192092896
3184,0.6750000417232513,0.0,0.0,0.0,0.0,0.3750000298023224,0.30000001192092896
3185,0.6750000417232513,0.0,0.0,0.0,0.0,0.3750000298023224,0.30000001192092896
3186,9.800000727176666,0.0,-1.300000011920929,0.0,0.0,10.500000834465027,0.6000000238418579
3187,1.0500000715255737,0.0,0.0,0.0,0.0,0.7500000596046448,0.30000001192092896
3188,1.6749999821186066,0.0,1.0,0.0,0.0,0.3750000298023224,0.30000001192092896
3189,0.8000001013278961,0.0,-1.0,0.0,0.0,1.5000001192092896,0.30000001192092896
3190,-0.9499999582767487,0.0,-2.0,0.0,0.0,0.7500000596046448,0.30000001192092896
3191,1.0500000715255737,0.0,0.0,0.0,0.0,0.7500000596046448,0.30000001192092896
3192,24.92500077188015,0.0,4.199999988079071,-1.5,0.0,21.325001131743193,0.9000000357627869
3193,44.825001414865255,0.0,16.19999998807907,-3.0,0.0,30.72500127926469,0.9000000357627869
3194,25.650000371038914,-1.0000001192092896,0.699999988079071,0.0,0.0,25.35000129044056,0.6000000238418579
3195,1.4250001013278961,0.0,0.0,0.0,0.0,1.1250000894069672,0.30000001192092896
3196,54.17500077188015,-1.0000001192092896,5.399999916553497,-1.5,0.0,47.97500142082572,3.3000001311302185
3197,0.6750000417232513,0.0,0.0,0.0,0.0,0.3750000298023224,0.30000001192092896
3198,0.8000001013278961,0.0,-1.0,0.0,0.0,1.5000001192092896,0.30000001192092896
3199,32.675000347197056,0.0,8.0,0.0,0.0,24.375000689178705,0.30000001192092896
3200,1.0499998927116394,0.0,0.0,0.0,0.0,0.7500000596046448,0.30000001192092896
3201,32.850000504404306,0.0,7.5,0.0,0.0,24.750001303851604,0.6000000238418579
3202,1.0500000715255737,0.0,0.0,0.0,0.0,0.7500000596046448,0.30000001192092896
3203,2.7999999821186066,0.0,1.0,0.0,0.0,1.5000001192092896,0.30000001192092896
3204,2.424999952316284,0.0,1.0,0.0,0.0,1.1250000894069672,0.30000001192092896
3205,0.6750000417232513,0.0,0.0,0.0,0.0,0.3750000298023224,0.30000001192092896
3206,2.424999952316284,0.0,1.0,0.0,0.0,1.1250000894069672,0.30000001192092896
3207,1.4250001013278961,0.0,0.0,0.0,0.0,1.1250000894069672,0.30000001192092896
3208,36.90000046789646,0.0,7.0,0.0,0.0,29.600001964718103,0.30000001192092896
3209,2.050000011920929,0.0,1.0,0.0,0.0,0.7500000596046448,0.30000001192092896
3210,1.0500000715255737,0.0,0.0,0.0,0.0,0.7500000596046448,0.30000001192092896
3211,54.20000186562538,0.0,11.099999964237213,0.0,0.0,41.60000163316727,1.5000000596046448
3212,2.7999999821186066,0.0,1.0,0.0,0.0,1.5000001192092896,0.30000001192092896
3213,1.6749999821186066,0.0,1.0,0.0,0.0,0.3750000298023224,0.30000001192092896
3214,0.6750000417232513,0.0,0.0,0.0,0.0,0.3750000298023224,0.30000001192092896
3215,31.6750000230968,0.0,5.5,0.0,0.0,25.575001176446676,0.6000000238418579
3216,0.05000004172325134,0.0,-1.0,0.0,0.0,0.7500000596046448,0.30000001192092896
3217,2.049999922513962,0.0,1.0,0.0,0.0,0.7500000596046448,0.30000001192092896
3218,2.424999952316284,0.0,1.0,0.0,0.0,1.1250000894069672,0.30000001192092896
3219,42.47500240430236,-1.0000001192092896,12.0,0.0,0.0,31.175001196563244,0.30000001192092896
3220,1.0500000715255737,0.0,0.0,0.0,0.0,0.7500000596046448,0.30000001192092896
3221,2.04999977350235,0.0,1.0,0.0,0.0,0.7500000596046448,0.30000001192092896
3222,0.42500007152557373,0.0,-1.0,0.0,0.0,1.1250000894069672,0.30000001192092896
3223,9.27500006556511,0.0,4.5,-3.0,0.0,7.175000339746475,0.6000000238418579
3224,17.674999922513962,0.0,5.699999988079071,0.0,0.0,11.375000387430191,0.6000000238418579
3225,1.4250001013278961,0.0,0.0,0.0,0.0,1.1250000894069672,0.30000001192092896
3226,23.899999883025885,0.0,4.399999976158142,0.0,0.0,18.60000067576766,0.9000000357627869
3227,2.049999922513962,0.0,1.0,0.0,0.0,0.7500000596046448,0.30000001192092896
3228,0.6750000417232513,0.0,0.0,0.0,0.0,0.3750000298023224,0.30000001192092896
3229,5.875000029802322,0.0,0.3999999761581421,0.0,0.0,4.57500034570694,0.9000000357627869
3230,0.6750000417232513,0.0,0.0,0.0,0.0,0.3750000298023224,0.30000001192092896
3231,35.57500068098307,0.0,8.399999976158142,0.0,0.0,26.275001756846905,0.9000000357627869
3232,1.0500000715255737,0.0,0.0,0.0,0.0,0.7500000596046448,0.30000001192092896
3233,0.6750000417232513,0.0,0.0,0.0,0.0,0.3750000298023224,0.30000001192092896
3234,1.0500000715255737,0.0,0.0,0.0,0.0,0.7500000596046448,0.30000001192092896
3235,2.049999922513962,0.0,1.0,0.0,0.0,0.7500000596046448,0.30000001192092896
3236,2.049999922513962,0.0,1.0,0.0,0.0,0.7500000596046448,0.30000001192092896
3237,1.8000001311302185,0.0,0.0,0.0,0.0,1.5000001192092896,0.30000001192092896
3238,16.450000375509262,0.0,2.5,0.0,0.0,13.350000619888306,0.6000000238418579
3239,1.0500000715255737,0.0,0.0,0.0,0.0,0.7500000596046448,0.30000001192092896
3240,1.8000001311302185,0.0,0.0,0.0,0.0,1.5000001192092896,0.30000001192092896
3241,0.6750000417232513,0.0,0.0,0.0,0.0,0.3750000298023224,0.30000001192092896
3242,32.750000942498446,0.0,7.699999988079071,0.0,0.0,24.1500006839633,0.9000000357627869
3243,26.150000732392073,0.0,2.5,0.0,0.0,23.05000065639615,0.6000000238418579
3244,-0.32499998807907104,0.0,-1.0,0.0,0.0,0.3750000298023224,0.30000001192092896
3245,1.4250001013278961,0.0,0.0,0.0,0.0,1.1250000894069672,0.30000001192092896
3246,0.6750000417232513,0.0,0.0,0.0,0.0,0.3750000298023224,0.30000001192092896
3247,2.9250002205371857,0.0,0.0,0.0,0.0,2.6250002086162567,0.30000001192092896
3248,1.4250001013278961,0.0,0.0,0.0,0.0,1.1250000894069672,0.30000001192092896
3249,2.049999922513962,0.0,1.0,0.0,0.0,0.7500000596046448,0.30000001192092896
3250,0.6750000417232513,0.0,0.0,0.0,0.0,0.3750000298023224,0.30000001192092896
3251,1.4250001013278961,0.0,0.0,0.0,0.0,1.1250000894069672,0.30000001192092896
3252,1.8000001311302185,0.0,0.0,0.0,0.0,1.5000001192092896,0.30000001192092896
3253,2.424999952316284,0.0,1.0,0.0,0.0,1.1250000894069672,0.30000001192092896
3254,36.175000343471766,0.0,13.5,0.0,0.0,22.07500083371997,0.6000000238418579
3255,2.7999999821186066,0.0,1.0,0.0,0.0,1.5000001192092896,0.30000001192092896
3256,0.6750000417232513,0.0,0.0,0.0,0.0,0.3750000298023224,0.30000001192092896
3257,0.6750000417232513,0.0,0.0,0.0,0.0,0.3750000298023224,0.30000001192092896
3258,20.599999997764826,-1.0000001192092896,3.0,0.0,0.0,18.300000302493572,0.30000001192092896
3259,23.72500093281269,-1.0000001192092896,4.0,0.0,0.0,20.42500116676092,0.30000001192092896
3260,22.274999741464853,0.0,5.699999988079071,0.0,0.0,15.975000612437725,0.6000000238418579
3261,1.6749999821186066,0.0,1.0,0.0,0.0,0.3750000298023224,0.30000001192092896
3262,67.0000030733645,0.0,16.099999964237213,0.0,0.0,49.7000015899539,1.2000000476837158
3263,1.4250001013278961,0.0,0.0,0.0,0.0,1.1250000894069672,0.30000001192092896
3264,0.6750000417232513,0.0,0.0,0.0,0.0,0.3750000298023224,0.30000001192092896
3265,1.4250001013278961,0.0,0.0,0.0,0.0,1.1250000894069672,0.30000001192092896
3266,1.4250001013278961,0.0,0.0,0.0,0.0,1.1250000894069672,0.30000001192092896
3267,0.05000004172325134,0.0,-1.0,0.0,0.0,0.7500000596046448,0.30000001192092896
3268,40.75000001117587,-1.0000001192092896,9.5,0.0,0.0,31.650000482797623,0.6000000238418579
3269,40.525001648813486,0.0,7.399999976158142,0.0,0.0,32.2250017747283,0.9000000357627869
3270,31.900000657886267,0.0,3.299999952316284,0.0,0.0,26.800001494586468,1.8000000715255737
3271,0.05000007152557373,0.0,-1.0,0.0,0.0,0.7500000596046448,0.30000001192092896
3272,1.0500000715255737,0.0,0.0,0.0,0.0,0.7500000596046448,0.30000001192092896
3273,0.6750000417232513,0.0,0.0,0.0,0.0,0.3750000298023224,0.30000001192092896
3274,25.600000761449337,0.0,-2.0,0.0,0.0,27.30000154301524,0.30000001192092896
3275,1.0500000715255737,0.0,0.0,0.0,0.0,0.7500000596046448,0.30000001192092896
3276,3.175000011920929,0.0,1.0,0.0,0.0,1.875000149011612,0.30000001192092896
3277,3.4249998927116394,0.0,2.0,0.0,0.0,1.1250000894069672,0.30000001192092896
3278,37.32499973848462,0.0,12.699999988079071,0.0,0.0,24.025001529604197,0.6000000238418579
3279,2.424999952316284,0.0,1.0,0.0,0.0,1.1250000894069672,0.30000001192092896
3280,2.049999922513962,0.0,1.0,0.0,0.0,0.7500000596046448,0.30000001192092896
3281,64.67500210925937,-1.0000001192092896,18.299999952316284,-3.0,0.0,48.275003392249346,2.1000000834465027
3282,25.20000072568655,0.0,5.699999988079071,0.0,0.0,18.900001049041748,0.6000000238418579
3283,26.07499985396862,-1.0000001192092896,-2.300000011920929,0.0,0.0,28.774999909102917,0.6000000238418579
3284,2.050000011920929,0.0,1.0,0.0,0.0,0.7500000596046448,0.30000001192092896
3285,1.0500000715255737,0.0,0.0,0.0,0.0,0.7500000596046448,0.30000001192092896
3286,2.049999922513962,0.0,1.0,0.0,0.0,0.7500000596046448,0.30000001192092896
3287,1.0500000715255737,0.0,0.0,0.0,0.0,0.7500000596046448,0.30000001192092896
3288,0.6750000417232513,0.0,0.0,0.0,0.0,0.3750000298023224,0.30000001192092896
3289,24.8750003837049,-1.0000001192092896,8.0,0.0,0.0,17.575000815093517,0.30000001192092896
3290,0.6750000417232513,0.0,0.0,0.0,0.0,0.3750000298023224,0.30000001192092896
3291,28.600000392645597,0.0,8.5,0.0,0.0,19.500000923871994,0.6000000238418579
3292,3.175000101327896,0.0,1.0,0.0,0.0,1.875000149011612,0.30000001192092896
3293,3.175000011920929,0.0,1.0,0.0,0.0,1.875000149011612,0.30000001192092896
3294,24.424999982118607,0.0,3.399999976158142,0.0,0.0,19.825000554323196,1.2000000476837158
3295,1.0500000715255737,0.0,0.0,0.0,0.0,0.7500000596046448,0.30000001192092896
3296,1.4250001013278961,0.0,0.0,0.0,0.0,1.1250000894069672,0.30000001192092896
3297,1.4250001013278961,0.0,0.0,0.0,0.0,1.1250000894069672,0.30000001192092896
3298,30.00000113621354,-1.0000001192092896,2.0,0.0,0.0,28.7000013589859,0.30000001192092896
3299,36.35000063478947,-1.0000001192092896,14.0,0.0,0.0,23.050001196563244,0.30000001192092896
3300,56.6749999076128,-1.0000001192092896,16.799999952316284,-4.5,0.0,42.375001445412636,3.0000001192092896
3301,2.049999922513962,0.0,1.0,0.0,0.0,0.7500000596046448,0.30000001192092896
3302,27.699999548494816,0.0,9.699999988079071,0.0,0.0,17.400000296533108,0.6000000238418579
3303,37.64999965950847,0.0,8.399999976158142,0.0,0.0,28.05000041425228,1.2000000476837158
3304,1.4250001013278961,0.0,0.0,0.0,0.0,1.1250000894069672,0.30000001192092896
3305,1.6749999821186066,0.0,1.0,0.0,0.0,0.3750000298023224,0.30000001192092896
3306,2.050000011920929,0.0,1.0,0.0,0.0,0.7500000596046448,0.30000001192092896
3307,2.7999999821186066,0.0,1.0,0.0,0.0,1.5000001192092896,0.30000001192092896
3308,2.7999999821186066,0.0,1.0,0.0,0.0,1.5000001192092896,0.30000001192092896
3309,36.72500020265579,0.0,9.199999988079071,-4.5,0.0,29.9250006377697,2.1000000834465027
3310,2.050000011920929,0.0,1.0,0.0,0.0,0.7500000596046448,0.30000001192092896
3311,1.4250001013278961,0.0,0.0,0.0,0.0,1.1250000894069672,0.30000001192092896
3312,6.575000286102295,0.0,2.0,0.0,0.0,4.275000303983688,0.30000001192092896
3313,28.57500033080578,0.0,5.0,0.0,0.0,23.275001365691423,0.30000001192092896
3314,14.250000845640898,0.0,-4.0,0.0,0.0,17.950001120567322,0.30000001192092896
3315,2.424999952316284,0.0,1.0,0.0,0.0,1.1250000894069672,0.30000001192092896
3316,0.05000004172325134,0.0,-1.0,0.0,0.0,0.7500000596046448,0.30000001192092896
3317,1.0500000715255737,0.0,0.0,0.0,0.0,0.7500000596046448,0.30000001192092896
3318,2.424999952316284,0.0,1.0,0.0,0.0,1.1250000894069672,0.30000001192092896
3319,2.424999952316284,0.0,1.0,0.0,0.0,1.1250000894069672,0.30000001192092896
3320,2.175000160932541,0.0,0.0,0.0,0.0,1.875000149011612,0.30000001192092896
3321,0.6750000417232513,0.0,0.0,0.0,0.0,0.3750000298023224,0.30000001192092896
3322,2.049999922513962,0.0,1.0,0.0,0.0,0.7500000596046448,0.30000001192092896
3323,32.14999945834279,-1.0000001192092896,9.399999976158142,0.0,0.0,22.85000090301037,0.9000000357627869
3324,1.4250001013278961,0.0,0.0,0.0,0.0,1.1250000894069672,0.30000001192092896
3325,12.425000309944153,0.0,1.399999976158142,0.0,0.0,10.12500086426735,0.9000000357627869
3326,1.0500000715255737,0.0,0.0,0.0,0.0,0.7500000596046448,0.30000001192092896
3327,0.6750000417232513,0.0,0.0,0.0,0.0,0.3750000298023224,0.30000001192092896
3328,1.0500000715255737,0.0,0.0,0.0,0.0,0.7500000596046448,0.30000001192092896
3329,-0.32499995827674866,0.0,-1.0,0.0,0.0,0.3750000298023224,0.30000001192092896
3330,1.4250001013278961,0.0,0.0,0.0,0.0,1.1250000894069672,0.30000001192092896
3331,2.049999922513962,0.0,1.0,0.0,0.0,0.7500000596046448,0.30000001192092896
3332,36.17500066757202,0.0,9.0,0.0,0.0,26.875001657754183,0.30000001192092896
3333,25.725000251084566,-1.0000001192092896,5.899999976158142,0.0,0.0,19.625001177191734,1.2000000476837158
3334,1.0500000715255737,0.0,0.0,0.0,0.0,0.7500000596046448,0.30000001192092896
3335,0.42500007152557373,0.0,-1.0,0.0,0.0,1.1250000894069672,0.30000001192092896
3336,1.0500000715255737,0.0,0.0,0.0,0.0,0.7500000596046448,0.30000001192092896
3337,1.0500000715255737,0.0,0.0,0.0,0.0,0.7500000596046448,0.30000001192092896
3338,27.80000025779009,0.0,3.399999976158142,0.0,0.0,23.500000461935997,0.9000000357627869
3339,2.424999952316284,0.0,1.0,0.0,0.0,1.1250000894069672,0.30000001192092896
3340,0.6750000417232513,0.0,0.0,0.0,0.0,0.3750000298023224,0.30000001192092896
3341,0.05000007152557373,0.0,-1.0,0.0,0.0,0.7500000596046448,0.30000001192092896
3342,3.4249998927116394,0.0,2.0,0.0,0.0,1.1250000894069672,0.30000001192092896
3343,0.6750000417232513,0.0,0.0,0.0,0.0,0.3750000298023224,0.30000001192092896
3344,0.6750000417232513,0.0,0.0,0.0,0.0,0.3750000298023224,0.30000001192092896
3345,1.4250001013278961,0.0,0.0,0.0,0.0,1.1250000894069672,0.30000001192092896
3346,2.4250000417232513,0.0,1.0,0.0,0.0,1.1250000894069672,0.30000001192092896
3347,0.6750000417232513,0.0,0.0,0.0,0.0,0.3750000298023224,0.30000001192092896
3348,27.32500011101365,0.0,8.0,0.0,0.0,19.0250009521842,0.30000001192092896
3349,32.57500055804849,0.0,7.399999976158142,0.0,0.0,24.275001250207424,0.9000000357627869
3350,32.799999449402094,0.0,10.699999988079071,0.0,0.0,21.50000075623393,0.6000000238418579
3351,2.049999922513962,0.0,1.0,0.0,0.0,0.7500000596046448,0.30000001192092896
3352,0.6750000417232513,0.0,0.0,0.0,0.0,0.3750000298023224,0.30000001192092896
3353,1.6749999821186066,0.0,1.0,0.0,0.0,0.3750000298023224,0.30000001192092896
3354,25.225000470876694,0.0,10.0,-1.5,0.0,15.825000911951065,0.9000000357627869
3355,1.4250001013278961,0.0,0.0,0.0,0.0,1.1250000894069672,0.30000001192092896
3356,1.4250001013278961,0.0,0.0,0.0,0.0,1.1250000894069672,0.30000001192092896
3357,1.6749999821186066,0.0,1.0,0.0,0.0,0.3750000298023224,0.30000001192092896
3358,0.6750000417232513,0.0,0.0,0.0,0.0,0.3750000298023224,0.30000001192092896
3359,-0.32499995827674866,0.0,-1.0,0.0,0.0,0.3750000298023224,0.30000001192092896
3360,21.200000438839197,-1.0000001192092896,2.0,0.0,0.0,19.90000120922923,0.30000001192092896
3361,0.6750000417232513,0.0,0.0,0.0,0.0,0.3750000298023224,0.30000001192092896
3362,65.00000043585896,0.0,16.5,0.0,0.0,46.40000111237168,2.1000000834465027
3363,0.6750000417232513,0.0,0.0,0.0,0.0,0.3750000298023224,0.30000001192092896
3364,1.0500000715255737,0.0,0.0,0.0,0.0,0.7500000596046448,0.30000001192092896
3365,0.6750000417232513,0.0,0.0,0.0,0.0,0.3750000298023224,0.30000001192092896
3366,1.0500000715255737,0.0,0.0,0.0,0.0,0.7500000596046448,0.30000001192092896
3367,54.07499971985817,-1.0000001192092896,13.799999952316284,0.0,0.0,39.77500080317259,1.5000000596046448
3368,29.700000315904617,0.0,8.399999976158142,0.0,0.0,20.400000888854265,0.9000000357627869
3369,1.6749999821186066,0.0,1.0,0.0,0.0,0.3750000298023224,0.30000001192092896
3370,0.8000001311302185,0.0,-1.0,0.0,0.0,1.5000001192092896,0.30000001192092896
3371,2.049999922513962,0.0,1.0,0.0,0.0,0.7500000596046448,0.30000001192092896
3372,2.424999952316284,0.0,1.0,0.0,0.0,1.1250000894069672,0.30000001192092896
3373,2.049999922513962,0.0,1.0,0.0,0.0,0.7500000596046448,0.30000001192092896
3374,0.6750000417232513,0.0,0.0,0.0,0.0,0.3750000298023224,0.30000001192092896
3375,1.0500000715255737,0.0,0.0,0.0,0.0,0.7500000596046448,0.30000001192092896
3376,1.0500000715255737,0.0,0.0,0.0,0.0,0.7500000596046448,0.30000001192092896
3377,0.6750000417232513,0.0,0.0,0.0,0.0,0.3750000298023224,0.30000001192092896
3378,0.6750000417232513,0.0,0.0,0.0,0.0,0.3750000298023224,0.30000001192092896
3379,1.4250001013278961,0.0,0.0,0.0,0.0,1.1250000894069672,0.30000001192092896
3380,0.6750000417232513,0.0,0.0,0.0,0.0,0.3750000298023224,0.30000001192092896
3381,23.699999753385782,-1.0000001192092896,7.0,0.0,0.0,17.400000981986523,0.30000001192092896
3382,0.42500007152557373,0.0,-1.0,0.0,0.0,1.1250000894069672,0.30000001192092896
3383,62.774998273700476,-1.0000001192092896,22.399999976158142,0.0,0.0,40.1750010587275,1.2000000476837158
3384,1.6749999821186066,0.0,1.0,0.0,0.0,0.3750000298023224,0.30000001192092896
3385,37.475001364946365,0.0,5.5,1.0,0.0,28.875002294778824,2.1000000834465027
3386,2.424999952316284,0.0,1.0,0.0,0.0,1.1250000894069672,0.30000001192092896
3387,61.25000052899122,-1.0000001192092896,18.099999964237213,0.0,0.0,42.3500018119812,1.8000000715255737
3388,1.4250001013278961,0.0,0.0,0.0,0.0,1.1250000894069672,0.30000001192092896
3389,1.0500000715255737,0.0,0.0,0.0,0.0,0.7500000596046448,0.30000001192092896
3390,0.6750000417232513,0.0,0.0,0.0,0.0,0.3750000298023224,0.30000001192092896
3391,0.6750000417232513,0.0,0.0,0.0,0.0,0.3750000298023224,0.30000001192092896
3392,0.6750000417232513,0.0,0.0,0.0,0.0,0.3750000298023224,0.30000001192092896
3393,0.6750000417232513,0.0,0.0,0.0,0.0,0.3750000298023224,0.30000001192092896
3394,2.050000011920929,0.0,1.0,0.0,0.0,0.7500000596046448,0.30000001192092896
3395,0.6750000417232513,0.0,0.0,0.0,0.0,0.3750000298023224,0.30000001192092896
3396,1.0500000715255737,0.0,0.0,0.0,0.0,0.7500000596046448,0.30000001192092896
3397,1.0500000715255737,0.0,0.0,0.0,0.0,0.7500000596046448,0.30000001192092896
3398,43.32500038668513,-1.0000001192092896,14.0,0.0,0.0,30.02500183880329,0.30000001192092896
3399,1.4250001013278961,0.0,0.0,0.0,0.0,1.1250000894069672,0.30000001192092896
3400,0.6750000417232513,0.0,0.0,0.0,0.0,0.3750000298023224,0.30000001192092896
3401,3.799999922513962,0.0,2.0,0.0,0.0,1.5000001192092896,0.30000001192092896
3402,0.6750000417232513,0.0,0.0,0.0,0.0,0.3750000298023224,0.30000001192092896
3403,2.424999952316284,0.0,1.0,0.0,0.0,1.1250000894069672,0.30000001192092896
3404,1.0500000715255737,0.0,0.0,0.0,0.0,0.7500000596046448,0.30000001192092896
3405,0.6750000417232513,0.0,0.0,0.0,0.0,0.3750000298023224,0.30000001192092896
3406,55.85000017285347,-1.0000001192092896,9.499999940395355,0.0,0.0,44.65000069886446,2.7000001072883606
3407,0.8000001013278961,0.0,-1.0,0.0,0.0,1.5000001192092896,0.30000001192092896
3408,1.4250001013278961,0.0,0.0,0.0,0.0,1.1250000894069672,0.30000001192092896
3409,3.04999977350235,0.0,2.0,0.0,0.0,0.7500000596046448,0.30000001192092896
3410,0.6750000417232513,0.0,0.0,0.0,0.0,0.3750000298023224,0.30000001192092896
3411,10.875000178813934,0.0,-1.5999999642372131,0.0,0.0,11.275000482797623,1.2000000476837158
3412,1.0500000715255737,0.0,0.0,0.0,0.0,0.7500000596046448,0.30000001192092896
3413,34.3750004991889,-1.0000001192092896,11.0,0.0,0.0,24.075001187622547,0.30000001192092896
3414,0.6750000417232513,0.0,0.0,0.0,0.0,0.3750000298023224,0.30000001192092896
3415,1.0500000715255737,0.0,0.0,0.0,0.0,0.7500000596046448,0.30000001192092896
3416,0.6750000417232513,0.0,0.0,0.0,0.0,0.3750000298023224,0.30000001192092896
3417,0.6750000417232513,0.0,0.0,0.0,0.0,0.3750000298023224,0.30000001192092896
3418,29.74999999254942,0.0,10.699999988079071,0.0,0.0,18.450000006705523,0.6000000238418579
3419,0.6750000417232513,0.0,0.0,0.0,0.0,0.3750000298023224,0.30000001192092896
3420,6.074999857693911,0.0,-0.5,0.0,0.0,5.975000251084566,0.6000000238418579
3421,43.80000018328428,-1.0000001192092896,20.0,0.0,0.0,24.500000178813934,0.30000001192092896
3422,2.4250000417232513,0.0,1.0,0.0,0.0,1.1250000894069672,0.30000001192092896
3423,17.94999985396862,-1.0000001192092896,6.0,0.0,0.0,12.650000385940075,0.30000001192092896
3424,0.42500007152557373,0.0,-1.0,0.0,0.0,1.1250000894069672,0.30000001192092896
3425,13.550000235438347,-1.0000001192092896,-0.20000004768371582,0.0,0.0,13.250000558793545,1.5000000596046448
3426,1.7999999523162842,0.0,0.0,0.0,0.0,1.5000001192092896,0.30000001192092896
3427,1.0500000715255737,0.0,0.0,0.0,0.0,0.7500000596046448,0.30000001192092896
3428,0.6750000417232513,0.0,0.0,0.0,0.0,0.3750000298023224,0.30000001192092896
3429,39.94999971240759,-1.0000001192092896,13.699999988079071,0.0,0.0,26.650001622736454,0.6000000238418579
3430,1.4250001013278961,0.0,0.0,0.0,0.0,1.1250000894069672,0.30000001192092896
3431,1.4250001013278961,0.0,0.0,0.0,0.0,1.1250000894069672,0.30000001192092896
3432,10.300000369548798,0.0,0.699999988079071,0.0,0.0,9.000000715255737,0.6000000238418579
3433,1.0500000715255737,0.0,0.0,0.0,0.0,0.7500000596046448,0.30000001192092896
3434,0.6750000417232513,0.0,0.0,0.0,0.0,0.3750000298023224,0.30000001192092896
3435,0.05000004172325134,0.0,-1.0,0.0,0.0,0.7500000596046448,0.30000001192092896
3436,2.4250000417232513,0.0,1.0,0.0,0.0,1.1250000894069672,0.30000001192092896
3437,3.424999713897705,0.0,2.0,0.0,0.0,1.1250000894069672,0.30000001192092896
3438,26.649999376386404,-1.0000001192092896,8.0,0.0,0.0,19.350001636892557,0.30000001192092896
3439,0.4249999225139618,0.0,-1.0,0.0,0.0,1.1250000894069672,0.30000001192092896
3440,1.4250001013278961,0.0,0.0,0.0,0.0,1.1250000894069672,0.30000001192092896
3441,42.70000110566616,0.0,16.599999964237213,0.0,0.0,24.600000984966755,1.5000000596046448
3442,-0.32499998807907104,0.0,-1.0,0.0,0.0,0.3750000298023224,0.30000001192092896
3443,51.02499986067414,0.0,17.69999998807907,0.0,0.0,32.425000727176666,0.9000000357627869
3444,1.4249999225139618,0.0,0.0,0.0,0.0,1.1250000894069672,0.30000001192092896
3445,16.975000146776438,-1.0000001192092896,1.699999988079071,0.0,0.0,15.675000600516796,0.6000000238418579
3446,1.0500000715255737,0.0,0.0,0.0,0.0,0.7500000596046448,0.30000001192092896
3447,43.70000025629997,-1.0000001192092896,19.399999976158142,0.0,0.0,24.40000068768859,0.9000000357627869
3448,0.8000001013278961,0.0,-1.0,0.0,0.0,1.5000001192092896,0.30000001192092896
3449,0.6750000417232513,0.0,0.0,0.0,0.0,0.3750000298023224,0.30000001192092896
3450,2.4250000417232513,0.0,1.0,0.0,0.0,1.1250000894069672,0.30000001192092896
3451,1.8000001311302185,0.0,0.0,0.0,0.0,1.5000001192092896,0.30000001192092896
3452,48.49999971315265,0.0,19.100000023841858,0.0,0.0,28.200000174343586,1.2000000476837158
3453,2.049999922513962,0.0,1.0,0.0,0.0,0.7500000596046448,0.30000001192092896
3454,0.05000004172325134,0.0,-1.0,0.0,0.0,0.7500000596046448,0.30000001192092896
3455,51.35000076144934,-1.0000001192092896,16.69999998807907,0.0,0.0,34.750000953674316,0.9000000357627869
3456,33.475000858306885,-1.0000001192092896,8.799999952316284,0.0,0.0,23.575001288205385,2.1000000834465027
3457,18.22499992325902,0.0,6.0,0.0,0.0,11.925000503659248,0.30000001192092896
3458,1.8000001311302185,0.0,0.0,0.0,0.0,1.5000001192092896,0.30000001192092896
3459,2.7999999821186066,0.0,1.0,0.0,0.0,1.5000001192092896,0.30000001192092896
3460,0.6750000417232513,0.0,0.0,0.0,0.0,0.3750000298023224,0.30000001192092896
3461,1.0499999821186066,0.0,0.0,0.0,0.0,0.7500000596046448,0.30000001192092896
3462,0.6750000417232513,0.0,0.0,0.0,0.0,0.3750000298023224,0.30000001192092896
3463,0.6750000417232513,0.0,0.0,0.0,0.0,0.3750000298023224,0.30000001192092896
3464,1.0500000715255737,0.0,0.0,0.0,0.0,0.7500000596046448,0.30000001192092896
3465,22.975000333040953,0.0,5.0,0.0,0.0,17.675000678747892,0.30000001192092896
3466,0.6750000417232513,0.0,0.0,0.0,0.0,0.3750000298023224,0.30000001192092896
3467,23.200000818818808,0.0,5.699999988079071,0.0,0.0,16.90000057592988,0.6000000238418579
3468,44.52500053867698,-1.0000001192092896,14.0,0.0,0.0,31.225001584738493,0.30000001192092896
3469,1.4250001013278961,0.0,0.0,0.0,0.0,1.1250000894069672,0.30000001192092896
3470,1.0500000715255737,0.0,0.0,0.0,0.0,0.7500000596046448,0.30000001192092896
3471,22.900000158697367,0.0,6.0,0.0,0.0,16.600001197308302,0.30000001192092896
3472,2.7999999821186066,0.0,1.0,0.0,0.0,1.5000001192092896,0.30000001192092896
3473,-0.32499995827674866,0.0,-1.0,0.0,0.0,0.3750000298023224,0.30000001192092896
3474,30.425000362098217,0.0,2.699999988079071,0.0,0.0,27.125000428408384,0.6000000238418579
3475,1.4250001013278961,0.0,0.0,0.0,0.0,1.1250000894069672,0.30000001192092896
3476,38.3500010818243,0.0,12.5,-1.5,0.0,26.75000200793147,0.6000000238418579
3477,0.6750000417232513,0.0,0.0,0.0,0.0,0.3750000298023224,0.30000001192092896
3478,1.0500000715255737,0.0,0.0,0.0,0.0,0.7500000596046448,0.30000001192092896
3479,3.049999862909317,0.0,2.0,0.0,0.0,0.7500000596046448,0.30000001192092896
3480,41.0999999307096,0.0,15.5,0.0,0.0,25.000000547617674,0.6000000238418579
3481,1.0500000715255737,0.0,0.0,0.0,0.0,0.7500000596046448,0.30000001192092896
3482,1.0500000715255737,0.0,0.0,0.0,0.0,0.7500000596046448,0.30000001192092896
3483,2.424999952316284,0.0,1.0,0.0,0.0,1.1250000894069672,0.30000001192092896
3484,36.12500028684735,0.0,11.0,0.0,0.0,24.825001075863838,0.30000001192092896
3485,1.0500000715255737,0.0,0.0,0.0,0.0,0.7500000596046448,0.30000001192092896
3486,31.074999663978815,0.0,2.699999988079071,0.0,0.0,27.774999421089888,0.6000000238418579
3487,2.049999922513962,0.0,1.0,0.0,0.0,0.7500000596046448,0.30000001192092896
3488,37.15000056102872,-1.0000001192092896,11.0,0.0,0.0,26.850002121180296,0.30000001192092896
3489,1.4250001013278961,0.0,0.0,0.0,0.0,1.1250000894069672,0.30000001192092896
3490,41.50000115483999,-1.0000001192092896,14.199999988079071,-1.5,0.0,28.900001607835293,0.9000000357627869
3491,33.34999943897128,0.0,16.0,0.0,0.0,17.05000114068389,0.30000001192092896
3492,32.05000061169267,0.0,12.0,0.0,0.0,19.1500015668571,0.9000000357627869
3493,1.6749999821186066,0.0,1.0,0.0,0.0,0.3750000298023224,0.30000001192092896
3494,12.100000739097595,0.0,1.399999976158142,0.0,0.0,9.800000846385956,0.9000000357627869
3495,0.6750000417232513,0.0,0.0,0.0,0.0,0.3750000298023224,0.30000001192092896
3496,50.375000067055225,-1.0000001192092896,23.0,0.0,0.0,28.075000572949648,0.30000001192092896
3497,34.27500108256936,-1.0000001192092896,11.199999988079071,-1.5,0.0,24.675000935792923,0.9000000357627869
3498,2.424999952316284,0.0,1.0,0.0,0.0,1.1250000894069672,0.30000001192092896
3499,36.52500133216381,0.0,8.0,-1.5,0.0,29.125001911073923,0.9000000357627869
3500,1.0500000715255737,0.0,0.0,0.0,0.0,0.7500000596046448,0.30000001192092896
3501,1.4250001013278961,0.0,0.0,0.0,0.0,1.1250000894069672,0.30000001192092896
3502,1.0500000715255737,0.0,0.0,0.0,0.0,0.7500000596046448,0.30000001192092896
3503,0.6750000417232513,0.0,0.0,0.0,0.0,0.3750000298023224,0.30000001192092896
3504,0.42500007152557373,0.0,-1.0,0.0,0.0,1.1250000894069672,0.30000001192092896
3505,50.57500011846423,0.0,15.900000035762787,0.0,0.0,33.17500017210841,1.5000000596046448
3506,26.425000548362732,0.0,7.699999988079071,0.0,0.0,18.125000417232513,0.6000000238418579
3507,1.0500000715255737,0.0,0.0,0.0,0.0,0.7500000596046448,0.30000001192092896
3508,67.40000153705478,0.0,16.100000023841858,-3.0,0.0,52.20000336691737,2.1000000834465027
3509,1.0500000715255737,0.0,0.0,0.0,0.0,0.7500000596046448,0.30000001192092896
3510,1.4250001013278961,0.0,0.0,0.0,0.0,1.1250000894069672,0.30000001192092896
3511,0.6750000417232513,0.0,0.0,0.0,0.0,0.3750000298023224,0.30000001192092896
3512,0.6750000417232513,0.0,0.0,0.0,0.0,0.3750000298023224,0.30000001192092896
3513,0.6750000417232513,0.0,0.0,0.0,0.0,0.3750000298023224,0.30000001192092896
3514,32.875000953674316,0.0,10.0,0.0,0.0,22.575000975281,0.30000001192092896
3515,0.6750000417232513,0.0,0.0,0.0,0.0,0.3750000298023224,0.30000001192092896
3516,1.4250001013278961,0.0,0.0,0.0,0.0,1.1250000894069672,0.30000001192092896
3517,1.8000001311302185,0.0,0.0,0.0,0.0,1.5000001192092896,0.30000001192092896
3518,16.52499994635582,0.0,5.399999976158142,0.0,0.0,10.225000649690628,0.9000000357627869
3519,32.225000109523535,-1.0000001192092896,2.4999999403953552,0.0,0.0,28.92500052973628,1.8000000715255737
3520,3.049999862909317,0.0,2.0,0.0,0.0,0.7500000596046448,0.30000001192092896
3521,20.400000721216202,0.0,2.699999988079071,0.0,0.0,17.100001126527786,0.6000000238418579
3522,2.7999999821186066,0.0,1.0,0.0,0.0,1.5000001192092896,0.30000001192092896
3523,57.250000678002834,0.0,11.699999988079071,0.0,0.0,44.050001829862595,1.5000000596046448
3524,34.150000520050526,0.0,12.0,0.0,0.0,21.850000485777855,0.30000001192092896
3525,28.525000993162394,-1.0000001192092896,5.0,0.0,0.0,24.225001357495785,0.30000001192092896
3526,33.550001338124275,0.0,8.0,0.0,0.0,25.25000163167715,0.30000001192092896
3527,0.6750000417232513,0.0,0.0,0.0,0.0,0.3750000298023224,0.30000001192092896
3528,2.049999922513962,0.0,1.0,0.0,0.0,0.7500000596046448,0.30000001192092896
3529,0.6750000417232513,0.0,0.0,0.0,0.0,0.3750000298023224,0.30000001192092896
3530,2.050000011920929,0.0,1.0,0.0,0.0,0.7500000596046448,0.30000001192092896
3531,22.699999768286943,-1.0000001192092896,8.0,-3.0,0.0,17.800000123679638,0.9000000357627869
3532,31.775001142174006,0.0,6.0,0.0,0.0,25.475001376122236,0.30000001192092896
3533,1.0500000715255737,0.0,0.0,0.0,0.0,0.7500000596046448,0.30000001192092896
3534,42.300000716000795,0.0,14.199999988079071,0.0,0.0,27.200001258403063,0.9000000357627869
3535,0.05000004172325134,0.0,-1.0,0.0,0.0,0.7500000596046448,0.30000001192092896
3536,64.29999932274222,0.0,28.999999940395355,-4.5,0.0,37.700001027435064,2.1000000834465027
3537,1.4250001013278961,0.0,0.0,0.0,0.0,1.1250000894069672,0.30000001192092896
3538,3.799999922513962,0.0,2.0,0.0,0.0,1.5000001192092896,0.30000001192092896
3539,1.0500000715255737,0.0,0.0,0.0,0.0,0.7500000596046448,0.30000001192092896
3540,1.4250001013278961,0.0,0.0,0.0,0.0,1.1250000894069672,0.30000001192092896
3541,19.25000011920929,0.0,8.0,-4.5,0.0,14.550000578165054,1.2000000476837158
3542,1.0500000715255737,0.0,0.0,0.0,0.0,0.7500000596046448,0.30000001192092896
3543,1.4250001013278961,0.0,0.0,0.0,0.0,1.1250000894069672,0.30000001192092896
3544,28.299999717622995,-1.0000001192092896,8.699999988079071,0.0,0.0,19.999999802559614,0.6000000238418579
3545,0.6750000417232513,0.0,0.0,0.0,0.0,0.3750000298023224,0.30000001192092896
3546,3.4249998927116394,0.0,2.0,0.0,0.0,1.1250000894069672,0.30000001192092896
3547,1.6749999821186066,0.0,1.0,0.0,0.0,0.3750000298023224,0.30000001192092896
3548,28.025001142174006,0.0,5.0,0.0,0.0,22.72500130906701,0.30000001192092896
3549,26.67500001192093,-1.0000001192092896,7.699999988079071,0.0,0.0,19.375001329928637,0.6000000238418579
3550,66.40000056102872,0.0,30.099999964237213,0.0,0.0,34.50000108033419,1.8000000715255737
3551,1.0500000715255737,0.0,0.0,0.0,0.0,0.7500000596046448,0.30000001192092896
3552,1.4250001013278961,0.0,0.0,0.0,0.0,1.1250000894069672,0.30000001192092896
3553,1.0500000715255737,0.0,0.0,0.0,0.0,0.7500000596046448,0.30000001192092896
3554,2.424999952316284,0.0,1.0,0.0,0.0,1.1250000894069672,0.30000001192092896
3555,1.4250001013278961,0.0,0.0,0.0,0.0,1.1250000894069672,0.30000001192092896
3556,23.475000079721212,-1.0000001192092896,8.699999988079071,0.0,0.0,15.175000596791506,0.6000000238418579
3557,28.07499986886978,0.0,8.0,0.0,0.0,19.475001603364944,0.6000000238418579
3558,29.32500023394823,0.0,6.699999988079071,0.0,0.0,22.025001160800457,0.6000000238418579
3559,0.05000007152557373,0.0,-1.0,0.0,0.0,0.7500000596046448,0.30000001192092896
3560,41.87500064447522,0.0,15.399999976158142,-6.0,0.0,30.375001396983862,2.1000000834465027
3561,2.050000011920929,0.0,1.0,0.0,0.0,0.7500000596046448,0.30000001192092896
3562,26.650000739842653,0.0,4.0,0.0,0.0,22.350000761449337,0.30000001192092896
3563,0.42500007152557373,0.0,-1.0,0.0,0.0,1.1250000894069672,0.30000001192092896
3564,1.0500000715255737,0.0,0.0,0.0,0.0,0.7500000596046448,0.30000001192092896
3565,1.425000011920929,0.0,0.0,0.0,0.0,1.1250000894069672,0.30000001192092896
3566,43.72500118613243,0.0,12.899999976158142,0.0,0.0,29.32500071823597,1.5000000596046448
3567,1.6749999821186066,0.0,1.0,0.0,0.0,0.3750000298023224,0.30000001192092896
3568,2.424999952316284,0.0,1.0,0.0,0.0,1.1250000894069672,0.30000001192092896
3569,25.87500074133277,-1.0000001192092896,8.0,0.0,0.0,18.57500058785081,0.30000001192092896
3570,2.049999922513962,0.0,1.0,0.0,0.0,0.7500000596046448,0.30000001192092896
3571,2.049999922513962,0.0,1.0,0.0,0.0,0.7500000596046448,0.30000001192092896
3572,1.0500000715255737,0.0,0.0,0.0,0.0,0.7500000596046448,0.30000001192092896
3573,0.6750000417232513,0.0,0.0,0.0,0.0,0.3750000298023224,0.30000001192092896
3574,0.42500007152557373,0.0,-1.0,0.0,0.0,1.1250000894069672,0.30000001192092896
3575,1.0500000715255737,0.0,0.0,0.0,0.0,0.7500000596046448,0.30000001192092896
3576,18.950001031160355,0.0,4.699999988079071,0.0,0.0,13.350000739097595,0.9000000357627869
3577,0.6750000417232513,0.0,0.0,0.0,0.0,0.3750000298023224,0.30000001192092896
3578,1.0500000715255737,0.0,0.0,0.0,0.0,0.7500000596046448,0.30000001192092896
3579,0.6750000417232513,0.0,0.0,0.0,0.0,0.3750000298023224,0.30000001192092896
3580,19.42500014603138,-1.0000001192092896,5.199999988079071,0.0,0.0,14.325000647455454,0.9000000357627869
3581,0.6750000417232513,0.0,0.0,0.0,0.0,0.3750000298023224,0.30000001192092896
3582,26.624999221414328,-1.0000001192092896,9.0,0.0,0.0,18.32500061765313,0.30000001192092896
3583,22.600000105798244,0.0,3.0,0.0,0.0,19.30000003427267,0.30000001192092896
3584,1.4250001013278961,0.0,0.0,0.0,0.0,1.1250000894069672,0.30000001192092896
3585,-0.32499995827674866,0.0,-1.0,0.0,0.0,0.3750000298023224,0.30000001192092896
3586,32.97499989718199,0.0,8.0,0.0,0.0,24.675001095980406,0.30000001192092896
3587,42.000001315027475,0.0,14.699999988079071,0.0,0.0,26.700001247227192,0.6000000238418579
3588,1.4250001013278961,0.0,0.0,0.0,0.0,1.1250000894069672,0.30000001192092896
3589,0.6750000417232513,0.0,0.0,0.0,0.0,0.3750000298023224,0.30000001192092896
3590,1.0500000715255737,0.0,0.0,0.0,0.0,0.7500000596046448,0.30000001192092896
3591,0.6750000417232513,0.0,0.0,0.0,0.0,0.3750000298023224,0.30000001192092896
3592,2.049999922513962,0.0,1.0,0.0,0.0,0.7500000596046448,0.30000001192092896
3593,1.0500000715255737,0.0,0.0,0.0,0.0,0.7500000596046448,0.30000001192092896
3594,20.69999999180436,0.0,6.0,0.0,0.0,14.400000117719173,0.30000001192092896
3595,1.0500000715255737,0.0,0.0,0.0,0.0,0.7500000596046448,0.30000001192092896
3596,1.0500000715255737,0.0,0.0,0.0,0.0,0.7500000596046448,0.30000001192092896
3597,2.7999999821186066,0.0,1.0,0.0,0.0,1.5000001192092896,0.30000001192092896
3598,1.4250001013278961,0.0,0.0,0.0,0.0,1.1250000894069672,0.30000001192092896
3599,1.6749999821186066,0.0,1.0,0.0,0.0,0.3750000298023224,0.30000001192092896
3600,7.650000035762787,0.0,2.699999988079071,0.0,0.0,4.350000202655792,0.6000000238418579
3601,0.6750000417232513,0.0,0.0,0.0,0.0,0.3750000298023224,0.30000001192092896
3602,16.500000178813934,0.0,0.699999988079071,0.0,0.0,15.200000710785389,0.6000000238418579
3603,1.0500000715255737,0.0,0.0,0.0,0.0,0.7500000596046448,0.30000001192092896
3604,1.0500000715255737,0.0,0.0,0.0,0.0,0.7500000596046448,0.30000001192092896
3605,1.0500000715255737,0.0,0.0,0.0,0.0,0.7500000596046448,0.30000001192092896
3606,1.6749999821186066,0.0,1.0,0.0,0.0,0.3750000298023224,0.30000001192092896
3607,0.6750000417232513,0.0,0.0,0.0,0.0,0.3750000298023224,0.30000001192092896
3608,0.6750000417232513,0.0,0.0,0.0,0.0,0.3750000298023224,0.30000001192092896
3609,44.54999939724803,0.0,12.0,0.0,0.0,32.25000040605664,0.30000001192092896
3610,1.0499999821186066,0.0,0.0,0.0,0.0,0.7500000596046448,0.30000001192092896
3611,3.4249998033046722,0.0,2.0,0.0,0.0,1.1250000894069672,0.30000001192092896
3612,1.0500000715255737,0.0,0.0,0.0,0.0,0.7500000596046448,0.30000001192092896
3613,0.6750000417232513,0.0,0.0,0.0,0.0,0.3750000298023224,0.30000001192092896
3614,1.4250001013278961,0.0,0.0,0.0,0.0,1.1250000894069672,0.30000001192092896
3615,2.424999952316284,0.0,1.0,0.0,0.0,1.1250000894069672,0.30000001192092896
3616,-0.32499995827674866,0.0,-1.0,0.0,0.0,0.3750000298023224,0.30000001192092896
3617,0.6750000417232513,0.0,0.0,0.0,0.0,0.3750000298023224,0.30000001192092896
3618,0.6750000417232513,0.0,0.0,0.0,0.0,0.3750000298023224,0.30000001192092896
3619,0.6750000417232513,0.0,0.0,0.0,0.0,0.3750000298023224,0.30000001192092896
3620,2.049999922513962,0.0,1.0,0.0,0.0,0.7500000596046448,0.30000001192092896
3621,53.55000023171306,-1.0000001192092896,17.5,0.0,0.0,36.45000087469816,0.6000000238418579
3622,0.6750000417232513,0.0,0.0,0.0,0.0,0.3750000298023224,0.30000001192092896
3623,2.049999922513962,0.0,1.0,0.0,0.0,0.7500000596046448,0.30000001192092896
3624,1.0500000715255737,0.0,0.0,0.0,0.0,0.7500000596046448,0.30000001192092896
3625,10.000000298023224,0.0,0.5,0.0,0.0,8.900000631809235,0.6000000238418579
3626,24.2000003606081,0.0,7.699999988079071,0.0,0.0,15.900000646710396,0.6000000238418579
3627,0.6750000417232513,0.0,0.0,0.0,0.0,0.3750000298023224,0.30000001192092896
3628,42.67500040307641,-1.0000001192092896,15.399999976158142,0.0,0.0,27.375001154839993,0.9000000357627869
3629,0.6750000417232513,0.0,0.0,0.0,0.0,0.3750000298023224,0.30000001192092896
3630,1.4250001013278961,0.0,0.0,0.0,0.0,1.1250000894069672,0.30000001192092896
3631,39.52499986067414,0.0,18.0,0.0,0.0,21.225001011043787,0.30000001192092896
3632,1.0500000715255737,0.0,0.0,0.0,0.0,0.7500000596046448,0.30000001192092896
3633,0.6750000417232513,0.0,0.0,0.0,0.0,0.3750000298023224,0.30000001192092896
3634,1.4250001013278961,0.0,0.0,0.0,0.0,1.1250000894069672,0.30000001192092896
3635,1.6749999821186066,0.0,1.0,0.0,0.0,0.3750000298023224,0.30000001192092896
3636,2.424999952316284,0.0,1.0,0.0,0.0,1.1250000894069672,0.30000001192092896
3637,32.37499859929085,-1.0000001192092896,12.0,0.0,0.0,21.075000941753387,0.30000001192092896
3638,1.0500000715255737,0.0,0.0,0.0,0.0,0.7500000596046448,0.30000001192092896
3639,14.87500061839819,0.0,0.0,0.0,0.0,14.575000755488873,0.30000001192092896
3640,1.0500000715255737,0.0,0.0,0.0,0.0,0.7500000596046448,0.30000001192092896
3641,0.6750000417232513,0.0,0.0,0.0,0.0,0.3750000298023224,0.30000001192092896
3642,23.20000022277236,-1.0000001192092896,4.699999988079071,0.0,0.0,18.900000367313623,0.6000000238418579
3643,21.850000590085983,-1.0000001192092896,7.0,0.0,0.0,15.550000730901957,0.30000001192092896
3644,1.0500000715255737,0.0,0.0,0.0,0.0,0.7500000596046448,0.30000001192092896
3645,30.025000531226397,-1.0000001192092896,9.699999988079071,0.0,0.0,20.725001372396946,0.6000000238418579
3646,12.799999862909317,0.0,4.399999976158142,0.0,0.0,7.500000596046448,0.9000000357627869
3647,33.500000555068254,-1.0000001192092896,9.399999976158142,0.0,0.0,24.200001277029514,0.9000000357627869
3648,1.4250001013278961,0.0,0.0,0.0,0.0,1.1250000894069672,0.30000001192092896
3649,0.42500007152557373,0.0,-1.0,0.0,0.0,1.1250000894069672,0.30000001192092896
3650,1.8000001311302185,0.0,0.0,0.0,0.0,1.5000001192092896,0.30000001192092896
3651,1.0500000715255737,0.0,0.0,0.0,0.0,0.7500000596046448,0.30000001192092896
3652,1.0500000715255737,0.0,0.0,0.0,0.0,0.7500000596046448,0.30000001192092896
3653,0.6750000417232513,0.0,0.0,0.0,0.0,0.3750000298023224,0.30000001192092896
3654,3.04999977350235,0.0,2.0,0.0,0.0,0.7500000596046448,0.30000001192092896
3655,51.92500038817525,-1.0000001192092896,23.19999998807907,-3.0,0.0,31.225000366568565,1.5000000596046448
3656,31.125000689178705,0.0,8.0,0.0,0.0,22.825001392513514,0.30000001192092896
3657,0.4250001013278961,0.0,-1.0,0.0,0.0,1.1250000894069672,0.30000001192092896
3658,0.6750000417232513,0.0,0.0,0.0,0.0,0.3750000298023224,0.30000001192092896
3659,2.049999922513962,0.0,1.0,0.0,0.0,0.7500000596046448,0.30000001192092896
3660,2.050000011920929,0.0,1.0,0.0,0.0,0.7500000596046448,0.30000001192092896
3661,43.22499983385205,-1.0000001192092896,15.0,0.0,0.0,28.925001587718725,0.30000001192092896
3662,0.6750000417232513,0.0,0.0,0.0,0.0,0.3750000298023224,0.30000001192092896
3663,40.89999911561608,0.0,18.0,0.0,0.0,22.600001882761717,0.30000001192092896
3664,0.6750000417232513,0.0,0.0,0.0,0.0,0.3750000298023224,0.30000001192092896
3665,34.95000059530139,-1.0000001192092896,9.0,0.0,0.0,26.65000182762742,0.30000001192092896
3666,23.649998620152473,-1.0000001192092896,12.0,0.0,0.0,12.35000005736947,0.30000001192092896
3667,22.774999927729368,0.0,4.699999988079071,0.0,0.0,17.47500079870224,0.6000000238418579
3668,2.050000011920929,0.0,1.0,0.0,0.0,0.7500000596046448,0.30000001192092896
3669,2.424999952316284,0.0,1.0,0.0,0.0,1.1250000894069672,0.30000001192092896
3670,4.4249997437000275,0.0,3.0,0.0,0.0,1.1250000894069672,0.30000001192092896
3671,2.424999952316284,0.0,1.0,0.0,0.0,1.1250000894069672,0.30000001192092896
3672,2.049999922513962,0.0,1.0,0.0,0.0,0.7500000596046448,0.30000001192092896
3673,1.6749999821186066,0.0,1.0,0.0,0.0,0.3750000298023224,0.30000001192092896
3674,51.62500078603625,-1.0000001192092896,17.0,0.0,0.0,35.325002670288086,0.30000001192092896
3675,23.87500023841858,0.0,3.599999964237213,2.0,0.0,16.775000423192978,1.5000000596046448
3676,0.6750000417232513,0.0,0.0,0.0,0.0,0.3750000298023224,0.30000001192092896
3677,1.6749999821186066,0.0,1.0,0.0,0.0,0.3750000298023224,0.30000001192092896
3678,1.6749999821186066,0.0,1.0,0.0,0.0,0.3750000298023224,0.30000001192092896
3679,1.6749999821186066,0.0,1.0,0.0,0.0,0.3750000298023224,0.30000001192092896
3680,0.6750000417232513,0.0,0.0,0.0,0.0,0.3750000298023224,0.30000001192092896
3681,2.050000011920929,0.0,1.0,0.0,0.0,0.7500000596046448,0.30000001192092896
3682,2.050000011920929,0.0,1.0,0.0,0.0,0.7500000596046448,0.30000001192092896
3683,33.974999610334635,0.0,13.0,0.0,0.0,20.675001453608274,0.30000001192092896
3684,1.4250001013278961,0.0,0.0,0.0,0.0,1.1250000894069672,0.30000001192092896
3685,39.82499997317791,-1.0000001192092896,15.699999988079071,0.0,0.0,24.525001354515553,0.6000000238418579
3686,11.050000071525574,0.0,4.5,-3.0,0.0,8.950000703334808,0.6000000238418579
3687,0.6750000417232513,0.0,0.0,0.0,0.0,0.3750000298023224,0.30000001192092896
3688,59.65000116080046,0.0,17.399999976158142,0.0,0.0,39.85000131651759,2.4000000953674316
3689,6.800000429153442,0.0,-1.5,0.0,0.0,7.700000524520874,0.6000000238418579
3690,0.6750000417232513,0.0,0.0,0.0,0.0,0.3750000298023224,0.30000001192092896
3691,58.42500038444996,0.0,18.099999964237213,0.0,0.0,38.82500133290887,1.5000000596046448
3692,3.175000011920929,0.0,1.0,0.0,0.0,1.875000149011612,0.30000001192092896
3693,2.4250000417232513,0.0,1.0,0.0,0.0,1.1250000894069672,0.30000001192092896
3694,1.8000001311302185,0.0,0.0,0.0,0.0,1.5000001192092896,0.30000001192092896
3695,0.6750000417232513,0.0,0.0,0.0,0.0,0.3750000298023224,0.30000001192092896
3696,27.42500028014183,0.0,10.699999988079071,0.0,0.0,16.125000447034836,0.6000000238418579
3697,23.17500038444996,0.0,9.0,0.0,0.0,13.875000827014446,0.30000001192092896
3698,0.6750000417232513,0.0,0.0,0.0,0.0,0.3750000298023224,0.30000001192092896
3699,1.6749999821186066,0.0,1.0,0.0,0.0,0.3750000298023224,0.30000001192092896
3700,1.0500000715255737,0.0,0.0,0.0,0.0,0.7500000596046448,0.30000001192092896
3701,53.44999976083636,-1.0000001192092896,28.0,0.0,0.0,26.150001518428326,0.30000001192092896
3702,1.8000001311302185,0.0,0.0,0.0,0.0,1.5000001192092896,0.30000001192092896
3703,1.0500000715255737,0.0,0.0,0.0,0.0,0.7500000596046448,0.30000001192092896
3704,1.0500000715255737,0.0,0.0,0.0,0.0,0.7500000596046448,0.30000001192092896
3705,34.25000074505806,0.0,13.399999976158142,0.0,0.0,19.650001108646393,1.2000000476837158
3706,0.4250001013278961,0.0,-1.0,0.0,0.0,1.1250000894069672,0.30000001192092896
3707,1.8000001311302185,0.0,0.0,0.0,0.0,1.5000001192092896,0.30000001192092896
3708,20.72500029206276,0.0,7.099999964237213,0.0,0.0,12.425000756978989,1.2000000476837158
3709,1.4250001013278961,0.0,0.0,0.0,0.0,1.1250000894069672,0.30000001192092896
3710,1.0500000715255737,0.0,0.0,0.0,0.0,0.7500000596046448,0.30000001192092896
3711,-0.32499995827674866,0.0,-1.0,0.0,0.0,0.3750000298023224,0.30000001192092896
3712,0.6750000417232513,0.0,0.0,0.0,0.0,0.3750000298023224,0.30000001192092896
3713,2.049999922513962,0.0,1.0,0.0,0.0,0.7500000596046448,0.30000001192092896
3714,3.04999977350235,0.0,2.0,0.0,0.0,0.7500000596046448,0.30000001192092896
3715,0.6750000417232513,0.0,0.0,0.0,0.0,0.3750000298023224,0.30000001192092896
3716,35.250000294297934,-1.0000001192092896,10.399999976158142,0.0,0.0,24.950001262128353,0.9000000357627869
3717,9.999999940395355,0.0,3.699999988079071,0.0,0.0,5.700000435113907,0.6000000238418579
3718,26.525000534951687,0.0,8.0,0.0,0.0,18.225001227110624,0.30000001192092896
3719,1.4250001013278961,0.0,0.0,0.0,0.0,1.1250000894069672,0.30000001192092896
3720,0.6750000417232513,0.0,0.0,0.0,0.0,0.3750000298023224,0.30000001192092896
3721,0.6750000417232513,0.0,0.0,0.0,0.0,0.3750000298023224,0.30000001192092896
3722,1.6749999821186066,0.0,1.0,0.0,0.0,0.3750000298023224,0.30000001192092896
3723,1.6749999821186066,0.0,1.0,0.0,0.0,0.3750000298023224,0.30000001192092896
3724,0.6750000417232513,0.0,0.0,0.0,0.0,0.3750000298023224,0.30000001192092896
3725,1.0500000715255737,0.0,0.0,0.0,0.0,0.7500000596046448,0.30000001192092896
3726,2.049999922513962,0.0,1.0,0.0,0.0,0.7500000596046448,0.30000001192092896
3727,3.04999977350235,0.0,2.0,0.0,0.0,0.7500000596046448,0.30000001192092896
3728,1.0500000715255737,0.0,0.0,0.0,0.0,0.7500000596046448,0.30000001192092896
3729,2.049999922513962,0.0,1.0,0.0,0.0,0.7500000596046448,0.30000001192092896
3730,2.424999952316284,0.0,1.0,0.0,0.0,1.1250000894069672,0.30000001192092896
3731,1.6749999821186066,0.0,1.0,0.0,0.0,0.3750000298023224,0.30000001192092896
3732,40.12500058114529,-1.0000001192092896,13.699999988079071,0.0,0.0,26.825001437216997,0.6000000238418579
3733,2.424999952316284,0.0,1.0,0.0,0.0,1.1250000894069672,0.30000001192092896
3734,36.17500001192093,-1.0000001192092896,13.699999988079071,0.0,0.0,22.275001365691423,1.2000000476837158
3735,0.4250001013278961,0.0,-1.0,0.0,0.0,1.1250000894069672,0.30000001192092896
3736,29.050000172108412,0.0,7.699999988079071,0.0,0.0,20.750001203268766,0.6000000238418579
3737,2.424999952316284,0.0,1.0,0.0,0.0,1.1250000894069672,0.30000001192092896
3738,1.8000001311302185,0.0,0.0,0.0,0.0,1.5000001192092896,0.30000001192092896
3739,28.100000772625208,0.0,5.0,0.0,0.0,22.800001434981823,0.30000001192092896
3740,37.75000016018748,0.0,15.0,0.0,0.0,22.450001504272223,0.30000001192092896
3741,1.6749999821186066,0.0,1.0,0.0,0.0,0.3750000298023224,0.30000001192092896
3742,0.6750000417232513,0.0,0.0,0.0,0.0,0.3750000298023224,0.30000001192092896
3743,47.07500045746565,-1.0000001192092896,17.5,-1.5,0.0,30.875000458210707,1.2000000476837158
3744,2.049999922513962,0.0,1.0,0.0,0.0,0.7500000596046448,0.30000001192092896
3745,41.4250003695488,0.0,10.399999976158142,0.0,0.0,29.525000631809235,1.5000000596046448
3746,1.4250001013278961,0.0,0.0,0.0,0.0,1.1250000894069672,0.30000001192092896
3747,30.675000365823507,-1.0000001192092896,7.699999988079071,0.0,0.0,23.375001553446054,0.6000000238418579
3748,1.4250001013278961,0.0,0.0,0.0,0.0,1.1250000894069672,0.30000001192092896
3749,31.624999728053808,-1.0000001192092896,14.5,0.0,0.0,17.5250003375113,0.6000000238418579
3750,2.424999952316284,0.0,1.0,0.0,0.0,1.1250000894069672,0.30000001192092896
3751,0.6750000417232513,0.0,0.0,0.0,0.0,0.3750000298023224,0.30000001192092896
3752,0.6750000417232513,0.0,0.0,0.0,0.0,0.3750000298023224,0.30000001192092896
3753,2.049999922513962,0.0,1.0,0.0,0.0,0.7500000596046448,0.30000001192092896
3754,50.225000374019146,0.0,20.0,0.0,0.0,29.925000432878733,0.30000001192092896
3755,0.6750000417232513,0.0,0.0,0.0,0.0,0.3750000298023224,0.30000001192092896
3756,2.049999922513962,0.0,1.0,0.0,0.0,0.7500000596046448,0.30000001192092896
3757,0.05000007152557373,0.0,-1.0,0.0,0.0,0.7500000596046448,0.30000001192092896
3758,2.4250000417232513,0.0,1.0,0.0,0.0,1.1250000894069672,0.30000001192092896
3759,1.6749999821186066,0.0,1.0,0.0,0.0,0.3750000298023224,0.30000001192092896
3760,0.6750000417232513,0.0,0.0,0.0,0.0,0.3750000298023224,0.30000001192092896
3761,33.10000055283308,0.0,10.0,0.0,0.0,22.800001244992018,0.30000001192092896
3762,1.6749999821186066,0.0,1.0,0.0,0.0,0.3750000298023224,0.30000001192092896
3763,36.17500076070428,0.0,11.399999976158142,0.0,0.0,23.875000905245543,0.9000000357627869
3764,33.22500065341592,0.0,10.0,-1.0,0.0,23.325000666081905,0.9000000357627869
3765,0.6750000417232513,0.0,0.0,0.0,0.0,0.3750000298023224,0.30000001192092896
3766,22.899999860674143,0.0,7.0,0.0,0.0,15.600000374019146,0.30000001192092896
3767,0.6750000417232513,0.0,0.0,0.0,0.0,0.3750000298023224,0.30000001192092896
3768,0.6750000417232513,0.0,0.0,0.0,0.0,0.3750000298023224,0.30000001192092896
3769,0.6750000417232513,0.0,0.0,0.0,0.0,0.3750000298023224,0.30000001192092896
3770,1.8000001311302185,0.0,0.0,0.0,0.0,1.5000001192092896,0.30000001192092896
3771,1.6749999821186066,0.0,1.0,0.0,0.0,0.3750000298023224,0.30000001192092896
3772,21.72500080987811,0.0,3.399999976158142,0.0,0.0,17.425000857561827,0.9000000357627869
3773,2.424999952316284,0.0,1.0,0.0,0.0,1.1250000894069672,0.30000001192092896
3774,12.57500010728836,0.0,3.699999988079071,0.0,0.0,8.27500057220459,0.6000000238418579
3775,35.57499986886978,0.0,15.0,0.0,0.0,20.275000412017107,0.30000001192092896
3776,2.049999922513962,0.0,1.0,0.0,0.0,0.7500000596046448,0.30000001192092896
3777,0.6750000417232513,0.0,0.0,0.0,0.0,0.3750000298023224,0.30000001192092896
3778,1.4250001013278961,0.0,0.0,0.0,0.0,1.1250000894069672,0.30000001192092896
3779,0.6750000417232513,0.0,0.0,0.0,0.0,0.3750000298023224,0.30000001192092896
3780,1.0500000715255737,0.0,0.0,0.0,0.0,0.7500000596046448,0.30000001192092896
3781,1.4250001013278961,0.0,0.0,0.0,0.0,1.1250000894069672,0.30000001192092896
3782,2.049999922513962,0.0,1.0,0.0,0.0,0.7500000596046448,0.30000001192092896
3783,0.6750000417232513,0.0,0.0,0.0,0.0,0.3750000298023224,0.30000001192092896
3784,32.92500078678131,0.0,8.5,0.0,0.0,23.2250008136034,1.2000000476837158
3785,2.049999922513962,0.0,1.0,0.0,0.0,0.7500000596046448,0.30000001192092896
3786,0.6750000417232513,0.0,0.0,0.0,0.0,0.3750000298023224,0.30000001192092896
3787,38.37499978765845,0.0,12.399999976158142,0.0,0.0,25.0750015899539,0.9000000357627869
3788,1.4250001013278961,0.0,0.0,0.0,0.0,1.1250000894069672,0.30000001192092896
3789,0.6750000417232513,0.0,0.0,0.0,0.0,0.3750000298023224,0.30000001192092896
3790,2.424999952316284,0.0,1.0,0.0,0.0,1.1250000894069672,0.30000001192092896
3791,1.4250001013278961,0.0,0.0,0.0,0.0,1.1250000894069672,0.30000001192092896
3792,0.6750000417232513,0.0,0.0,0.0,0.0,0.3750000298023224,0.30000001192092896
3793,37.47500055655837,-1.0000001192092896,9.5,0.0,0.0,28.375001307576895,0.6000000238418579
3794,46.02500059828162,-1.0000001192092896,7.399999976158142,0.0,0.0,38.725001119077206,0.9000000357627869
3795,0.6750000417232513,0.0,0.0,0.0,0.0,0.3750000298023224,0.30000001192092896
3796,1.0500000715255737,0.0,0.0,0.0,0.0,0.7500000596046448,0.30000001192092896
3797,11.775000482797623,0.0,2.0,0.0,0.0,9.475000768899918,0.30000001192092896
3798,10.774999737739563,0.0,3.699999988079071,0.0,0.0,6.47500017285347,0.6000000238418579
3799,1.0500000715255737,0.0,0.0,0.0,0.0,0.7500000596046448,0.30000001192092896
3800,45.22499990090728,0.0,15.399999976158142,0.0,0.0,28.925000809133053,0.9000000357627869
3801,51.600000232458115,-1.0000001192092896,20.0,0.0,0.0,32.3000000603497,0.30000001192092896
3802,74.17500001192093,-1.0000001192092896,32.3999999165535,-3.0,0.0,42.175001192837954,3.6000001430511475
3803,0.6750000417232513,0.0,0.0,0.0,0.0,0.3750000298023224,0.30000001192092896
3804,0.6750000417232513,0.0,0.0,0.0,0.0,0.3750000298023224,0.30000001192092896
3805,1.0500000715255737,0.0,0.0,0.0,0.0,0.7500000596046448,0.30000001192092896
3806,1.0500000715255737,0.0,0.0,0.0,0.0,0.7500000596046448,0.30000001192092896
3807,2.424999952316284,0.0,1.0,0.0,0.0,1.1250000894069672,0.30000001192092896
3808,1.0500000715255737,0.0,0.0,0.0,0.0,0.7500000596046448,0.30000001192092896
3809,1.0500000715255737,0.0,0.0,0.0,0.0,0.7500000596046448,0.30000001192092896
3810,28.200000315904617,0.0,10.699999988079071,0.0,0.0,16.900001168251038,0.6000000238418579
3811,0.6750000417232513,0.0,0.0,0.0,0.0,0.3750000298023224,0.30000001192092896
3812,1.4250001013278961,0.0,0.0,0.0,0.0,1.1250000894069672,0.30000001192092896
3813,1.6749999821186066,0.0,1.0,0.0,0.0,0.3750000298023224,0.30000001192092896
3814,1.6749999821186066,0.0,1.0,0.0,0.0,0.3750000298023224,0.30000001192092896
3815,48.30000126361847,0.0,10.699999988079071,0.0,0.0,37.0000024586916,0.6000000238418579
3816,2.4250000417232513,0.0,1.0,0.0,0.0,1.1250000894069672,0.30000001192092896
3817,2.050000011920929,0.0,1.0,0.0,0.0,0.7500000596046448,0.30000001192092896
3818,0.6750000417232513,0.0,0.0,0.0,0.0,0.3750000298023224,0.30000001192092896
3819,-0.32499995827674866,0.0,-1.0,0.0,0.0,0.3750000298023224,0.30000001192092896
3820,1.0500000715255737,0.0,0.0,0.0,0.0,0.7500000596046448,0.30000001192092896
3821,24.62500024214387,-1.0000001192092896,9.0,0.0,0.0,16.325000893324614,0.30000001192092896
3822,1.4250001013278961,0.0,0.0,0.0,0.0,1.1250000894069672,0.30000001192092896
3823,0.4250001013278961,0.0,-1.0,0.0,0.0,1.1250000894069672,0.30000001192092896
3824,56.750001054257154,-1.0000001192092896,16.899999976158142,0.0,0.0,37.85000115260482,3.0000001192092896
3825,40.02500036731362,-1.0000001192092896,12.699999988079071,0.0,0.0,27.125001411885023,1.2000000476837158
3826,2.049999922513962,0.0,1.0,0.0,0.0,0.7500000596046448,0.30000001192092896
3827,2.175000160932541,0.0,0.0,0.0,0.0,1.875000149011612,0.30000001192092896
3828,1.4250001013278961,0.0,0.0,0.0,0.0,1.1250000894069672,0.30000001192092896
3829,0.6750000417232513,0.0,0.0,0.0,0.0,0.3750000298023224,0.30000001192092896
3830,3.4249998927116394,0.0,2.0,0.0,0.0,1.1250000894069672,0.30000001192092896
3831,2.050000011920929,0.0,1.0,0.0,0.0,0.7500000596046448,0.30000001192092896
3832,0.6750000417232513,0.0,0.0,0.0,0.0,0.3750000298023224,0.30000001192092896
3833,2.050000011920929,0.0,1.0,0.0,0.0,0.7500000596046448,0.30000001192092896
3834,1.4250001013278961,0.0,0.0,0.0,0.0,1.1250000894069672,0.30000001192092896
3835,0.6750000417232513,0.0,0.0,0.0,0.0,0.3750000298023224,0.30000001192092896
3836,40.650000005960464,0.0,13.899999976158142,0.0,0.0,25.55000129342079,1.2000000476837158
3837,27.32500071823597,-1.0000001192092896,7.399999976158142,0.0,0.0,20.025001399219036,0.9000000357627869
3838,2.424999952316284,0.0,1.0,0.0,0.0,1.1250000894069672,0.30000001192092896
3839,16.399999797344208,0.0,6.699999988079071,0.0,0.0,9.100000619888306,0.6000000238418579
3840,0.05000004172325134,0.0,-1.0,0.0,0.0,0.7500000596046448,0.30000001192092896
3841,0.6750000417232513,0.0,0.0,0.0,0.0,0.3750000298023224,0.30000001192092896
3842,23.575000502169132,0.0,8.0,0.0,0.0,15.275000210851431,0.30000001192092896
3843,28.524999771267176,0.0,5.699999988079071,0.0,0.0,22.225000206381083,0.6000000238418579
3844,1.0500000715255737,0.0,0.0,0.0,0.0,0.7500000596046448,0.30000001192092896
3845,2.6749998331069946,0.0,2.0,0.0,0.0,0.3750000298023224,0.30000001192092896
3846,3.049999862909317,0.0,2.0,0.0,0.0,0.7500000596046448,0.30000001192092896
3847,52.70000022649765,0.0,19.19999998807907,0.0,0.0,32.60000067949295,0.9000000357627869
3848,1.4250001013278961,0.0,0.0,0.0,0.0,1.1250000894069672,0.30000001192092896
3849,1.0500000715255737,0.0,0.0,0.0,0.0,0.7500000596046448,0.30000001192092896
3850,1.6749999821186066,0.0,1.0,0.0,0.0,0.3750000298023224,0.30000001192092896
3851,3.049999862909317,0.0,2.0,0.0,0.0,0.7500000596046448,0.30000001192092896
3852,1.4249999225139618,0.0,0.0,0.0,0.0,1.1250000894069672,0.30000001192092896
3853,1.0500000715255737,0.0,0.0,0.0,0.0,0.7500000596046448,0.30000001192092896
3854,1.0500000715255737,0.0,0.0,0.0,0.0,0.7500000596046448,0.30000001192092896
3855,36.32500023022294,-1.0000001192092896,16.399999976158142,0.0,0.0,20.025000732392073,0.9000000357627869
3856,2.424999952316284,0.0,1.0,0.0,0.0,1.1250000894069672,0.30000001192092896
3857,2.424999952316284,0.0,1.0,0.0,0.0,1.1250000894069672,0.30000001192092896
3858,22.55000004172325,0.0,6.0,0.0,0.0,16.250001031905413,0.30000001192092896
3859,0.6750000417232513,0.0,0.0,0.0,0.0,0.3750000298023224,0.30000001192092896
3860,0.6750000417232513,0.0,0.0,0.0,0.0,0.3750000298023224,0.30000001192092896
3861,1.0500000715255737,0.0,0.0,0.0,0.0,0.7500000596046448,0.30000001192092896
3862,2.424999952316284,0.0,1.0,0.0,0.0,1.1250000894069672,0.30000001192092896
3863,2.050000011920929,0.0,1.0,0.0,0.0,0.7500000596046448,0.30000001192092896
3864,0.6750000417232513,0.0,0.0,0.0,0.0,0.3750000298023224,0.30000001192092896
3865,24.625000536441803,0.0,2.399999976158142,0.0,0.0,21.32500073313713,0.9000000357627869
3866,1.0500000715255737,0.0,0.0,0.0,0.0,0.7500000596046448,0.30000001192092896
3867,1.0500000715255737,0.0,0.0,0.0,0.0,0.7500000596046448,0.30000001192092896
3868,62.39999961480498,-1.0000001192092896,24.899999976158142,-9.0,0.0,45.40000170469284,2.1000000834465027
3869,39.05000037699938,-1.0000001192092896,19.899999976158142,-1.5,0.0,20.450001545250416,1.2000000476837158
3870,2.049999922513962,0.0,1.0,0.0,0.0,0.7500000596046448,0.30000001192092896
3871,1.0500000715255737,0.0,0.0,0.0,0.0,0.7500000596046448,0.30000001192092896
3872,0.6750000417232513,0.0,0.0,0.0,0.0,0.3750000298023224,0.30000001192092896
3873,0.42500007152557373,0.0,-1.0,0.0,0.0,1.1250000894069672,0.30000001192092896
3874,27.52499982714653,0.0,8.399999976158142,0.0,0.0,18.225001111626625,0.9000000357627869
3875,0.6750000417232513,0.0,0.0,0.0,0.0,0.3750000298023224,0.30000001192092896
3876,0.6750000417232513,0.0,0.0,0.0,0.0,0.3750000298023224,0.30000001192092896
3877,2.049999922513962,0.0,1.0,0.0,0.0,0.7500000596046448,0.30000001192092896
3878,1.0500000715255737,0.0,0.0,0.0,0.0,0.7500000596046448,0.30000001192092896
3879,1.4250001013278961,0.0,0.0,0.0,0.0,1.1250000894069672,0.30000001192092896
3880,2.424999952316284,0.0,1.0,0.0,0.0,1.1250000894069672,0.30000001192092896
3881,33.974999994039536,0.0,11.399999976158142,0.0,0.0,21.675000548362732,0.9000000357627869
3882,3.4249998033046722,0.0,2.0,0.0,0.0,1.1250000894069672,0.30000001192092896
3883,37.92500014230609,0.0,12.199999988079071,-4.5,0.0,28.72500041127205,1.5000000596046448
3884,33.999999925494194,-1.0000001192092896,18.900000035762787,-4.5,0.0,19.40000106021762,1.2000000476837158
3885,0.05000004172325134,0.0,-1.0,0.0,0.0,0.7500000596046448,0.30000001192092896
3886,2.050000011920929,0.0,1.0,0.0,0.0,0.7500000596046448,0.30000001192092896
3887,76.65000213310122,0.0,39.799999952316284,0.0,0.0,34.75000148266554,2.1000000834465027
3888,0.6750000417232513,0.0,0.0,0.0,0.0,0.3750000298023224,0.30000001192092896
3889,0.6750000417232513,0.0,0.0,0.0,0.0,0.3750000298023224,0.30000001192092896
3890,2.7999999821186066,0.0,1.0,0.0,0.0,1.5000001192092896,0.30000001192092896
3891,39.85000063478947,-1.0000001192092896,15.5,-3.0,0.0,27.150001484900713,1.2000000476837158
3892,0.6750000417232513,0.0,0.0,0.0,0.0,0.3750000298023224,0.30000001192092896
3893,67.450002014637,-1.0000001192092896,13.099999964237213,0.0,0.0,54.150002367794514,1.2000000476837158
3894,2.175000160932541,0.0,0.0,0.0,0.0,1.875000149011612,0.30000001192092896
3895,1.0500000715255737,0.0,0.0,0.0,0.0,0.7500000596046448,0.30000001192092896
3896,1.6749999821186066,0.0,1.0,0.0,0.0,0.3750000298023224,0.30000001192092896
3897,36.27500182017684,0.0,11.0,0.0,0.0,24.975001506507397,0.30000001192092896
3898,20.775000285357237,0.0,6.0,0.0,0.0,14.47500080987811,0.30000001192092896
3899,2.050000011920929,0.0,1.0,0.0,0.0,0.7500000596046448,0.30000001192092896
3900,73.1249988116324,0.0,25.799999952316284,0.0,0.0,44.92500136420131,2.4000000953674316
3901,28.22499966993928,0.0,6.399999976158142,0.0,0.0,20.925000619143248,0.9000000357627869
3902,1.0500000715255737,0.0,0.0,0.0,0.0,0.7500000596046448,0.30000001192092896
3903,2.049999922513962,0.0,1.0,0.0,0.0,0.7500000596046448,0.30000001192092896
3904,0.42500007152557373,0.0,-1.0,0.0,0.0,1.1250000894069672,0.30000001192092896
3905,21.25000037997961,0.0,5.0,0.0,0.0,15.950001280754805,0.30000001192092896
3906,1.6749999821186066,0.0,1.0,0.0,0.0,0.3750000298023224,0.30000001192092896
3907,1.4250001013278961,0.0,0.0,0.0,0.0,1.1250000894069672,0.30000001192092896
3908,0.6750000417232513,0.0,0.0,0.0,0.0,0.3750000298023224,0.30000001192092896
3909,1.0500000715255737,0.0,0.0,0.0,0.0,0.7500000596046448,0.30000001192092896
3910,32.05000101029873,0.0,6.900000035762787,0.0,0.0,23.35000105202198,1.8000000715255737
3911,1.0500000715255737,0.0,0.0,0.0,0.0,0.7500000596046448,0.30000001192092896
3912,0.6750000417232513,0.0,0.0,0.0,0.0,0.3750000298023224,0.30000001192092896
3913,1.0500000715255737,0.0,0.0,0.0,0.0,0.7500000596046448,0.30000001192092896
3914,0.6750000417232513,0.0,0.0,0.0,0.0,0.3750000298023224,0.30000001192092896
3915,31.824999786913395,0.0,12.699999988079071,0.0,0.0,18.525000780820847,0.6000000238418579
3916,2.424999952316284,0.0,1.0,0.0,0.0,1.1250000894069672,0.30000001192092896
3917,36.85000026971102,0.0,13.0,0.0,0.0,23.55000087991357,0.30000001192092896
3918,3.4249998033046722,0.0,2.0,0.0,0.0,1.1250000894069672,0.30000001192092896
3919,2.7999999821186066,0.0,1.0,0.0,0.0,1.5000001192092896,0.30000001192092896
3920,2.7999999821186066,0.0,1.0,0.0,0.0,1.5000001192092896,0.30000001192092896
3921,1.0500000715255737,0.0,0.0,0.0,0.0,0.7500000596046448,0.30000001192092896
3922,0.6750000417232513,0.0,0.0,0.0,0.0,0.3750000298023224,0.30000001192092896
3923,37.25000058114529,-1.0000001192092896,11.0,0.0,0.0,26.950002048164606,0.30000001192092896
3924,3.049999862909317,0.0,2.0,0.0,0.0,0.7500000596046448,0.30000001192092896
3925,26.975001022219658,-1.0000001192092896,6.699999988079071,0.0,0.0,20.675001334398985,0.6000000238418579
3926,2.424999952316284,0.0,1.0,0.0,0.0,1.1250000894069672,0.30000001192092896
3927,-0.9499999582767487,0.0,-2.0,0.0,0.0,0.7500000596046448,0.30000001192092896
3928,0.05000004172325134,0.0,-1.0,0.0,0.0,0.7500000596046448,0.30000001192092896
3929,2.424999952316284,0.0,1.0,0.0,0.0,1.1250000894069672,0.30000001192092896
3930,1.4249999523162842,0.0,0.0,0.0,0.0,1.1250000894069672,0.30000001192092896
3931,1.4250001013278961,0.0,0.0,0.0,0.0,1.1250000894069672,0.30000001192092896
3932,1.6749999821186066,0.0,1.0,0.0,0.0,0.3750000298023224,0.30000001192092896
3933,2.4250000417232513,0.0,1.0,0.0,0.0,1.1250000894069672,0.30000001192092896
3934,31.0750003606081,0.0,10.699999988079071,0.0,0.0,19.775000888854265,0.6000000238418579
3935,3.049999862909317,0.0,2.0,0.0,0.0,0.7500000596046448,0.30000001192092896
3936,0.6750000417232513,0.0,0.0,0.0,0.0,0.3750000298023224,0.30000001192092896
3937,61.57499957084656,0.0,29.19999998807907,-1.0,0.0,32.17500065639615,1.2000000476837158
3938,27.225000124424696,-1.0000001192092896,8.699999988079071,0.0,0.0,18.925000984221697,0.6000000238418579
3939,0.42500007152557373,0.0,-1.0,0.0,0.0,1.1250000894069672,0.30000001192092896
3940,22.850000701844692,0.0,5.400000035762787,0.0,0.0,16.5500007532537,0.9000000357627869
3941,38.20000087842345,0.0,13.0,0.0,0.0,24.90000167861581,0.30000001192092896
3942,27.725000455975533,0.0,9.0,0.0,0.0,18.42500126734376,0.30000001192092896
3943,28.175000671297312,0.0,7.0,0.0,0.0,20.875001214444637,0.30000001192092896
3944,0.6750000417232513,0.0,0.0,0.0,0.0,0.3750000298023224,0.30000001192092896
3945,0.6750000417232513,0.0,0.0,0.0,0.0,0.3750000298023224,0.30000001192092896
3946,0.6750000417232513,0.0,0.0,0.0,0.0,0.3750000298023224,0.30000001192092896
3947,44.87500063702464,-1.0000001192092896,15.599999964237213,-4.5,0.0,32.9750008136034,1.8000000715255737
3948,0.6750000417232513,0.0,0.0,0.0,0.0,0.3750000298023224,0.30000001192092896
3949,26.100000020116568,-1.0000001192092896,6.0,0.0,0.0,20.800001341849566,0.30000001192092896
3950,2.1749999821186066,0.0,0.0,0.0,0.0,1.875000149011612,0.30000001192092896
3951,1.0500000715255737,0.0,0.0,0.0,0.0,0.7500000596046448,0.30000001192092896
3952,0.6750000417232513,0.0,0.0,0.0,0.0,0.3750000298023224,0.30000001192092896
3953,0.6750000417232513,0.0,0.0,0.0,0.0,0.3750000298023224,0.30000001192092896
3954,1.4250001013278961,0.0,0.0,0.0,0.0,1.1250000894069672,0.30000001192092896
3955,37.17500004172325,0.0,11.199999988079071,0.0,0.0,25.075001165270805,0.9000000357627869
3956,1.4250001013278961,0.0,0.0,0.0,0.0,1.1250000894069672,0.30000001192092896
3957,0.6750000417232513,0.0,0.0,0.0,0.0,0.3750000298023224,0.30000001192092896
3958,1.4250001013278961,0.0,0.0,0.0,0.0,1.1250000894069672,0.30000001192092896
3959,1.6749999821186066,0.0,1.0,0.0,0.0,0.3750000298023224,0.30000001192092896
3960,2.424999952316284,0.0,1.0,0.0,0.0,1.1250000894069672,0.30000001192092896
3961,24.600000400096178,-1.0000001192092896,5.0,0.0,0.0,20.30000128224492,0.30000001192092896
3962,40.42500028014183,-1.0000001192092896,7.699999988079071,0.0,0.0,33.125001061707735,0.6000000238418579
3963,12.200000677257776,-1.0000001192092896,-0.9000000357627869,0.0,0.0,12.900000911206007,1.2000000476837158
3964,0.6750000417232513,0.0,0.0,0.0,0.0,0.3750000298023224,0.30000001192092896
3965,-0.32499995827674866,0.0,-1.0,0.0,0.0,0.3750000298023224,0.30000001192092896
3966,2.424999952316284,0.0,1.0,0.0,0.0,1.1250000894069672,0.30000001192092896
3967,0.42500007152557373,0.0,-1.0,0.0,0.0,1.1250000894069672,0.30000001192092896
3968,0.6750000417232513,0.0,0.0,0.0,0.0,0.3750000298023224,0.30000001192092896
3969,101.30000117793679,0.0,45.19999998807907,0.0,0.0,52.20000156387687,3.9000001549720764
3970,40.7250006981194,0.0,9.0,0.0,0.0,31.425001688301563,0.30000001192092896
3971,20.350000105798244,0.0,6.0,0.0,0.0,14.050000600516796,0.30000001192092896
3972,27.250000350177288,0.0,7.0,0.0,0.0,19.95000110194087,0.30000001192092896
3973,0.6750000417232513,0.0,0.0,0.0,0.0,0.3750000298023224,0.30000001192092896
3974,37.100000485777855,-1.0000001192092896,12.5,-3.0,0.0,28.00000110641122,0.6000000238418579
3975,2.424999952316284,0.0,1.0,0.0,0.0,1.1250000894069672,0.30000001192092896
3976,1.0500000715255737,0.0,0.0,0.0,0.0,0.7500000596046448,0.30000001192092896
3977,21.299999967217445,0.0,7.5,0.0,0.0,13.200000505894423,0.6000000238418579
3978,46.625000178813934,0.0,16.399999976158142,0.0,0.0,29.325001575052738,0.9000000357627869
3979,0.6750000417232513,0.0,0.0,0.0,0.0,0.3750000298023224,0.30000001192092896
3980,3.049999862909317,0.0,2.0,0.0,0.0,0.7500000596046448,0.30000001192092896
3981,2.424999952316284,0.0,1.0,0.0,0.0,1.1250000894069672,0.30000001192092896
3982,1.0500000715255737,0.0,0.0,0.0,0.0,0.7500000596046448,0.30000001192092896
3983,48.900001019239426,0.0,13.899999976158142,-1.0,0.0,34.20000101625919,1.8000000715255737
3984,0.6750000417232513,0.0,0.0,0.0,0.0,0.3750000298023224,0.30000001192092896
3985,1.0499999821186066,0.0,0.0,0.0,0.0,0.7500000596046448,0.30000001192092896
3986,1.4250001013278961,0.0,0.0,0.0,0.0,1.1250000894069672,0.30000001192092896
3987,0.6750000417232513,0.0,0.0,0.0,0.0,0.3750000298023224,0.30000001192092896
3988,23.55000029504299,-1.0000001192092896,4.399999976158142,0.0,0.0,19.25000099465251,0.9000000357627869
3989,3.4249998033046722,0.0,2.0,0.0,0.0,1.1250000894069672,0.30000001192092896
3990,1.0500000715255737,0.0,0.0,0.0,0.0,0.7500000596046448,0.30000001192092896
3991,0.05000004172325134,0.0,-1.0,0.0,0.0,0.7500000596046448,0.30000001192092896
3992,1.4249999225139618,0.0,0.0,0.0,0.0,1.1250000894069672,0.30000001192092896
3993,3.049999862909317,0.0,2.0,0.0,0.0,0.7500000596046448,0.30000001192092896
3994,2.424999952316284,0.0,1.0,0.0,0.0,1.1250000894069672,0.30000001192092896
3995,33.32500057294965,0.0,12.699999988079071,0.0,0.0,20.025000259280205,0.6000000238418579
3996,45.47499854490161,0.0,19.69999998807907,0.0,0.0,25.175001945346594,0.6000000238418579
3997,27.325000762939453,0.0,7.399999976158142,0.0,0.0,19.02500119805336,0.9000000357627869
3998,0.6750000417232513,0.0,0.0,0.0,0.0,0.3750000298023224,0.30000001192092896
3999,1.0500000715255737,0.0,0.0,0.0,0.0,0.7500000596046448,0.30000001192092896
4000,1.0500000715255737,0.0,0.0,0.0,0.0,0.7500000596046448,0.30000001192092896
4001,2.049999922513962,0.0,1.0,0.0,0.0,0.7500000596046448,0.30000001192092896
4002,1.0500000715255737,0.0,0.0,0.0,0.0,0.7500000596046448,0.30000001192092896
4003,1.4250001013278961,0.0,0.0,0.0,0.0,1.1250000894069672,0.30000001192092896
4004,2.424999952316284,0.0,1.0,0.0,0.0,1.1250000894069672,0.30000001192092896
4005,0.6750000417232513,0.0,0.0,0.0,0.0,0.3750000298023224,0.30000001192092896
4006,38.20000064000487,-1.0000001192092896,15.0,0.0,0.0,23.900001861155033,0.30000001192092896
4007,42.700000673532486,0.0,8.899999976158142,0.0,0.0,32.60000157356262,1.2000000476837158
4008,38.22499994188547,-1.0000001192092896,16.19999998807907,0.0,0.0,22.12500110641122,0.9000000357627869
4009,31.99999998509884,0.0,9.799999952316284,0.0,0.0,20.700000900775194,1.5000000596046448
4010,48.4000001065433,0.0,18.399999976158142,0.0,0.0,29.10000129416585,0.9000000357627869
4011,1.0500000715255737,0.0,0.0,0.0,0.0,0.7500000596046448,0.30000001192092896
4012,0.6750000417232513,0.0,0.0,0.0,0.0,0.3750000298023224,0.30000001192092896
4013,2.050000011920929,0.0,1.0,0.0,0.0,0.7500000596046448,0.30000001192092896
4014,0.6750000417232513,0.0,0.0,0.0,0.0,0.3750000298023224,0.30000001192092896
4015,1.4250001013278961,0.0,0.0,0.0,0.0,1.1250000894069672,0.30000001192092896
4016,1.0500000715255737,0.0,0.0,0.0,0.0,0.7500000596046448,0.30000001192092896
4017,1.4249999225139618,0.0,0.0,0.0,0.0,1.1250000894069672,0.30000001192092896
4018,25.425001315772533,0.0,9.5,-1.5,0.0,16.825000889599323,0.6000000238418579
4019,33.20000013336539,0.0,7.699999988079071,0.0,0.0,24.90000068768859,0.6000000238418579
4020,45.299999967217445,0.0,13.699999988079071,0.0,0.0,30.70000207796693,0.9000000357627869
4021,28.400000412017107,0.0,5.399999976158142,0.0,0.0,22.100001458078623,0.9000000357627869
4022,17.100000709295273,0.0,-5.100000023841858,0.0,0.0,19.500000655651093,2.7000001072883606
4023,0.6750000417232513,0.0,0.0,0.0,0.0,0.3750000298023224,0.30000001192092896
4024,26.57499999180436,0.0,4.699999988079071,0.0,0.0,21.27500094100833,0.6000000238418579
4025,0.8000001013278961,0.0,-1.0,0.0,0.0,1.5000001192092896,0.30000001192092896
4026,0.6750000417232513,0.0,0.0,0.0,0.0,0.3750000298023224,0.30000001192092896
4027,0.8000001311302185,0.0,-1.0,0.0,0.0,1.5000001192092896,0.30000001192092896
4028,0.6750000417232513,0.0,0.0,0.0,0.0,0.3750000298023224,0.30000001192092896
4029,1.4249999225139618,0.0,0.0,0.0,0.0,1.1250000894069672,0.30000001192092896
4030,0.6750000417232513,0.0,0.0,0.0,0.0,0.3750000298023224,0.30000001192092896
4031,2.049999922513962,0.0,1.0,0.0,0.0,0.7500000596046448,0.30000001192092896
4032,0.6750000417232513,0.0,0.0,0.0,0.0,0.3750000298023224,0.30000001192092896
4033,0.6750000417232513,0.0,0.0,0.0,0.0,0.3750000298023224,0.30000001192092896
4034,1.0500000715255737,0.0,0.0,0.0,0.0,0.7500000596046448,0.30000001192092896
4035,63.00000298023224,-1.0000001192092896,17.599999964237213,0.0,0.0,44.60000203549862,1.8000000715255737
4036,51.30000078678131,0.0,15.499999940395355,-1.0,0.0,33.8000018671155,3.0000001192092896
4037,0.6750000417232513,0.0,0.0,0.0,0.0,0.3750000298023224,0.30000001192092896
4038,0.6750000417232513,0.0,0.0,0.0,0.0,0.3750000298023224,0.30000001192092896
4039,1.0500000715255737,0.0,0.0,0.0,0.0,0.7500000596046448,0.30000001192092896
4040,2.049999922513962,0.0,1.0,0.0,0.0,0.7500000596046448,0.30000001192092896
4041,1.4250001013278961,0.0,0.0,0.0,0.0,1.1250000894069672,0.30000001192092896
4042,22.02500068768859,0.0,4.0,0.0,0.0,17.725001525133848,0.30000001192092896
4043,24.625000335276127,0.0,6.0,0.0,0.0,18.325000546872616,0.30000001192092896
4044,0.4250001013278961,0.0,-1.0,0.0,0.0,1.1250000894069672,0.30000001192092896
4045,0.6750000417232513,0.0,0.0,0.0,0.0,0.3750000298023224,0.30000001192092896
4046,2.8000000715255737,0.0,1.0,0.0,0.0,1.5000001192092896,0.30000001192092896
4047,5.45000022649765,0.0,-1.300000011920929,0.0,0.0,6.1500003933906555,0.6000000238418579
4048,1.8000001311302185,0.0,0.0,0.0,0.0,1.5000001192092896,0.30000001192092896
4049,13.60000067949295,0.0,0.09999996423721313,0.0,0.0,12.300000965595245,1.2000000476837158
4050,0.05000007152557373,0.0,-1.0,0.0,0.0,0.7500000596046448,0.30000001192092896
4051,0.6750000417232513,0.0,0.0,0.0,0.0,0.3750000298023224,0.30000001192092896
4052,0.6750000417232513,0.0,0.0,0.0,0.0,0.3750000298023224,0.30000001192092896
4053,0.6750000417232513,0.0,0.0,0.0,0.0,0.3750000298023224,0.30000001192092896
4054,26.725000768899918,1.0000001192092896,5.699999988079071,0.0,1.0,17.825000762939453,1.2000000476837158
4055,0.6750000417232513,0.0,0.0,0.0,0.0,0.3750000298023224,0.30000001192092896
4056,14.52499994635582,0.0,5.699999988079071,0.0,0.0,8.225000351667404,0.6000000238418579
4057,1.0500000715255737,0.0,0.0,0.0,0.0,0.7500000596046448,0.30000001192092896
4058,0.6750000417232513,0.0,0.0,0.0,0.0,0.3750000298023224,0.30000001192092896
4059,1.6749999821186066,0.0,1.0,0.0,0.0,0.3750000298023224,0.30000001192092896
4060,45.675000727176666,0.0,16.0,-1.5,0.0,30.275001142174006,0.9000000357627869
4061,0.6750000417232513,0.0,0.0,0.0,0.0,0.3750000298023224,0.30000001192092896
4062,0.6750000417232513,0.0,0.0,0.0,0.0,0.3750000298023224,0.30000001192092896
4063,1.6749999821186066,0.0,1.0,0.0,0.0,0.3750000298023224,0.30000001192092896
4064,0.6750000417232513,0.0,0.0,0.0,0.0,0.3750000298023224,0.30000001192092896
4065,1.0500000715255737,0.0,0.0,0.0,0.0,0.7500000596046448,0.30000001192092896
4066,0.6750000417232513,0.0,0.0,0.0,0.0,0.3750000298023224,0.30000001192092896
4067,1.6749999821186066,0.0,1.0,0.0,0.0,0.3750000298023224,0.30000001192092896
4068,1.4250001013278961,0.0,0.0,0.0,0.0,1.1250000894069672,0.30000001192092896
4069,0.6750000417232513,0.0,0.0,0.0,0.0,0.3750000298023224,0.30000001192092896
4070,1.4250001013278961,0.0,0.0,0.0,0.0,1.1250000894069672,0.30000001192092896
4071,0.6750000417232513,0.0,0.0,0.0,0.0,0.3750000298023224,0.30000001192092896
4072,30.99999976530671,-1.0000001192092896,6.699999988079071,0.0,0.0,24.400000255554914,0.9000000357627869
4073,1.4250001013278961,0.0,0.0,0.0,0.0,1.1250000894069672,0.30000001192092896
4074,48.00000074505806,-1.0000001192092896,8.799999952316284,0.0,0.0,38.70000207424164,1.5000000596046448
4075,0.42500007152557373,0.0,-1.0,0.0,0.0,1.1250000894069672,0.30000001192092896
4076,2.8000000715255737,0.0,1.0,0.0,0.0,1.5000001192092896,0.30000001192092896
4077,2.049999922513962,0.0,1.0,0.0,0.0,0.7500000596046448,0.30000001192092896
4078,2.424999952316284,0.0,1.0,0.0,0.0,1.1250000894069672,0.30000001192092896
4079,1.6749999821186066,0.0,1.0,0.0,0.0,0.3750000298023224,0.30000001192092896
4080,1.0500000715255737,0.0,0.0,0.0,0.0,0.7500000596046448,0.30000001192092896
4081,1.4250001013278961,0.0,0.0,0.0,0.0,1.1250000894069672,0.30000001192092896
4082,-1.1999999582767487,0.0,-3.0,0.0,0.0,1.5000001192092896,0.30000001192092896
4083,0.6750000417232513,0.0,0.0,0.0,0.0,0.3750000298023224,0.30000001192092896
4084,19.650000754743814,-1.0000001192092896,-2.300000011920929,0.0,0.0,22.350001346319914,0.6000000238418579
4085,26.02499984204769,0.0,7.0,0.0,0.0,18.725000880658627,0.30000001192092896
4086,18.75000035762787,1.0000001192092896,2.5,2.0,1.0,11.650000661611557,0.6000000238418579
4087,1.4250001013278961,0.0,0.0,0.0,0.0,1.1250000894069672,0.30000001192092896
4088,33.45000023394823,0.0,6.0,0.0,0.0,27.150000389665365,0.30000001192092896
4089,26.150000423192978,0.0,7.099999964237213,0.0,0.0,17.850000619888306,1.2000000476837158
4090,0.42500007152557373,0.0,-1.0,0.0,0.0,1.1250000894069672,0.30000001192092896
4091,0.6750000417232513,0.0,0.0,0.0,0.0,0.3750000298023224,0.30000001192092896
4092,0.6750000417232513,0.0,0.0,0.0,0.0,0.3750000298023224,0.30000001192092896
4093,0.6750000417232513,0.0,0.0,0.0,0.0,0.3750000298023224,0.30000001192092896
4094,0.05000007152557373,0.0,-1.0,0.0,0.0,0.7500000596046448,0.30000001192092896
4095,25.60000017657876,0.0,5.0,0.0,0.0,20.300000678747892,0.30000001192092896
4096,1.4250001013278961,0.0,0.0,0.0,0.0,1.1250000894069672,0.30000001192092896
4097,18.975001081824303,-1.0000001192092896,2.0,0.0,0.0,17.675001453608274,0.30000001192092896
4098,0.6750000417232513,0.0,0.0,0.0,0.0,0.3750000298023224,0.30000001192092896
4099,2.4250000417232513,0.0,1.0,0.0,0.0,1.1250000894069672,0.30000001192092896
4100,0.8000001013278961,0.0,-1.0,0.0,0.0,1.5000001192092896,0.30000001192092896
4101,1.4250001013278961,0.0,0.0,0.0,0.0,1.1250000894069672,0.30000001192092896
4102,9.200000137090683,0.0,1.399999976158142,0.0,0.0,6.9000004529953,0.9000000357627869
4103,3.424999952316284,0.0,2.0,0.0,0.0,1.1250000894069672,0.30000001192092896
4104,2.4250000417232513,0.0,1.0,0.0,0.0,1.1250000894069672,0.30000001192092896
4105,49.174999829381704,0.0,15.600000023841858,0.0,0.0,31.77500231564045,1.8000000715255737
4106,1.0500000715255737,0.0,0.0,0.0,0.0,0.7500000596046448,0.30000001192092896
4107,1.0500000715255737,0.0,0.0,0.0,0.0,0.7500000596046448,0.30000001192092896
4108,2.049999922513962,0.0,1.0,0.0,0.0,0.7500000596046448,0.30000001192092896
4109,16.775000147521496,0.0,3.0,0.0,0.0,13.475000523030758,0.30000001192092896
4110,2.049999922513962,0.0,1.0,0.0,0.0,0.7500000596046448,0.30000001192092896
4111,48.22500081732869,0.0,16.099999964237213,0.0,0.0,30.925001099705696,1.2000000476837158
4112,1.6749999821186066,0.0,1.0,0.0,0.0,0.3750000298023224,0.30000001192092896
4113,0.6750000417232513,0.0,0.0,0.0,0.0,0.3750000298023224,0.30000001192092896
4114,1.8000001311302185,0.0,0.0,0.0,0.0,1.5000001192092896,0.30000001192092896
4115,34.0250003002584,0.0,4.699999988079071,0.0,0.0,28.725001119077206,0.6000000238418579
4116,30.025000177323818,0.0,7.699999988079071,0.0,0.0,21.725000858306885,0.6000000238418579
4117,18.500000189989805,0.0,1.0,0.0,0.0,17.20000034570694,0.30000001192092896
4118,11.600000202655792,0.0,3.399999976158142,0.0,0.0,7.300000458955765,0.9000000357627869
4119,1.0500000715255737,0.0,0.0,0.0,0.0,0.7500000596046448,0.30000001192092896
4120,0.42500007152557373,0.0,-1.0,0.0,0.0,1.1250000894069672,0.30000001192092896
4121,0.05000007152557373,0.0,-1.0,0.0,0.0,0.7500000596046448,0.30000001192092896
4122,0.6750000417232513,0.0,0.0,0.0,0.0,0.3750000298023224,0.30000001192092896
4123,2.050000011920929,0.0,1.0,0.0,0.0,0.7500000596046448,0.30000001192092896
4124,1.6749999821186066,0.0,1.0,0.0,0.0,0.3750000298023224,0.30000001192092896
4125,0.6750000417232513,0.0,0.0,0.0,0.0,0.3750000298023224,0.30000001192092896
4126,1.6749999821186066,0.0,1.0,0.0,0.0,0.3750000298023224,0.30000001192092896
4127,0.6750000417232513,0.0,0.0,0.0,0.0,0.3750000298023224,0.30000001192092896
4128,6.7000002562999725,0.0,0.0,0.0,0.0,6.400000482797623,0.30000001192092896
4129,2.050000011920929,0.0,1.0,0.0,0.0,0.7500000596046448,0.30000001192092896
4130,1.0500000715255737,0.0,0.0,0.0,0.0,0.7500000596046448,0.30000001192092896
4131,21.09999981150031,0.0,4.099999964237213,0.0,0.0,15.80000039935112,1.2000000476837158
4132,0.6750000417232513,0.0,0.0,0.0,0.0,0.3750000298023224,0.30000001192092896
4133,1.0499998927116394,0.0,0.0,0.0,0.0,0.7500000596046448,0.30000001192092896
4134,1.0500000715255737,0.0,0.0,0.0,0.0,0.7500000596046448,0.30000001192092896
4135,1.0500000715255737,0.0,0.0,0.0,0.0,0.7500000596046448,0.30000001192092896
4136,0.6750000417232513,0.0,0.0,0.0,0.0,0.3750000298023224,0.30000001192092896
4137,20.57500021532178,-1.0000001192092896,0.699999988079071,0.0,0.0,20.275001123547554,0.6000000238418579
4138,1.0499999225139618,0.0,0.0,0.0,0.0,0.7500000596046448,0.30000001192092896
4139,27.824999764561653,0.0,4.399999976158142,0.0,0.0,22.52500083297491,0.9000000357627869
4140,0.6750000417232513,0.0,0.0,0.0,0.0,0.3750000298023224,0.30000001192092896
4141,2.050000011920929,0.0,1.0,0.0,0.0,0.7500000596046448,0.30000001192092896
4142,1.7999999523162842,0.0,0.0,0.0,0.0,1.5000001192092896,0.30000001192092896
4143,37.42500124871731,0.0,6.699999988079071,0.0,0.0,29.525001518428326,1.2000000476837158
4144,1.6749999821186066,0.0,1.0,0.0,0.0,0.3750000298023224,0.30000001192092896
4145,2.049999922513962,0.0,1.0,0.0,0.0,0.7500000596046448,0.30000001192092896
4146,0.6750000417232513,0.0,0.0,0.0,0.0,0.3750000298023224,0.30000001192092896
4147,44.72500091046095,0.0,5.0,2.0,0.0,36.52500249072909,1.2000000476837158
4148,1.0500000715255737,0.0,0.0,0.0,0.0,0.7500000596046448,0.30000001192092896
4149,1.4250001013278961,0.0,0.0,0.0,0.0,1.1250000894069672,0.30000001192092896
4150,1.4250001013278961,0.0,0.0,0.0,0.0,1.1250000894069672,0.30000001192092896
4151,0.05000007152557373,0.0,-1.0,0.0,0.0,0.7500000596046448,0.30000001192092896
4152,1.7999999523162842,0.0,0.0,0.0,0.0,1.5000001192092896,0.30000001192092896
4153,1.4250001013278961,0.0,0.0,0.0,0.0,1.1250000894069672,0.30000001192092896
4154,1.4250001013278961,0.0,0.0,0.0,0.0,1.1250000894069672,0.30000001192092896
4155,2.7999999821186066,0.0,1.0,0.0,0.0,1.5000001192092896,0.30000001192092896
4156,32.42500089481473,-1.0000001192092896,1.899999976158142,0.5,0.0,29.8250014744699,1.2000000476837158
4157,0.6750000417232513,0.0,0.0,0.0,0.0,0.3750000298023224,0.30000001192092896
4158,11.599999755620956,0.0,1.0999999642372131,0.0,0.0,9.300000667572021,1.2000000476837158
4159,1.4250001013278961,0.0,0.0,0.0,0.0,1.1250000894069672,0.30000001192092896
4160,2.475000023841858,0.0,0.0,0.0,0.0,2.1750000715255737,0.30000001192092896
4161,25.02500034496188,-1.0000001192092896,8.099999964237213,0.0,0.0,16.72500080615282,1.2000000476837158
4162,1.0500000715255737,0.0,0.0,0.0,0.0,0.7500000596046448,0.30000001192092896
4163,0.6750000417232513,0.0,0.0,0.0,0.0,0.3750000298023224,0.30000001192092896
4164,2.7999998331069946,0.0,1.0,0.0,0.0,1.5000001192092896,0.30000001192092896
4165,1.4249999225139618,0.0,0.0,0.0,0.0,1.1250000894069672,0.30000001192092896
4166,0.6750000417232513,0.0,0.0,0.0,0.0,0.3750000298023224,0.30000001192092896
4167,0.8000001013278961,0.0,-1.0,0.0,0.0,1.5000001192092896,0.30000001192092896
4168,0.05000007152557373,0.0,-1.0,0.0,0.0,0.7500000596046448,0.30000001192092896
4169,10.075000137090683,0.0,-1.9000000357627869,0.0,0.0,10.775000095367432,1.2000000476837158
4170,27.525000676512718,0.0,10.0,0.0,0.0,17.225000701844692,0.30000001192092896
4171,1.0499999821186066,0.0,0.0,0.0,0.0,0.7500000596046448,0.30000001192092896
4172,23.475000616163015,-1.0000001192092896,3.699999988079071,0.0,0.0,20.17500090226531,0.6000000238418579
4173,0.6750000417232513,0.0,0.0,0.0,0.0,0.3750000298023224,0.30000001192092896
4174,1.4250001013278961,0.0,0.0,0.0,0.0,1.1250000894069672,0.30000001192092896
4175,2.050000011920929,0.0,1.0,0.0,0.0,0.7500000596046448,0.30000001192092896
4176,0.6750000417232513,0.0,0.0,0.0,0.0,0.3750000298023224,0.30000001192092896
4177,1.4250001013278961,0.0,0.0,0.0,0.0,1.1250000894069672,0.30000001192092896
4178,6.200000017881393,0.0,2.0,0.0,0.0,3.9000003337860107,0.30000001192092896
4179,0.42500007152557373,0.0,-1.0,0.0,0.0,1.1250000894069672,0.30000001192092896
4180,0.8000001013278961,0.0,-1.0,0.0,0.0,1.5000001192092896,0.30000001192092896
4181,27.825000934302807,0.0,2.0,0.0,0.0,25.52500142902136,0.30000001192092896
4182,1.0500000715255737,0.0,0.0,0.0,0.0,0.7500000596046448,0.30000001192092896
4183,0.6750000417232513,0.0,0.0,0.0,0.0,0.3750000298023224,0.30000001192092896
4184,31.525001138448715,-1.0000001192092896,10.0,0.0,0.0,22.225001323968172,0.30000001192092896
4185,0.6750000417232513,0.0,0.0,0.0,0.0,0.3750000298023224,0.30000001192092896
4186,0.6750000417232513,0.0,0.0,0.0,0.0,0.3750000298023224,0.30000001192092896
4187,1.0500000715255737,0.0,0.0,0.0,0.0,0.7500000596046448,0.30000001192092896
4188,9.07500010728836,0.0,1.0,0.0,0.0,7.775000154972076,0.30000001192092896
4189,0.6750000417232513,0.0,0.0,0.0,0.0,0.3750000298023224,0.30000001192092896
4190,30.575000297278166,0.0,8.699999988079071,0.0,0.0,21.275000244379044,0.6000000238418579
4191,0.6750000417232513,0.0,0.0,0.0,0.0,0.3750000298023224,0.30000001192092896
4192,1.4250001013278961,0.0,0.0,0.0,0.0,1.1250000894069672,0.30000001192092896
4193,1.4250001013278961,0.0,0.0,0.0,0.0,1.1250000894069672,0.30000001192092896
4194,30.575000192970037,-1.0000001192092896,4.699999988079071,0.0,0.0,25.975001115351915,0.9000000357627869
4195,0.6750000417232513,0.0,0.0,0.0,0.0,0.3750000298023224,0.30000001192092896
4196,0.6750000417232513,0.0,0.0,0.0,0.0,0.3750000298023224,0.30000001192092896
4197,1.6749999821186066,0.0,1.0,0.0,0.0,0.3750000298023224,0.30000001192092896
4198,0.4250001013278961,0.0,-1.0,0.0,0.0,1.1250000894069672,0.30000001192092896
4199,41.775000274181366,-1.0000001192092896,16.400000035762787,0.0,0.0,25.475000627338886,0.9000000357627869
4200,37.42499902844429,-1.0000001192092896,16.0,-4.5,0.0,25.42500113323331,1.5000000596046448
4201,1.0500000715255737,0.0,0.0,0.0,0.0,0.7500000596046448,0.30000001192092896
4202,0.6750000417232513,0.0,0.0,0.0,0.0,0.3750000298023224,0.30000001192092896
4203,1.6749999821186066,0.0,1.0,0.0,0.0,0.3750000298023224,0.30000001192092896
4204,0.6750000417232513,0.0,0.0,0.0,0.0,0.3750000298023224,0.30000001192092896
4205,2.175000160932541,0.0,0.0,0.0,0.0,1.875000149011612,0.30000001192092896
4206,0.6750000417232513,0.0,0.0,0.0,0.0,0.3750000298023224,0.30000001192092896
4207,1.0500000715255737,0.0,0.0,0.0,0.0,0.7500000596046448,0.30000001192092896
4208,3.7999998331069946,0.0,2.0,0.0,0.0,1.5000001192092896,0.30000001192092896
4209,0.6750000417232513,0.0,0.0,0.0,0.0,0.3750000298023224,0.30000001192092896
4210,0.6750000417232513,0.0,0.0,0.0,0.0,0.3750000298023224,0.30000001192092896
4211,0.6750000417232513,0.0,0.0,0.0,0.0,0.3750000298023224,0.30000001192092896
4212,0.05000004172325134,0.0,-1.0,0.0,0.0,0.7500000596046448,0.30000001192092896
4213,5.925000060349703,0.0,0.699999988079071,0.0,0.0,4.625000257045031,0.6000000238418579
4214,1.6749999821186066,0.0,1.0,0.0,0.0,0.3750000298023224,0.30000001192092896
4215,1.6749999821186066,0.0,1.0,0.0,0.0,0.3750000298023224,0.30000001192092896
4216,1.0500000715255737,0.0,0.0,0.0,0.0,0.7500000596046448,0.30000001192092896
4217,23.92500065639615,-1.0000001192092896,2.699999988079071,0.0,0.0,21.625001396983862,0.6000000238418579
4218,0.05000004172325134,0.0,-1.0,0.0,0.0,0.7500000596046448,0.30000001192092896
4219,38.5249994546175,-1.0000001192092896,5.099999964237213,0.0,0.0,33.22500044479966,1.2000000476837158
4220,1.4250001013278961,0.0,0.0,0.0,0.0,1.1250000894069672,0.30000001192092896
4221,2.424999952316284,0.0,1.0,0.0,0.0,1.1250000894069672,0.30000001192092896
4222,0.6750000417232513,0.0,0.0,0.0,0.0,0.3750000298023224,0.30000001192092896
4223,1.0500000715255737,0.0,0.0,0.0,0.0,0.7500000596046448,0.30000001192092896
4224,37.59999992325902,-1.0000001192092896,10.199999988079071,0.0,0.0,27.500001810491085,0.9000000357627869
4225,0.42500007152557373,0.0,-1.0,0.0,0.0,1.1250000894069672,0.30000001192092896
4226,29.250000916421413,0.0,3.699999988079071,0.0,0.0,24.950000934302807,0.6000000238418579
4227,0.6750000417232513,0.0,0.0,0.0,0.0,0.3750000298023224,0.30000001192092896
4228,2.7999999821186066,0.0,1.0,0.0,0.0,1.5000001192092896,0.30000001192092896
4229,3.4249998927116394,0.0,2.0,0.0,0.0,1.1250000894069672,0.30000001192092896
4230,26.425000730901957,-1.0000001192092896,2.699999988079071,0.0,0.0,24.125001210719347,0.6000000238418579
4231,17.17500075697899,0.0,-2.600000023841858,0.0,0.0,18.87500098347664,0.9000000357627869
4232,24.525000225752592,0.0,6.899999976158142,-4.5,0.0,20.925001192837954,1.2000000476837158
4233,12.72500017285347,0.0,1.699999988079071,0.0,0.0,10.425000458955765,0.6000000238418579
4234,20.025000642985106,-1.0000001192092896,3.0,0.0,0.0,17.725001271814108,0.30000001192092896
4235,0.42500007152557373,0.0,-1.0,0.0,0.0,1.1250000894069672,0.30000001192092896
4236,34.75000100582838,0.0,10.399999976158142,0.0,0.0,23.45000111311674,0.9000000357627869
4237,1.4250001013278961,0.0,0.0,0.0,0.0,1.1250000894069672,0.30000001192092896
4238,4.89999982714653,0.0,-3.0,0.0,0.0,7.600000619888306,0.30000001192092896
4239,31.34999980777502,0.0,8.0,0.0,0.0,23.050001960247755,0.30000001192092896
4240,1.0500000715255737,0.0,0.0,0.0,0.0,0.7500000596046448,0.30000001192092896
4241,1.4250001013278961,0.0,0.0,0.0,0.0,1.1250000894069672,0.30000001192092896
4242,16.950000744313,0.0,2.0,0.0,0.0,14.650000989437103,0.30000001192092896
4243,78.62500064820051,0.0,9.899999916553497,0.0,0.0,65.42500266805291,3.3000001311302185
4244,2.7999999821186066,0.0,1.0,0.0,0.0,1.5000001192092896,0.30000001192092896
4245,-0.32499995827674866,0.0,-1.0,0.0,0.0,0.3750000298023224,0.30000001192092896
4246,0.6750000417232513,0.0,0.0,0.0,0.0,0.3750000298023224,0.30000001192092896
4247,1.4250001013278961,0.0,0.0,0.0,0.0,1.1250000894069672,0.30000001192092896
4248,0.05000004172325134,0.0,-1.0,0.0,0.0,0.7500000596046448,0.30000001192092896
4249,1.0500000715255737,0.0,0.0,0.0,0.0,0.7500000596046448,0.30000001192092896
4250,35.27500044554472,0.0,5.099999964237213,0.0,0.0,28.975001838058233,1.2000000476837158
4251,2.424999952316284,0.0,1.0,0.0,0.0,1.1250000894069672,0.30000001192092896
4252,0.6750000417232513,0.0,0.0,0.0,0.0,0.3750000298023224,0.30000001192092896
4253,0.05000007152557373,0.0,-1.0,0.0,0.0,0.7500000596046448,0.30000001192092896
4254,1.0500000715255737,0.0,0.0,0.0,0.0,0.7500000596046448,0.30000001192092896
4255,0.6750000417232513,0.0,0.0,0.0,0.0,0.3750000298023224,0.30000001192092896
4256,0.4250001013278961,0.0,-1.0,0.0,0.0,1.1250000894069672,0.30000001192092896
4257,0.8000001013278961,0.0,-1.0,0.0,0.0,1.5000001192092896,0.30000001192092896
4258,3.049999862909317,0.0,2.0,0.0,0.0,0.7500000596046448,0.30000001192092896
4259,38.77500059455633,-1.0000001192092896,10.399999976158142,0.0,0.0,28.475000586360693,0.9000000357627869
4260,22.54999951273203,0.0,2.699999988079071,0.0,0.0,19.249999664723873,0.6000000238418579
4261,2.424999952316284,0.0,1.0,0.0,0.0,1.1250000894069672,0.30000001192092896
4262,21.224999744445086,-1.0000001192092896,2.099999964237213,0.0,0.0,18.92500016838312,1.2000000476837158
4263,39.375001050531864,0.0,0.3999999761581421,-4.5,0.0,41.675001941621304,1.8000000715255737
4264,0.6750000417232513,0.0,0.0,0.0,0.0,0.3750000298023224,0.30000001192092896
4265,29.65000080317259,0.0,3.699999988079071,0.0,0.0,25.350001327693462,0.6000000238418579
4266,2.049999922513962,0.0,1.0,0.0,0.0,0.7500000596046448,0.30000001192092896
4267,37.87500071525574,-1.0000001192092896,3.5,0.0,0.0,34.77500192075968,0.6000000238418579
4268,0.05000004172325134,0.0,-1.0,0.0,0.0,0.7500000596046448,0.30000001192092896
4269,1.4250001013278961,0.0,0.0,0.0,0.0,1.1250000894069672,0.30000001192092896
4270,2.4250000417232513,0.0,1.0,0.0,0.0,1.1250000894069672,0.30000001192092896
4271,0.6750000417232513,0.0,0.0,0.0,0.0,0.3750000298023224,0.30000001192092896
4272,0.6750000417232513,0.0,0.0,0.0,0.0,0.3750000298023224,0.30000001192092896
4273,16.175000321120024,0.0,2.0,0.0,0.0,13.875000607222319,0.30000001192092896
4274,34.30000000447035,0.0,8.0,0.0,0.0,26.000000465661287,0.30000001192092896
4275,0.6750000417232513,0.0,0.0,0.0,0.0,0.3750000298023224,0.30000001192092896
4276,0.42500007152557373,0.0,-1.0,0.0,0.0,1.1250000894069672,0.30000001192092896
4277,27.17500051110983,0.0,3.0,0.0,0.0,23.875001337379217,0.30000001192092896
4278,0.6750000417232513,0.0,0.0,0.0,0.0,0.3750000298023224,0.30000001192092896
4279,0.6750000417232513,0.0,0.0,0.0,0.0,0.3750000298023224,0.30000001192092896
4280,0.6750000417232513,0.0,0.0,0.0,0.0,0.3750000298023224,0.30000001192092896
4281,1.4250001013278961,0.0,0.0,0.0,0.0,1.1250000894069672,0.30000001192092896
4282,1.4250001013278961,0.0,0.0,0.0,0.0,1.1250000894069672,0.30000001192092896
4283,2.424999952316284,0.0,1.0,0.0,0.0,1.1250000894069672,0.30000001192092896
4284,0.6750000417232513,0.0,0.0,0.0,0.0,0.3750000298023224,0.30000001192092896
4285,26.575000744313,0.0,5.5,0.0,0.0,20.4750006608665,0.6000000238418579
4286,0.05000004172325134,0.0,-1.0,0.0,0.0,0.7500000596046448,0.30000001192092896
4287,0.6750000417232513,0.0,0.0,0.0,0.0,0.3750000298023224,0.30000001192092896
4288,12.849999994039536,0.0,-0.30000001192092896,0.0,0.0,12.550000309944153,0.6000000238418579
4289,34.42500126734376,-1.0000001192092896,6.0,0.0,0.0,29.12500163167715,0.30000001192092896
4290,2.049999922513962,0.0,1.0,0.0,0.0,0.7500000596046448,0.30000001192092896
4291,0.6750000417232513,0.0,0.0,0.0,0.0,0.3750000298023224,0.30000001192092896
4292,27.400000382214785,-1.0000001192092896,3.5,-1.5,0.0,25.500001527369022,0.9000000357627869
4293,1.8000000417232513,0.0,0.0,0.0,0.0,1.5000001192092896,0.30000001192092896
4294,1.4250001013278961,0.0,0.0,0.0,0.0,1.1250000894069672,0.30000001192092896
4295,24.975000470876694,0.0,7.5,0.0,0.0,16.87500024214387,0.6000000238418579
4296,0.6750000417232513,0.0,0.0,0.0,0.0,0.3750000298023224,0.30000001192092896
4297,26.07500011473894,0.0,8.099999964237213,0.0,0.0,16.775000661611557,1.2000000476837158
4298,30.325001187622547,-1.0000001192092896,8.0,0.0,0.0,23.02500005811453,0.30000001192092896
4299,1.4250001013278961,0.0,0.0,0.0,0.0,1.1250000894069672,0.30000001192092896
4300,2.050000011920929,0.0,1.0,0.0,0.0,0.7500000596046448,0.30000001192092896
4301,19.9500005915761,0.0,4.0,0.0,0.0,15.650000408291817,0.30000001192092896
4302,1.0500000715255737,0.0,0.0,0.0,0.0,0.7500000596046448,0.30000001192092896
4303,1.0500000715255737,0.0,0.0,0.0,0.0,0.7500000596046448,0.30000001192092896
4304,0.6750000417232513,0.0,0.0,0.0,0.0,0.3750000298023224,0.30000001192092896
4305,1.0500000715255737,0.0,0.0,0.0,0.0,0.7500000596046448,0.30000001192092896
4306,1.0500000715255737,0.0,0.0,0.0,0.0,0.7500000596046448,0.30000001192092896
4307,0.6750000417232513,0.0,0.0,0.0,0.0,0.3750000298023224,0.30000001192092896
4308,13.05000053346157,-1.0000001192092896,-1.0,0.0,0.0,14.750001184642315,0.30000001192092896
4309,-0.32499995827674866,0.0,-1.0,0.0,0.0,0.3750000298023224,0.30000001192092896
4310,1.8000001311302185,0.0,0.0,0.0,0.0,1.5000001192092896,0.30000001192092896
4311,1.0500000715255737,0.0,0.0,0.0,0.0,0.7500000596046448,0.30000001192092896
4312,1.0500000715255737,0.0,0.0,0.0,0.0,0.7500000596046448,0.30000001192092896
4313,30.475000526756048,0.0,0.0,0.0,0.0,30.17500125989318,0.30000001192092896
4314,0.6750000417232513,0.0,0.0,0.0,0.0,0.3750000298023224,0.30000001192092896
4315,0.6750000417232513,0.0,0.0,0.0,0.0,0.3750000298023224,0.30000001192092896
4316,2.424999952316284,0.0,1.0,0.0,0.0,1.1250000894069672,0.30000001192092896
4317,2.050000011920929,0.0,1.0,0.0,0.0,0.7500000596046448,0.30000001192092896
4318,33.74999970942736,0.0,11.399999976158142,0.0,0.0,21.450001176446676,0.9000000357627869
4319,1.0500000715255737,0.0,0.0,0.0,0.0,0.7500000596046448,0.30000001192092896
4320,31.175000548362732,0.0,7.0,0.0,0.0,23.875000447034836,0.30000001192092896
4321,1.0500000715255737,0.0,0.0,0.0,0.0,0.7500000596046448,0.30000001192092896
4322,2.424999952316284,0.0,1.0,0.0,0.0,1.1250000894069672,0.30000001192092896
4323,23.425000939518213,0.0,4.0,0.0,0.0,19.125001035630703,0.30000001192092896
4324,2.049999922513962,0.0,1.0,0.0,0.0,0.7500000596046448,0.30000001192092896
4325,1.0500000715255737,0.0,0.0,0.0,0.0,0.7500000596046448,0.30000001192092896
4326,37.72500129416585,-1.0000001192092896,5.099999964237213,0.0,0.0,32.42500079423189,1.2000000476837158
4327,0.6750000417232513,0.0,0.0,0.0,0.0,0.3750000298023224,0.30000001192092896
4328,57.47500121220946,0.0,18.899999976158142,2.0,0.0,35.375001549720764,1.2000000476837158
4329,1.6749999821186066,0.0,1.0,0.0,0.0,0.3750000298023224,0.30000001192092896
4330,0.6750000417232513,0.0,0.0,0.0,0.0,0.3750000298023224,0.30000001192092896
4331,45.27500190958381,-1.0000001192092896,10.199999988079071,-1.5,0.0,36.075001273304224,1.5000000596046448
4332,12.475000202655792,0.0,0.699999988079071,0.0,0.0,10.87500086426735,0.9000000357627869
4333,0.42500007152557373,0.0,-1.0,0.0,0.0,1.1250000894069672,0.30000001192092896
4334,19.700000539422035,-1.0000001192092896,3.0,0.0,0.0,17.400000263005495,0.30000001192092896
4335,-0.32499995827674866,0.0,-1.0,0.0,0.0,0.3750000298023224,0.30000001192092896
4336,1.7999999523162842,0.0,0.0,0.0,0.0,1.5000001192092896,0.30000001192092896
4337,49.72500116750598,0.0,1.4999999403953552,0.0,0.0,46.42500293254852,1.8000000715255737
4338,0.4250001013278961,0.0,-1.0,0.0,0.0,1.1250000894069672,0.30000001192092896
4339,0.6750000417232513,0.0,0.0,0.0,0.0,0.3750000298023224,0.30000001192092896
4340,2.049999922513962,0.0,1.0,0.0,0.0,0.7500000596046448,0.30000001192092896
4341,2.8000000715255737,0.0,1.0,0.0,0.0,1.5000001192092896,0.30000001192092896
4342,1.4250001013278961,0.0,0.0,0.0,0.0,1.1250000894069672,0.30000001192092896
4343,0.6750000417232513,0.0,0.0,0.0,0.0,0.3750000298023224,0.30000001192092896
4344,2.175000160932541,0.0,0.0,0.0,0.0,1.875000149011612,0.30000001192092896
4345,35.800001226365566,0.0,1.399999976158142,0.0,0.0,33.500001918524504,0.9000000357627869
4346,29.324999909847975,0.0,4.399999976158142,0.0,0.0,24.025000758469105,0.9000000357627869
4347,0.6750000417232513,0.0,0.0,0.0,0.0,0.3750000298023224,0.30000001192092896
4348,2.7999999821186066,0.0,1.0,0.0,0.0,1.5000001192092896,0.30000001192092896
4349,1.0500000715255737,0.0,0.0,0.0,0.0,0.7500000596046448,0.30000001192092896
4350,3.049999862909317,0.0,2.0,0.0,0.0,0.7500000596046448,0.30000001192092896
4351,1.6749999821186066,0.0,1.0,0.0,0.0,0.3750000298023224,0.30000001192092896
4352,0.6750000417232513,0.0,0.0,0.0,0.0,0.3750000298023224,0.30000001192092896
4353,2.049999922513962,0.0,1.0,0.0,0.0,0.7500000596046448,0.30000001192092896
4354,0.6750000417232513,0.0,0.0,0.0,0.0,0.3750000298023224,0.30000001192092896
4355,30.924999825656414,0.0,8.0,0.0,0.0,22.62499937415123,0.30000001192092896
4356,89.89999908953905,0.0,18.09999990463257,0.0,0.0,68.8000019453466,3.0000001192092896
4357,2.424999952316284,0.0,1.0,0.0,0.0,1.1250000894069672,0.30000001192092896
4358,15.37500062584877,-1.0000001192092896,-3.5,0.0,0.0,18.675000723451376,1.2000000476837158
4359,14.550000429153442,0.0,-1.600000023841858,0.0,0.0,15.250000536441803,0.9000000357627869
4360,1.4250001013278961,0.0,0.0,0.0,0.0,1.1250000894069672,0.30000001192092896
4361,2.424999862909317,0.0,1.0,0.0,0.0,1.1250000894069672,0.30000001192092896
4362,0.6750000417232513,0.0,0.0,0.0,0.0,0.3750000298023224,0.30000001192092896
4363,20.900001041591167,-1.0000001192092896,3.0,0.0,0.0,18.600001245737076,0.30000001192092896
4364,0.6750000417232513,0.0,0.0,0.0,0.0,0.3750000298023224,0.30000001192092896
4365,1.6749999821186066,0.0,1.0,0.0,0.0,0.3750000298023224,0.30000001192092896
4366,39.35000069439411,0.0,11.0,0.0,0.0,28.050001475960016,0.30000001192092896
4367,-0.32499995827674866,0.0,-1.0,0.0,0.0,0.3750000298023224,0.30000001192092896
4368,2.049999922513962,0.0,1.0,0.0,0.0,0.7500000596046448,0.30000001192092896
4369,24.2500006146729,0.0,-0.30000001192092896,0.0,0.0,23.95000134781003,0.6000000238418579
4370,1.4250001013278961,0.0,0.0,0.0,0.0,1.1250000894069672,0.30000001192092896
4371,0.6750000417232513,0.0,0.0,0.0,0.0,0.3750000298023224,0.30000001192092896
4372,2.049999922513962,0.0,1.0,0.0,0.0,0.7500000596046448,0.30000001192092896
4373,0.42500007152557373,0.0,-1.0,0.0,0.0,1.1250000894069672,0.30000001192092896
4374,2.050000011920929,0.0,1.0,0.0,0.0,0.7500000596046448,0.30000001192092896
4375,37.074999928474426,0.0,5.599999964237213,0.0,0.0,29.97500030696392,1.5000000596046448
4376,3.4249998033046722,0.0,2.0,0.0,0.0,1.1250000894069672,0.30000001192092896
4377,26.15000008046627,-1.0000001192092896,7.0,0.0,0.0,19.85000105947256,0.30000001192092896
4378,1.0500000715255737,0.0,0.0,0.0,0.0,0.7500000596046448,0.30000001192092896
4379,1.0499998927116394,0.0,0.0,0.0,0.0,0.7500000596046448,0.30000001192092896
4380,36.27500072494149,0.0,12.699999988079071,0.0,0.0,22.975001525133848,0.6000000238418579
4381,21.624999720603228,0.0,4.699999988079071,0.0,0.0,16.32500036805868,0.6000000238418579
4382,5.674999982118607,0.0,2.0,0.0,0.0,3.3750002682209015,0.30000001192092896
4383,1.6749999821186066,0.0,1.0,0.0,0.0,0.3750000298023224,0.30000001192092896
4384,47.64999930933118,-1.0000001192092896,12.099999964237213,0.0,0.0,35.35000066831708,1.2000000476837158
4385,1.7999999523162842,0.0,0.0,0.0,0.0,1.5000001192092896,0.30000001192092896
4386,2.4250000417232513,0.0,1.0,0.0,0.0,1.1250000894069672,0.30000001192092896
4387,11.350000143051147,0.0,-2.0,0.0,0.0,12.450000315904617,0.9000000357627869
4388,17.60000078380108,0.0,3.0,0.0,0.0,14.30000064149499,0.30000001192092896
4389,0.6750000417232513,0.0,0.0,0.0,0.0,0.3750000298023224,0.30000001192092896
4390,30.700000375509262,0.0,5.900000035762787,-1.5,0.0,24.50000086426735,1.8000000715255737
4391,25.675000365823507,-1.0000001192092896,3.700000047683716,0.0,0.0,22.375001057982445,0.6000000238418579
4392,-0.32499995827674866,0.0,-1.0,0.0,0.0,0.3750000298023224,0.30000001192092896
4393,28.27500034123659,0.0,2.400000035762787,0.0,0.0,24.97500152885914,0.9000000357627869
4394,1.0499998927116394,0.0,0.0,0.0,0.0,0.7500000596046448,0.30000001192092896
4395,1.4250001013278961,0.0,0.0,0.0,0.0,1.1250000894069672,0.30000001192092896
4396,23.225000478327274,-1.0000001192092896,6.0,0.0,0.0,17.92500079423189,0.30000001192092896
4397,1.8000001311302185,0.0,0.0,0.0,0.0,1.5000001192092896,0.30000001192092896
4398,1.8000001311302185,0.0,0.0,0.0,0.0,1.5000001192092896,0.30000001192092896
4399,-0.32499995827674866,0.0,-1.0,0.0,0.0,0.3750000298023224,0.30000001192092896
4400,0.42500007152557373,0.0,-1.0,0.0,0.0,1.1250000894069672,0.30000001192092896
4401,-0.32499995827674866,0.0,-1.0,0.0,0.0,0.3750000298023224,0.30000001192092896
4402,0.6750000417232513,0.0,0.0,0.0,0.0,0.3750000298023224,0.30000001192092896
4403,1.4250001013278961,0.0,0.0,0.0,0.0,1.1250000894069672,0.30000001192092896
4404,12.249999910593033,0.0,-0.30000001192092896,0.0,0.0,11.949999809265137,0.6000000238418579
4405,0.05000007152557373,0.0,-1.0,0.0,0.0,0.7500000596046448,0.30000001192092896
4406,16.92499989271164,-1.0000001192092896,2.0,0.0,0.0,15.62500049546361,0.30000001192092896
4407,17.600000225007534,0.0,0.0,0.0,0.0,17.300000350922346,0.30000001192092896
4408,0.6750000417232513,0.0,0.0,0.0,0.0,0.3750000298023224,0.30000001192092896
4409,13.700000401586294,-1.0000001192092896,-1.5,0.0,0.0,15.60000066831708,0.6000000238418579
4410,0.6750000417232513,0.0,0.0,0.0,0.0,0.3750000298023224,0.30000001192092896
4411,1.0500000715255737,0.0,0.0,0.0,0.0,0.7500000596046448,0.30000001192092896
4412,1.0500000715255737,0.0,0.0,0.0,0.0,0.7500000596046448,0.30000001192092896
4413,1.6749999821186066,0.0,1.0,0.0,0.0,0.3750000298023224,0.30000001192092896
4414,1.0500000715255737,0.0,0.0,0.0,0.0,0.7500000596046448,0.30000001192092896
4415,0.4250001013278961,0.0,-1.0,0.0,0.0,1.1250000894069672,0.30000001192092896
4416,2.049999922513962,0.0,1.0,0.0,0.0,0.7500000596046448,0.30000001192092896
4417,29.299999926239252,-1.0000001192092896,3.399999976158142,0.0,0.0,25.70000095292926,1.2000000476837158
4418,2.7999999821186066,0.0,1.0,0.0,0.0,1.5000001192092896,0.30000001192092896
4419,2.050000011920929,0.0,1.0,0.0,0.0,0.7500000596046448,0.30000001192092896
4420,56.77500066906214,-1.0000001192092896,16.400000035762787,0.0,0.0,39.875002194195986,1.5000000596046448
4421,1.6749999821186066,0.0,1.0,0.0,0.0,0.3750000298023224,0.30000001192092896
4422,2.7999999821186066,0.0,1.0,0.0,0.0,1.5000001192092896,0.30000001192092896
4423,2.4250000417232513,0.0,1.0,0.0,0.0,1.1250000894069672,0.30000001192092896
4424,2.424999952316284,0.0,1.0,0.0,0.0,1.1250000894069672,0.30000001192092896
4425,0.6750000417232513,0.0,0.0,0.0,0.0,0.3750000298023224,0.30000001192092896
4426,0.6750000417232513,0.0,0.0,0.0,0.0,0.3750000298023224,0.30000001192092896
4427,1.0500000715255737,0.0,0.0,0.0,0.0,0.7500000596046448,0.30000001192092896
4428,20.875001166015863,-1.0000001192092896,4.0,0.0,0.0,17.57500111311674,0.30000001192092896
4429,9.099999964237213,0.0,2.399999976158142,0.0,0.0,5.800000339746475,0.9000000357627869
4430,1.4250001013278961,0.0,0.0,0.0,0.0,1.1250000894069672,0.30000001192092896
4431,10.92500052973628,0.0,-2.0,0.0,0.0,12.625000894069672,0.30000001192092896
4432,1.0500000715255737,0.0,0.0,0.0,0.0,0.7500000596046448,0.30000001192092896
4433,2.050000011920929,0.0,1.0,0.0,0.0,0.7500000596046448,0.30000001192092896
4434,32.62500059977174,0.0,7.0,0.0,0.0,24.425000321120024,1.2000000476837158
4435,2.049999922513962,0.0,1.0,0.0,0.0,0.7500000596046448,0.30000001192092896
4436,0.6750000417232513,0.0,0.0,0.0,0.0,0.3750000298023224,0.30000001192092896
4437,1.0500000715255737,0.0,0.0,0.0,0.0,0.7500000596046448,0.30000001192092896
4438,1.0500000715255737,0.0,0.0,0.0,0.0,0.7500000596046448,0.30000001192092896
4439,39.37500037252903,0.0,9.899999976158142,0.0,0.0,27.675000976771116,1.8000000715255737
4440,26.57500084489584,0.0,2.0,0.0,0.0,24.275001596659422,0.30000001192092896
4441,0.05000007152557373,0.0,-1.0,0.0,0.0,0.7500000596046448,0.30000001192092896
4442,22.350000243633986,0.0,5.0,0.0,0.0,17.050001055002213,0.30000001192092896
4443,0.6750000417232513,0.0,0.0,0.0,0.0,0.3750000298023224,0.30000001192092896
4444,1.4250001013278961,0.0,0.0,0.0,0.0,1.1250000894069672,0.30000001192092896
4445,1.4250001013278961,0.0,0.0,0.0,0.0,1.1250000894069672,0.30000001192092896
4446,0.6750000417232513,0.0,0.0,0.0,0.0,0.3750000298023224,0.30000001192092896
4447,2.049999922513962,0.0,1.0,0.0,0.0,0.7500000596046448,0.30000001192092896
4448,1.8000001311302185,0.0,0.0,0.0,0.0,1.5000001192092896,0.30000001192092896
4449,39.69999976828694,-1.0000001192092896,19.0,0.0,0.0,21.40000105276704,0.30000001192092896
4450,22.45000061765313,-1.0000001192092896,3.0,0.0,0.0,20.150000743567944,0.30000001192092896
4451,0.6750000417232513,0.0,0.0,0.0,0.0,0.3750000298023224,0.30000001192092896
4452,0.6750000417232513,0.0,0.0,0.0,0.0,0.3750000298023224,0.30000001192092896
4453,1.4250001013278961,0.0,0.0,0.0,0.0,1.1250000894069672,0.30000001192092896
4454,3.175000011920929,0.0,1.0,0.0,0.0,1.875000149011612,0.30000001192092896
4455,42.99999985843897,-1.0000001192092896,11.699999988079071,0.0,0.0,31.70000061020255,0.6000000238418579
4456,0.6750000417232513,0.0,0.0,0.0,0.0,0.3750000298023224,0.30000001192092896
4457,5.174999803304672,0.0,3.0,0.0,0.0,1.875000149011612,0.30000001192092896
4458,34.57500050589442,0.0,5.399999976158142,0.0,0.0,27.975001256912947,1.2000000476837158
4459,1.0500000715255737,0.0,0.0,0.0,0.0,0.7500000596046448,0.30000001192092896
4460,29.80000076442957,0.0,2.0,0.0,0.0,27.500001952052116,0.30000001192092896
4461,21.375000819563866,0.0,0.0,0.0,0.0,21.075001414865255,0.30000001192092896
4462,2.049999922513962,0.0,1.0,0.0,0.0,0.7500000596046448,0.30000001192092896
4463,0.05000004172325134,0.0,-1.0,0.0,0.0,0.7500000596046448,0.30000001192092896
4464,21.10000092163682,0.0,1.0,0.0,0.0,19.80000101774931,0.30000001192092896
4465,12.225000262260437,0.0,1.5,0.0,0.0,10.12500074505806,0.6000000238418579
4466,0.4249999225139618,0.0,-1.0,0.0,0.0,1.1250000894069672,0.30000001192092896
4467,1.425000011920929,0.0,0.0,0.0,0.0,1.1250000894069672,0.30000001192092896
4468,0.6750000417232513,0.0,0.0,0.0,0.0,0.3750000298023224,0.30000001192092896
4469,0.6750000417232513,0.0,0.0,0.0,0.0,0.3750000298023224,0.30000001192092896
4470,1.4249999225139618,0.0,0.0,0.0,0.0,1.1250000894069672,0.30000001192092896
4471,0.6750000417232513,0.0,0.0,0.0,0.0,0.3750000298023224,0.30000001192092896
4472,17.17500051110983,-1.0000001192092896,-1.0,0.0,0.0,18.875000726431608,0.30000001192092896
4473,22.750000566244125,-1.0000001192092896,-2.600000023841858,0.0,0.0,25.150000546127558,1.2000000476837158
4474,1.0500000715255737,0.0,0.0,0.0,0.0,0.7500000596046448,0.30000001192092896
4475,3.9250000715255737,0.0,1.0,0.0,0.0,2.6250002086162567,0.30000001192092896
4476,21.875000350177288,-1.0000001192092896,2.199999988079071,0.0,0.0,19.775001239031553,0.9000000357627869
4477,2.424999952316284,0.0,1.0,0.0,0.0,1.1250000894069672,0.30000001192092896
4478,2.7999999821186066,0.0,1.0,0.0,0.0,1.5000001192092896,0.30000001192092896
4479,0.6750000417232513,0.0,0.0,0.0,0.0,0.3750000298023224,0.30000001192092896
4480,1.4250001013278961,0.0,0.0,0.0,0.0,1.1250000894069672,0.30000001192092896
4481,75.60000186786056,0.0,20.499999940395355,0.0,0.0,53.30000223964453,1.8000000715255737
4482,25.54999991506338,-1.0000001192092896,7.0,0.0,0.0,19.250000577419996,0.30000001192092896
4483,0.6750000417232513,0.0,0.0,0.0,0.0,0.3750000298023224,0.30000001192092896
4484,27.525000926107168,0.0,4.0,0.0,0.0,23.225000649690628,0.30000001192092896
4485,39.325001046061516,0.0,7.199999988079071,0.0,0.0,31.225001763552427,0.9000000357627869
4486,1.8000001311302185,0.0,0.0,0.0,0.0,1.5000001192092896,0.30000001192092896
4487,0.05000004172325134,0.0,-1.0,0.0,0.0,0.7500000596046448,0.30000001192092896
4488,21.700000666081905,0.0,2.0,0.0,0.0,19.400001049041748,0.30000001192092896
4489,1.0500000715255737,0.0,0.0,0.0,0.0,0.7500000596046448,0.30000001192092896
4490,9.850000560283661,0.0,-1.300000011920929,0.0,0.0,10.550000697374344,0.6000000238418579
4491,24.075000405311584,0.0,4.699999988079071,0.0,0.0,18.775000423192978,0.6000000238418579
4492,31.550000697374344,0.0,3.799999952316284,0.0,0.0,25.650001347064972,2.1000000834465027
4493,9.800000004470348,-1.0000001192092896,-0.5,-6.0,0.0,16.69999998807907,0.6000000238418579
4494,2.050000011920929,0.0,1.0,0.0,0.0,0.7500000596046448,0.30000001192092896
4495,0.6750000417232513,0.0,0.0,0.0,0.0,0.3750000298023224,0.30000001192092896
4496,0.6750000417232513,0.0,0.0,0.0,0.0,0.3750000298023224,0.30000001192092896
4497,0.6750000417232513,0.0,0.0,0.0,0.0,0.3750000298023224,0.30000001192092896
4498,-0.9499999582767487,0.0,-2.0,0.0,0.0,0.7500000596046448,0.30000001192092896
4499,1.4250001013278961,0.0,0.0,0.0,0.0,1.1250000894069672,0.30000001192092896
4500,0.6750000417232513,0.0,0.0,0.0,0.0,0.3750000298023224,0.30000001192092896
4501,-0.32499995827674866,0.0,-1.0,0.0,0.0,0.3750000298023224,0.30000001192092896
4502,1.4250001013278961,0.0,0.0,0.0,0.0,1.1250000894069672,0.30000001192092896
4503,26.225000593811274,0.0,6.0,0.0,0.0,19.92500128597021,0.30000001192092896
4504,1.4250001013278961,0.0,0.0,0.0,0.0,1.1250000894069672,0.30000001192092896
4505,21.400000277906656,-1.0000001192092896,5.0,0.0,0.0,17.10000042244792,0.30000001192092896
4506,7.500000178813934,0.0,-2.900000035762787,0.0,0.0,9.20000022649765,1.2000000476837158
4507,1.0500000715255737,0.0,0.0,0.0,0.0,0.7500000596046448,0.30000001192092896
4508,16.525000423192978,0.0,2.699999988079071,0.0,0.0,13.225001066923141,0.6000000238418579
4509,0.6750000417232513,0.0,0.0,0.0,0.0,0.3750000298023224,0.30000001192092896
4510,41.34999993816018,0.0,6.499999940395355,-7.5,0.0,39.3500005826354,3.0000001192092896
4511,36.32500007003546,0.0,11.899999976158142,-1.5,0.0,24.12500086426735,1.8000000715255737
4512,0.8000001311302185,0.0,-1.0,0.0,0.0,1.5000001192092896,0.30000001192092896
4513,0.42500007152557373,0.0,-1.0,0.0,0.0,1.1250000894069672,0.30000001192092896
4514,27.875001035630703,0.0,4.0,0.0,0.0,23.57500134035945,0.30000001192092896
4515,29.400000493973494,0.0,3.0,0.0,0.0,26.10000079870224,0.30000001192092896
4516,0.6750000417232513,0.0,0.0,0.0,0.0,0.3750000298023224,0.30000001192092896
4517,1.0500000715255737,0.0,0.0,0.0,0.0,0.7500000596046448,0.30000001192092896
4518,0.6750000417232513,0.0,0.0,0.0,0.0,0.3750000298023224,0.30000001192092896
4519,0.6750000417232513,0.0,0.0,0.0,0.0,0.3750000298023224,0.30000001192092896
4520,2.050000011920929,0.0,1.0,0.0,0.0,0.7500000596046448,0.30000001192092896
4521,1.4250001013278961,0.0,0.0,0.0,0.0,1.1250000894069672,0.30000001192092896
4522,30.675000090152025,0.0,9.0,0.0,0.0,21.375000473111868,0.30000001192092896
4523,1.0500000715255737,0.0,0.0,0.0,0.0,0.7500000596046448,0.30000001192092896
4524,1.0500000715255737,0.0,0.0,0.0,0.0,0.7500000596046448,0.30000001192092896
4525,2.050000011920929,0.0,1.0,0.0,0.0,0.7500000596046448,0.30000001192092896
4526,1.0500000715255737,0.0,0.0,0.0,0.0,0.7500000596046448,0.30000001192092896
4527,1.4250001013278961,0.0,0.0,0.0,0.0,1.1250000894069672,0.30000001192092896
4528,-0.32499995827674866,0.0,-1.0,0.0,0.0,0.3750000298023224,0.30000001192092896
4529,0.6750000417232513,0.0,0.0,0.0,0.0,0.3750000298023224,0.30000001192092896
4530,0.6750000417232513,0.0,0.0,0.0,0.0,0.3750000298023224,0.30000001192092896
4531,1.6749999821186066,0.0,1.0,0.0,0.0,0.3750000298023224,0.30000001192092896
4532,0.6750000417232513,0.0,0.0,0.0,0.0,0.3750000298023224,0.30000001192092896
4533,0.6750000417232513,0.0,0.0,0.0,0.0,0.3750000298023224,0.30000001192092896
4534,-0.32499995827674866,0.0,-1.0,0.0,0.0,0.3750000298023224,0.30000001192092896
4535,24.150000177323818,0.0,6.5,2.0,0.0,15.050000574439764,0.6000000238418579
4536,2.049999922513962,0.0,1.0,0.0,0.0,0.7500000596046448,0.30000001192092896
4537,2.424999952316284,0.0,1.0,0.0,0.0,1.1250000894069672,0.30000001192092896
4538,0.6750000417232513,0.0,0.0,0.0,0.0,0.3750000298023224,0.30000001192092896
4539,36.90000040829182,-1.0000001192092896,14.0,0.0,0.0,23.600000638514757,0.30000001192092896
4540,1.0500000715255737,0.0,0.0,0.0,0.0,0.7500000596046448,0.30000001192092896
4541,0.6750000417232513,0.0,0.0,0.0,0.0,0.3750000298023224,0.30000001192092896
4542,0.6750000417232513,0.0,0.0,0.0,0.0,0.3750000298023224,0.30000001192092896
4543,0.6750000417232513,0.0,0.0,0.0,0.0,0.3750000298023224,0.30000001192092896
4544,21.60000066459179,-1.0000001192092896,2.699999988079071,0.0,0.0,19.300001434981823,0.6000000238418579
4545,0.6750000417232513,0.0,0.0,0.0,0.0,0.3750000298023224,0.30000001192092896
4546,1.4250001013278961,0.0,0.0,0.0,0.0,1.1250000894069672,0.30000001192092896
4547,0.6750000417232513,0.0,0.0,0.0,0.0,0.3750000298023224,0.30000001192092896
4548,33.90000120177865,-1.0000001192092896,7.0,0.0,0.0,27.600001867860556,0.30000001192092896
4549,20.325000874698162,-1.0000001192092896,0.699999988079071,0.0,0.0,20.02500158548355,0.6000000238418579
4550,52.62500052899122,0.0,18.5,-6.0,0.0,38.925001949071884,1.2000000476837158
4551,0.6750000417232513,0.0,0.0,0.0,0.0,0.3750000298023224,0.30000001192092896
4552,0.8000001013278961,0.0,-1.0,0.0,0.0,1.5000001192092896,0.30000001192092896
4553,2.049999922513962,0.0,1.0,0.0,0.0,0.7500000596046448,0.30000001192092896
4554,0.6750000417232513,0.0,0.0,0.0,0.0,0.3750000298023224,0.30000001192092896
4555,42.30000205338001,0.0,9.699999988079071,0.0,0.0,32.00000163167715,0.6000000238418579
4556,38.949999906122684,0.0,16.0,0.0,0.0,22.650000393390656,0.30000001192092896
4557,0.6750000417232513,0.0,0.0,0.0,0.0,0.3750000298023224,0.30000001192092896
4558,35.87500108778477,0.0,11.0,0.0,0.0,24.57500132918358,0.30000001192092896
4559,-1.324999988079071,0.0,-2.0,0.0,0.0,0.3750000298023224,0.30000001192092896
4560,2.049999922513962,0.0,1.0,0.0,0.0,0.7500000596046448,0.30000001192092896
4561,1.4250001013278961,0.0,0.0,0.0,0.0,1.1250000894069672,0.30000001192092896
4562,1.0500000715255737,0.0,0.0,0.0,0.0,0.7500000596046448,0.30000001192092896
4563,2.049999922513962,0.0,1.0,0.0,0.0,0.7500000596046448,0.30000001192092896
4564,1.0500000715255737,0.0,0.0,0.0,0.0,0.7500000596046448,0.30000001192092896
4565,2.049999922513962,0.0,1.0,0.0,0.0,0.7500000596046448,0.30000001192092896
4566,45.274999994784594,0.0,13.5,0.0,0.0,31.175001610070467,0.6000000238418579
4567,2.049999922513962,0.0,1.0,0.0,0.0,0.7500000596046448,0.30000001192092896
4568,26.000000044703484,-1.0000001192092896,6.0,0.0,0.0,20.700000677257776,0.30000001192092896
4569,1.6749999821186066,0.0,1.0,0.0,0.0,0.3750000298023224,0.30000001192092896
4570,2.050000011920929,0.0,1.0,0.0,0.0,0.7500000596046448,0.30000001192092896
4571,1.0500000715255737,0.0,0.0,0.0,0.0,0.7500000596046448,0.30000001192092896
4572,2.2000001668930054,0.0,0.0,0.0,0.0,1.9000001549720764,0.30000001192092896
4573,11.425000458955765,0.0,0.699999988079071,0.0,0.0,10.125000804662704,0.6000000238418579
4574,1.0500000715255737,0.0,0.0,0.0,0.0,0.7500000596046448,0.30000001192092896
4575,1.6749999821186066,0.0,1.0,0.0,0.0,0.3750000298023224,0.30000001192092896
4576,0.6750000417232513,0.0,0.0,0.0,0.0,0.3750000298023224,0.30000001192092896
4577,7.949999749660492,0.0,3.0,0.0,0.0,4.650000184774399,0.30000001192092896
4578,8.650000244379044,0.0,0.699999988079071,0.0,0.0,7.350000560283661,0.6000000238418579
4579,0.05000007152557373,0.0,-1.0,0.0,0.0,0.7500000596046448,0.30000001192092896
4580,37.12500077486038,0.0,10.399999976158142,0.0,0.0,25.825001776218414,0.9000000357627869
4581,0.6750000417232513,0.0,0.0,0.0,0.0,0.3750000298023224,0.30000001192092896
4582,57.87500016391277,0.0,22.599999964237213,-6.0,0.0,37.97500040382147,3.3000001311302185
4583,24.575000945478678,-1.0000001192092896,1.699999988079071,0.0,0.0,23.27500119060278,0.6000000238418579
4584,26.824999656528234,0.0,7.5,0.0,0.0,18.725000981241465,0.6000000238418579
4585,0.6750000417232513,0.0,0.0,0.0,0.0,0.3750000298023224,0.30000001192092896
4586,34.65000084415078,0.0,12.0,0.0,0.0,22.35000178217888,0.30000001192092896
4587,0.8000001013278961,0.0,-1.0,0.0,0.0,1.5000001192092896,0.30000001192092896
4588,12.525000244379044,0.0,4.5,0.0,0.0,7.425000637769699,0.6000000238418579
4589,19.72499968856573,-1.0000001192092896,7.0,0.0,0.0,13.425000321120024,0.30000001192092896
4590,2.424999952316284,0.0,1.0,0.0,0.0,1.1250000894069672,0.30000001192092896
4591,0.6750000417232513,0.0,0.0,0.0,0.0,0.3750000298023224,0.30000001192092896
4592,1.4249999225139618,0.0,0.0,0.0,0.0,1.1250000894069672,0.30000001192092896
4593,0.6750000417232513,0.0,0.0,0.0,0.0,0.3750000298023224,0.30000001192092896
4594,28.125000428408384,-1.0000001192092896,6.0,0.0,0.0,22.82500061392784,0.30000001192092896
4595,-0.32499995827674866,0.0,-1.0,0.0,0.0,0.3750000298023224,0.30000001192092896
4596,31.775000356137753,-1.0000001192092896,7.699999988079071,0.0,0.0,24.475000459700823,0.6000000238418579
4597,1.4250001013278961,0.0,0.0,0.0,0.0,1.1250000894069672,0.30000001192092896
4598,2.050000011920929,0.0,1.0,0.0,0.0,0.7500000596046448,0.30000001192092896
4599,0.6750000417232513,0.0,0.0,0.0,0.0,0.3750000298023224,0.30000001192092896
4600,1.4249999225139618,0.0,0.0,0.0,0.0,1.1250000894069672,0.30000001192092896
4601,3.4249998927116394,0.0,2.0,0.0,0.0,1.1250000894069672,0.30000001192092896
4602,1.4250001013278961,0.0,0.0,0.0,0.0,1.1250000894069672,0.30000001192092896
4603,50.27500190958381,0.0,9.0,0.0,0.0,40.97500256076455,0.30000001192092896
4604,0.6750000417232513,0.0,0.0,0.0,0.0,0.3750000298023224,0.30000001192092896
4605,0.6750000417232513,0.0,0.0,0.0,0.0,0.3750000298023224,0.30000001192092896
4606,1.0500000715255737,0.0,0.0,0.0,0.0,0.7500000596046448,0.30000001192092896
4607,0.6750000417232513,0.0,0.0,0.0,0.0,0.3750000298023224,0.30000001192092896
4608,2.050000011920929,0.0,1.0,0.0,0.0,0.7500000596046448,0.30000001192092896
4609,1.8000001311302185,0.0,0.0,0.0,0.0,1.5000001192092896,0.30000001192092896
4610,0.6750000417232513,0.0,0.0,0.0,0.0,0.3750000298023224,0.30000001192092896
4611,2.4250000417232513,0.0,1.0,0.0,0.0,1.1250000894069672,0.30000001192092896
4612,25.875000096857548,-1.0000001192092896,8.699999988079071,0.0,0.0,17.575000826269388,0.6000000238418579
4613,20.80000050738454,0.0,2.0,0.0,0.0,18.500000815838575,0.30000001192092896
4614,50.825000539422035,0.0,11.699999988079071,0.0,0.0,38.525001835078,0.6000000238418579
4615,2.050000011920929,0.0,1.0,0.0,0.0,0.7500000596046448,0.30000001192092896
4616,26.450001206249,-1.0000001192092896,0.7999999523162842,0.0,0.0,24.85000127926469,1.8000000715255737
4617,30.9000004529953,0.0,12.699999988079071,0.0,0.0,17.60000078380108,0.6000000238418579
4618,1.0500000715255737,0.0,0.0,0.0,0.0,0.7500000596046448,0.30000001192092896
4619,26.55000077188015,-1.0000001192092896,5.0,0.0,0.0,22.250000201165676,0.30000001192092896
4620,3.7999998331069946,0.0,2.0,0.0,0.0,1.5000001192092896,0.30000001192092896
4621,0.6750000417232513,0.0,0.0,0.0,0.0,0.3750000298023224,0.30000001192092896
4622,21.025000788271427,0.0,-2.0,0.0,0.0,22.725001636892557,0.30000001192092896
4623,1.0500000715255737,0.0,0.0,0.0,0.0,0.7500000596046448,0.30000001192092896
4624,2.424999952316284,0.0,1.0,0.0,0.0,1.1250000894069672,0.30000001192092896
4625,1.0500000715255737,0.0,0.0,0.0,0.0,0.7500000596046448,0.30000001192092896
4626,0.6750000417232513,0.0,0.0,0.0,0.0,0.3750000298023224,0.30000001192092896
4627,0.6750000417232513,0.0,0.0,0.0,0.0,0.3750000298023224,0.30000001192092896
4628,6.200000032782555,0.0,0.699999988079071,0.0,0.0,4.900000169873238,0.6000000238418579
4629,1.0500000715255737,0.0,0.0,0.0,0.0,0.7500000596046448,0.30000001192092896
4630,1.6749999821186066,0.0,1.0,0.0,0.0,0.3750000298023224,0.30000001192092896
4631,0.6750000417232513,0.0,0.0,0.0,0.0,0.3750000298023224,0.30000001192092896
4632,1.4250001013278961,0.0,0.0,0.0,0.0,1.1250000894069672,0.30000001192092896
4633,28.550000302493572,-1.0000001192092896,9.0,0.0,0.0,20.250000912696123,0.30000001192092896
4634,1.0500000715255737,0.0,0.0,0.0,0.0,0.7500000596046448,0.30000001192092896
4635,33.075000155717134,-1.0000001192092896,11.699999988079071,0.0,0.0,21.775000162422657,0.6000000238418579
4636,1.0500000715255737,0.0,0.0,0.0,0.0,0.7500000596046448,0.30000001192092896
4637,1.0500000715255737,0.0,0.0,0.0,0.0,0.7500000596046448,0.30000001192092896
4638,0.05000004172325134,0.0,-1.0,0.0,0.0,0.7500000596046448,0.30000001192092896
4639,1.6749999821186066,0.0,1.0,0.0,0.0,0.3750000298023224,0.30000001192092896
4640,0.6750000417232513,0.0,0.0,0.0,0.0,0.3750000298023224,0.30000001192092896
4641,0.42500007152557373,0.0,-1.0,0.0,0.0,1.1250000894069672,0.30000001192092896
4642,2.049999922513962,0.0,1.0,0.0,0.0,0.7500000596046448,0.30000001192092896
4643,32.749999672174454,0.0,11.0,0.0,0.0,21.450000442564487,0.30000001192092896
4644,7.574999839067459,0.0,3.5,-6.0,0.0,9.475000590085983,0.6000000238418579
4645,32.70000050216913,0.0,13.400000035762787,0.0,0.0,18.40000132843852,0.9000000357627869
4646,0.6750000417232513,0.0,0.0,0.0,0.0,0.3750000298023224,0.30000001192092896
4647,0.6750000417232513,0.0,0.0,0.0,0.0,0.3750000298023224,0.30000001192092896
4648,38.25000138580799,0.0,7.899999976158142,-3.0,0.0,31.5500011369586,1.8000000715255737
4649,2.424999952316284,0.0,1.0,0.0,0.0,1.1250000894069672,0.30000001192092896
4650,1.0500000715255737,0.0,0.0,0.0,0.0,0.7500000596046448,0.30000001192092896
4651,29.82499895989895,0.0,12.5,-1.5,0.0,18.225000519305468,0.6000000238418579
4652,31.275000363588333,0.0,7.699999988079071,0.0,0.0,22.97500116750598,0.6000000238418579
4653,28.500000838190317,0.0,5.0,0.0,0.0,23.200001448392868,0.30000001192092896
4654,48.200000543147326,-1.0000001192092896,11.0,0.0,0.0,37.30000187456608,0.9000000357627869
4655,1.4250001013278961,0.0,0.0,0.0,0.0,1.1250000894069672,0.30000001192092896
4656,51.350000984966755,-1.0000001192092896,10.299999952316284,-1.5,0.0,41.75000213086605,1.8000000715255737
4657,-0.32499995827674866,0.0,-1.0,0.0,0.0,0.3750000298023224,0.30000001192092896
4658,19.300000578165054,-1.0000001192092896,1.0,0.0,0.0,19.000000465661287,0.30000001192092896
4659,18.32500046491623,-1.0000001192092896,5.0,0.0,0.0,14.02500081434846,0.30000001192092896
4660,1.4250001013278961,0.0,0.0,0.0,0.0,1.1250000894069672,0.30000001192092896
4661,1.0500000715255737,0.0,0.0,0.0,0.0,0.7500000596046448,0.30000001192092896
4662,0.6750000417232513,0.0,0.0,0.0,0.0,0.3750000298023224,0.30000001192092896
4663,2.049999922513962,0.0,1.0,0.0,0.0,0.7500000596046448,0.30000001192092896
4664,1.0500000715255737,0.0,0.0,0.0,0.0,0.7500000596046448,0.30000001192092896
4665,35.87500112503767,0.0,7.699999988079071,0.0,0.0,27.575001191347837,0.6000000238418579
4666,1.0500000715255737,0.0,0.0,0.0,0.0,0.7500000596046448,0.30000001192092896
4667,1.0500000715255737,0.0,0.0,0.0,0.0,0.7500000596046448,0.30000001192092896
4668,0.05000007152557373,0.0,-1.0,0.0,0.0,0.7500000596046448,0.30000001192092896
4669,1.0500000715255737,0.0,0.0,0.0,0.0,0.7500000596046448,0.30000001192092896
4670,0.6750000417232513,0.0,0.0,0.0,0.0,0.3750000298023224,0.30000001192092896
4671,4.200000017881393,0.0,2.0,0.0,0.0,1.9000001549720764,0.30000001192092896
4672,1.6749999821186066,0.0,1.0,0.0,0.0,0.3750000298023224,0.30000001192092896
4673,16.92500075697899,0.0,2.399999976158142,0.0,0.0,13.325000822544098,1.2000000476837158
4674,0.6750000417232513,0.0,0.0,0.0,0.0,0.3750000298023224,0.30000001192092896
4675,1.4250001013278961,0.0,0.0,0.0,0.0,1.1250000894069672,0.30000001192092896
4676,7.800000101327896,0.0,-0.6000000238418579,0.0,0.0,7.500000536441803,0.9000000357627869
4677,2.4250000417232513,0.0,1.0,0.0,0.0,1.1250000894069672,0.30000001192092896
4678,1.8000001311302185,0.0,0.0,0.0,0.0,1.5000001192092896,0.30000001192092896
4679,1.6749999821186066,0.0,1.0,0.0,0.0,0.3750000298023224,0.30000001192092896
4680,47.45000043511391,0.0,20.399999976158142,0.0,0.0,25.850000858306885,1.2000000476837158
4681,31.82500109449029,-1.0000001192092896,12.0,0.0,0.0,20.525001607835293,0.30000001192092896
4682,2.175000160932541,0.0,0.0,0.0,0.0,1.875000149011612,0.30000001192092896
4683,0.6750000417232513,0.0,0.0,0.0,0.0,0.3750000298023224,0.30000001192092896
4684,2.4249998033046722,0.0,1.0,0.0,0.0,1.1250000894069672,0.30000001192092896
4685,2.050000011920929,0.0,1.0,0.0,0.0,0.7500000596046448,0.30000001192092896
4686,1.7999999523162842,0.0,0.0,0.0,0.0,1.5000001192092896,0.30000001192092896
4687,0.42500007152557373,0.0,-1.0,0.0,0.0,1.1250000894069672,0.30000001192092896
4688,30.800001427531242,-1.0000001192092896,6.0,0.0,0.0,25.50000149011612,0.30000001192092896
4689,1.0500000715255737,0.0,0.0,0.0,0.0,0.7500000596046448,0.30000001192092896
4690,0.6750000417232513,0.0,0.0,0.0,0.0,0.3750000298023224,0.30000001192092896
4691,15.575000047683716,0.0,4.699999988079071,0.0,0.0,9.975000619888306,0.9000000357627869
4692,3.7999998331069946,0.0,2.0,0.0,0.0,1.5000001192092896,0.30000001192092896
4693,12.600000113248825,0.0,3.0,0.0,0.0,9.300000309944153,0.30000001192092896
4694,52.575000554323196,0.0,10.499999940395355,0.0,0.0,39.675002068281174,2.4000000953674316
4695,2.050000011920929,0.0,1.0,0.0,0.0,0.7500000596046448,0.30000001192092896
4696,2.050000011920929,0.0,1.0,0.0,0.0,0.7500000596046448,0.30000001192092896
4697,8.675000578165054,0.0,-2.300000011920929,0.0,0.0,10.375000774860382,0.6000000238418579
4698,1.4250001013278961,0.0,0.0,0.0,0.0,1.1250000894069672,0.30000001192092896
4699,61.95000120997429,0.0,12.699999928474426,0.0,0.0,46.85000129416585,2.4000000953674316
4700,1.0500000715255737,0.0,0.0,0.0,0.0,0.7500000596046448,0.30000001192092896
4701,0.6750000417232513,0.0,0.0,0.0,0.0,0.3750000298023224,0.30000001192092896
4702,47.724999222904444,0.0,19.899999976158142,-6.0,0.0,32.025001250207424,1.8000000715255737
4703,0.05000007152557373,0.0,-1.0,0.0,0.0,0.7500000596046448,0.30000001192092896
4704,25.37500051409006,0.0,-0.19999998807907104,0.0,0.0,24.075001396238804,1.5000000596046448
4705,0.6750000417232513,0.0,0.0,0.0,0.0,0.3750000298023224,0.30000001192092896
4706,1.0500000715255737,0.0,0.0,0.0,0.0,0.7500000596046448,0.30000001192092896
4707,0.6750000417232513,0.0,0.0,0.0,0.0,0.3750000298023224,0.30000001192092896
4708,76.67500051856041,0.0,19.29999989271164,0.0,0.0,53.77500320971012,3.6000001430511475
4709,0.6750000417232513,0.0,0.0,0.0,0.0,0.3750000298023224,0.30000001192092896
4710,1.0500000715255737,0.0,0.0,0.0,0.0,0.7500000596046448,0.30000001192092896
4711,0.6750000417232513,0.0,0.0,0.0,0.0,0.3750000298023224,0.30000001192092896
4712,0.6750000417232513,0.0,0.0,0.0,0.0,0.3750000298023224,0.30000001192092896
4713,32.7250010073185,0.0,7.399999976158142,0.0,0.0,24.42500114440918,0.9000000357627869
4714,1.4250001013278961,0.0,0.0,0.0,0.0,1.1250000894069672,0.30000001192092896
4715,-0.32499995827674866,0.0,-1.0,0.0,0.0,0.3750000298023224,0.30000001192092896
4716,15.525000900030136,0.0,2.699999988079071,0.0,0.0,12.225000828504562,0.6000000238418579
4717,2.049999922513962,0.0,1.0,0.0,0.0,0.7500000596046448,0.30000001192092896
4718,20.92500001564622,0.0,0.699999988079071,0.0,0.0,19.625000081956387,0.6000000238418579
4719,0.6750000417232513,0.0,0.0,0.0,0.0,0.3750000298023224,0.30000001192092896
4720,1.0500000715255737,0.0,0.0,0.0,0.0,0.7500000596046448,0.30000001192092896
4721,2.4250000417232513,0.0,1.0,0.0,0.0,1.1250000894069672,0.30000001192092896
4722,0.6750000417232513,0.0,0.0,0.0,0.0,0.3750000298023224,0.30000001192092896
4723,2.424999952316284,0.0,1.0,0.0,0.0,1.1250000894069672,0.30000001192092896
4724,2.7999999821186066,0.0,1.0,0.0,0.0,1.5000001192092896,0.30000001192092896
4725,1.8000001311302185,0.0,0.0,0.0,0.0,1.5000001192092896,0.30000001192092896
4726,0.6750000417232513,0.0,0.0,0.0,0.0,0.3750000298023224,0.30000001192092896
4727,2.7999999821186066,0.0,1.0,0.0,0.0,1.5000001192092896,0.30000001192092896
4728,1.0499998927116394,0.0,0.0,0.0,0.0,0.7500000596046448,0.30000001192092896
4729,26.575000528246164,0.0,5.0,0.0,0.0,21.27500109001994,0.30000001192092896
4730,0.6750000417232513,0.0,0.0,0.0,0.0,0.3750000298023224,0.30000001192092896
4731,0.6750000417232513,0.0,0.0,0.0,0.0,0.3750000298023224,0.30000001192092896
4732,0.05000007152557373,0.0,-1.0,0.0,0.0,0.7500000596046448,0.30000001192092896
4733,1.0500000715255737,0.0,0.0,0.0,0.0,0.7500000596046448,0.30000001192092896
4734,1.4250001013278961,0.0,0.0,0.0,0.0,1.1250000894069672,0.30000001192092896
4735,0.6750000417232513,0.0,0.0,0.0,0.0,0.3750000298023224,0.30000001192092896
4736,1.4250001013278961,0.0,0.0,0.0,0.0,1.1250000894069672,0.30000001192092896
4737,8.825000137090683,0.0,-0.30000001192092896,0.0,0.0,8.52500057220459,0.6000000238418579
4738,0.6750000417232513,0.0,0.0,0.0,0.0,0.3750000298023224,0.30000001192092896
4739,17.84999990463257,0.0,2.699999988079071,0.0,0.0,14.550000563263893,0.6000000238418579
4740,0.6750000417232513,0.0,0.0,0.0,0.0,0.3750000298023224,0.30000001192092896
4741,1.0500000715255737,0.0,0.0,0.0,0.0,0.7500000596046448,0.30000001192092896
4742,0.6750000417232513,0.0,0.0,0.0,0.0,0.3750000298023224,0.30000001192092896
4743,1.7999999523162842,0.0,0.0,0.0,0.0,1.5000001192092896,0.30000001192092896
4744,0.6750000417232513,0.0,0.0,0.0,0.0,0.3750000298023224,0.30000001192092896
4745,2.424999952316284,0.0,1.0,0.0,0.0,1.1250000894069672,0.30000001192092896
4746,1.8000000417232513,0.0,0.0,0.0,0.0,1.5000001192092896,0.30000001192092896
4747,4.4249997437000275,0.0,3.0,0.0,0.0,1.1250000894069672,0.30000001192092896
4748,0.6750000417232513,0.0,0.0,0.0,0.0,0.3750000298023224,0.30000001192092896
4749,33.90000129118562,-1.0000001192092896,9.0,0.0,0.0,25.60000143572688,0.30000001192092896
4750,0.6750000417232513,0.0,0.0,0.0,0.0,0.3750000298023224,0.30000001192092896
4751,37.39999970048666,-1.0000001192092896,13.700000047683716,0.0,0.0,24.100001644343138,0.6000000238418579
4752,0.05000004172325134,0.0,-1.0,0.0,0.0,0.7500000596046448,0.30000001192092896
4753,-0.5749999284744263,0.0,-2.0,0.0,0.0,1.1250000894069672,0.30000001192092896
4754,0.6750000417232513,0.0,0.0,0.0,0.0,0.3750000298023224,0.30000001192092896
4755,0.6750000417232513,0.0,0.0,0.0,0.0,0.3750000298023224,0.30000001192092896
4756,1.8000001311302185,0.0,0.0,0.0,0.0,1.5000001192092896,0.30000001192092896
4757,0.6750000417232513,0.0,0.0,0.0,0.0,0.3750000298023224,0.30000001192092896
4758,2.049999922513962,0.0,1.0,0.0,0.0,0.7500000596046448,0.30000001192092896
4759,22.899999544024467,0.0,5.0,0.0,0.0,17.599999878555536,0.30000001192092896
4760,-0.32499995827674866,0.0,-1.0,0.0,0.0,0.3750000298023224,0.30000001192092896
4761,22.075000278651714,0.0,4.0,0.0,0.0,17.77500083297491,0.30000001192092896
4762,43.14999961853027,0.0,18.799999952316284,0.0,0.0,22.850000582635403,1.5000000596046448
4763,1.4250001013278961,0.0,0.0,0.0,0.0,1.1250000894069672,0.30000001192092896
4764,2.049999922513962,0.0,1.0,0.0,0.0,0.7500000596046448,0.30000001192092896
4765,1.0499999821186066,0.0,0.0,0.0,0.0,0.7500000596046448,0.30000001192092896
4766,0.6750000417232513,0.0,0.0,0.0,0.0,0.3750000298023224,0.30000001192092896
4767,0.6750000417232513,0.0,0.0,0.0,0.0,0.3750000298023224,0.30000001192092896
4768,2.424999952316284,0.0,1.0,0.0,0.0,1.1250000894069672,0.30000001192092896
4769,1.0500000715255737,0.0,0.0,0.0,0.0,0.7500000596046448,0.30000001192092896
4770,2.7999998033046722,0.0,1.0,0.0,0.0,1.5000001192092896,0.30000001192092896
4771,2.4250000417232513,0.0,1.0,0.0,0.0,1.1250000894069672,0.30000001192092896
4772,32.425000458955765,-1.0000001192092896,7.0,2.0,0.0,23.525000292807817,0.9000000357627869
4773,2.424999952316284,0.0,1.0,0.0,0.0,1.1250000894069672,0.30000001192092896
4774,2.049999922513962,0.0,1.0,0.0,0.0,0.7500000596046448,0.30000001192092896
4775,3.4249998033046722,0.0,2.0,0.0,0.0,1.1250000894069672,0.30000001192092896
4776,2.175000160932541,0.0,0.0,0.0,0.0,1.875000149011612,0.30000001192092896
4777,28.150000270456076,0.0,7.699999988079071,0.0,0.0,19.850000355392694,0.6000000238418579
4778,52.350000619888306,0.0,17.399999976158142,0.5,0.0,32.35000202059746,2.1000000834465027
4779,0.05000004172325134,0.0,-1.0,0.0,0.0,0.7500000596046448,0.30000001192092896
4780,1.7999999523162842,0.0,0.0,0.0,0.0,1.5000001192092896,0.30000001192092896
4781,1.4250001013278961,0.0,0.0,0.0,0.0,1.1250000894069672,0.30000001192092896
4782,0.6750000417232513,0.0,0.0,0.0,0.0,0.3750000298023224,0.30000001192092896
4783,16.750000566244125,1.0000001192092896,4.199999988079071,-1.5,1.0,11.150000303983688,0.9000000357627869
4784,0.6750000417232513,0.0,0.0,0.0,0.0,0.3750000298023224,0.30000001192092896
4785,1.0500000715255737,0.0,0.0,0.0,0.0,0.7500000596046448,0.30000001192092896
4786,1.0500000715255737,0.0,0.0,0.0,0.0,0.7500000596046448,0.30000001192092896
4787,20.499999940395355,0.0,8.699999988079071,0.0,0.0,11.200000315904617,0.6000000238418579
4788,1.0500000715255737,0.0,0.0,0.0,0.0,0.7500000596046448,0.30000001192092896
4789,32.82500097900629,-1.0000001192092896,9.0,0.0,0.0,24.525001015514135,0.30000001192092896
4790,1.8000001311302185,0.0,0.0,0.0,0.0,1.5000001192092896,0.30000001192092896
4791,2.7999999821186066,0.0,1.0,0.0,0.0,1.5000001192092896,0.30000001192092896
4792,1.4250001013278961,0.0,0.0,0.0,0.0,1.1250000894069672,0.30000001192092896
4793,-0.949999988079071,0.0,-2.0,0.0,0.0,0.7500000596046448,0.30000001192092896
4794,26.20000110566616,0.0,5.0,0.0,0.0,20.900001786649227,0.30000001192092896
4795,0.6750000417232513,0.0,0.0,0.0,0.0,0.3750000298023224,0.30000001192092896
4796,-0.32499995827674866,0.0,-1.0,0.0,0.0,0.3750000298023224,0.30000001192092896
4797,1.7999999523162842,0.0,0.0,0.0,0.0,1.5000001192092896,0.30000001192092896
4798,0.6750000417232513,0.0,0.0,0.0,0.0,0.3750000298023224,0.30000001192092896
4799,2.049999922513962,0.0,1.0,0.0,0.0,0.7500000596046448,0.30000001192092896
4800,2.050000011920929,0.0,1.0,0.0,0.0,0.7500000596046448,0.30000001192092896
4801,0.6750000417232513,0.0,0.0,0.0,0.0,0.3750000298023224,0.30000001192092896
4802,0.05000004172325134,0.0,-1.0,0.0,0.0,0.7500000596046448,0.30000001192092896
4803,1.0500000715255737,0.0,0.0,0.0,0.0,0.7500000596046448,0.30000001192092896
4804,0.6750000417232513,0.0,0.0,0.0,0.0,0.3750000298023224,0.30000001192092896
4805,0.6749998927116394,0.0,0.0,0.0,0.0,0.3750000298023224,0.30000001192092896
4806,1.0500000715255737,0.0,0.0,0.0,0.0,0.7500000596046448,0.30000001192092896
4807,0.6750000417232513,0.0,0.0,0.0,0.0,0.3750000298023224,0.30000001192092896
4808,1.0500000715255737,0.0,0.0,0.0,0.0,0.7500000596046448,0.30000001192092896
4809,40.57500062510371,-1.0000001192092896,10.5,0.0,0.0,29.27500193193555,1.8000000715255737
4810,25.075000666081905,0.0,5.0,0.0,0.0,19.775000870227814,0.30000001192092896
4811,0.6750000417232513,0.0,0.0,0.0,0.0,0.3750000298023224,0.30000001192092896
4812,1.0500000715255737,0.0,0.0,0.0,0.0,0.7500000596046448,0.30000001192092896
4813,0.05000007152557373,0.0,-1.0,0.0,0.0,0.7500000596046448,0.30000001192092896
4814,1.0500000715255737,0.0,0.0,0.0,0.0,0.7500000596046448,0.30000001192092896
4815,4.174999862909317,0.0,2.0,0.0,0.0,1.875000149011612,0.30000001192092896
4816,0.6750000417232513,0.0,0.0,0.0,0.0,0.3750000298023224,0.30000001192092896
4817,-0.32499995827674866,0.0,-1.0,0.0,0.0,0.3750000298023224,0.30000001192092896
4818,1.6749999821186066,0.0,1.0,0.0,0.0,0.3750000298023224,0.30000001192092896
4819,46.15000045672059,1.0000001192092896,17.399999976158142,-2.5,1.0,27.750000786036253,1.5000000596046448
4820,1.4250001013278961,0.0,0.0,0.0,0.0,1.1250000894069672,0.30000001192092896
4821,3.049999862909317,0.0,2.0,0.0,0.0,0.7500000596046448,0.30000001192092896
4822,2.049999922513962,0.0,1.0,0.0,0.0,0.7500000596046448,0.30000001192092896
4823,2.049999922513962,0.0,1.0,0.0,0.0,0.7500000596046448,0.30000001192092896
4824,0.6750000417232513,0.0,0.0,0.0,0.0,0.3750000298023224,0.30000001192092896
4825,0.05000007152557373,0.0,-1.0,0.0,0.0,0.7500000596046448,0.30000001192092896
4826,1.0500000715255737,0.0,0.0,0.0,0.0,0.7500000596046448,0.30000001192092896
4827,10.22500067949295,0.0,-0.9000000357627869,0.0,0.0,9.925000786781311,1.2000000476837158
4828,1.0500000715255737,0.0,0.0,0.0,0.0,0.7500000596046448,0.30000001192092896
4829,1.8000001311302185,0.0,0.0,0.0,0.0,1.5000001192092896,0.30000001192092896
4830,0.6750000417232513,0.0,0.0,0.0,0.0,0.3750000298023224,0.30000001192092896
4831,2.424999952316284,0.0,1.0,0.0,0.0,1.1250000894069672,0.30000001192092896
4832,26.350000321865082,0.0,8.199999988079071,0.0,0.0,17.249999791383743,0.9000000357627869
4833,1.0500000715255737,0.0,0.0,0.0,0.0,0.7500000596046448,0.30000001192092896
4834,0.6750000417232513,0.0,0.0,0.0,0.0,0.3750000298023224,0.30000001192092896
4835,1.4249999523162842,0.0,0.0,0.0,0.0,1.1250000894069672,0.30000001192092896
4836,3.4249998927116394,0.0,2.0,0.0,0.0,1.1250000894069672,0.30000001192092896
4837,1.0500000715255737,0.0,0.0,0.0,0.0,0.7500000596046448,0.30000001192092896
4838,0.6750000417232513,0.0,0.0,0.0,0.0,0.3750000298023224,0.30000001192092896
4839,1.0500000715255737,0.0,0.0,0.0,0.0,0.7500000596046448,0.30000001192092896
4840,1.6749999821186066,0.0,1.0,0.0,0.0,0.3750000298023224,0.30000001192092896
4841,1.425000011920929,0.0,0.0,0.0,0.0,1.1250000894069672,0.30000001192092896
4842,0.05000007152557373,0.0,-1.0,0.0,0.0,0.7500000596046448,0.30000001192092896
4843,2.050000011920929,0.0,1.0,0.0,0.0,0.7500000596046448,0.30000001192092896
4844,1.0500000715255737,0.0,0.0,0.0,0.0,0.7500000596046448,0.30000001192092896
4845,0.05000004172325134,0.0,-1.0,0.0,0.0,0.7500000596046448,0.30000001192092896
4846,1.0500000715255737,0.0,0.0,0.0,0.0,0.7500000596046448,0.30000001192092896
4847,27.0000004991889,0.0,3.199999988079071,-3.0,0.0,25.900000356137753,0.9000000357627869
4848,2.424999952316284,0.0,1.0,0.0,0.0,1.1250000894069672,0.30000001192092896
4849,0.6750000417232513,0.0,0.0,0.0,0.0,0.3750000298023224,0.30000001192092896
4850,0.42500007152557373,0.0,-1.0,0.0,0.0,1.1250000894069672,0.30000001192092896
4851,2.050000011920929,0.0,1.0,0.0,0.0,0.7500000596046448,0.30000001192092896
4852,1.4250001013278961,0.0,0.0,0.0,0.0,1.1250000894069672,0.30000001192092896
4853,44.775000154972076,-1.0000001192092896,17.69999998807907,0.0,0.0,27.475001197308302,0.6000000238418579
4854,0.6750000417232513,0.0,0.0,0.0,0.0,0.3750000298023224,0.30000001192092896
4855,-0.32499995827674866,0.0,-1.0,0.0,0.0,0.3750000298023224,0.30000001192092896
4856,1.6749999821186066,0.0,1.0,0.0,0.0,0.3750000298023224,0.30000001192092896
4857,1.6749999821186066,0.0,1.0,0.0,0.0,0.3750000298023224,0.30000001192092896
4858,24.69999973848462,0.0,3.699999988079071,0.0,0.0,20.400000784546137,0.6000000238418579
4859,2.050000011920929,0.0,1.0,0.0,0.0,0.7500000596046448,0.30000001192092896
4860,0.6750000417232513,0.0,0.0,0.0,0.0,0.3750000298023224,0.30000001192092896
4861,22.175000183284283,-1.0000001192092896,3.699999988079071,0.0,0.0,18.27500055357814,1.2000000476837158
4862,1.4249999225139618,0.0,0.0,0.0,0.0,1.1250000894069672,0.30000001192092896
4863,33.52500016614795,0.0,9.699999988079071,0.0,0.0,23.225001227110624,0.6000000238418579
4864,0.05000007152557373,0.0,-1.0,0.0,0.0,0.7500000596046448,0.30000001192092896
4865,18.449999134987593,0.0,6.5,-4.5,0.0,15.850000519305468,0.6000000238418579
4866,2.049999922513962,0.0,1.0,0.0,0.0,0.7500000596046448,0.30000001192092896
4867,2.175000160932541,0.0,0.0,0.0,0.0,1.875000149011612,0.30000001192092896
4868,0.6750000417232513,0.0,0.0,0.0,0.0,0.3750000298023224,0.30000001192092896
4869,1.0500000715255737,0.0,0.0,0.0,0.0,0.7500000596046448,0.30000001192092896
4870,14.32499985396862,-1.0000001192092896,0.7000000476837158,0.0,0.0,14.025000236928463,0.6000000238418579
4871,12.375000298023224,0.0,-4.0,0.0,0.0,16.075000882148743,0.30000001192092896
4872,0.6750000417232513,0.0,0.0,0.0,0.0,0.3750000298023224,0.30000001192092896
4873,2.4250000417232513,0.0,1.0,0.0,0.0,1.1250000894069672,0.30000001192092896
4874,1.7999999821186066,0.0,0.0,0.0,0.0,1.5000001192092896,0.30000001192092896
4875,0.05000004172325134,0.0,-1.0,0.0,0.0,0.7500000596046448,0.30000001192092896
4876,2.049999922513962,0.0,1.0,0.0,0.0,0.7500000596046448,0.30000001192092896
4877,44.500000424683094,-1.0000001192092896,11.5,-1.0,0.0,33.50000071153045,1.5000000596046448
4878,21.174999922513962,1.0000001192092896,6.0,0.0,1.0,12.875001043081284,0.30000001192092896
4879,43.14999945834279,-1.0000001192092896,13.0,0.0,0.0,30.850001517683268,0.30000001192092896
4880,30.249999478459358,0.0,5.5,-1.5,0.0,24.75000012293458,1.5000000596046448
4881,24.525001138448715,0.0,1.699999988079071,0.0,0.0,22.22500178217888,0.6000000238418579
4882,36.45000034198165,0.0,12.099999964237213,0.0,0.0,23.15000105276704,1.2000000476837158
4883,0.6750000417232513,0.0,0.0,0.0,0.0,0.3750000298023224,0.30000001192092896
4884,1.6749999821186066,0.0,1.0,0.0,0.0,0.3750000298023224,0.30000001192092896
4885,24.125000804662704,0.0,4.699999988079071,-3.0,0.0,20.92500078678131,1.5000000596046448
4886,47.32500033825636,0.0,11.299999952316284,0.0,0.0,34.22500090673566,1.8000000715255737
4887,0.6750000417232513,0.0,0.0,0.0,0.0,0.3750000298023224,0.30000001192092896
4888,0.6750000417232513,0.0,0.0,0.0,0.0,0.3750000298023224,0.30000001192092896
4889,1.0500000715255737,0.0,0.0,0.0,0.0,0.7500000596046448,0.30000001192092896
4890,1.0500000715255737,0.0,0.0,0.0,0.0,0.7500000596046448,0.30000001192092896
4891,26.149999883025885,-1.0000001192092896,6.0,0.0,0.0,20.85000019520521,0.30000001192092896
4892,0.6750000417232513,0.0,0.0,0.0,0.0,0.3750000298023224,0.30000001192092896
4893,0.6750000417232513,0.0,0.0,0.0,0.0,0.3750000298023224,0.30000001192092896
4894,0.05000007152557373,0.0,-1.0,0.0,0.0,0.7500000596046448,0.30000001192092896
4895,0.6750000417232513,0.0,0.0,0.0,0.0,0.3750000298023224,0.30000001192092896
4896,10.225000470876694,0.0,2.0,0.0,0.0,7.925000697374344,0.30000001192092896
4897,0.6750000417232513,0.0,0.0,0.0,0.0,0.3750000298023224,0.30000001192092896
4898,1.0500000715255737,0.0,0.0,0.0,0.0,0.7500000596046448,0.30000001192092896
4899,1.6749999821186066,0.0,1.0,0.0,0.0,0.3750000298023224,0.30000001192092896
4900,1.4250001013278961,0.0,0.0,0.0,0.0,1.1250000894069672,0.30000001192092896
4901,26.45000070333481,0.0,4.699999988079071,0.0,0.0,21.150000549852848,0.6000000238418579
4902,52.99999962002039,-1.0000001192092896,20.599999964237213,-3.0,0.0,34.30000114068389,2.1000000834465027
4903,13.925000250339508,0.0,2.399999976158142,0.0,0.0,10.62500075995922,0.9000000357627869
4904,1.6749999821186066,0.0,1.0,0.0,0.0,0.3750000298023224,0.30000001192092896
4905,0.6750000417232513,0.0,0.0,0.0,0.0,0.3750000298023224,0.30000001192092896
4906,0.6750000417232513,0.0,0.0,0.0,0.0,0.3750000298023224,0.30000001192092896
4907,1.6749999821186066,0.0,1.0,0.0,0.0,0.3750000298023224,0.30000001192092896
4908,0.6750000417232513,0.0,0.0,0.0,0.0,0.3750000298023224,0.30000001192092896
4909,39.1999996304512,0.0,9.699999928474426,0.0,0.0,27.10000106692314,2.4000000953674316
4910,16.15000059455633,-1.0000001192092896,1.0,0.0,0.0,15.850000690668821,0.30000001192092896
4911,-0.32499995827674866,0.0,-1.0,0.0,0.0,0.3750000298023224,0.30000001192092896
4912,2.4250000417232513,0.0,1.0,0.0,0.0,1.1250000894069672,0.30000001192092896
4913,0.6750000417232513,0.0,0.0,0.0,0.0,0.3750000298023224,0.30000001192092896
4914,1.6749999821186066,0.0,1.0,0.0,0.0,0.3750000298023224,0.30000001192092896
4915,0.6750000417232513,0.0,0.0,0.0,0.0,0.3750000298023224,0.30000001192092896
4916,1.0500000715255737,0.0,0.0,0.0,0.0,0.7500000596046448,0.30000001192092896
4917,27.25000013411045,0.0,7.5,0.0,0.0,19.150000493973494,0.6000000238418579
4918,3.7999998331069946,0.0,2.0,0.0,0.0,1.5000001192092896,0.30000001192092896
4919,1.4250001013278961,0.0,0.0,0.0,0.0,1.1250000894069672,0.30000001192092896
4920,0.6750000417232513,0.0,0.0,0.0,0.0,0.3750000298023224,0.30000001192092896
4921,31.000000540167093,0.0,7.699999988079071,0.0,0.0,22.700001072138548,0.6000000238418579
4922,0.6750000417232513,0.0,0.0,0.0,0.0,0.3750000298023224,0.30000001192092896
4923,39.95000038668513,-1.0000001192092896,13.899999976158142,-1.5,0.0,27.35000055655837,1.2000000476837158
4924,49.42500099539757,-1.0000001192092896,11.699999988079071,0.0,0.0,36.9250012524426,1.8000000715255737
4925,0.42500007152557373,0.0,-1.0,0.0,0.0,1.1250000894069672,0.30000001192092896
4926,22.925000555813313,-1.0000001192092896,5.0,0.0,0.0,18.62500073760748,0.30000001192092896
4927,1.0500000715255737,0.0,0.0,0.0,0.0,0.7500000596046448,0.30000001192092896
4928,0.6750000417232513,0.0,0.0,0.0,0.0,0.3750000298023224,0.30000001192092896
4929,0.6750000417232513,0.0,0.0,0.0,0.0,0.3750000298023224,0.30000001192092896
4930,34.8249998241663,0.0,13.699999988079071,0.0,0.0,19.92500103637576,1.2000000476837158
4931,0.6750000417232513,0.0,0.0,0.0,0.0,0.3750000298023224,0.30000001192092896
4932,66.8250008970499,-1.0000001192092896,13.799999952316284,0.0,0.0,52.22500139474869,1.8000000715255737
4933,21.2750004529953,0.0,3.699999988079071,0.0,0.0,16.97500142455101,0.6000000238418579
4934,77.17500018700957,0.0,23.299999952316284,0.0,0.0,51.175001971423626,2.7000001072883606
4935,33.82500147819519,-1.0000001192092896,5.700000047683716,0.0,0.0,28.525001149624586,0.6000000238418579
4936,1.0500000715255737,0.0,0.0,0.0,0.0,0.7500000596046448,0.30000001192092896
4937,34.12500089034438,-1.0000001192092896,2.699999988079071,0.0,0.0,31.82500147074461,0.6000000238418579
4938,0.42500007152557373,0.0,-1.0,0.0,0.0,1.1250000894069672,0.30000001192092896
4939,1.0500000715255737,0.0,0.0,0.0,0.0,0.7500000596046448,0.30000001192092896
4940,1.0500000715255737,0.0,0.0,0.0,0.0,0.7500000596046448,0.30000001192092896
4941,1.4250001013278961,0.0,0.0,0.0,0.0,1.1250000894069672,0.30000001192092896
4942,1.4250001013278961,0.0,0.0,0.0,0.0,1.1250000894069672,0.30000001192092896
4943,0.6750000417232513,0.0,0.0,0.0,0.0,0.3750000298023224,0.30000001192092896
4944,0.6750000417232513,0.0,0.0,0.0,0.0,0.3750000298023224,0.30000001192092896
4945,24.52500070258975,0.0,5.0,0.0,0.0,19.225001335144043,0.30000001192092896
4946,1.6749999821186066,0.0,1.0,0.0,0.0,0.3750000298023224,0.30000001192092896
4947,0.42500007152557373,0.0,-1.0,0.0,0.0,1.1250000894069672,0.30000001192092896
4948,0.6750000417232513,0.0,0.0,0.0,0.0,0.3750000298023224,0.30000001192092896
4949,0.6750000417232513,0.0,0.0,0.0,0.0,0.3750000298023224,0.30000001192092896
4950,2.424999862909317,0.0,1.0,0.0,0.0,1.1250000894069672,0.30000001192092896
4951,3.4249998033046722,0.0,2.0,0.0,0.0,1.1250000894069672,0.30000001192092896
4952,1.6749999821186066,0.0,1.0,0.0,0.0,0.3750000298023224,0.30000001192092896
4953,3.4249998927116394,0.0,2.0,0.0,0.0,1.1250000894069672,0.30000001192092896
4954,2.049999922513962,0.0,1.0,0.0,0.0,0.7500000596046448,0.30000001192092896
4955,13.825000643730164,0.0,-1.300000011920929,0.0,0.0,14.525001138448715,0.6000000238418579
4956,36.500000566244125,0.0,14.0,0.5,0.0,21.100000470876694,0.9000000357627869
4957,2.4249998033046722,0.0,1.0,0.0,0.0,1.1250000894069672,0.30000001192092896
4958,36.22500129416585,-1.0000001192092896,7.099999964237213,0.0,0.0,28.925001200288534,1.2000000476837158
4959,15.425000339746475,0.0,2.5,0.0,0.0,12.025000512599945,0.9000000357627869
4960,18.350000485777855,-1.0000001192092896,-1.0,0.0,0.0,20.050000730901957,0.30000001192092896
4961,1.6749999821186066,0.0,1.0,0.0,0.0,0.3750000298023224,0.30000001192092896
4962,1.4250001013278961,0.0,0.0,0.0,0.0,1.1250000894069672,0.30000001192092896
4963,0.42500007152557373,0.0,-1.0,0.0,0.0,1.1250000894069672,0.30000001192092896
4964,0.6750000417232513,0.0,0.0,0.0,0.0,0.3750000298023224,0.30000001192092896
4965,23.49999975413084,0.0,9.700000047683716,0.0,0.0,13.200000565499067,0.6000000238418579
4966,1.4250001013278961,0.0,0.0,0.0,0.0,1.1250000894069672,0.30000001192092896
4967,14.45000046491623,0.0,1.399999976158142,0.0,0.0,12.15000069141388,0.9000000357627869
4968,-1.324999988079071,0.0,-2.0,0.0,0.0,0.3750000298023224,0.30000001192092896
4969,0.8000001013278961,0.0,-1.0,0.0,0.0,1.5000001192092896,0.30000001192092896
4970,31.550001200288534,0.0,4.100000023841858,0.0,0.0,26.250001791864634,1.2000000476837158
4971,-0.32499995827674866,0.0,-1.0,0.0,0.0,0.3750000298023224,0.30000001192092896
4972,23.950001142919064,0.0,3.0,0.0,0.0,20.6500015668571,0.30000001192092896
4973,-0.32499995827674866,0.0,-1.0,0.0,0.0,0.3750000298023224,0.30000001192092896
4974,40.37500072643161,0.0,8.699999988079071,-3.0,0.0,33.47500093653798,1.2000000476837158
4975,0.6750000417232513,0.0,0.0,0.0,0.0,0.3750000298023224,0.30000001192092896
4976,0.6750000417232513,0.0,0.0,0.0,0.0,0.3750000298023224,0.30000001192092896
4977,2.4250000417232513,0.0,1.0,0.0,0.0,1.1250000894069672,0.30000001192092896
4978,0.6750000417232513,0.0,0.0,0.0,0.0,0.3750000298023224,0.30000001192092896
4979,20.55000038817525,0.0,4.0,0.0,0.0,16.250000666826963,0.30000001192092896
4980,2.050000011920929,0.0,1.0,0.0,0.0,0.7500000596046448,0.30000001192092896
4981,1.8000001311302185,0.0,0.0,0.0,0.0,1.5000001192092896,0.30000001192092896
4982,40.49999985843897,-1.0000001192092896,12.5,0.0,0.0,28.40000070631504,0.6000000238418579
4983,2.049999922513962,0.0,1.0,0.0,0.0,0.7500000596046448,0.30000001192092896
4984,22.000001523643732,0.0,2.0,0.0,0.0,19.70000122115016,0.30000001192092896
4985,12.225000351667404,0.0,1.399999976158142,0.0,0.0,9.925000816583633,0.9000000357627869
4986,0.8000001013278961,0.0,-1.0,0.0,0.0,1.5000001192092896,0.30000001192092896
4987,28.90000009536743,-1.0000001192092896,12.0,0.0,0.0,17.600000489503145,0.30000001192092896
4988,1.0500000715255737,0.0,0.0,0.0,0.0,0.7500000596046448,0.30000001192092896
4989,1.7999999821186066,0.0,0.0,0.0,0.0,1.5000001192092896,0.30000001192092896
4990,98.9249996393919,0.0,31.09999990463257,-4.0,0.0,68.22500149533153,3.6000001430511475
4991,2.424999952316284,0.0,1.0,0.0,0.0,1.1250000894069672,0.30000001192092896
4992,0.6750000417232513,0.0,0.0,0.0,0.0,0.3750000298023224,0.30000001192092896
4993,28.300000939518213,-1.0000001192092896,7.5,-1.5,0.0,22.70000108331442,0.6000000238418579
4994,1.0500000715255737,0.0,0.0,0.0,0.0,0.7500000596046448,0.30000001192092896
4995,1.0500000715255737,0.0,0.0,0.0,0.0,0.7500000596046448,0.30000001192092896
4996,3.3250001966953278,0.0,-2.0,0.0,0.0,5.025000423192978,0.30000001192092896
4997,-0.32499995827674866,0.0,-1.0,0.0,0.0,0.3750000298023224,0.30000001192092896
4998,1.0500000715255737,0.0,0.0,0.0,0.0,0.7500000596046448,0.30000001192092896
4999,0.42500007152557373,0.0,-1.0,0.0,0.0,1.1250000894069672,0.30000001192092896
5000,37.25000061094761,-1.0000001192092896,7.699999988079071,0.0,0.0,29.35000080242753,1.2000000476837158
5001,30.87500023469329,0.0,9.199999988079071,-1.5,0.0,22.27500107139349,0.9000000357627869
5002,1.4250001013278961,0.0,0.0,0.0,0.0,1.1250000894069672,0.30000001192092896
5003,24.75000035390258,0.0,0.09999996423721313,0.0,0.0,23.45000035688281,1.2000000476837158
5004,19.550000704824924,-1.0000001192092896,4.5,-3.0,0.0,18.450000941753387,0.6000000238418579
5005,1.0500000715255737,0.0,0.0,0.0,0.0,0.7500000596046448,0.30000001192092896
5006,8.575000405311584,0.0,-0.6000000238418579,0.0,0.0,8.275000363588333,0.9000000357627869
5007,0.6750000417232513,0.0,0.0,0.0,0.0,0.3750000298023224,0.30000001192092896
5008,2.4250000417232513,0.0,1.0,0.0,0.0,1.1250000894069672,0.30000001192092896
5009,0.42500007152557373,0.0,-1.0,0.0,0.0,1.1250000894069672,0.30000001192092896
5010,34.20000057294965,-1.0000001192092896,8.0,0.0,0.0,26.90000107139349,0.30000001192092896
5011,0.6750000417232513,0.0,0.0,0.0,0.0,0.3750000298023224,0.30000001192092896
5012,30.199999008327723,-1.0000001192092896,12.699999988079071,0.0,0.0,17.900000911206007,0.6000000238418579
5013,0.6750000417232513,0.0,0.0,0.0,0.0,0.3750000298023224,0.30000001192092896
5014,5.87500062584877,0.0,-4.300000011920929,0.0,0.0,9.575000792741776,0.6000000238418579
5015,1.0500000715255737,0.0,0.0,0.0,0.0,0.7500000596046448,0.30000001192092896
5016,0.6750000417232513,0.0,0.0,0.0,0.0,0.3750000298023224,0.30000001192092896
5017,0.6750000417232513,0.0,0.0,0.0,0.0,0.3750000298023224,0.30000001192092896
5018,1.4250001013278961,0.0,0.0,0.0,0.0,1.1250000894069672,0.30000001192092896
5019,0.6750000417232513,0.0,0.0,0.0,0.0,0.3750000298023224,0.30000001192092896
5020,1.4249999523162842,0.0,0.0,0.0,0.0,1.1250000894069672,0.30000001192092896
5021,0.6750000417232513,0.0,0.0,0.0,0.0,0.3750000298023224,0.30000001192092896
5022,1.4250001013278961,0.0,0.0,0.0,0.0,1.1250000894069672,0.30000001192092896
5023,32.625000294297934,0.0,11.699999988079071,0.0,0.0,20.32500095665455,0.6000000238418579
5024,0.6750000417232513,0.0,0.0,0.0,0.0,0.3750000298023224,0.30000001192092896
5025,-0.19999992847442627,0.0,-2.0,0.0,0.0,1.5000001192092896,0.30000001192092896
5026,25.325001016259193,-1.0000001192092896,2.0,0.0,0.0,24.02500145882368,0.30000001192092896
5027,1.0500000715255737,0.0,0.0,0.0,0.0,0.7500000596046448,0.30000001192092896
5028,2.049999922513962,0.0,1.0,0.0,0.0,0.7500000596046448,0.30000001192092896
5029,4.174999862909317,0.0,2.0,0.0,0.0,1.875000149011612,0.30000001192092896
5030,1.4250001013278961,0.0,0.0,0.0,0.0,1.1250000894069672,0.30000001192092896
5031,1.0500000715255737,0.0,0.0,0.0,0.0,0.7500000596046448,0.30000001192092896
5032,1.0500000715255737,0.0,0.0,0.0,0.0,0.7500000596046448,0.30000001192092896
5033,27.075000166893005,1.0000001192092896,1.199999988079071,-7.0,1.0,29.375001400709152,1.5000000596046448
5034,23.699999764561653,0.0,1.5,0.0,0.0,21.600000582635403,0.6000000238418579
5035,3.4249998927116394,0.0,2.0,0.0,0.0,1.1250000894069672,0.30000001192092896
5036,0.6750000417232513,0.0,0.0,0.0,0.0,0.3750000298023224,0.30000001192092896
5037,1.4249999225139618,0.0,0.0,0.0,0.0,1.1250000894069672,0.30000001192092896
5038,-0.32499995827674866,0.0,-1.0,0.0,0.0,0.3750000298023224,0.30000001192092896
5039,40.9250016734004,-1.0000001192092896,11.399999976158142,0.0,0.0,29.62500137090683,0.9000000357627869
5040,2.050000011920929,0.0,1.0,0.0,0.0,0.7500000596046448,0.30000001192092896
5041,43.975000247359276,-1.0000001192092896,11.0,-1.5,0.0,34.57500172033906,0.9000000357627869
5042,18.025000128895044,0.0,0.0,0.0,0.0,17.72500069066882,0.30000001192092896
5043,22.024999264627695,-1.0000001192092896,8.0,0.0,0.0,14.725000690668821,0.30000001192092896
5044,30.200000192970037,0.0,7.0,0.0,0.0,22.900001030415297,0.30000001192092896
5045,1.0500000715255737,0.0,0.0,0.0,0.0,0.7500000596046448,0.30000001192092896
5046,1.0500000715255737,0.0,0.0,0.0,0.0,0.7500000596046448,0.30000001192092896
5047,0.6750000417232513,0.0,0.0,0.0,0.0,0.3750000298023224,0.30000001192092896
5048,1.0500000715255737,0.0,0.0,0.0,0.0,0.7500000596046448,0.30000001192092896
5049,29.425000216811895,-1.0000001192092896,5.5,0.0,0.0,24.325001016259193,0.6000000238418579
5050,0.8000001013278961,0.0,-1.0,0.0,0.0,1.5000001192092896,0.30000001192092896
5051,25.399999979883432,-1.0000001192092896,6.5,0.0,0.0,19.300000805407763,0.6000000238418579
5052,1.4250001013278961,0.0,0.0,0.0,0.0,1.1250000894069672,0.30000001192092896
5053,-0.32499995827674866,0.0,-1.0,0.0,0.0,0.3750000298023224,0.30000001192092896
5054,0.42500007152557373,0.0,-1.0,0.0,0.0,1.1250000894069672,0.30000001192092896
5055,33.60000039637089,-1.0000001192092896,13.0,0.0,0.0,20.10000117868185,1.5000000596046448
5056,0.6750000417232513,0.0,0.0,0.0,0.0,0.3750000298023224,0.30000001192092896
5057,2.424999952316284,0.0,1.0,0.0,0.0,1.1250000894069672,0.30000001192092896
5058,2.175000160932541,0.0,0.0,0.0,0.0,1.875000149011612,0.30000001192092896
5059,0.6750000417232513,0.0,0.0,0.0,0.0,0.3750000298023224,0.30000001192092896
5060,40.65000084042549,0.0,10.699999988079071,0.0,0.0,28.750001192092896,1.2000000476837158
5061,32.9000009894371,0.0,5.0,0.0,0.0,27.600001204758883,0.30000001192092896
5062,2.050000011920929,0.0,1.0,0.0,0.0,0.7500000596046448,0.30000001192092896
5063,2.424999952316284,0.0,1.0,0.0,0.0,1.1250000894069672,0.30000001192092896
5064,40.2250028885901,0.0,14.0,0.0,0.0,25.925001423805952,0.30000001192092896
5065,0.6750000417232513,0.0,0.0,0.0,0.0,0.3750000298023224,0.30000001192092896
5066,0.6750000417232513,0.0,0.0,0.0,0.0,0.3750000298023224,0.30000001192092896
5067,53.25000101700425,-1.0000001192092896,19.19999998807907,-4.5,0.0,37.45000099763274,2.1000000834465027
5068,1.4250001013278961,0.0,0.0,0.0,0.0,1.1250000894069672,0.30000001192092896
5069,0.6750000417232513,0.0,0.0,0.0,0.0,0.3750000298023224,0.30000001192092896
5070,20.449999939650297,0.0,2.399999976158142,0.0,0.0,17.150000017136335,0.9000000357627869
5071,30.049999833106995,0.0,4.400000035762787,0.0,0.0,24.450000405311584,1.2000000476837158
5072,1.0500000715255737,0.0,0.0,0.0,0.0,0.7500000596046448,0.30000001192092896
5073,0.6750000417232513,0.0,0.0,0.0,0.0,0.3750000298023224,0.30000001192092896
5074,0.6750000417232513,0.0,0.0,0.0,0.0,0.3750000298023224,0.30000001192092896
5075,0.6750000417232513,0.0,0.0,0.0,0.0,0.3750000298023224,0.30000001192092896
5076,0.6750000417232513,0.0,0.0,0.0,0.0,0.3750000298023224,0.30000001192092896
5077,2.424999952316284,0.0,1.0,0.0,0.0,1.1250000894069672,0.30000001192092896
5078,31.099999625235796,0.0,9.399999976158142,0.0,0.0,20.800000626593828,0.9000000357627869
5079,0.6750000417232513,0.0,0.0,0.0,0.0,0.3750000298023224,0.30000001192092896
5080,1.6749999821186066,0.0,1.0,0.0,0.0,0.3750000298023224,0.30000001192092896
5081,0.6750000417232513,0.0,0.0,0.0,0.0,0.3750000298023224,0.30000001192092896
5082,19.25000038743019,0.0,-2.300000011920929,0.0,0.0,20.950000435113907,0.6000000238418579
5083,46.15000095963478,-1.0000001192092896,12.5,-1.5,0.0,35.55000223591924,0.6000000238418579
5084,0.6750000417232513,0.0,0.0,0.0,0.0,0.3750000298023224,0.30000001192092896
5085,0.42500007152557373,0.0,-1.0,0.0,0.0,1.1250000894069672,0.30000001192092896
5086,0.6750000417232513,0.0,0.0,0.0,0.0,0.3750000298023224,0.30000001192092896
5087,16.275000631809235,0.0,3.0,-1.5,0.0,13.875000208616257,0.9000000357627869
5088,0.6750000417232513,0.0,0.0,0.0,0.0,0.3750000298023224,0.30000001192092896
5089,2.424999862909317,0.0,1.0,0.0,0.0,1.1250000894069672,0.30000001192092896
5090,1.0500000715255737,0.0,0.0,0.0,0.0,0.7500000596046448,0.30000001192092896
5091,0.05000007152557373,0.0,-1.0,0.0,0.0,0.7500000596046448,0.30000001192092896
5092,2.8000000715255737,0.0,1.0,0.0,0.0,1.5000001192092896,0.30000001192092896
5093,19.02500020712614,0.0,1.0,0.0,0.0,17.725000821053982,0.30000001192092896
5094,42.37500088661909,0.0,6.199999988079071,0.0,0.0,35.275002378970385,0.9000000357627869
5095,1.0500000715255737,0.0,0.0,0.0,0.0,0.7500000596046448,0.30000001192092896
5096,-0.5749999284744263,0.0,-2.0,0.0,0.0,1.1250000894069672,0.30000001192092896
5097,1.0500000715255737,0.0,0.0,0.0,0.0,0.7500000596046448,0.30000001192092896
5098,0.05000004172325134,0.0,-1.0,0.0,0.0,0.7500000596046448,0.30000001192092896
5099,1.6749999821186066,0.0,1.0,0.0,0.0,0.3750000298023224,0.30000001192092896
5100,0.05000007152557373,0.0,-1.0,0.0,0.0,0.7500000596046448,0.30000001192092896
5101,1.6749999821186066,0.0,1.0,0.0,0.0,0.3750000298023224,0.30000001192092896
5102,-0.32499995827674866,0.0,-1.0,0.0,0.0,0.3750000298023224,0.30000001192092896
5103,23.575000815093517,0.0,4.0,0.0,0.0,19.275000981986523,0.30000001192092896
5104,2.049999922513962,0.0,1.0,0.0,0.0,0.7500000596046448,0.30000001192092896
5105,1.6749999821186066,0.0,1.0,0.0,0.0,0.3750000298023224,0.30000001192092896
5106,0.6750000417232513,0.0,0.0,0.0,0.0,0.3750000298023224,0.30000001192092896
5107,2.049999922513962,0.0,1.0,0.0,0.0,0.7500000596046448,0.30000001192092896
5108,39.40000095963478,0.0,8.899999976158142,0.0,0.0,29.300002064555883,1.2000000476837158
5109,9.750000268220901,0.0,1.699999988079071,0.0,0.0,7.450000584125519,0.6000000238418579
5110,10.150000423192978,0.0,0.699999988079071,0.0,0.0,8.850000619888306,0.6000000238418579
5111,0.42500007152557373,0.0,-1.0,0.0,0.0,1.1250000894069672,0.30000001192092896
5112,0.6750000417232513,0.0,0.0,0.0,0.0,0.3750000298023224,0.30000001192092896
5113,0.6749999523162842,0.0,0.0,0.0,0.0,0.3750000298023224,0.30000001192092896
5114,2.049999922513962,0.0,1.0,0.0,0.0,0.7500000596046448,0.30000001192092896
5115,22.600000958889723,0.0,2.100000023841858,0.0,0.0,19.300001189112663,1.2000000476837158
5116,0.8000001013278961,0.0,-1.0,0.0,0.0,1.5000001192092896,0.30000001192092896
5117,0.6750000417232513,0.0,0.0,0.0,0.0,0.3750000298023224,0.30000001192092896
5118,1.8000000417232513,0.0,0.0,0.0,0.0,1.5000001192092896,0.30000001192092896
5119,0.6750000417232513,0.0,0.0,0.0,0.0,0.3750000298023224,0.30000001192092896
5120,1.0500000715255737,0.0,0.0,0.0,0.0,0.7500000596046448,0.30000001192092896
5121,23.275001265108585,0.0,0.0,0.0,0.0,22.975001327693462,0.30000001192092896
5122,1.0500000715255737,0.0,0.0,0.0,0.0,0.7500000596046448,0.30000001192092896
5123,1.4250001013278961,0.0,0.0,0.0,0.0,1.1250000894069672,0.30000001192092896
5124,27.400000505149364,0.0,4.699999988079071,0.0,0.0,22.100000701844692,0.6000000238418579
5125,-0.32499995827674866,0.0,-1.0,0.0,0.0,0.3750000298023224,0.30000001192092896
5126,43.40000146627426,0.0,7.400000035762787,0.0,0.0,35.100002855062485,0.9000000357627869
5127,2.0499998331069946,0.0,1.0,0.0,0.0,0.7500000596046448,0.30000001192092896
5128,0.6750000417232513,0.0,0.0,0.0,0.0,0.3750000298023224,0.30000001192092896
5129,1.0500000715255737,0.0,0.0,0.0,0.0,0.7500000596046448,0.30000001192092896
5130,0.6750000417232513,0.0,0.0,0.0,0.0,0.3750000298023224,0.30000001192092896
5131,1.0500000715255737,0.0,0.0,0.0,0.0,0.7500000596046448,0.30000001192092896
5132,26.500000160187483,-1.0000001192092896,6.0,0.0,0.0,21.2000007070601,0.30000001192092896
5133,0.6750000417232513,0.0,0.0,0.0,0.0,0.3750000298023224,0.30000001192092896
5134,0.6750000417232513,0.0,0.0,0.0,0.0,0.3750000298023224,0.30000001192092896
5135,26.10000043734908,0.0,2.699999988079071,0.0,0.0,22.80000141635537,0.6000000238418579
5136,0.4250001013278961,0.0,-1.0,0.0,0.0,1.1250000894069672,0.30000001192092896
5137,57.15000157803297,0.0,17.0,0.0,0.0,39.85000283643603,0.30000001192092896
5138,16.40000055357814,0.0,2.0,0.0,0.0,14.10000104829669,0.30000001192092896
5139,37.10000120475888,0.0,2.699999988079071,0.0,0.0,31.700000796467066,2.7000001072883606
5140,0.6750000417232513,0.0,0.0,0.0,0.0,0.3750000298023224,0.30000001192092896
5141,0.42500007152557373,0.0,-1.0,0.0,0.0,1.1250000894069672,0.30000001192092896
5142,12.274999786168337,0.0,1.0,0.0,0.0,10.975000437349081,0.30000001192092896
5143,1.0500000715255737,0.0,0.0,0.0,0.0,0.7500000596046448,0.30000001192092896
5144,13.425000343471766,-1.0000001192092896,-2.0,0.0,0.0,16.125000230968,0.30000001192092896
5145,1.8000001311302185,0.0,0.0,0.0,0.0,1.5000001192092896,0.30000001192092896
5146,1.0500000715255737,0.0,0.0,0.0,0.0,0.7500000596046448,0.30000001192092896
5147,19.400000624358654,-1.0000001192092896,1.0,0.0,0.0,19.100001115351915,0.30000001192092896
5148,34.575001392513514,-1.0000001192092896,2.399999976158142,-1.5,0.0,33.17500226944685,1.5000000596046448
5149,49.55000149458647,0.0,7.0,0.0,0.0,42.250002816319466,0.30000001192092896
5150,0.6750000417232513,0.0,0.0,0.0,0.0,0.3750000298023224,0.30000001192092896
5151,0.6750000417232513,0.0,0.0,0.0,0.0,0.3750000298023224,0.30000001192092896
5152,19.150000505149364,-1.0000001192092896,5.0,0.0,0.0,14.850001078099012,0.30000001192092896
5153,2.049999922513962,0.0,1.0,0.0,0.0,0.7500000596046448,0.30000001192092896
5154,0.05000004172325134,0.0,-1.0,0.0,0.0,0.7500000596046448,0.30000001192092896
5155,1.4250001013278961,0.0,0.0,0.0,0.0,1.1250000894069672,0.30000001192092896
5156,0.6750000417232513,0.0,0.0,0.0,0.0,0.3750000298023224,0.30000001192092896
5157,33.55000016465783,0.0,7.5,0.0,0.0,25.45000083371997,0.6000000238418579
5158,1.4250001013278961,0.0,0.0,0.0,0.0,1.1250000894069672,0.30000001192092896
5159,0.6750000417232513,0.0,0.0,0.0,0.0,0.3750000298023224,0.30000001192092896
5160,3.4249998033046722,0.0,2.0,0.0,0.0,1.1250000894069672,0.30000001192092896
5161,0.4250001013278961,0.0,-1.0,0.0,0.0,1.1250000894069672,0.30000001192092896
5162,49.12500183284283,0.0,4.699999928474426,0.5,0.0,40.02500082552433,3.9000001549720764
5163,1.4250001013278961,0.0,0.0,0.0,0.0,1.1250000894069672,0.30000001192092896
5164,0.6750000417232513,0.0,0.0,0.0,0.0,0.3750000298023224,0.30000001192092896
5165,23.375000271946192,0.0,-1.2999999523162842,0.0,0.0,24.075001023709774,0.6000000238418579
5166,1.1750001311302185,0.0,-1.0,0.0,0.0,1.875000149011612,0.30000001192092896
5167,1.0500000715255737,0.0,0.0,0.0,0.0,0.7500000596046448,0.30000001192092896
5168,1.6749999821186066,0.0,1.0,0.0,0.0,0.3750000298023224,0.30000001192092896
5169,1.4250001013278961,0.0,0.0,0.0,0.0,1.1250000894069672,0.30000001192092896
5170,2.049999922513962,0.0,1.0,0.0,0.0,0.7500000596046448,0.30000001192092896
5171,0.6750000417232513,0.0,0.0,0.0,0.0,0.3750000298023224,0.30000001192092896
5172,28.475000325590372,0.0,9.0,0.0,0.0,19.1750011369586,0.30000001192092896
5173,2.424999952316284,0.0,1.0,0.0,0.0,1.1250000894069672,0.30000001192092896
5174,2.04999977350235,0.0,1.0,0.0,0.0,0.7500000596046448,0.30000001192092896
5175,2.424999952316284,0.0,1.0,0.0,0.0,1.1250000894069672,0.30000001192092896
5176,0.6750000417232513,0.0,0.0,0.0,0.0,0.3750000298023224,0.30000001192092896
5177,4.549999982118607,0.0,2.0,0.0,0.0,2.2500001788139343,0.30000001192092896
5178,0.6750000417232513,0.0,0.0,0.0,0.0,0.3750000298023224,0.30000001192092896
5179,2.049999922513962,0.0,1.0,0.0,0.0,0.7500000596046448,0.30000001192092896
5180,22.450000766664743,0.0,0.0,0.0,0.0,22.15000119060278,0.30000001192092896
5181,0.6750000417232513,0.0,0.0,0.0,0.0,0.3750000298023224,0.30000001192092896
5182,0.6750000417232513,0.0,0.0,0.0,0.0,0.3750000298023224,0.30000001192092896
5183,2.049999922513962,0.0,1.0,0.0,0.0,0.7500000596046448,0.30000001192092896
5184,16.925000190734863,0.0,1.899999976158142,0.0,0.0,13.825000494718552,1.2000000476837158
5185,1.0500000715255737,0.0,0.0,0.0,0.0,0.7500000596046448,0.30000001192092896
5186,2.050000011920929,0.0,1.0,0.0,0.0,0.7500000596046448,0.30000001192092896
5187,0.6750000417232513,0.0,0.0,0.0,0.0,0.3750000298023224,0.30000001192092896
5188,0.05000004172325134,0.0,-1.0,0.0,0.0,0.7500000596046448,0.30000001192092896
5189,28.125000201165676,0.0,6.0,0.0,0.0,21.825000897049904,0.30000001192092896
5190,0.05000007152557373,0.0,-1.0,0.0,0.0,0.7500000596046448,0.30000001192092896
5191,0.8000001311302185,0.0,-1.0,0.0,0.0,1.5000001192092896,0.30000001192092896
5192,0.05000004172325134,0.0,-1.0,0.0,0.0,0.7500000596046448,0.30000001192092896
5193,3.4249998927116394,0.0,2.0,0.0,0.0,1.1250000894069672,0.30000001192092896
5194,0.05000007152557373,0.0,-1.0,0.0,0.0,0.7500000596046448,0.30000001192092896
5195,0.4250001013278961,0.0,-1.0,0.0,0.0,1.1250000894069672,0.30000001192092896
5196,0.05000007152557373,0.0,-1.0,0.0,0.0,0.7500000596046448,0.30000001192092896
5197,0.8000001013278961,0.0,-1.0,0.0,0.0,1.5000001192092896,0.30000001192092896
5198,0.6750000417232513,0.0,0.0,0.0,0.0,0.3750000298023224,0.30000001192092896
5199,11.70000022649765,0.0,-0.2999999523162842,0.0,0.0,11.400000393390656,0.6000000238418579
5200,1.0499998927116394,0.0,0.0,0.0,0.0,0.7500000596046448,0.30000001192092896
5201,2.049999922513962,0.0,1.0,0.0,0.0,0.7500000596046448,0.30000001192092896
5202,1.4250001013278961,0.0,0.0,0.0,0.0,1.1250000894069672,0.30000001192092896
5203,1.8000000417232513,0.0,0.0,0.0,0.0,1.5000001192092896,0.30000001192092896
5204,0.6750000417232513,0.0,0.0,0.0,0.0,0.3750000298023224,0.30000001192092896
5205,1.4249999523162842,0.0,0.0,0.0,0.0,1.1250000894069672,0.30000001192092896
5206,0.05000004172325134,0.0,-1.0,0.0,0.0,0.7500000596046448,0.30000001192092896
5207,12.525000423192978,0.0,-0.30000001192092896,0.0,0.0,12.225000858306885,0.6000000238418579
5208,26.500000830739737,-1.0000001192092896,6.0,0.0,0.0,21.20000110566616,0.30000001192092896
5209,1.8000001311302185,0.0,0.0,0.0,0.0,1.5000001192092896,0.30000001192092896
5210,0.05000004172325134,0.0,-1.0,0.0,0.0,0.7500000596046448,0.30000001192092896
5211,0.6750000417232513,0.0,0.0,0.0,0.0,0.3750000298023224,0.30000001192092896
5212,41.32500025257468,0.0,12.0,0.0,0.0,28.42500054463744,0.9000000357627869
5213,4.225000351667404,0.0,-0.30000001192092896,0.0,0.0,3.925000339746475,0.6000000238418579
5214,-0.5749999582767487,0.0,-2.0,0.0,0.0,1.1250000894069672,0.30000001192092896
5215,1.0500000715255737,0.0,0.0,0.0,0.0,0.7500000596046448,0.30000001192092896
5216,0.6750000417232513,0.0,0.0,0.0,0.0,0.3750000298023224,0.30000001192092896
5217,11.325000375509262,0.0,1.5,0.5,0.0,8.725000649690628,0.6000000238418579
5218,2.049999922513962,0.0,1.0,0.0,0.0,0.7500000596046448,0.30000001192092896
5219,1.4249999225139618,0.0,0.0,0.0,0.0,1.1250000894069672,0.30000001192092896
5220,17.8000009059906,0.0,-2.300000011920929,0.0,0.0,18.60000103712082,1.5000000596046448
5221,21.149999536573887,0.0,5.399999976158142,0.0,0.0,14.850000604987144,0.9000000357627869
5222,1.8000001311302185,0.0,0.0,0.0,0.0,1.5000001192092896,0.30000001192092896
5223,1.4250001013278961,0.0,0.0,0.0,0.0,1.1250000894069672,0.30000001192092896
5224,0.05000004172325134,0.0,-1.0,0.0,0.0,0.7500000596046448,0.30000001192092896
5225,0.8000001013278961,0.0,-1.0,0.0,0.0,1.5000001192092896,0.30000001192092896
5226,1.4250001013278961,0.0,0.0,0.0,0.0,1.1250000894069672,0.30000001192092896
5227,1.6749998927116394,0.0,1.0,0.0,0.0,0.3750000298023224,0.30000001192092896
5228,0.6750000417232513,0.0,0.0,0.0,0.0,0.3750000298023224,0.30000001192092896
5229,36.675001457333565,0.0,5.199999988079071,0.0,0.0,30.575001925230026,0.9000000357627869
5230,1.0500000715255737,0.0,0.0,0.0,0.0,0.7500000596046448,0.30000001192092896
5231,4.4249997437000275,0.0,3.0,0.0,0.0,1.1250000894069672,0.30000001192092896
5232,-0.32499995827674866,0.0,-1.0,0.0,0.0,0.3750000298023224,0.30000001192092896
5233,44.20000130683184,-1.0000001192092896,-2.0000000596046448,-3.0,0.0,47.50000249221921,2.7000001072883606
5234,1.0500000715255737,0.0,0.0,0.0,0.0,0.7500000596046448,0.30000001192092896
5235,23.250000655651093,0.0,9.0,0.0,0.0,13.950000416487455,0.30000001192092896
5236,1.0500000715255737,0.0,0.0,0.0,0.0,0.7500000596046448,0.30000001192092896
5237,33.30000085756183,-1.0000001192092896,-5.0,-1.5,0.0,39.300000965595245,1.5000000596046448
5238,0.05000004172325134,0.0,-1.0,0.0,0.0,0.7500000596046448,0.30000001192092896
5239,2.050000011920929,0.0,1.0,0.0,0.0,0.7500000596046448,0.30000001192092896
5240,0.6750000417232513,0.0,0.0,0.0,0.0,0.3750000298023224,0.30000001192092896
5241,1.0500000715255737,0.0,0.0,0.0,0.0,0.7500000596046448,0.30000001192092896
5242,1.0500000715255737,0.0,0.0,0.0,0.0,0.7500000596046448,0.30000001192092896
5243,19.600000828504562,0.0,-2.5,0.0,0.0,20.60000103712082,1.5000000596046448
5244,24.92500001564622,0.0,2.0,-1.5,0.0,23.525000233203173,0.9000000357627869
5245,1.0500000715255737,0.0,0.0,0.0,0.0,0.7500000596046448,0.30000001192092896
5246,2.049999922513962,0.0,1.0,0.0,0.0,0.7500000596046448,0.30000001192092896
5247,22.57500083371997,0.0,2.0,0.0,0.0,20.275001108646393,0.30000001192092896
5248,31.75000048056245,-1.0000001192092896,9.199999988079071,0.0,0.0,22.65000094100833,0.9000000357627869
5249,2.049999922513962,0.0,1.0,0.0,0.0,0.7500000596046448,0.30000001192092896
5250,0.6750000417232513,0.0,0.0,0.0,0.0,0.3750000298023224,0.30000001192092896
5251,0.42500007152557373,0.0,-1.0,0.0,0.0,1.1250000894069672,0.30000001192092896
5252,31.424999922513962,0.0,6.699999988079071,-2.5,0.0,26.025000598281622,1.2000000476837158
5253,1.0500000715255737,0.0,0.0,0.0,0.0,0.7500000596046448,0.30000001192092896
5254,2.049999922513962,0.0,1.0,0.0,0.0,0.7500000596046448,0.30000001192092896
5255,1.0500000715255737,0.0,0.0,0.0,0.0,0.7500000596046448,0.30000001192092896
5256,0.05000004172325134,0.0,-1.0,0.0,0.0,0.7500000596046448,0.30000001192092896
5257,0.42500007152557373,0.0,-1.0,0.0,0.0,1.1250000894069672,0.30000001192092896
5258,1.0500000715255737,0.0,0.0,0.0,0.0,0.7500000596046448,0.30000001192092896
5259,1.4250001013278961,0.0,0.0,0.0,0.0,1.1250000894069672,0.30000001192092896
5260,0.6750000417232513,0.0,0.0,0.0,0.0,0.3750000298023224,0.30000001192092896
5261,1.0500000715255737,0.0,0.0,0.0,0.0,0.7500000596046448,0.30000001192092896
5262,9.650000154972076,0.0,1.399999976158142,0.0,0.0,7.350000321865082,0.9000000357627869
5263,1.0500000715255737,0.0,0.0,0.0,0.0,0.7500000596046448,0.30000001192092896
5264,1.4250001013278961,0.0,0.0,0.0,0.0,1.1250000894069672,0.30000001192092896
5265,2.424999952316284,0.0,1.0,0.0,0.0,1.1250000894069672,0.30000001192092896
5266,0.42500007152557373,0.0,-1.0,0.0,0.0,1.1250000894069672,0.30000001192092896
5267,0.05000004172325134,0.0,-1.0,0.0,0.0,0.7500000596046448,0.30000001192092896
5268,28.800000172108412,0.0,8.0,0.0,0.0,20.500001024454832,0.30000001192092896
5269,0.6750000417232513,0.0,0.0,0.0,0.0,0.3750000298023224,0.30000001192092896
5270,2.050000011920929,0.0,1.0,0.0,0.0,0.7500000596046448,0.30000001192092896
5271,0.6750000417232513,0.0,0.0,0.0,0.0,0.3750000298023224,0.30000001192092896
5272,1.4250001013278961,0.0,0.0,0.0,0.0,1.1250000894069672,0.30000001192092896
5273,33.500000927597284,0.0,7.399999976158142,0.0,0.0,25.200001072138548,0.9000000357627869
5274,0.42500007152557373,0.0,-1.0,0.0,0.0,1.1250000894069672,0.30000001192092896
5275,1.0500000715255737,0.0,0.0,0.0,0.0,0.7500000596046448,0.30000001192092896
5276,3.04999977350235,0.0,2.0,0.0,0.0,0.7500000596046448,0.30000001192092896
5277,0.6750000417232513,0.0,0.0,0.0,0.0,0.3750000298023224,0.30000001192092896
5278,0.6750000417232513,0.0,0.0,0.0,0.0,0.3750000298023224,0.30000001192092896
5279,2.049999922513962,0.0,1.0,0.0,0.0,0.7500000596046448,0.30000001192092896
5280,53.8250017054379,0.0,0.5999999046325684,0.0,0.0,50.225003249943256,3.0000001192092896
5281,1.0500000715255737,0.0,0.0,0.0,0.0,0.7500000596046448,0.30000001192092896
5282,0.6750000417232513,0.0,0.0,0.0,0.0,0.3750000298023224,0.30000001192092896
5283,0.42500007152557373,0.0,-1.0,0.0,0.0,1.1250000894069672,0.30000001192092896
5284,24.375000230968,-1.0000001192092896,3.699999988079071,0.0,0.0,21.075001142919064,0.6000000238418579
5285,0.05000004172325134,0.0,-1.0,0.0,0.0,0.7500000596046448,0.30000001192092896
5286,23.20000085234642,0.0,-5.200000047683716,0.0,0.0,26.000001043081284,2.4000000953674316
5287,0.6750000417232513,0.0,0.0,0.0,0.0,0.3750000298023224,0.30000001192092896
5288,1.0500000715255737,0.0,0.0,0.0,0.0,0.7500000596046448,0.30000001192092896
5289,1.0500000715255737,0.0,0.0,0.0,0.0,0.7500000596046448,0.30000001192092896
5290,1.0500000715255737,0.0,0.0,0.0,0.0,0.7500000596046448,0.30000001192092896
5291,0.42500007152557373,0.0,-1.0,0.0,0.0,1.1250000894069672,0.30000001192092896
5292,0.05000007152557373,0.0,-1.0,0.0,0.0,0.7500000596046448,0.30000001192092896
5293,0.05000004172325134,0.0,-1.0,0.0,0.0,0.7500000596046448,0.30000001192092896
5294,1.4250001013278961,0.0,0.0,0.0,0.0,1.1250000894069672,0.30000001192092896
5295,2.7999999821186066,0.0,1.0,0.0,0.0,1.5000001192092896,0.30000001192092896
5296,27.150000784546137,0.0,2.399999976158142,0.0,0.0,23.850001335144043,0.9000000357627869
5297,1.0500000715255737,0.0,0.0,0.0,0.0,0.7500000596046448,0.30000001192092896
5298,1.0500000715255737,0.0,0.0,0.0,0.0,0.7500000596046448,0.30000001192092896
5299,0.6750000417232513,0.0,0.0,0.0,0.0,0.3750000298023224,0.30000001192092896
5300,1.6749999821186066,0.0,1.0,0.0,0.0,0.3750000298023224,0.30000001192092896
5301,2.049999922513962,0.0,1.0,0.0,0.0,0.7500000596046448,0.30000001192092896
5302,4.6750001311302185,0.0,-1.0,0.0,0.0,5.375000447034836,0.30000001192092896
5303,2.049999922513962,0.0,1.0,0.0,0.0,0.7500000596046448,0.30000001192092896
5304,20.150000393390656,1.0000001192092896,5.5,2.0,1.0,10.050000488758087,0.6000000238418579
5305,21.200000137090683,0.0,3.699999988079071,0.0,0.0,16.900000602006912,0.6000000238418579
5306,26.600001096725464,-1.0000001192092896,2.699999988079071,0.0,0.0,24.30000128597021,0.6000000238418579
5307,20.77500057220459,0.0,3.199999988079071,-4.5,0.0,21.175001353025436,0.9000000357627869
5308,1.0500000715255737,0.0,0.0,0.0,0.0,0.7500000596046448,0.30000001192092896
5309,1.6749999821186066,0.0,1.0,0.0,0.0,0.3750000298023224,0.30000001192092896
5310,0.6750000417232513,0.0,0.0,0.0,0.0,0.3750000298023224,0.30000001192092896
5311,1.8000001311302185,0.0,0.0,0.0,0.0,1.5000001192092896,0.30000001192092896
5312,1.0500000715255737,0.0,0.0,0.0,0.0,0.7500000596046448,0.30000001192092896
5313,39.05000137537718,0.0,8.0,-1.5,0.0,31.050001587718725,1.5000000596046448
5314,1.0500000715255737,0.0,0.0,0.0,0.0,0.7500000596046448,0.30000001192092896
5315,2.049999922513962,0.0,1.0,0.0,0.0,0.7500000596046448,0.30000001192092896
5316,0.6750000417232513,0.0,0.0,0.0,0.0,0.3750000298023224,0.30000001192092896
5317,0.6750000417232513,0.0,0.0,0.0,0.0,0.3750000298023224,0.30000001192092896
5318,50.07500072941184,0.0,13.0,0.0,0.0,36.775002624839544,0.30000001192092896
5319,29.19999983906746,0.0,9.0,0.0,0.0,19.900001544505358,0.30000001192092896
5320,0.6750000417232513,0.0,0.0,0.0,0.0,0.3750000298023224,0.30000001192092896
5321,0.6750000417232513,0.0,0.0,0.0,0.0,0.3750000298023224,0.30000001192092896
5322,2.424999862909317,0.0,1.0,0.0,0.0,1.1250000894069672,0.30000001192092896
5323,0.6750000417232513,0.0,0.0,0.0,0.0,0.3750000298023224,0.30000001192092896
5324,0.6750000417232513,0.0,0.0,0.0,0.0,0.3750000298023224,0.30000001192092896
5325,2.175000160932541,0.0,0.0,0.0,0.0,1.875000149011612,0.30000001192092896
5326,2.049999922513962,0.0,1.0,0.0,0.0,0.7500000596046448,0.30000001192092896
5327,29.60000069439411,-1.0000001192092896,1.0,0.0,0.0,29.300001483410597,0.30000001192092896
5328,2.4250000417232513,0.0,1.0,0.0,0.0,1.1250000894069672,0.30000001192092896
5329,19.250000577419996,-1.0000001192092896,2.0,0.0,0.0,17.950001265853643,0.30000001192092896
5330,33.12499964237213,0.0,7.700000047683716,0.0,0.0,24.525000393390656,0.9000000357627869
5331,0.8000001013278961,0.0,-1.0,0.0,0.0,1.5000001192092896,0.30000001192092896
5332,0.6750000417232513,0.0,0.0,0.0,0.0,0.3750000298023224,0.30000001192092896
5333,1.0500000715255737,0.0,0.0,0.0,0.0,0.7500000596046448,0.30000001192092896
5334,26.075000401586294,-1.0000001192092896,1.699999988079071,0.0,0.0,24.475001726299524,0.9000000357627869
5335,-0.949999988079071,0.0,-2.0,0.0,0.0,0.7500000596046448,0.30000001192092896
5336,1.0500000715255737,0.0,0.0,0.0,0.0,0.7500000596046448,0.30000001192092896
5337,1.0500000715255737,0.0,0.0,0.0,0.0,0.7500000596046448,0.30000001192092896
5338,0.8000001013278961,0.0,-1.0,0.0,0.0,1.5000001192092896,0.30000001192092896
5339,0.6750000417232513,0.0,0.0,0.0,0.0,0.3750000298023224,0.30000001192092896
5340,0.6750000417232513,0.0,0.0,0.0,0.0,0.3750000298023224,0.30000001192092896
5341,1.4250001013278961,0.0,0.0,0.0,0.0,1.1250000894069672,0.30000001192092896
5342,30.4000009521842,-1.0000001192092896,7.699999988079071,0.0,0.0,23.10000054910779,0.6000000238418579
5343,38.70000148564577,0.0,3.199999988079071,0.0,0.0,34.60000140219927,0.9000000357627869
5344,22.750000055879354,-1.0000001192092896,3.699999988079071,0.0,0.0,19.450000647455454,0.6000000238418579
5345,-0.32499995827674866,0.0,-1.0,0.0,0.0,0.3750000298023224,0.30000001192092896
5346,0.6750000417232513,0.0,0.0,0.0,0.0,0.3750000298023224,0.30000001192092896
5347,1.4249999523162842,0.0,0.0,0.0,0.0,1.1250000894069672,0.30000001192092896
5348,9.225000500679016,0.0,-0.5,-3.0,0.0,11.825000792741776,0.9000000357627869
5349,34.525000244379044,0.0,8.299999952316284,-3.0,0.0,27.425000987946987,1.8000000715255737
5350,4.79999977350235,0.0,3.0,0.0,0.0,1.5000001192092896,0.30000001192092896
5351,0.6750000417232513,0.0,0.0,0.0,0.0,0.3750000298023224,0.30000001192092896
5352,1.4250001013278961,0.0,0.0,0.0,0.0,1.1250000894069672,0.30000001192092896
5353,1.0500000715255737,0.0,0.0,0.0,0.0,0.7500000596046448,0.30000001192092896
5354,1.0500000715255737,0.0,0.0,0.0,0.0,0.7500000596046448,0.30000001192092896
5355,2.424999952316284,0.0,1.0,0.0,0.0,1.1250000894069672,0.30000001192092896
5356,0.42500007152557373,0.0,-1.0,0.0,0.0,1.1250000894069672,0.30000001192092896
5357,2.4250000417232513,0.0,1.0,0.0,0.0,1.1250000894069672,0.30000001192092896
5358,1.4250001013278961,0.0,0.0,0.0,0.0,1.1250000894069672,0.30000001192092896
5359,1.4250001013278961,0.0,0.0,0.0,0.0,1.1250000894069672,0.30000001192092896
5360,0.6750000417232513,0.0,0.0,0.0,0.0,0.3750000298023224,0.30000001192092896
5361,1.6749999821186066,0.0,1.0,0.0,0.0,0.3750000298023224,0.30000001192092896
5362,37.800001338124275,0.0,8.699999988079071,0.0,0.0,28.50000112131238,0.6000000238418579
5363,0.4250001013278961,0.0,-1.0,0.0,0.0,1.1250000894069672,0.30000001192092896
5364,0.05000007152557373,0.0,-1.0,0.0,0.0,0.7500000596046448,0.30000001192092896
5365,34.67500165104866,0.0,-0.10000002384185791,-1.5,0.0,35.07500231266022,1.2000000476837158
5366,1.0500000715255737,0.0,0.0,0.0,0.0,0.7500000596046448,0.30000001192092896
5367,1.0500000715255737,0.0,0.0,0.0,0.0,0.7500000596046448,0.30000001192092896
5368,33.6000010818243,0.0,9.0,0.0,0.0,24.30000190064311,0.30000001192092896
5369,18.550000548362732,0.0,-1.0,0.0,0.0,18.350000858306885,1.2000000476837158
5370,14.174999505281448,0.0,5.399999976158142,0.0,0.0,7.875000566244125,0.9000000357627869
5371,1.4250001013278961,0.0,0.0,0.0,0.0,1.1250000894069672,0.30000001192092896
5372,0.4250001013278961,0.0,-1.0,0.0,0.0,1.1250000894069672,0.30000001192092896
5373,-0.32499995827674866,0.0,-1.0,0.0,0.0,0.3750000298023224,0.30000001192092896
5374,12.550000101327896,0.0,0.3999999761581421,0.0,0.0,11.250000476837158,0.9000000357627869
5375,31.900000248104334,0.0,7.199999988079071,0.0,0.0,23.800000801682472,0.9000000357627869
5376,2.424999952316284,0.0,1.0,0.0,0.0,1.1250000894069672,0.30000001192092896
5377,1.0500000715255737,0.0,0.0,0.0,0.0,0.7500000596046448,0.30000001192092896
5378,3.4750002324581146,0.0,-2.0,0.0,0.0,5.1750002801418304,0.30000001192092896
5379,14.300000876188278,0.0,-6.300000011920929,0.0,0.0,20.000001046806574,0.6000000238418579
5380,0.6750000417232513,0.0,0.0,0.0,0.0,0.3750000298023224,0.30000001192092896
5381,1.4250001013278961,0.0,0.0,0.0,0.0,1.1250000894069672,0.30000001192092896
5382,28.800000626593828,0.0,7.0,0.0,0.0,21.500001426786184,0.30000001192092896
5383,22.725000638514757,-1.0000001192092896,2.399999976158142,0.0,0.0,20.425000961869955,0.9000000357627869
5384,0.6750000417232513,0.0,0.0,0.0,0.0,0.3750000298023224,0.30000001192092896
5385,40.349999617785215,0.0,10.0,0.0,0.0,30.05000251531601,0.30000001192092896
5386,8.850000768899918,0.0,-5.300000011920929,0.0,0.0,13.550001084804535,0.6000000238418579
5387,2.049999922513962,0.0,1.0,0.0,0.0,0.7500000596046448,0.30000001192092896
5388,27.37500185891986,0.0,7.0,0.0,0.0,20.075000792741776,0.30000001192092896
5389,0.6750000417232513,0.0,0.0,0.0,0.0,0.3750000298023224,0.30000001192092896
5390,0.6750000417232513,0.0,0.0,0.0,0.0,0.3750000298023224,0.30000001192092896
5391,1.8000001311302185,0.0,0.0,0.0,0.0,1.5000001192092896,0.30000001192092896
5392,0.6750000417232513,0.0,0.0,0.0,0.0,0.3750000298023224,0.30000001192092896
5393,25.150001022964716,0.0,4.399999976158142,0.0,0.0,19.85000091418624,0.9000000357627869
5394,24.700000271201134,0.0,7.0,0.0,0.0,17.400001011788845,0.30000001192092896
5395,15.649999968707561,0.0,4.0,0.0,0.0,11.350000850856304,0.30000001192092896
5396,1.0500000715255737,0.0,0.0,0.0,0.0,0.7500000596046448,0.30000001192092896
5397,0.42500007152557373,0.0,-1.0,0.0,0.0,1.1250000894069672,0.30000001192092896
5398,13.375000227242708,-1.0000001192092896,0.0,0.0,0.0,14.075000613927841,0.30000001192092896
5399,0.4250001013278961,0.0,-1.0,0.0,0.0,1.1250000894069672,0.30000001192092896
5400,-0.9499999582767487,0.0,-2.0,0.0,0.0,0.7500000596046448,0.30000001192092896
5401,0.6750000417232513,0.0,0.0,0.0,0.0,0.3750000298023224,0.30000001192092896
5402,22.62500137463212,0.0,0.0,0.0,0.0,22.32500184699893,0.30000001192092896
5403,2.424999952316284,0.0,1.0,0.0,0.0,1.1250000894069672,0.30000001192092896
5404,1.0500000715255737,0.0,0.0,0.0,0.0,0.7500000596046448,0.30000001192092896
5405,7.075000107288361,0.0,-0.5999999642372131,0.0,0.0,6.775000274181366,0.9000000357627869
5406,0.05000004172325134,0.0,-1.0,0.0,0.0,0.7500000596046448,0.30000001192092896
5407,0.6750000417232513,0.0,0.0,0.0,0.0,0.3750000298023224,0.30000001192092896
5408,1.4249999225139618,0.0,0.0,0.0,0.0,1.1250000894069672,0.30000001192092896
5409,0.6750000417232513,0.0,0.0,0.0,0.0,0.3750000298023224,0.30000001192092896
5410,34.05000078678131,-1.0000001192092896,6.699999988079071,0.5,0.0,26.650000859051943,1.2000000476837158
5411,0.6750000417232513,0.0,0.0,0.0,0.0,0.3750000298023224,0.30000001192092896
5412,1.0500000715255737,0.0,0.0,0.0,0.0,0.7500000596046448,0.30000001192092896
5413,0.6750000417232513,0.0,0.0,0.0,0.0,0.3750000298023224,0.30000001192092896
5414,26.949999321252108,-1.0000001192092896,8.0,0.0,0.0,19.65000082552433,0.30000001192092896
5415,32.42500040307641,0.0,5.399999976158142,0.0,0.0,26.125001192092896,0.9000000357627869
5416,40.275000497698784,0.0,10.5,-1.5,0.0,30.375001598149538,0.9000000357627869
5417,33.800000451505184,0.0,7.0,-4.5,0.0,30.400001496076584,0.9000000357627869
5418,2.4250000417232513,0.0,1.0,0.0,0.0,1.1250000894069672,0.30000001192092896
5419,0.6750000417232513,0.0,0.0,0.0,0.0,0.3750000298023224,0.30000001192092896
5420,1.4250001013278961,0.0,0.0,0.0,0.0,1.1250000894069672,0.30000001192092896
5421,1.6749999821186066,0.0,1.0,0.0,0.0,0.3750000298023224,0.30000001192092896
5422,1.0500000715255737,0.0,0.0,0.0,0.0,0.7500000596046448,0.30000001192092896
5423,31.375000722706318,0.0,6.699999988079071,0.0,0.0,24.075001411139965,0.6000000238418579
5424,0.05000004172325134,0.0,-1.0,0.0,0.0,0.7500000596046448,0.30000001192092896
5425,0.6750000417232513,0.0,0.0,0.0,0.0,0.3750000298023224,0.30000001192092896
5426,31.02500058338046,0.0,9.0,0.0,0.0,21.72500131651759,0.30000001192092896
5427,1.6749998927116394,0.0,1.0,0.0,0.0,0.3750000298023224,0.30000001192092896
5428,-0.32499995827674866,0.0,-1.0,0.0,0.0,0.3750000298023224,0.30000001192092896
5429,0.6750000417232513,0.0,0.0,0.0,0.0,0.3750000298023224,0.30000001192092896
5430,1.0500000715255737,0.0,0.0,0.0,0.0,0.7500000596046448,0.30000001192092896
5431,1.4250001013278961,0.0,0.0,0.0,0.0,1.1250000894069672,0.30000001192092896
5432,1.4250001013278961,0.0,0.0,0.0,0.0,1.1250000894069672,0.30000001192092896
5433,1.4250001013278961,0.0,0.0,0.0,0.0,1.1250000894069672,0.30000001192092896
5434,17.975001100450754,-1.0000001192092896,6.0,0.0,0.0,12.67500064894557,0.30000001192092896
5435,3.4249998033046722,0.0,2.0,0.0,0.0,1.1250000894069672,0.30000001192092896
5436,31.100000765174627,0.0,9.0,0.0,0.0,21.8000012524426,0.30000001192092896
5437,0.05000007152557373,0.0,-1.0,0.0,0.0,0.7500000596046448,0.30000001192092896
5438,0.42500007152557373,0.0,-1.0,0.0,0.0,1.1250000894069672,0.30000001192092896
5439,8.175000086426735,0.0,3.5,-12.0,0.0,14.875000521540642,1.8000000715255737
5440,4.825000166893005,0.0,1.0,0.0,0.0,3.5250003039836884,0.30000001192092896
5441,2.050000011920929,0.0,1.0,0.0,0.0,0.7500000596046448,0.30000001192092896
5442,1.0500000715255737,0.0,0.0,0.0,0.0,0.7500000596046448,0.30000001192092896
5443,14.000000208616257,0.0,-0.30000001192092896,0.0,0.0,13.700000405311584,0.6000000238418579
5444,33.22500051185489,0.0,4.699999988079071,0.0,0.0,27.325000911951065,1.2000000476837158
5445,3.4249998033046722,0.0,2.0,0.0,0.0,1.1250000894069672,0.30000001192092896
5446,18.425000563263893,0.0,3.0,0.0,0.0,15.12500112503767,0.30000001192092896
5447,0.05000004172325134,0.0,-1.0,0.0,0.0,0.7500000596046448,0.30000001192092896
5448,1.0500000715255737,0.0,0.0,0.0,0.0,0.7500000596046448,0.30000001192092896
5449,1.6749999821186066,0.0,1.0,0.0,0.0,0.3750000298023224,0.30000001192092896
5450,0.05000007152557373,0.0,-1.0,0.0,0.0,0.7500000596046448,0.30000001192092896
5451,9.950000256299973,0.0,1.399999976158142,0.0,0.0,7.650000512599945,0.9000000357627869
5452,4.199999958276749,0.0,2.0,0.0,0.0,1.9000001549720764,0.30000001192092896
5453,11.025000184774399,0.0,1.699999988079071,0.0,0.0,8.725000470876694,0.6000000238418579
5454,0.6750000417232513,0.0,0.0,0.0,0.0,0.3750000298023224,0.30000001192092896
5455,1.4250001013278961,0.0,0.0,0.0,0.0,1.1250000894069672,0.30000001192092896
5456,1.0500000715255737,0.0,0.0,0.0,0.0,0.7500000596046448,0.30000001192092896
5457,0.6750000417232513,0.0,0.0,0.0,0.0,0.3750000298023224,0.30000001192092896
5458,-0.32499995827674866,0.0,-1.0,0.0,0.0,0.3750000298023224,0.30000001192092896
5459,1.0500000715255737,0.0,0.0,0.0,0.0,0.7500000596046448,0.30000001192092896
5460,1.4250001013278961,0.0,0.0,0.0,0.0,1.1250000894069672,0.30000001192092896
5461,15.050000384449959,0.0,4.199999988079071,-1.5,0.0,11.450000450015068,0.9000000357627869
5462,0.800000011920929,0.0,-1.0,0.0,0.0,1.5000001192092896,0.30000001192092896
5463,0.6750000417232513,0.0,0.0,0.0,0.0,0.3750000298023224,0.30000001192092896
5464,1.0500000715255737,0.0,0.0,0.0,0.0,0.7500000596046448,0.30000001192092896
5465,40.674999594688416,0.0,12.0,0.0,0.0,28.375002190470695,0.30000001192092896
5466,0.42500007152557373,0.0,-1.0,0.0,0.0,1.1250000894069672,0.30000001192092896
5467,1.4250001013278961,0.0,0.0,0.0,0.0,1.1250000894069672,0.30000001192092896
5468,0.05000004172325134,0.0,-1.0,0.0,0.0,0.7500000596046448,0.30000001192092896
5469,1.6749999821186066,0.0,1.0,0.0,0.0,0.3750000298023224,0.30000001192092896
5470,0.6750000417232513,0.0,0.0,0.0,0.0,0.3750000298023224,0.30000001192092896
5471,26.450000517070293,-1.0000001192092896,2.399999976158142,0.0,0.0,24.150000911206007,0.9000000357627869
5472,27.450000125914812,-1.0000001192092896,6.0,0.0,0.0,22.150001160800457,0.30000001192092896
5473,1.0500000715255737,0.0,0.0,0.0,0.0,0.7500000596046448,0.30000001192092896
5474,34.775000747293234,-1.0000001192092896,7.699999988079071,0.0,0.0,27.475001953542233,0.6000000238418579
5475,1.4250001013278961,0.0,0.0,0.0,0.0,1.1250000894069672,0.30000001192092896
5476,18.125000290572643,-1.0000001192092896,1.9000000357627869,-1.5,0.0,17.5250005684793,1.2000000476837158
5477,1.0500000715255737,0.0,0.0,0.0,0.0,0.7500000596046448,0.30000001192092896
5478,1.0500000715255737,0.0,0.0,0.0,0.0,0.7500000596046448,0.30000001192092896
5479,0.6750000417232513,0.0,0.0,0.0,0.0,0.3750000298023224,0.30000001192092896
5480,1.8000001311302185,0.0,0.0,0.0,0.0,1.5000001192092896,0.30000001192092896
5481,19.475000325590372,0.0,-1.0,0.0,0.0,20.17500039190054,0.30000001192092896
5482,1.4250001013278961,0.0,0.0,0.0,0.0,1.1250000894069672,0.30000001192092896
5483,30.79999991506338,0.0,9.0,0.0,0.0,21.500001423060894,0.30000001192092896
5484,1.0500000715255737,0.0,0.0,0.0,0.0,0.7500000596046448,0.30000001192092896
5485,43.049999848008156,0.0,15.699999988079071,0.0,0.0,26.750001821666956,0.6000000238418579
5486,0.6750000417232513,0.0,0.0,0.0,0.0,0.3750000298023224,0.30000001192092896
5487,2.424999952316284,0.0,1.0,0.0,0.0,1.1250000894069672,0.30000001192092896
5488,1.0500000715255737,0.0,0.0,0.0,0.0,0.7500000596046448,0.30000001192092896
5489,1.4250001013278961,0.0,0.0,0.0,0.0,1.1250000894069672,0.30000001192092896
5490,1.6749999821186066,0.0,1.0,0.0,0.0,0.3750000298023224,0.30000001192092896
5491,0.6750000417232513,0.0,0.0,0.0,0.0,0.3750000298023224,0.30000001192092896
5492,9.699999988079071,0.0,2.399999976158142,0.0,0.0,6.400000035762787,0.9000000357627869
5493,1.0500000715255737,0.0,0.0,0.0,0.0,0.7500000596046448,0.30000001192092896
5494,24.175000593066216,-1.0000001192092896,5.0,0.0,0.0,19.87500137463212,0.30000001192092896
5495,45.40000079572201,0.0,18.0,0.0,0.0,27.100000768899918,0.30000001192092896
5496,0.6750000417232513,0.0,0.0,0.0,0.0,0.3750000298023224,0.30000001192092896
5497,39.52499897032976,0.0,13.099999964237213,0.0,0.0,25.225001003593206,1.2000000476837158
5498,0.6750000417232513,0.0,0.0,0.0,0.0,0.3750000298023224,0.30000001192092896
5499,1.6749999821186066,0.0,1.0,0.0,0.0,0.3750000298023224,0.30000001192092896
5500,0.6750000417232513,0.0,0.0,0.0,0.0,0.3750000298023224,0.30000001192092896
5501,43.20000060647726,0.0,13.5,-1.5,0.0,30.600001215934753,0.6000000238418579
5502,-0.32499995827674866,0.0,-1.0,0.0,0.0,0.3750000298023224,0.30000001192092896
5503,0.6750000417232513,0.0,0.0,0.0,0.0,0.3750000298023224,0.30000001192092896
5504,1.6749999821186066,0.0,1.0,0.0,0.0,0.3750000298023224,0.30000001192092896
5505,-0.19999992847442627,0.0,-2.0,0.0,0.0,1.5000001192092896,0.30000001192092896
5506,20.600000265985727,0.0,2.0,0.0,0.0,18.300001554191113,0.30000001192092896
5507,1.0500000715255737,0.0,0.0,0.0,0.0,0.7500000596046448,0.30000001192092896
5508,1.0500000715255737,0.0,0.0,0.0,0.0,0.7500000596046448,0.30000001192092896
5509,0.6750000417232513,0.0,0.0,0.0,0.0,0.3750000298023224,0.30000001192092896
5510,1.4250001013278961,0.0,0.0,0.0,0.0,1.1250000894069672,0.30000001192092896
5511,36.050000444054604,0.0,8.5,0.5,0.0,26.45000010728836,0.6000000238418579
5512,1.0499999821186066,0.0,0.0,0.0,0.0,0.7500000596046448,0.30000001192092896
5513,1.0500000715255737,0.0,0.0,0.0,0.0,0.7500000596046448,0.30000001192092896
5514,0.6750000417232513,0.0,0.0,0.0,0.0,0.3750000298023224,0.30000001192092896
5515,0.05000007152557373,0.0,-1.0,0.0,0.0,0.7500000596046448,0.30000001192092896
5516,1.0500000715255737,0.0,0.0,0.0,0.0,0.7500000596046448,0.30000001192092896
5517,22.275000154972076,0.0,6.0,0.0,0.0,15.975001133978367,0.30000001192092896
5518,1.4250001013278961,0.0,0.0,0.0,0.0,1.1250000894069672,0.30000001192092896
5519,1.0500000715255737,0.0,0.0,0.0,0.0,0.7500000596046448,0.30000001192092896
5520,0.6750000417232513,0.0,0.0,0.0,0.0,0.3750000298023224,0.30000001192092896
5521,3.4249998927116394,0.0,2.0,0.0,0.0,1.1250000894069672,0.30000001192092896
5522,0.8000001013278961,0.0,-1.0,0.0,0.0,1.5000001192092896,0.30000001192092896
5523,1.4250001013278961,0.0,0.0,0.0,0.0,1.1250000894069672,0.30000001192092896
5524,8.050000220537186,0.0,0.3999999761581421,0.0,0.0,6.750000536441803,0.9000000357627869
5525,20.050000462681055,-1.0000001192092896,4.0,0.0,0.0,16.75000087544322,0.30000001192092896
5526,46.175000350922346,-1.0000001192092896,15.0,-3.0,0.0,33.67500153928995,1.5000000596046448
5527,25.475000772625208,0.0,1.699999988079071,0.0,0.0,23.175001461058855,0.6000000238418579
5528,2.424999952316284,0.0,1.0,0.0,0.0,1.1250000894069672,0.30000001192092896
5529,0.6750000417232513,0.0,0.0,0.0,0.0,0.3750000298023224,0.30000001192092896
5530,1.0500000715255737,0.0,0.0,0.0,0.0,0.7500000596046448,0.30000001192092896
5531,15.150000587105751,0.0,-1.7999999523162842,0.0,0.0,16.050000593066216,0.9000000357627869
5532,13.000000566244125,0.0,-1.300000011920929,0.0,0.0,13.700000375509262,0.6000000238418579
5533,31.450000002980232,0.0,8.0,0.0,0.0,23.15000171214342,0.30000001192092896
5534,2.424999952316284,0.0,1.0,0.0,0.0,1.1250000894069672,0.30000001192092896
5535,1.4250001013278961,0.0,0.0,0.0,0.0,1.1250000894069672,0.30000001192092896
5536,0.42500007152557373,0.0,-1.0,0.0,0.0,1.1250000894069672,0.30000001192092896
5537,2.050000011920929,0.0,1.0,0.0,0.0,0.7500000596046448,0.30000001192092896
5538,1.0500000715255737,0.0,0.0,0.0,0.0,0.7500000596046448,0.30000001192092896
5539,34.22500080615282,-1.0000001192092896,13.0,0.0,0.0,21.925001107156277,0.30000001192092896
5540,1.4250001013278961,0.0,0.0,0.0,0.0,1.1250000894069672,0.30000001192092896
5541,2.049999922513962,0.0,1.0,0.0,0.0,0.7500000596046448,0.30000001192092896
5542,46.000001300126314,0.0,8.0,0.0,0.0,37.70000175014138,0.30000001192092896
5543,7.849999845027924,0.0,-2.300000011920929,0.0,0.0,9.250000029802322,0.9000000357627869
5544,21.52500007301569,0.0,3.699999988079071,0.0,0.0,17.22500006854534,0.6000000238418579
5545,19.65000071376562,0.0,1.699999988079071,0.0,0.0,17.350001275539398,0.6000000238418579
5546,0.6750000417232513,0.0,0.0,0.0,0.0,0.3750000298023224,0.30000001192092896
5547,0.6750000417232513,0.0,0.0,0.0,0.0,0.3750000298023224,0.30000001192092896
5548,2.424999952316284,0.0,1.0,0.0,0.0,1.1250000894069672,0.30000001192092896
5549,15.000000327825546,0.0,0.699999988079071,0.0,0.0,13.700000554323196,0.6000000238418579
5550,-0.32499995827674866,0.0,-1.0,0.0,0.0,0.3750000298023224,0.30000001192092896
5551,0.6750000417232513,0.0,0.0,0.0,0.0,0.3750000298023224,0.30000001192092896
5552,2.7999999821186066,0.0,1.0,0.0,0.0,1.5000001192092896,0.30000001192092896
5553,2.4250000417232513,0.0,1.0,0.0,0.0,1.1250000894069672,0.30000001192092896
5554,0.6750000417232513,0.0,0.0,0.0,0.0,0.3750000298023224,0.30000001192092896
5555,2.424999952316284,0.0,1.0,0.0,0.0,1.1250000894069672,0.30000001192092896
5556,3.7999998331069946,0.0,2.0,0.0,0.0,1.5000001192092896,0.30000001192092896
5557,1.4250001013278961,0.0,0.0,0.0,0.0,1.1250000894069672,0.30000001192092896
5558,1.0500000715255737,0.0,0.0,0.0,0.0,0.7500000596046448,0.30000001192092896
5559,13.60000005364418,0.0,4.699999988079071,0.0,0.0,8.300000607967377,0.6000000238418579
5560,26.550000481307507,-1.0000001192092896,3.0,0.0,0.0,24.250001650303602,0.30000001192092896
5561,46.14999923855066,0.0,11.399999976158142,0.0,0.0,33.85000039637089,0.9000000357627869
5562,0.6750000417232513,0.0,0.0,0.0,0.0,0.3750000298023224,0.30000001192092896
5563,36.05000103637576,0.0,5.399999976158142,0.0,0.0,29.750001572072506,0.9000000357627869
5564,2.7999999821186066,0.0,1.0,0.0,0.0,1.5000001192092896,0.30000001192092896
5565,40.375000704079866,0.0,8.799999952316284,-1.5,0.0,30.975000716745853,2.1000000834465027
5566,23.07500058412552,0.0,4.699999988079071,0.0,0.0,17.775001097470522,0.6000000238418579
5567,1.6749999821186066,0.0,1.0,0.0,0.0,0.3750000298023224,0.30000001192092896
5568,0.6750000417232513,0.0,0.0,0.0,0.0,0.3750000298023224,0.30000001192092896
5569,2.1749999821186066,0.0,0.0,0.0,0.0,1.875000149011612,0.30000001192092896
5570,1.8000000417232513,0.0,0.0,0.0,0.0,1.5000001192092896,0.30000001192092896
5571,2.7999999821186066,0.0,1.0,0.0,0.0,1.5000001192092896,0.30000001192092896
5572,36.10000205412507,0.0,5.5,-1.5,0.0,31.50000160187483,0.6000000238418579
5573,35.75000003352761,-1.0000001192092896,9.0,0.0,0.0,27.450000308454037,0.30000001192092896
5574,2.050000011920929,0.0,1.0,0.0,0.0,0.7500000596046448,0.30000001192092896
5575,21.59999979659915,-1.0000001192092896,7.699999988079071,0.0,0.0,14.300000552088022,0.6000000238418579
5576,32.50000064074993,-1.0000001192092896,7.199999988079071,-3.0,0.0,28.10000140592456,1.2000000476837158
5577,0.6750000417232513,0.0,0.0,0.0,0.0,0.3750000298023224,0.30000001192092896
5578,0.6750000417232513,0.0,0.0,0.0,0.0,0.3750000298023224,0.30000001192092896
5579,26.299999330192804,-1.0000001192092896,9.5,-1.5,0.0,18.70000045746565,0.6000000238418579
5580,-0.9499999582767487,0.0,-2.0,0.0,0.0,0.7500000596046448,0.30000001192092896
5581,26.950000416487455,0.0,4.699999988079071,0.0,0.0,21.65000006556511,0.6000000238418579
5582,0.6750000417232513,0.0,0.0,0.0,0.0,0.3750000298023224,0.30000001192092896
5583,0.6750000417232513,0.0,0.0,0.0,0.0,0.3750000298023224,0.30000001192092896
5584,1.0500000715255737,0.0,0.0,0.0,0.0,0.7500000596046448,0.30000001192092896
5585,1.4249999225139618,0.0,0.0,0.0,0.0,1.1250000894069672,0.30000001192092896
5586,2.049999922513962,0.0,1.0,0.0,0.0,0.7500000596046448,0.30000001192092896
5587,1.0500000715255737,0.0,0.0,0.0,0.0,0.7500000596046448,0.30000001192092896
5588,0.6750000417232513,0.0,0.0,0.0,0.0,0.3750000298023224,0.30000001192092896
5589,0.6750000417232513,0.0,0.0,0.0,0.0,0.3750000298023224,0.30000001192092896
5590,64.70000100135803,0.0,15.600000023841858,-4.5,0.0,51.50000324845314,2.1000000834465027
5591,25.52500020340085,-1.0000001192092896,10.699999988079071,0.0,0.0,14.625000540167093,1.2000000476837158
5592,-0.5749999284744263,0.0,-2.0,0.0,0.0,1.1250000894069672,0.30000001192092896
5593,2.049999922513962,0.0,1.0,0.0,0.0,0.7500000596046448,0.30000001192092896
5594,35.17500078678131,-1.0000001192092896,6.0,0.0,0.0,29.875002164393663,0.30000001192092896
5595,36.34999958798289,-1.0000001192092896,14.699999988079071,0.0,0.0,22.050000332295895,0.6000000238418579
5596,1.4250001013278961,0.0,0.0,0.0,0.0,1.1250000894069672,0.30000001192092896
5597,3.2250002324581146,0.0,0.0,0.0,0.0,2.9250002205371857,0.30000001192092896
5598,1.0500000715255737,0.0,0.0,0.0,0.0,0.7500000596046448,0.30000001192092896
5599,0.6750000417232513,0.0,0.0,0.0,0.0,0.3750000298023224,0.30000001192092896
5600,0.6750000417232513,0.0,0.0,0.0,0.0,0.3750000298023224,0.30000001192092896
5601,1.4250001013278961,0.0,0.0,0.0,0.0,1.1250000894069672,0.30000001192092896
5602,0.6750000417232513,0.0,0.0,0.0,0.0,0.3750000298023224,0.30000001192092896
5603,0.6750000417232513,0.0,0.0,0.0,0.0,0.3750000298023224,0.30000001192092896
5604,1.4250001013278961,0.0,0.0,0.0,0.0,1.1250000894069672,0.30000001192092896
5605,0.42500007152557373,0.0,-1.0,0.0,0.0,1.1250000894069672,0.30000001192092896
5606,2.7999999821186066,0.0,1.0,0.0,0.0,1.5000001192092896,0.30000001192092896
5607,29.175001107156277,-1.0000001192092896,3.399999976158142,0.0,0.0,25.87500173971057,0.9000000357627869
5608,39.975000489503145,0.0,7.5,0.0,0.0,30.975000880658627,1.5000000596046448
5609,21.450000874698162,0.0,4.0,0.0,0.0,17.150000862777233,0.30000001192092896
5610,0.05000004172325134,0.0,-1.0,0.0,0.0,0.7500000596046448,0.30000001192092896
5611,1.4250001013278961,0.0,0.0,0.0,0.0,1.1250000894069672,0.30000001192092896
5612,0.05000004172325134,0.0,-1.0,0.0,0.0,0.7500000596046448,0.30000001192092896
5613,5.025000125169754,0.0,1.0,0.0,0.0,3.7250002920627594,0.30000001192092896
5614,0.6750000417232513,0.0,0.0,0.0,0.0,0.3750000298023224,0.30000001192092896
5615,33.72500030696392,-1.0000001192092896,10.0,0.0,0.0,24.425001185387373,0.30000001192092896
5616,37.00000054016709,0.0,12.0,0.0,0.0,24.700002010911703,0.30000001192092896
5617,26.55000050365925,-1.0000001192092896,1.0,0.0,0.0,26.250000666826963,0.30000001192092896
5618,-0.5749999582767487,0.0,-2.0,0.0,0.0,1.1250000894069672,0.30000001192092896
5619,1.4250001013278961,0.0,0.0,0.0,0.0,1.1250000894069672,0.30000001192092896
5620,0.6750000417232513,0.0,0.0,0.0,0.0,0.3750000298023224,0.30000001192092896
5621,2.049999922513962,0.0,1.0,0.0,0.0,0.7500000596046448,0.30000001192092896
5622,0.6750000417232513,0.0,0.0,0.0,0.0,0.3750000298023224,0.30000001192092896
5623,49.22500157356262,-1.0000001192092896,19.099999964237213,-4.5,0.0,32.92500103265047,2.7000001072883606
5624,0.6750000417232513,0.0,0.0,0.0,0.0,0.3750000298023224,0.30000001192092896
5625,40.12499973922968,0.0,18.100000023841858,-1.5,0.0,21.725001260638237,1.8000000715255737
5626,62.325000677257776,0.0,17.999999940395355,0.0,0.0,42.2250015810132,2.1000000834465027
5627,27.800001475960016,0.0,-3.300000011920929,0.0,0.0,30.200001928955317,0.9000000357627869
5628,0.05000004172325134,0.0,-1.0,0.0,0.0,0.7500000596046448,0.30000001192092896
5629,24.70000010728836,0.0,3.0,0.0,0.0,21.400000721216202,0.30000001192092896
5630,27.800001058727503,-1.0000001192092896,6.699999988079071,0.0,0.0,21.500000771135092,0.6000000238418579
5631,43.62500047311187,-1.0000001192092896,16.69999998807907,0.0,0.0,27.325000945478678,0.6000000238418579
5632,0.6750000417232513,0.0,0.0,0.0,0.0,0.3750000298023224,0.30000001192092896
5633,1.4250001013278961,0.0,0.0,0.0,0.0,1.1250000894069672,0.30000001192092896
5634,-0.32499995827674866,0.0,-1.0,0.0,0.0,0.3750000298023224,0.30000001192092896
5635,0.05000004172325134,0.0,-1.0,0.0,0.0,0.7500000596046448,0.30000001192092896
5636,3.4249998927116394,0.0,2.0,0.0,0.0,1.1250000894069672,0.30000001192092896
5637,22.92500063031912,0.0,3.699999988079071,0.0,0.0,18.62500086054206,0.6000000238418579
5638,1.425000011920929,0.0,0.0,0.0,0.0,1.1250000894069672,0.30000001192092896
5639,2.049999922513962,0.0,1.0,0.0,0.0,0.7500000596046448,0.30000001192092896
5640,2.049999922513962,0.0,1.0,0.0,0.0,0.7500000596046448,0.30000001192092896
5641,1.4250001013278961,0.0,0.0,0.0,0.0,1.1250000894069672,0.30000001192092896
5642,65.92500011622906,-1.0000001192092896,16.099999964237213,0.0,0.0,49.62500132992864,1.2000000476837158
5643,1.0500000715255737,0.0,0.0,0.0,0.0,0.7500000596046448,0.30000001192092896
5644,23.95000061392784,0.0,4.0,0.0,0.0,18.750001221895218,1.2000000476837158
5645,1.0500000715255737,0.0,0.0,0.0,0.0,0.7500000596046448,0.30000001192092896
5646,1.4250001013278961,0.0,0.0,0.0,0.0,1.1250000894069672,0.30000001192092896
5647,22.94999996200204,0.0,7.0,0.0,0.0,15.650000791996717,0.30000001192092896
5648,1.0500000715255737,0.0,0.0,0.0,0.0,0.7500000596046448,0.30000001192092896
5649,2.7999999821186066,0.0,1.0,0.0,0.0,1.5000001192092896,0.30000001192092896
5650,40.775000646710396,0.0,10.0,0.0,0.0,30.475001335144043,0.30000001192092896
5651,1.0500000715255737,0.0,0.0,0.0,0.0,0.7500000596046448,0.30000001192092896
5652,22.45000045746565,0.0,6.699999988079071,0.0,0.0,15.150000352412462,0.6000000238418579
5653,0.4250001013278961,0.0,-1.0,0.0,0.0,1.1250000894069672,0.30000001192092896
5654,32.92500067129731,0.0,9.699999988079071,0.0,0.0,22.62500110641122,0.6000000238418579
5655,16.875000171363354,0.0,3.0,0.0,0.0,13.57500059530139,0.30000001192092896
5656,-0.32499995827674866,0.0,-1.0,0.0,0.0,0.3750000298023224,0.30000001192092896
5657,1.0500000715255737,0.0,0.0,0.0,0.0,0.7500000596046448,0.30000001192092896
5658,3.799999922513962,0.0,2.0,0.0,0.0,1.5000001192092896,0.30000001192092896
5659,1.4250001013278961,0.0,0.0,0.0,0.0,1.1250000894069672,0.30000001192092896
5660,1.8000001311302185,0.0,0.0,0.0,0.0,1.5000001192092896,0.30000001192092896
5661,24.575000155717134,-1.0000001192092896,9.0,0.0,0.0,16.275001045316458,0.30000001192092896
5662,0.8000001013278961,0.0,-1.0,0.0,0.0,1.5000001192092896,0.30000001192092896
5663,1.6749999821186066,0.0,1.0,0.0,0.0,0.3750000298023224,0.30000001192092896
5664,24.175000239163637,-1.0000001192092896,1.0,0.0,0.0,23.87500160560012,0.30000001192092896
5665,2.4250000417232513,0.0,1.0,0.0,0.0,1.1250000894069672,0.30000001192092896
5666,13.225000143051147,0.0,5.0,-4.5,0.0,11.825000047683716,0.9000000357627869
5667,0.6750000417232513,0.0,0.0,0.0,0.0,0.3750000298023224,0.30000001192092896
5668,24.44999972730875,0.0,5.0,0.0,0.0,19.15000057220459,0.30000001192092896
5669,1.0500000715255737,0.0,0.0,0.0,0.0,0.7500000596046448,0.30000001192092896
5670,0.05000004172325134,0.0,-1.0,0.0,0.0,0.7500000596046448,0.30000001192092896
5671,24.399999998509884,0.0,8.0,0.0,0.0,16.099999986588955,0.30000001192092896
5672,45.92500111088157,-1.0000001192092896,10.0,0.0,0.0,36.625002425163984,0.30000001192092896
5673,23.400000270456076,0.0,7.5,-4.5,0.0,19.800000749528408,0.6000000238418579
5674,0.6750000417232513,0.0,0.0,0.0,0.0,0.3750000298023224,0.30000001192092896
5675,-0.32499995827674866,0.0,-1.0,0.0,0.0,0.3750000298023224,0.30000001192092896
5676,1.6749999821186066,0.0,1.0,0.0,0.0,0.3750000298023224,0.30000001192092896
5677,3.799999922513962,0.0,2.0,0.0,0.0,1.5000001192092896,0.30000001192092896
5678,2.4250000417232513,0.0,1.0,0.0,0.0,1.1250000894069672,0.30000001192092896
5679,3.4249998033046722,0.0,2.0,0.0,0.0,1.1250000894069672,0.30000001192092896
5680,1.8000001311302185,0.0,0.0,0.0,0.0,1.5000001192092896,0.30000001192092896
5681,0.6750000417232513,0.0,0.0,0.0,0.0,0.3750000298023224,0.30000001192092896
5682,2.424999952316284,0.0,1.0,0.0,0.0,1.1250000894069672,0.30000001192092896
5683,1.0500000715255737,0.0,0.0,0.0,0.0,0.7500000596046448,0.30000001192092896
5684,9.124999806284904,0.0,2.699999988079071,0.0,0.0,5.825000450015068,0.6000000238418579
5685,1.8000001311302185,0.0,0.0,0.0,0.0,1.5000001192092896,0.30000001192092896
5686,1.4250001013278961,0.0,0.0,0.0,0.0,1.1250000894069672,0.30000001192092896
5687,1.0500000715255737,0.0,0.0,0.0,0.0,0.7500000596046448,0.30000001192092896
5688,2.424999952316284,0.0,1.0,0.0,0.0,1.1250000894069672,0.30000001192092896
5689,0.05000007152557373,0.0,-1.0,0.0,0.0,0.7500000596046448,0.30000001192092896
5690,2.049999922513962,0.0,1.0,0.0,0.0,0.7500000596046448,0.30000001192092896
5691,1.0500000715255737,0.0,0.0,0.0,0.0,0.7500000596046448,0.30000001192092896
5692,0.6750000417232513,0.0,0.0,0.0,0.0,0.3750000298023224,0.30000001192092896
5693,38.75000095739961,-1.0000001192092896,12.099999964237213,0.0,0.0,26.45000221952796,1.2000000476837158
5694,0.6750000417232513,0.0,0.0,0.0,0.0,0.3750000298023224,0.30000001192092896
5695,3.4249998927116394,0.0,2.0,0.0,0.0,1.1250000894069672,0.30000001192092896
5696,0.6750000417232513,0.0,0.0,0.0,0.0,0.3750000298023224,0.30000001192092896
5697,0.6750000417232513,0.0,0.0,0.0,0.0,0.3750000298023224,0.30000001192092896
5698,1.4250001013278961,0.0,0.0,0.0,0.0,1.1250000894069672,0.30000001192092896
5699,-0.5749999582767487,0.0,-2.0,0.0,0.0,1.1250000894069672,0.30000001192092896
5700,1.0500000715255737,0.0,0.0,0.0,0.0,0.7500000596046448,0.30000001192092896
5701,-0.32499995827674866,0.0,-1.0,0.0,0.0,0.3750000298023224,0.30000001192092896
5702,1.425000011920929,0.0,0.0,0.0,0.0,1.1250000894069672,0.30000001192092896
5703,40.74999991804361,0.0,12.0,0.0,0.0,28.4500012435019,0.30000001192092896
5704,1.0500000715255737,0.0,0.0,0.0,0.0,0.7500000596046448,0.30000001192092896
5705,0.6750000417232513,0.0,0.0,0.0,0.0,0.3750000298023224,0.30000001192092896
5706,38.52500079572201,0.0,6.699999988079071,0.0,0.0,31.225002229213715,0.6000000238418579
5707,63.500002685934305,-1.0000001192092896,9.799999952316284,0.0,0.0,53.20000233873725,1.5000000596046448
5708,1.0500000715255737,0.0,0.0,0.0,0.0,0.7500000596046448,0.30000001192092896
5709,1.425000011920929,0.0,0.0,0.0,0.0,1.1250000894069672,0.30000001192092896
5710,0.6750000417232513,0.0,0.0,0.0,0.0,0.3750000298023224,0.30000001192092896
5711,2.049999922513962,0.0,1.0,0.0,0.0,0.7500000596046448,0.30000001192092896
5712,1.6749999821186066,0.0,1.0,0.0,0.0,0.3750000298023224,0.30000001192092896
5713,3.049999862909317,0.0,2.0,0.0,0.0,0.7500000596046448,0.30000001192092896
5714,19.700000546872616,0.0,1.100000023841858,0.0,0.0,17.400000613182783,1.2000000476837158
5715,-0.5749999284744263,0.0,-2.0,0.0,0.0,1.1250000894069672,0.30000001192092896
5716,2.049999922513962,0.0,1.0,0.0,0.0,0.7500000596046448,0.30000001192092896
5717,0.6750000417232513,0.0,0.0,0.0,0.0,0.3750000298023224,0.30000001192092896
5718,0.6750000417232513,0.0,0.0,0.0,0.0,0.3750000298023224,0.30000001192092896
5719,1.0500000715255737,0.0,0.0,0.0,0.0,0.7500000596046448,0.30000001192092896
5720,1.4250001013278961,0.0,0.0,0.0,0.0,1.1250000894069672,0.30000001192092896
5721,0.6750000417232513,0.0,0.0,0.0,0.0,0.3750000298023224,0.30000001192092896
5722,1.4250001013278961,0.0,0.0,0.0,0.0,1.1250000894069672,0.30000001192092896
5723,0.4250001013278961,0.0,-1.0,0.0,0.0,1.1250000894069672,0.30000001192092896
5724,41.775001015514135,-1.0000001192092896,13.0,0.0,0.0,29.475001014769077,0.30000001192092896
5725,0.6750000417232513,0.0,0.0,0.0,0.0,0.3750000298023224,0.30000001192092896
5726,1.4250001013278961,0.0,0.0,0.0,0.0,1.1250000894069672,0.30000001192092896
5727,0.05000004172325134,0.0,-1.0,0.0,0.0,0.7500000596046448,0.30000001192092896
5728,44.700001396238804,-1.0000001192092896,10.800000011920929,0.0,0.0,33.40000172704458,1.5000000596046448
5729,0.6750000417232513,0.0,0.0,0.0,0.0,0.3750000298023224,0.30000001192092896
5730,1.4250001013278961,0.0,0.0,0.0,0.0,1.1250000894069672,0.30000001192092896
5731,1.0500000715255737,0.0,0.0,0.0,0.0,0.7500000596046448,0.30000001192092896
5732,0.6750000417232513,0.0,0.0,0.0,0.0,0.3750000298023224,0.30000001192092896
5733,1.0499999225139618,0.0,0.0,0.0,0.0,0.7500000596046448,0.30000001192092896
5734,0.6750000417232513,0.0,0.0,0.0,0.0,0.3750000298023224,0.30000001192092896
5735,1.0500000715255737,0.0,0.0,0.0,0.0,0.7500000596046448,0.30000001192092896
5736,2.4250000417232513,0.0,1.0,0.0,0.0,1.1250000894069672,0.30000001192092896
5737,0.6750000417232513,0.0,0.0,0.0,0.0,0.3750000298023224,0.30000001192092896
5738,28.00000086426735,0.0,6.199999988079071,0.0,0.0,20.900001287460327,0.9000000357627869
5739,33.825000539422035,0.0,9.699999988079071,0.0,0.0,23.525000751018524,0.6000000238418579
5740,0.6750000417232513,0.0,0.0,0.0,0.0,0.3750000298023224,0.30000001192092896
5741,2.050000011920929,0.0,1.0,0.0,0.0,0.7500000596046448,0.30000001192092896
5742,2.049999922513962,0.0,1.0,0.0,0.0,0.7500000596046448,0.30000001192092896
5743,0.6750000417232513,0.0,0.0,0.0,0.0,0.3750000298023224,0.30000001192092896
5744,1.4250001013278961,0.0,0.0,0.0,0.0,1.1250000894069672,0.30000001192092896
5745,37.30000001937151,0.0,10.0,0.0,0.0,27.00000162422657,0.30000001192092896
5746,0.6750000417232513,0.0,0.0,0.0,0.0,0.3750000298023224,0.30000001192092896
5747,2.049999922513962,0.0,1.0,0.0,0.0,0.7500000596046448,0.30000001192092896
5748,1.0500000715255737,0.0,0.0,0.0,0.0,0.7500000596046448,0.30000001192092896
5749,1.1750001311302185,0.0,-1.0,0.0,0.0,1.875000149011612,0.30000001192092896
5750,44.50000115856528,0.0,1.4999999403953552,0.0,0.0,40.90000286325812,2.1000000834465027
5751,0.05000004172325134,0.0,-1.0,0.0,0.0,0.7500000596046448,0.30000001192092896
5752,26.875000447034836,0.0,1.699999988079071,-1.5,0.0,25.47500118613243,1.2000000476837158
5753,17.850000113248825,0.0,5.699999988079071,0.0,0.0,11.550000578165054,0.6000000238418579
5754,-0.32499995827674866,0.0,-1.0,0.0,0.0,0.3750000298023224,0.30000001192092896
5755,37.0250004529953,0.0,9.0,0.0,0.0,27.725001480430365,0.30000001192092896
5756,0.6750000417232513,0.0,0.0,0.0,0.0,0.3750000298023224,0.30000001192092896
5757,36.90000144019723,-1.0000001192092896,7.699999988079071,0.0,0.0,29.600001018494368,0.6000000238418579
5758,40.67500050365925,0.0,15.699999988079071,0.0,0.0,24.37500123307109,0.6000000238418579
5759,0.6750000417232513,0.0,0.0,0.0,0.0,0.3750000298023224,0.30000001192092896
5760,0.6750000417232513,0.0,0.0,0.0,0.0,0.3750000298023224,0.30000001192092896
5761,0.6750000417232513,0.0,0.0,0.0,0.0,0.3750000298023224,0.30000001192092896
5762,1.4250001013278961,0.0,0.0,0.0,0.0,1.1250000894069672,0.30000001192092896
5763,0.42500007152557373,0.0,-1.0,0.0,0.0,1.1250000894069672,0.30000001192092896
5764,29.950000021606684,-1.0000001192092896,3.699999988079071,0.0,0.0,26.650001119822264,0.6000000238418579
5765,1.425000011920929,0.0,0.0,0.0,0.0,1.1250000894069672,0.30000001192092896
5766,2.4250000417232513,0.0,1.0,0.0,0.0,1.1250000894069672,0.30000001192092896
5767,0.6750000417232513,0.0,0.0,0.0,0.0,0.3750000298023224,0.30000001192092896
5768,0.05000004172325134,0.0,-1.0,0.0,0.0,0.7500000596046448,0.30000001192092896
5769,41.27500053867698,0.0,11.199999988079071,0.0,0.0,29.175000861287117,0.9000000357627869
5770,1.0500000715255737,0.0,0.0,0.0,0.0,0.7500000596046448,0.30000001192092896
5771,2.4250000417232513,0.0,1.0,0.0,0.0,1.1250000894069672,0.30000001192092896
5772,2.049999922513962,0.0,1.0,0.0,0.0,0.7500000596046448,0.30000001192092896
5773,0.6750000417232513,0.0,0.0,0.0,0.0,0.3750000298023224,0.30000001192092896
5774,0.6750000417232513,0.0,0.0,0.0,0.0,0.3750000298023224,0.30000001192092896
5775,2.175000160932541,0.0,0.0,0.0,0.0,1.875000149011612,0.30000001192092896
5776,2.049999922513962,0.0,1.0,0.0,0.0,0.7500000596046448,0.30000001192092896
5777,-0.32499995827674866,0.0,-1.0,0.0,0.0,0.3750000298023224,0.30000001192092896
5778,1.0500000715255737,0.0,0.0,0.0,0.0,0.7500000596046448,0.30000001192092896
5779,17.475000381469727,0.0,7.0,1.0,0.0,8.575000494718552,0.9000000357627869
5780,1.0500000715255737,0.0,0.0,0.0,0.0,0.7500000596046448,0.30000001192092896
5781,1.4250001013278961,0.0,0.0,0.0,0.0,1.1250000894069672,0.30000001192092896
5782,5.550000250339508,0.0,0.0,0.0,0.0,5.250000417232513,0.30000001192092896
5783,0.6750000417232513,0.0,0.0,0.0,0.0,0.3750000298023224,0.30000001192092896
5784,1.4250001013278961,0.0,0.0,0.0,0.0,1.1250000894069672,0.30000001192092896
5785,1.4250001013278961,0.0,0.0,0.0,0.0,1.1250000894069672,0.30000001192092896
5786,3.04999977350235,0.0,2.0,0.0,0.0,0.7500000596046448,0.30000001192092896
5787,3.7750000655651093,0.0,2.0,0.0,0.0,1.475000113248825,0.30000001192092896
5788,1.0499999225139618,0.0,0.0,0.0,0.0,0.7500000596046448,0.30000001192092896
5789,1.4250001013278961,0.0,0.0,0.0,0.0,1.1250000894069672,0.30000001192092896
5790,1.4250001013278961,0.0,0.0,0.0,0.0,1.1250000894069672,0.30000001192092896
5791,1.0500000715255737,0.0,0.0,0.0,0.0,0.7500000596046448,0.30000001192092896
5792,1.0500000715255737,0.0,0.0,0.0,0.0,0.7500000596046448,0.30000001192092896
5793,1.4249999225139618,0.0,0.0,0.0,0.0,1.1250000894069672,0.30000001192092896
5794,1.4250001013278961,0.0,0.0,0.0,0.0,1.1250000894069672,0.30000001192092896
5795,30.850000396370888,-1.0000001192092896,5.5,-1.0,0.0,26.750000532716513,0.6000000238418579
5796,1.0500000715255737,0.0,0.0,0.0,0.0,0.7500000596046448,0.30000001192092896
5797,1.8000001311302185,0.0,0.0,0.0,0.0,1.5000001192092896,0.30000001192092896
5798,1.0500000715255737,0.0,0.0,0.0,0.0,0.7500000596046448,0.30000001192092896
5799,75.44999971613288,-1.0000001192092896,14.099999964237213,0.0,0.0,60.85000164434314,1.5000000596046448
5800,1.4250001013278961,0.0,0.0,0.0,0.0,1.1250000894069672,0.30000001192092896
5801,19.850000087171793,-1.0000001192092896,3.699999988079071,0.0,0.0,16.550000328570604,0.6000000238418579
5802,1.0500000715255737,0.0,0.0,0.0,0.0,0.7500000596046448,0.30000001192092896
5803,9.175000011920929,0.0,-0.9000000357627869,0.0,0.0,8.575000315904617,1.5000000596046448
5804,6.074999857693911,0.0,0.3999999761581421,0.0,0.0,4.775000173598528,0.9000000357627869
5805,0.6750000417232513,0.0,0.0,0.0,0.0,0.3750000298023224,0.30000001192092896
5806,0.6750000417232513,0.0,0.0,0.0,0.0,0.3750000298023224,0.30000001192092896
5807,46.45000045001507,0.0,18.5,0.0,0.0,27.350000448524952,0.6000000238418579
5808,1.0500000715255737,0.0,0.0,0.0,0.0,0.7500000596046448,0.30000001192092896
5809,0.6750000417232513,0.0,0.0,0.0,0.0,0.3750000298023224,0.30000001192092896
5810,1.1750001311302185,0.0,-1.0,0.0,0.0,1.875000149011612,0.30000001192092896
5811,1.6749999821186066,0.0,1.0,0.0,0.0,0.3750000298023224,0.30000001192092896
5812,17.000000566244125,0.0,2.699999988079071,0.0,0.0,13.40000069141388,0.9000000357627869
5813,0.05000004172325134,0.0,-1.0,0.0,0.0,0.7500000596046448,0.30000001192092896
5814,-0.5749999582767487,0.0,-2.0,0.0,0.0,1.1250000894069672,0.30000001192092896
5815,56.72500118613243,-1.0000001192092896,11.799999952316284,-1.5,0.0,45.02500315383077,2.4000000953674316
5816,52.025001145899296,0.0,14.0,0.0,0.0,37.72500282898545,0.30000001192092896
5817,0.42500007152557373,0.0,-1.0,0.0,0.0,1.1250000894069672,0.30000001192092896
5818,1.6749999821186066,0.0,1.0,0.0,0.0,0.3750000298023224,0.30000001192092896
5819,0.42500007152557373,0.0,-1.0,0.0,0.0,1.1250000894069672,0.30000001192092896
5820,1.4250001013278961,0.0,0.0,0.0,0.0,1.1250000894069672,0.30000001192092896
5821,1.4250001013278961,0.0,0.0,0.0,0.0,1.1250000894069672,0.30000001192092896
5822,1.4250001013278961,0.0,0.0,0.0,0.0,1.1250000894069672,0.30000001192092896
5823,0.6750000417232513,0.0,0.0,0.0,0.0,0.3750000298023224,0.30000001192092896
5824,0.6750000417232513,0.0,0.0,0.0,0.0,0.3750000298023224,0.30000001192092896
5825,1.0500000715255737,0.0,0.0,0.0,0.0,0.7500000596046448,0.30000001192092896
5826,1.0500000715255737,0.0,0.0,0.0,0.0,0.7500000596046448,0.30000001192092896
5827,0.6750000417232513,0.0,0.0,0.0,0.0,0.3750000298023224,0.30000001192092896
5828,-0.5749999582767487,0.0,-2.0,0.0,0.0,1.1250000894069672,0.30000001192092896
5829,1.0500000715255737,0.0,0.0,0.0,0.0,0.7500000596046448,0.30000001192092896
5830,1.8000001311302185,0.0,0.0,0.0,0.0,1.5000001192092896,0.30000001192092896
5831,26.99999937042594,0.0,8.0,0.0,0.0,18.700001034885645,0.30000001192092896
5832,0.6750000417232513,0.0,0.0,0.0,0.0,0.3750000298023224,0.30000001192092896
5833,25.875000093132257,-1.0000001192092896,3.0,0.0,0.0,23.5750004760921,0.30000001192092896
5834,0.6750000417232513,0.0,0.0,0.0,0.0,0.3750000298023224,0.30000001192092896
5835,25.200000800192356,0.0,4.699999988079071,0.0,0.0,19.900001615285873,0.6000000238418579
5836,52.6000024266541,0.0,15.499999940395355,0.0,0.0,35.30000074952841,1.8000000715255737
5837,31.42500050738454,0.0,8.0,0.0,0.0,23.125000413507223,0.30000001192092896
5838,2.050000011920929,0.0,1.0,0.0,0.0,0.7500000596046448,0.30000001192092896
5839,0.6750000417232513,0.0,0.0,0.0,0.0,0.3750000298023224,0.30000001192092896
5840,26.675000824034214,0.0,3.0,0.0,0.0,23.375001426786184,0.30000001192092896
5841,0.6750000417232513,0.0,0.0,0.0,0.0,0.3750000298023224,0.30000001192092896
5842,0.6750000417232513,0.0,0.0,0.0,0.0,0.3750000298023224,0.30000001192092896
5843,0.05000007152557373,0.0,-1.0,0.0,0.0,0.7500000596046448,0.30000001192092896
5844,0.05000007152557373,0.0,-1.0,0.0,0.0,0.7500000596046448,0.30000001192092896
5845,2.8000000715255737,0.0,1.0,0.0,0.0,1.5000001192092896,0.30000001192092896
5846,0.05000004172325134,0.0,-1.0,0.0,0.0,0.7500000596046448,0.30000001192092896
5847,2.7999999821186066,0.0,1.0,0.0,0.0,1.5000001192092896,0.30000001192092896
5848,0.05000004172325134,0.0,-1.0,0.0,0.0,0.7500000596046448,0.30000001192092896
5849,0.6750000417232513,0.0,0.0,0.0,0.0,0.3750000298023224,0.30000001192092896
5850,0.6750000417232513,0.0,0.0,0.0,0.0,0.3750000298023224,0.30000001192092896
5851,2.424999952316284,0.0,1.0,0.0,0.0,1.1250000894069672,0.30000001192092896
5852,-0.32499995827674866,0.0,-1.0,0.0,0.0,0.3750000298023224,0.30000001192092896
5853,0.7999999523162842,0.0,-1.0,0.0,0.0,1.5000001192092896,0.30000001192092896
5854,26.0500009059906,0.0,2.699999988079071,0.0,0.0,22.750001437962055,0.6000000238418579
5855,14.57500034570694,0.0,3.399999976158142,0.0,0.0,10.275000840425491,0.9000000357627869
5856,2.4250000417232513,0.0,1.0,0.0,0.0,1.1250000894069672,0.30000001192092896
5857,25.20000021532178,0.0,2.399999976158142,0.0,0.0,21.90000032261014,0.9000000357627869
5858,0.6750000417232513,0.0,0.0,0.0,0.0,0.3750000298023224,0.30000001192092896
5859,0.6750000417232513,0.0,0.0,0.0,0.0,0.3750000298023224,0.30000001192092896
5860,1.0500000715255737,0.0,0.0,0.0,0.0,0.7500000596046448,0.30000001192092896
5861,22.0999998152256,-1.0000001192092896,8.0,0.0,0.0,14.800000824034214,0.30000001192092896
5862,1.4250001013278961,0.0,0.0,0.0,0.0,1.1250000894069672,0.30000001192092896
5863,21.250000521540642,0.0,-0.30000001192092896,0.0,0.0,20.950000625103712,0.6000000238418579
5864,25.92500065267086,0.0,3.699999988079071,0.0,0.0,21.625001702457666,0.6000000238418579
5865,2.050000011920929,0.0,1.0,0.0,0.0,0.7500000596046448,0.30000001192092896
5866,30.575000882148743,-1.0000001192092896,2.0,0.0,0.0,29.275001272559166,0.30000001192092896
5867,2.175000160932541,0.0,0.0,0.0,0.0,1.875000149011612,0.30000001192092896
5868,-0.32499995827674866,0.0,-1.0,0.0,0.0,0.3750000298023224,0.30000001192092896
5869,1.4250001013278961,0.0,0.0,0.0,0.0,1.1250000894069672,0.30000001192092896
5870,18.125000823289156,-1.0000001192092896,3.0,0.0,0.0,15.825001038610935,0.30000001192092896
5871,2.4250000417232513,0.0,1.0,0.0,0.0,1.1250000894069672,0.30000001192092896
5872,18.925000548362732,0.0,3.0,0.0,0.0,15.625000834465027,0.30000001192092896
5873,1.0500000715255737,0.0,0.0,0.0,0.0,0.7500000596046448,0.30000001192092896
5874,2.1749999821186066,0.0,0.0,0.0,0.0,1.875000149011612,0.30000001192092896
5875,1.0500000715255737,0.0,0.0,0.0,0.0,0.7500000596046448,0.30000001192092896
5876,0.6750000417232513,0.0,0.0,0.0,0.0,0.3750000298023224,0.30000001192092896
5877,2.049999922513962,0.0,1.0,0.0,0.0,0.7500000596046448,0.30000001192092896
5878,3.225000023841858,0.0,1.0,0.0,0.0,1.925000160932541,0.30000001192092896
5879,1.4250001013278961,0.0,0.0,0.0,0.0,1.1250000894069672,0.30000001192092896
5880,26.000000320374966,0.0,0.0,0.0,0.0,25.700000159442425,0.30000001192092896
5881,2.7999999821186066,0.0,1.0,0.0,0.0,1.5000001192092896,0.30000001192092896
5882,0.6750000417232513,0.0,0.0,0.0,0.0,0.3750000298023224,0.30000001192092896
5883,0.6750000417232513,0.0,0.0,0.0,0.0,0.3750000298023224,0.30000001192092896
5884,48.650001257658005,0.0,14.199999988079071,0.0,0.0,33.55000162124634,0.9000000357627869
5885,33.07500096037984,0.0,9.0,0.0,0.0,23.775001473724842,0.30000001192092896
5886,1.4250001013278961,0.0,0.0,0.0,0.0,1.1250000894069672,0.30000001192092896
5887,53.05000123381615,-1.0000001192092896,20.400000035762787,0.0,0.0,32.750001814216375,0.9000000357627869
5888,0.6750000417232513,0.0,0.0,0.0,0.0,0.3750000298023224,0.30000001192092896
5889,11.425000876188278,0.0,-0.6000000238418579,0.0,0.0,11.125000983476639,0.9000000357627869
5890,-0.32499995827674866,0.0,-1.0,0.0,0.0,0.3750000298023224,0.30000001192092896
5891,1.0500000715255737,0.0,0.0,0.0,0.0,0.7500000596046448,0.30000001192092896
5892,48.55000077933073,-1.0000001192092896,14.099999964237213,0.0,0.0,34.250001944601536,1.2000000476837158
5893,2.8000000715255737,0.0,1.0,0.0,0.0,1.5000001192092896,0.30000001192092896
5894,0.6750000417232513,0.0,0.0,0.0,0.0,0.3750000298023224,0.30000001192092896
5895,0.6750000417232513,0.0,0.0,0.0,0.0,0.3750000298023224,0.30000001192092896
5896,0.42500007152557373,0.0,-1.0,0.0,0.0,1.1250000894069672,0.30000001192092896
5897,25.274999737739563,-1.0000001192092896,6.399999976158142,0.0,0.0,18.974999990314245,0.9000000357627869
5898,0.42500007152557373,0.0,-1.0,0.0,0.0,1.1250000894069672,0.30000001192092896
5899,1.4250001013278961,0.0,0.0,0.0,0.0,1.1250000894069672,0.30000001192092896
5900,3.4249998927116394,0.0,2.0,0.0,0.0,1.1250000894069672,0.30000001192092896
5901,19.675000056624413,0.0,2.0,0.0,0.0,17.37500135228038,0.30000001192092896
5902,0.05000007152557373,0.0,-1.0,0.0,0.0,0.7500000596046448,0.30000001192092896
5903,0.6750000417232513,0.0,0.0,0.0,0.0,0.3750000298023224,0.30000001192092896
5904,31.60000003501773,0.0,9.0,0.0,0.0,22.300000589340925,0.30000001192092896
5905,-0.5749999582767487,0.0,-2.0,0.0,0.0,1.1250000894069672,0.30000001192092896
5906,1.4250001013278961,0.0,0.0,0.0,0.0,1.1250000894069672,0.30000001192092896
5907,26.774999763816595,-1.0000001192092896,2.0,0.0,0.0,24.874999824911356,0.9000000357627869
5908,1.4250001013278961,0.0,0.0,0.0,0.0,1.1250000894069672,0.30000001192092896
5909,0.8000001013278961,0.0,-1.0,0.0,0.0,1.5000001192092896,0.30000001192092896
5910,20.000000301748514,0.0,0.699999988079071,0.0,0.0,18.700000416487455,0.6000000238418579
5911,1.4250001013278961,0.0,0.0,0.0,0.0,1.1250000894069672,0.30000001192092896
5912,-0.32499995827674866,0.0,-1.0,0.0,0.0,0.3750000298023224,0.30000001192092896
5913,1.0500000715255737,0.0,0.0,0.0,0.0,0.7500000596046448,0.30000001192092896
5914,1.4250001013278961,0.0,0.0,0.0,0.0,1.1250000894069672,0.30000001192092896
5915,1.0500000715255737,0.0,0.0,0.0,0.0,0.7500000596046448,0.30000001192092896
5916,0.6750000417232513,0.0,0.0,0.0,0.0,0.3750000298023224,0.30000001192092896
5917,2.4250000417232513,0.0,1.0,0.0,0.0,1.1250000894069672,0.30000001192092896
5918,1.4250001013278961,0.0,0.0,0.0,0.0,1.1250000894069672,0.30000001192092896
5919,17.425000563263893,-1.0000001192092896,0.699999988079071,0.0,0.0,17.125000808387995,0.6000000238418579
5920,0.6750000417232513,0.0,0.0,0.0,0.0,0.3750000298023224,0.30000001192092896
5921,1.4250001013278961,0.0,0.0,0.0,0.0,1.1250000894069672,0.30000001192092896
5922,1.0500000715255737,0.0,0.0,0.0,0.0,0.7500000596046448,0.30000001192092896
5923,39.05000112950802,0.0,12.399999976158142,0.0,0.0,25.750000957399607,0.9000000357627869
5924,53.199999801814556,0.0,17.399999976158142,-6.0,0.0,40.30000165849924,1.5000000596046448
5925,0.6750000417232513,0.0,0.0,0.0,0.0,0.3750000298023224,0.30000001192092896
5926,0.6750000417232513,0.0,0.0,0.0,0.0,0.3750000298023224,0.30000001192092896
5927,9.35000079870224,1.0000001192092896,-0.5,-4.0,1.0,11.250000804662704,0.6000000238418579
5928,1.0499999821186066,0.0,0.0,0.0,0.0,0.7500000596046448,0.30000001192092896
5929,58.02500036731362,0.0,19.200000047683716,-1.5,0.0,39.425001073628664,0.9000000357627869
5930,0.6750000417232513,0.0,0.0,0.0,0.0,0.3750000298023224,0.30000001192092896
5931,1.4250001013278961,0.0,0.0,0.0,0.0,1.1250000894069672,0.30000001192092896
5932,2.050000011920929,0.0,1.0,0.0,0.0,0.7500000596046448,0.30000001192092896
5933,1.0500000715255737,0.0,0.0,0.0,0.0,0.7500000596046448,0.30000001192092896
5934,1.0500000715255737,0.0,0.0,0.0,0.0,0.7500000596046448,0.30000001192092896
5935,1.0500000715255737,0.0,0.0,0.0,0.0,0.7500000596046448,0.30000001192092896
5936,2.424999952316284,0.0,1.0,0.0,0.0,1.1250000894069672,0.30000001192092896
5937,0.05000004172325134,0.0,-1.0,0.0,0.0,0.7500000596046448,0.30000001192092896
5938,1.4250001013278961,0.0,0.0,0.0,0.0,1.1250000894069672,0.30000001192092896
5939,0.6750000417232513,0.0,0.0,0.0,0.0,0.3750000298023224,0.30000001192092896
5940,27.17500075697899,0.0,7.099999964237213,0.0,0.0,18.87500051036477,1.2000000476837158
5941,1.0500000715255737,0.0,0.0,0.0,0.0,0.7500000596046448,0.30000001192092896
5942,0.6750000417232513,0.0,0.0,0.0,0.0,0.3750000298023224,0.30000001192092896
5943,1.0500000715255737,0.0,0.0,0.0,0.0,0.7500000596046448,0.30000001192092896
5944,-0.32499995827674866,0.0,-1.0,0.0,0.0,0.3750000298023224,0.30000001192092896
5945,16.42500013113022,0.0,5.699999988079071,0.0,0.0,10.125000655651093,0.6000000238418579
5946,24.974999710917473,0.0,9.0,0.0,0.0,15.675000868737698,0.30000001192092896
5947,17.000000420957804,-1.0000001192092896,-0.30000001192092896,0.0,0.0,17.700000397861004,0.6000000238418579
5948,0.6750000417232513,0.0,0.0,0.0,0.0,0.3750000298023224,0.30000001192092896
5949,46.350001499056816,0.0,10.499999940395355,0.0,0.0,33.45000160485506,2.4000000953674316
5950,1.0500000715255737,0.0,0.0,0.0,0.0,0.7500000596046448,0.30000001192092896
5951,-0.32499995827674866,0.0,-1.0,0.0,0.0,0.3750000298023224,0.30000001192092896
5952,2.050000011920929,0.0,1.0,0.0,0.0,0.7500000596046448,0.30000001192092896
5953,0.6750000417232513,0.0,0.0,0.0,0.0,0.3750000298023224,0.30000001192092896
5954,10.525000095367432,0.0,3.0,0.0,0.0,7.225000441074371,0.30000001192092896
5955,1.0500000715255737,0.0,0.0,0.0,0.0,0.7500000596046448,0.30000001192092896
5956,1.0500000715255737,0.0,0.0,0.0,0.0,0.7500000596046448,0.30000001192092896
5957,2.049999922513962,0.0,1.0,0.0,0.0,0.7500000596046448,0.30000001192092896
5958,0.8000001311302185,0.0,-1.0,0.0,0.0,1.5000001192092896,0.30000001192092896
5959,33.775001510977745,-1.0000001192092896,-1.0,0.0,0.0,35.47500263899565,0.30000001192092896
5960,0.6750000417232513,0.0,0.0,0.0,0.0,0.3750000298023224,0.30000001192092896
5961,0.6750000417232513,0.0,0.0,0.0,0.0,0.3750000298023224,0.30000001192092896
5962,20.75000074878335,0.0,3.0,0.0,0.0,17.45000135153532,0.30000001192092896
5963,1.0500000715255737,0.0,0.0,0.0,0.0,0.7500000596046448,0.30000001192092896
5964,0.6750000417232513,0.0,0.0,0.0,0.0,0.3750000298023224,0.30000001192092896
5965,2.4250000417232513,0.0,1.0,0.0,0.0,1.1250000894069672,0.30000001192092896
5966,0.8000001013278961,0.0,-1.0,0.0,0.0,1.5000001192092896,0.30000001192092896
5967,0.05000007152557373,0.0,-1.0,0.0,0.0,0.7500000596046448,0.30000001192092896
5968,0.05000004172325134,0.0,-1.0,0.0,0.0,0.7500000596046448,0.30000001192092896
5969,0.6750000417232513,0.0,0.0,0.0,0.0,0.3750000298023224,0.30000001192092896
5970,23.550000127404928,-1.0000001192092896,6.0,0.0,0.0,18.25000088661909,0.30000001192092896
5971,0.6750000417232513,0.0,0.0,0.0,0.0,0.3750000298023224,0.30000001192092896
5972,1.0500000715255737,0.0,0.0,0.0,0.0,0.7500000596046448,0.30000001192092896
5973,30.150000147521496,-1.0000001192092896,4.699999988079071,0.0,0.0,25.55000051856041,0.9000000357627869
5974,19.94999995827675,0.0,5.399999976158142,0.0,0.0,13.650000631809235,0.9000000357627869
5975,0.6750000417232513,0.0,0.0,0.0,0.0,0.3750000298023224,0.30000001192092896
5976,0.6750000417232513,0.0,0.0,0.0,0.0,0.3750000298023224,0.30000001192092896
5977,0.6750000417232513,0.0,0.0,0.0,0.0,0.3750000298023224,0.30000001192092896
5978,0.6750000417232513,0.0,0.0,0.0,0.0,0.3750000298023224,0.30000001192092896
5979,0.6750000417232513,0.0,0.0,0.0,0.0,0.3750000298023224,0.30000001192092896
5980,0.6750000417232513,0.0,0.0,0.0,0.0,0.3750000298023224,0.30000001192092896
5981,0.6750000417232513,0.0,0.0,0.0,0.0,0.3750000298023224,0.30000001192092896
5982,0.6750000417232513,0.0,0.0,0.0,0.0,0.3750000298023224,0.30000001192092896
5983,1.4250001013278961,0.0,0.0,0.0,0.0,1.1250000894069672,0.30000001192092896
5984,-0.9499999582767487,0.0,-2.0,0.0,0.0,0.7500000596046448,0.30000001192092896
5985,0.6750000417232513,0.0,0.0,0.0,0.0,0.3750000298023224,0.30000001192092896
5986,0.42500007152557373,0.0,-1.0,0.0,0.0,1.1250000894069672,0.30000001192092896
5987,2.7999999821186066,0.0,1.0,0.0,0.0,1.5000001192092896,0.30000001192092896
5988,1.4250001013278961,0.0,0.0,0.0,0.0,1.1250000894069672,0.30000001192092896
5989,0.6750000417232513,0.0,0.0,0.0,0.0,0.3750000298023224,0.30000001192092896
5990,0.6750000417232513,0.0,0.0,0.0,0.0,0.3750000298023224,0.30000001192092896
5991,0.6750000417232513,0.0,0.0,0.0,0.0,0.3750000298023224,0.30000001192092896
5992,31.12500061839819,-1.0000001192092896,9.5,-3.0,0.0,25.025001283735037,0.6000000238418579
5993,38.174999970942736,0.0,13.0,0.0,0.0,24.87500173971057,0.30000001192092896
5994,27.500000976026058,0.0,2.699999988079071,0.0,0.0,24.200001377612352,0.6000000238418579
5995,16.350000131875277,0.0,0.3999999761581421,0.0,0.0,15.050000347197056,0.9000000357627869
5996,17.699999921023846,0.0,2.700000047683716,0.0,0.0,14.399999648332596,0.6000000238418579
5997,0.6750000417232513,0.0,0.0,0.0,0.0,0.3750000298023224,0.30000001192092896
5998,63.450001273304224,-1.0000001192092896,28.399999976158142,0.5,0.0,32.85000145435333,2.7000001072883606
5999,22.72500066459179,0.0,1.199999988079071,0.0,0.0,20.325000792741776,1.2000000476837158
6000,0.6750000417232513,0.0,0.0,0.0,0.0,0.3750000298023224,0.30000001192092896
6001,2.049999922513962,0.0,1.0,0.0,0.0,0.7500000596046448,0.30000001192092896
6002,1.0500000715255737,0.0,0.0,0.0,0.0,0.7500000596046448,0.30000001192092896
6003,0.05000004172325134,0.0,-1.0,0.0,0.0,0.7500000596046448,0.30000001192092896
6004,0.6750000417232513,0.0,0.0,0.0,0.0,0.3750000298023224,0.30000001192092896
6005,0.05000007152557373,0.0,-1.0,0.0,0.0,0.7500000596046448,0.30000001192092896
6006,0.6750000417232513,0.0,0.0,0.0,0.0,0.3750000298023224,0.30000001192092896
6007,2.424999952316284,0.0,1.0,0.0,0.0,1.1250000894069672,0.30000001192092896
6008,1.4249999523162842,0.0,0.0,0.0,0.0,1.1250000894069672,0.30000001192092896
6009,3.950000077486038,0.0,-1.0,-4.5,0.0,8.550000220537186,0.9000000357627869
6010,22.125000055879354,-1.0000001192092896,6.5,-1.5,0.0,17.52500105276704,0.6000000238418579
6011,1.4250001013278961,0.0,0.0,0.0,0.0,1.1250000894069672,0.30000001192092896
6012,1.0500000715255737,0.0,0.0,0.0,0.0,0.7500000596046448,0.30000001192092896
6013,0.6750000417232513,0.0,0.0,0.0,0.0,0.3750000298023224,0.30000001192092896
6014,2.050000011920929,0.0,1.0,0.0,0.0,0.7500000596046448,0.30000001192092896
6015,43.30000151693821,0.0,9.199999988079071,0.0,0.0,32.90000234171748,1.2000000476837158
6016,0.6750000417232513,0.0,0.0,0.0,0.0,0.3750000298023224,0.30000001192092896
6017,0.42500007152557373,0.0,-1.0,0.0,0.0,1.1250000894069672,0.30000001192092896
6018,35.424999836832285,-1.0000001192092896,14.599999964237213,-3.0,0.0,23.325000379234552,1.5000000596046448
6019,60.25000162050128,0.0,2.299999952316284,-1.5,0.0,56.7500016130507,2.7000001072883606
6020,7.400000065565109,0.0,1.399999976158142,0.0,0.0,5.100000202655792,0.9000000357627869
6021,14.049999803304672,0.0,3.399999976158142,0.0,0.0,9.750000774860382,0.9000000357627869
6022,0.6750000417232513,0.0,0.0,0.0,0.0,0.3750000298023224,0.30000001192092896
6023,28.25000037252903,-1.0000001192092896,7.400000035762787,0.0,0.0,20.950000818818808,0.9000000357627869
6024,7.200000375509262,0.0,1.0,0.0,0.0,5.900000512599945,0.30000001192092896
6025,0.6750000417232513,0.0,0.0,0.0,0.0,0.3750000298023224,0.30000001192092896
6026,1.0500000715255737,0.0,0.0,0.0,0.0,0.7500000596046448,0.30000001192092896
6027,2.049999922513962,0.0,1.0,0.0,0.0,0.7500000596046448,0.30000001192092896
6028,1.4250001013278961,0.0,0.0,0.0,0.0,1.1250000894069672,0.30000001192092896
6029,99.67499936744571,0.0,39.999999940395355,0.0,0.0,56.97500013932586,2.7000001072883606
6030,34.12500025331974,-1.0000001192092896,6.399999976158142,0.0,0.0,27.524999890476465,1.2000000476837158
6031,0.6750000417232513,0.0,0.0,0.0,0.0,0.3750000298023224,0.30000001192092896
6032,1.4250001013278961,0.0,0.0,0.0,0.0,1.1250000894069672,0.30000001192092896
6033,19.125,0.0,0.5,0.5,0.0,16.62500062584877,1.5000000596046448
6034,29.77500144392252,0.0,2.5,-1.5,0.0,27.575002040714025,1.2000000476837158
6035,0.05000007152557373,0.0,-1.0,0.0,0.0,0.7500000596046448,0.30000001192092896
6036,30.5749997459352,-1.0000001192092896,8.699999988079071,0.0,0.0,22.275000624358654,0.6000000238418579
6037,43.65000046044588,0.0,8.899999976158142,-3.0,0.0,35.9500012435019,1.8000000715255737
6038,2.4250000417232513,0.0,1.0,0.0,0.0,1.1250000894069672,0.30000001192092896
6039,26.82500024139881,-1.0000001192092896,9.5,-1.5,0.0,19.22500066459179,0.6000000238418579
6040,13.300000756978989,0.0,-0.30000001192092896,0.0,0.0,13.000000655651093,0.6000000238418579
6041,0.42500007152557373,0.0,-1.0,0.0,0.0,1.1250000894069672,0.30000001192092896
6042,19.074999898672104,0.0,3.5,-1.5,0.0,16.47500056028366,0.6000000238418579
6043,27.27499993517995,-1.0000001192092896,11.0,0.0,0.0,16.97500054910779,0.30000001192092896
6044,1.6749999821186066,0.0,1.0,0.0,0.0,0.3750000298023224,0.30000001192092896
6045,2.4250000417232513,0.0,1.0,0.0,0.0,1.1250000894069672,0.30000001192092896
6046,0.6750000417232513,0.0,0.0,0.0,0.0,0.3750000298023224,0.30000001192092896
6047,3.04999977350235,0.0,2.0,0.0,0.0,0.7500000596046448,0.30000001192092896
6048,28.149999488145113,0.0,3.699999988079071,-1.5,0.0,24.74999999627471,1.2000000476837158
6049,2.049999922513962,0.0,1.0,0.0,0.0,0.7500000596046448,0.30000001192092896
6050,24.52500059083104,0.0,5.0,0.0,0.0,19.225000225007534,0.30000001192092896
6051,1.4250001013278961,0.0,0.0,0.0,0.0,1.1250000894069672,0.30000001192092896
6052,1.6749999821186066,0.0,1.0,0.0,0.0,0.3750000298023224,0.30000001192092896
6053,1.6749999821186066,0.0,1.0,0.0,0.0,0.3750000298023224,0.30000001192092896
6054,1.0500000715255737,0.0,0.0,0.0,0.0,0.7500000596046448,0.30000001192092896
6055,2.049999922513962,0.0,1.0,0.0,0.0,0.7500000596046448,0.30000001192092896
6056,1.4250001013278961,0.0,0.0,0.0,0.0,1.1250000894069672,0.30000001192092896
6057,3.049999862909317,0.0,2.0,0.0,0.0,0.7500000596046448,0.30000001192092896
6058,0.6750000417232513,0.0,0.0,0.0,0.0,0.3750000298023224,0.30000001192092896
6059,1.4250001013278961,0.0,0.0,0.0,0.0,1.1250000894069672,0.30000001192092896
6060,0.6750000417232513,0.0,0.0,0.0,0.0,0.3750000298023224,0.30000001192092896
6061,0.6750000417232513,0.0,0.0,0.0,0.0,0.3750000298023224,0.30000001192092896
6062,1.4250001013278961,0.0,0.0,0.0,0.0,1.1250000894069672,0.30000001192092896
6063,1.0500000715255737,0.0,0.0,0.0,0.0,0.7500000596046448,0.30000001192092896
6064,25.975001335144043,-1.0000001192092896,5.0,0.0,0.0,21.675000835210085,0.30000001192092896
6065,1.0500000715255737,0.0,0.0,0.0,0.0,0.7500000596046448,0.30000001192092896
6066,16.85000078752637,0.0,4.699999988079071,0.0,0.0,11.55000101402402,0.6000000238418579
6067,0.6750000417232513,0.0,0.0,0.0,0.0,0.3750000298023224,0.30000001192092896
6068,33.42500030994415,-1.0000001192092896,9.0,0.0,0.0,25.12500087916851,0.30000001192092896
6069,0.6750000417232513,0.0,0.0,0.0,0.0,0.3750000298023224,0.30000001192092896
6070,24.200000133365393,-1.0000001192092896,8.0,0.0,0.0,16.900000385940075,0.30000001192092896
6071,1.0500000715255737,0.0,0.0,0.0,0.0,0.7500000596046448,0.30000001192092896
6072,11.450000405311584,0.0,2.5,-1.5,0.0,9.250000655651093,1.2000000476837158
6073,0.6750000417232513,0.0,0.0,0.0,0.0,0.3750000298023224,0.30000001192092896
6074,1.7999999523162842,0.0,0.0,0.0,0.0,1.5000001192092896,0.30000001192092896
6075,8.67500028014183,0.0,-0.5,2.0,0.0,6.5750002562999725,0.6000000238418579
6076,2.050000011920929,0.0,1.0,0.0,0.0,0.7500000596046448,0.30000001192092896
6077,1.4250001013278961,0.0,0.0,0.0,0.0,1.1250000894069672,0.30000001192092896
6078,1.4250001013278961,0.0,0.0,0.0,0.0,1.1250000894069672,0.30000001192092896
6079,0.6750000417232513,0.0,0.0,0.0,0.0,0.3750000298023224,0.30000001192092896
6080,38.2250011973083,-1.0000001192092896,9.399999976158142,0.0,0.0,28.92500201612711,0.9000000357627869
6081,19.85000053420663,-1.0000001192092896,1.699999988079071,0.0,0.0,18.550001364201307,0.6000000238418579
6082,0.6750000417232513,0.0,0.0,0.0,0.0,0.3750000298023224,0.30000001192092896
6083,29.450000748038292,-1.0000001192092896,7.0,0.0,0.0,23.150001268833876,0.30000001192092896
6084,10.675000339746475,0.0,1.0,-4.5,0.0,12.975000709295273,1.2000000476837158
6085,1.0500000715255737,0.0,0.0,0.0,0.0,0.7500000596046448,0.30000001192092896
6086,0.6750000417232513,0.0,0.0,0.0,0.0,0.3750000298023224,0.30000001192092896
6087,2.050000011920929,0.0,1.0,0.0,0.0,0.7500000596046448,0.30000001192092896
6088,0.6749998927116394,0.0,0.0,0.0,0.0,0.3750000298023224,0.30000001192092896
6089,1.0500000715255737,0.0,0.0,0.0,0.0,0.7500000596046448,0.30000001192092896
6090,35.30000154674053,0.0,4.0,0.0,0.0,31.00000213831663,0.30000001192092896
6091,0.05000004172325134,0.0,-1.0,0.0,0.0,0.7500000596046448,0.30000001192092896
6092,2.050000011920929,0.0,1.0,0.0,0.0,0.7500000596046448,0.30000001192092896
6093,3.7999998331069946,0.0,2.0,0.0,0.0,1.5000001192092896,0.30000001192092896
6094,0.42500007152557373,0.0,-1.0,0.0,0.0,1.1250000894069672,0.30000001192092896
6095,1.0500000715255737,0.0,0.0,0.0,0.0,0.7500000596046448,0.30000001192092896
6096,0.6750000417232513,0.0,0.0,0.0,0.0,0.3750000298023224,0.30000001192092896
6097,0.6750000417232513,0.0,0.0,0.0,0.0,0.3750000298023224,0.30000001192092896
6098,1.0500000715255737,0.0,0.0,0.0,0.0,0.7500000596046448,0.30000001192092896
6099,3.4249998927116394,0.0,2.0,0.0,0.0,1.1250000894069672,0.30000001192092896
6100,0.6750000417232513,0.0,0.0,0.0,0.0,0.3750000298023224,0.30000001192092896
6101,34.749998684972525,0.0,16.399999976158142,0.0,0.0,17.450000498443842,0.9000000357627869
6102,13.574999988079071,0.0,2.699999988079071,0.0,0.0,10.275000721216202,0.6000000238418579
6103,1.4250001013278961,0.0,0.0,0.0,0.0,1.1250000894069672,0.30000001192092896
6104,0.6750000417232513,0.0,0.0,0.0,0.0,0.3750000298023224,0.30000001192092896
6105,7.999999970197678,0.0,2.699999988079071,0.0,0.0,4.70000034570694,0.6000000238418579
6106,0.05000004172325134,0.0,-1.0,0.0,0.0,0.7500000596046448,0.30000001192092896
6107,0.6750000417232513,0.0,0.0,0.0,0.0,0.3750000298023224,0.30000001192092896
6108,0.6750000417232513,0.0,0.0,0.0,0.0,0.3750000298023224,0.30000001192092896
6109,20.34999991953373,-1.0000001192092896,5.399999976158142,0.0,0.0,15.05000077933073,0.9000000357627869
6110,49.45000144839287,0.0,15.199999988079071,2.0,0.0,30.75000038743019,1.5000000596046448
6111,20.55000115558505,0.0,1.7000000476837158,0.0,0.0,18.250001531094313,0.6000000238418579
6112,1.0500000715255737,0.0,0.0,0.0,0.0,0.7500000596046448,0.30000001192092896
6113,20.85000029206276,0.0,4.0,0.0,0.0,16.550001114606857,0.30000001192092896
6114,25.325000684708357,0.0,6.0,0.0,0.0,19.025000352412462,0.30000001192092896
6115,15.200000286102295,0.0,0.0,-1.5,0.0,15.800000369548798,0.9000000357627869
6116,0.6750000417232513,0.0,0.0,0.0,0.0,0.3750000298023224,0.30000001192092896
6117,2.424999952316284,0.0,1.0,0.0,0.0,1.1250000894069672,0.30000001192092896
6118,1.6749999821186066,0.0,1.0,0.0,0.0,0.3750000298023224,0.30000001192092896
6119,17.400000158697367,-1.0000001192092896,7.0,0.0,0.0,11.100000344216824,0.30000001192092896
6120,48.200000394135714,-1.0000001192092896,13.499999940395355,0.0,0.0,33.900000400841236,1.8000000715255737
6121,28.475001212209463,0.0,5.099999964237213,0.0,0.0,22.17500151693821,1.2000000476837158
6122,41.25000001117587,0.0,11.399999976158142,0.0,0.0,28.95000111684203,0.9000000357627869
6123,0.6750000417232513,0.0,0.0,0.0,0.0,0.3750000298023224,0.30000001192092896
6124,0.8000001013278961,0.0,-1.0,0.0,0.0,1.5000001192092896,0.30000001192092896
6125,1.8000001311302185,0.0,0.0,0.0,0.0,1.5000001192092896,0.30000001192092896
6126,0.05000004172325134,0.0,-1.0,0.0,0.0,0.7500000596046448,0.30000001192092896
6127,9.750000238418579,0.0,4.0,0.0,0.0,5.450000464916229,0.30000001192092896
6128,0.8000001013278961,0.0,-1.0,0.0,0.0,1.5000001192092896,0.30000001192092896
6129,0.6750000417232513,0.0,0.0,0.0,0.0,0.3750000298023224,0.30000001192092896
6130,26.225000247359276,-1.0000001192092896,7.199999988079071,0.0,0.0,19.125000916421413,0.9000000357627869
6131,36.85000094771385,-1.0000001192092896,10.699999988079071,-1.5,0.0,27.450000822544098,1.2000000476837158
6132,1.0500000715255737,0.0,0.0,0.0,0.0,0.7500000596046448,0.30000001192092896
6133,1.0500000715255737,0.0,0.0,0.0,0.0,0.7500000596046448,0.30000001192092896
6134,0.6750000417232513,0.0,0.0,0.0,0.0,0.3750000298023224,0.30000001192092896
6135,2.424999952316284,0.0,1.0,0.0,0.0,1.1250000894069672,0.30000001192092896
6136,67.60000207647681,-1.0000001192092896,13.600000023841858,0.0,0.0,53.50000303983688,1.5000000596046448
6137,1.0500000715255737,0.0,0.0,0.0,0.0,0.7500000596046448,0.30000001192092896
6138,0.6750000417232513,0.0,0.0,0.0,0.0,0.3750000298023224,0.30000001192092896
6139,2.4250000417232513,0.0,1.0,0.0,0.0,1.1250000894069672,0.30000001192092896
6140,32.175000950694084,0.0,1.7000000476837158,0.0,0.0,29.875000540167093,0.6000000238418579
6141,0.6750000417232513,0.0,0.0,0.0,0.0,0.3750000298023224,0.30000001192092896
6142,63.000000450760126,-1.0000001192092896,8.899999916553497,0.0,0.0,52.40000279247761,2.7000001072883606
6143,12.150000393390656,0.0,-1.600000023841858,0.0,0.0,12.85000091791153,0.9000000357627869
6144,57.15000142157078,0.0,4.600000023841858,0.0,0.0,50.75000289827585,1.8000000715255737
6145,53.20000205934048,-1.0000001192092896,11.899999976158142,0.0,0.0,41.10000180453062,1.2000000476837158
6146,1.4250001013278961,0.0,0.0,0.0,0.0,1.1250000894069672,0.30000001192092896
6147,22.52500033378601,0.0,6.0,0.0,0.0,16.225000858306885,0.30000001192092896
6148,-0.32499995827674866,0.0,-1.0,0.0,0.0,0.3750000298023224,0.30000001192092896
6149,0.6750000417232513,0.0,0.0,0.0,0.0,0.3750000298023224,0.30000001192092896
6150,1.4250001013278961,0.0,0.0,0.0,0.0,1.1250000894069672,0.30000001192092896
6151,21.72499978914857,0.0,0.3999999761581421,0.0,0.0,20.425000350922346,0.9000000357627869
6152,1.0500000715255737,0.0,0.0,0.0,0.0,0.7500000596046448,0.30000001192092896
6153,7.650000154972076,0.0,3.0,0.0,0.0,4.350000381469727,0.30000001192092896
6154,0.6750000417232513,0.0,0.0,0.0,0.0,0.3750000298023224,0.30000001192092896
6155,1.4250001013278961,0.0,0.0,0.0,0.0,1.1250000894069672,0.30000001192092896
6156,2.049999922513962,0.0,1.0,0.0,0.0,0.7500000596046448,0.30000001192092896
6157,2.050000011920929,0.0,1.0,0.0,0.0,0.7500000596046448,0.30000001192092896
6158,1.0500000715255737,0.0,0.0,0.0,0.0,0.7500000596046448,0.30000001192092896
6159,1.0500000715255737,0.0,0.0,0.0,0.0,0.7500000596046448,0.30000001192092896
6160,0.6750000417232513,0.0,0.0,0.0,0.0,0.3750000298023224,0.30000001192092896
6161,0.6750000417232513,0.0,0.0,0.0,0.0,0.3750000298023224,0.30000001192092896
6162,1.0500000715255737,0.0,0.0,0.0,0.0,0.7500000596046448,0.30000001192092896
6163,1.0500000715255737,0.0,0.0,0.0,0.0,0.7500000596046448,0.30000001192092896
6164,1.4250001013278961,0.0,0.0,0.0,0.0,1.1250000894069672,0.30000001192092896
6165,1.4250001013278961,0.0,0.0,0.0,0.0,1.1250000894069672,0.30000001192092896
6166,24.57500010356307,-1.0000001192092896,5.699999988079071,0.0,0.0,19.275001171976328,0.6000000238418579
6167,37.450000405311584,0.0,7.099999964237213,0.0,0.0,29.15000107884407,1.2000000476837158
6168,1.0499999821186066,0.0,0.0,0.0,0.0,0.7500000596046448,0.30000001192092896
6169,1.7999999523162842,0.0,0.0,0.0,0.0,1.5000001192092896,0.30000001192092896
6170,-0.949999988079071,0.0,-2.0,0.0,0.0,0.7500000596046448,0.30000001192092896
6171,-0.9499999582767487,0.0,-2.0,0.0,0.0,0.7500000596046448,0.30000001192092896
6172,23.525000479072332,0.0,-2.600000023841858,0.0,0.0,25.225001003593206,0.9000000357627869
6173,1.0500000715255737,0.0,0.0,0.0,0.0,0.7500000596046448,0.30000001192092896
6174,1.4249999225139618,0.0,0.0,0.0,0.0,1.1250000894069672,0.30000001192092896
6175,1.0500000715255737,0.0,0.0,0.0,0.0,0.7500000596046448,0.30000001192092896
6176,31.350000366568565,0.0,7.0,0.0,0.0,24.050001464784145,0.30000001192092896
6177,0.6750000417232513,0.0,0.0,0.0,0.0,0.3750000298023224,0.30000001192092896
6178,1.0500000715255737,0.0,0.0,0.0,0.0,0.7500000596046448,0.30000001192092896
6179,0.6750000417232513,0.0,0.0,0.0,0.0,0.3750000298023224,0.30000001192092896
6180,1.0500000715255737,0.0,0.0,0.0,0.0,0.7500000596046448,0.30000001192092896
6181,2.7999999821186066,0.0,1.0,0.0,0.0,1.5000001192092896,0.30000001192092896
6182,0.6750000417232513,0.0,0.0,0.0,0.0,0.3750000298023224,0.30000001192092896
6183,2.049999922513962,0.0,1.0,0.0,0.0,0.7500000596046448,0.30000001192092896
6184,51.37500287592411,-1.0000001192092896,16.199999928474426,0.0,0.0,34.07500122860074,2.1000000834465027
6185,1.4249999225139618,0.0,0.0,0.0,0.0,1.1250000894069672,0.30000001192092896
6186,27.625000797212124,0.0,4.199999988079071,0.0,0.0,22.5250009521842,0.9000000357627869
6187,0.8000001013278961,0.0,-1.0,0.0,0.0,1.5000001192092896,0.30000001192092896
6188,39.77499992400408,0.0,5.899999976158142,0.0,0.0,32.07500107213855,1.8000000715255737
6189,2.424999952316284,0.0,1.0,0.0,0.0,1.1250000894069672,0.30000001192092896
6190,2.049999922513962,0.0,1.0,0.0,0.0,0.7500000596046448,0.30000001192092896
6191,0.05000004172325134,0.0,-1.0,0.0,0.0,0.7500000596046448,0.30000001192092896
6192,1.0499999225139618,0.0,0.0,0.0,0.0,0.7500000596046448,0.30000001192092896
6193,29.024999286979437,0.0,10.399999976158142,0.0,0.0,17.725000027567148,0.9000000357627869
6194,0.42500007152557373,0.0,-1.0,0.0,0.0,1.1250000894069672,0.30000001192092896
6195,0.8000001013278961,0.0,-1.0,0.0,0.0,1.5000001192092896,0.30000001192092896
6196,3.5750002562999725,0.0,-1.2999999523162842,0.0,0.0,4.275000303983688,0.6000000238418579
6197,0.6750000417232513,0.0,0.0,0.0,0.0,0.3750000298023224,0.30000001192092896
6198,37.10000080242753,0.0,10.5,0.0,0.0,26.00000099465251,0.6000000238418579
6199,1.0500000715255737,0.0,0.0,0.0,0.0,0.7500000596046448,0.30000001192092896
6200,31.824999950826168,0.0,8.0,0.0,0.0,23.525002002716064,0.30000001192092896
6201,28.649999976158142,-1.0000001192092896,9.699999988079071,0.0,0.0,19.35000129416585,0.6000000238418579
6202,1.4250001013278961,0.0,0.0,0.0,0.0,1.1250000894069672,0.30000001192092896
6203,2.050000011920929,0.0,1.0,0.0,0.0,0.7500000596046448,0.30000001192092896
6204,0.6750000417232513,0.0,0.0,0.0,0.0,0.3750000298023224,0.30000001192092896
6205,28.050000205636024,-1.0000001192092896,4.5,0.0,0.0,23.950000885874033,0.6000000238418579
6206,2.049999922513962,0.0,1.0,0.0,0.0,0.7500000596046448,0.30000001192092896
6207,24.925000939518213,0.0,8.0,0.0,0.0,16.625000976026058,0.30000001192092896
6208,28.35000006482005,0.0,9.0,0.0,0.0,19.05000139400363,0.30000001192092896
6209,40.30000013485551,0.0,13.0,0.0,0.0,27.000000219792128,0.30000001192092896
6210,1.0500000715255737,0.0,0.0,0.0,0.0,0.7500000596046448,0.30000001192092896
6211,27.800000827759504,-1.0000001192092896,5.0,0.0,0.0,23.50000062584877,0.30000001192092896
6212,1.4250001013278961,0.0,0.0,0.0,0.0,1.1250000894069672,0.30000001192092896
6213,0.6750000417232513,0.0,0.0,0.0,0.0,0.3750000298023224,0.30000001192092896
6214,22.175000317394733,0.0,4.0,0.0,0.0,17.875001225620508,0.30000001192092896
6215,0.6750000417232513,0.0,0.0,0.0,0.0,0.3750000298023224,0.30000001192092896
6216,0.6750000417232513,0.0,0.0,0.0,0.0,0.3750000298023224,0.30000001192092896
6217,2.424999952316284,0.0,1.0,0.0,0.0,1.1250000894069672,0.30000001192092896
6218,1.0500000715255737,0.0,0.0,0.0,0.0,0.7500000596046448,0.30000001192092896
6219,-0.32499995827674866,0.0,-1.0,0.0,0.0,0.3750000298023224,0.30000001192092896
6220,0.6750000417232513,0.0,0.0,0.0,0.0,0.3750000298023224,0.30000001192092896
6221,19.075000781565905,-1.0000001192092896,3.0,0.0,0.0,16.775000777095556,0.30000001192092896
6222,2.050000011920929,0.0,1.0,0.0,0.0,0.7500000596046448,0.30000001192092896
6223,14.925000786781311,0.0,1.0,0.0,0.0,13.625000953674316,0.30000001192092896
6224,0.05000004172325134,0.0,-1.0,0.0,0.0,0.7500000596046448,0.30000001192092896
6225,1.0500000715255737,0.0,0.0,0.0,0.0,0.7500000596046448,0.30000001192092896
6226,0.6750000417232513,0.0,0.0,0.0,0.0,0.3750000298023224,0.30000001192092896
6227,12.67500028014183,0.0,2.699999988079071,0.0,0.0,9.37500074505806,0.6000000238418579
6228,29.72499965503812,0.0,7.699999988079071,0.0,0.0,21.424999993294477,0.6000000238418579
6229,1.0500000715255737,0.0,0.0,0.0,0.0,0.7500000596046448,0.30000001192092896
6230,0.6750000417232513,0.0,0.0,0.0,0.0,0.3750000298023224,0.30000001192092896
6231,17.92500041052699,0.0,0.699999988079071,0.0,0.0,16.625000674277544,0.6000000238418579
6232,0.6750000417232513,0.0,0.0,0.0,0.0,0.3750000298023224,0.30000001192092896
6233,2.424999952316284,0.0,1.0,0.0,0.0,1.1250000894069672,0.30000001192092896
6234,0.05000004172325134,0.0,-1.0,0.0,0.0,0.7500000596046448,0.30000001192092896
6235,1.4250001013278961,0.0,0.0,0.0,0.0,1.1250000894069672,0.30000001192092896
6236,24.74999998509884,0.0,8.699999988079071,0.0,0.0,15.450000870972872,0.6000000238418579
6237,1.0500000715255737,0.0,0.0,0.0,0.0,0.7500000596046448,0.30000001192092896
6238,0.4250001013278961,0.0,-1.0,0.0,0.0,1.1250000894069672,0.30000001192092896
6239,2.050000011920929,0.0,1.0,0.0,0.0,0.7500000596046448,0.30000001192092896
6240,0.4250001013278961,0.0,-1.0,0.0,0.0,1.1250000894069672,0.30000001192092896
6241,2.050000011920929,0.0,1.0,0.0,0.0,0.7500000596046448,0.30000001192092896
6242,1.8000001311302185,0.0,0.0,0.0,0.0,1.5000001192092896,0.30000001192092896
6243,1.8000001311302185,0.0,0.0,0.0,0.0,1.5000001192092896,0.30000001192092896
6244,0.05000007152557373,0.0,-1.0,0.0,0.0,0.7500000596046448,0.30000001192092896
6245,0.6750000417232513,0.0,0.0,0.0,0.0,0.3750000298023224,0.30000001192092896
6246,0.4250001013278961,0.0,-1.0,0.0,0.0,1.1250000894069672,0.30000001192092896
6247,7.650000303983688,0.0,1.0,0.0,0.0,6.350000560283661,0.30000001192092896
6248,3.175000011920929,0.0,1.0,0.0,0.0,1.875000149011612,0.30000001192092896
6249,2.4250000417232513,0.0,1.0,0.0,0.0,1.1250000894069672,0.30000001192092896
6250,2.424999952316284,0.0,1.0,0.0,0.0,1.1250000894069672,0.30000001192092896
6251,30.85000003874302,0.0,5.699999988079071,0.0,0.0,24.549999341368675,0.6000000238418579
6252,3.4249998927116394,0.0,2.0,0.0,0.0,1.1250000894069672,0.30000001192092896
6253,1.0500000715255737,0.0,0.0,0.0,0.0,0.7500000596046448,0.30000001192092896
6254,-0.5749999284744263,0.0,-2.0,0.0,0.0,1.1250000894069672,0.30000001192092896
6255,2.424999952316284,0.0,1.0,0.0,0.0,1.1250000894069672,0.30000001192092896
6256,22.450000286102295,0.0,1.699999988079071,0.0,0.0,20.150001645088196,0.6000000238418579
6257,9.275000363588333,0.0,-0.9000000357627869,0.0,0.0,8.975000709295273,1.2000000476837158
6258,41.72499979659915,0.0,13.0,0.0,0.0,28.425001811236143,0.30000001192092896
6259,0.05000007152557373,0.0,-1.0,0.0,0.0,0.7500000596046448,0.30000001192092896
6260,35.45000122115016,0.0,3.0,0.0,0.0,32.150001388043165,0.30000001192092896
6261,1.4250001013278961,0.0,0.0,0.0,0.0,1.1250000894069672,0.30000001192092896
6262,0.05000007152557373,0.0,-1.0,0.0,0.0,0.7500000596046448,0.30000001192092896
6263,22.750000551342964,0.0,7.0,0.0,0.0,15.450000524520874,0.30000001192092896
6264,0.42500007152557373,0.0,-1.0,0.0,0.0,1.1250000894069672,0.30000001192092896
6265,37.199999298900366,0.0,13.399999976158142,0.0,0.0,22.6000003144145,1.2000000476837158
6266,1.8000001311302185,0.0,0.0,0.0,0.0,1.5000001192092896,0.30000001192092896
6267,1.0500000715255737,0.0,0.0,0.0,0.0,0.7500000596046448,0.30000001192092896
6268,2.050000011920929,0.0,1.0,0.0,0.0,0.7500000596046448,0.30000001192092896
6269,47.27500054612756,-1.0000001192092896,18.19999998807907,-1.5,0.0,30.675001960247755,0.9000000357627869
6270,22.850000087171793,0.0,1.399999976158142,0.0,0.0,20.550000976771116,0.9000000357627869
6271,0.05000004172325134,0.0,-1.0,0.0,0.0,0.7500000596046448,0.30000001192092896
6272,2.4250000417232513,0.0,1.0,0.0,0.0,1.1250000894069672,0.30000001192092896
6273,27.400000609457493,-1.0000001192092896,8.5,0.0,0.0,19.30000125616789,0.6000000238418579
6274,-0.949999988079071,0.0,-2.0,0.0,0.0,0.7500000596046448,0.30000001192092896
6275,33.30000066012144,0.0,8.699999988079071,0.0,0.0,24.00000064447522,0.6000000238418579
6276,42.12500145658851,0.0,11.5,0.0,0.0,29.425001844763756,1.2000000476837158
6277,1.0500000715255737,0.0,0.0,0.0,0.0,0.7500000596046448,0.30000001192092896
6278,0.6750000417232513,0.0,0.0,0.0,0.0,0.3750000298023224,0.30000001192092896
6279,0.8000001013278961,0.0,-1.0,0.0,0.0,1.5000001192092896,0.30000001192092896
6280,0.05000004172325134,0.0,-1.0,0.0,0.0,0.7500000596046448,0.30000001192092896
6281,1.7000002562999725,0.0,-2.0,0.0,0.0,3.400000274181366,0.30000001192092896
6282,2.424999952316284,0.0,1.0,0.0,0.0,1.1250000894069672,0.30000001192092896
6283,23.60000030323863,0.0,5.0,0.0,0.0,18.30000104010105,0.30000001192092896
6284,1.4250001013278961,0.0,0.0,0.0,0.0,1.1250000894069672,0.30000001192092896
6285,2.4250000417232513,0.0,1.0,0.0,0.0,1.1250000894069672,0.30000001192092896
6286,41.0250007212162,0.0,11.399999976158142,0.0,0.0,28.725001715123653,0.9000000357627869
6287,47.15000009536743,-1.0000001192092896,18.0,0.0,0.0,29.85000156238675,0.30000001192092896
6288,0.6750000417232513,0.0,0.0,0.0,0.0,0.3750000298023224,0.30000001192092896
6289,1.6749999821186066,0.0,1.0,0.0,0.0,0.3750000298023224,0.30000001192092896
6290,0.8000001013278961,0.0,-1.0,0.0,0.0,1.5000001192092896,0.30000001192092896
6291,1.4250001013278961,0.0,0.0,0.0,0.0,1.1250000894069672,0.30000001192092896
6292,1.0500000715255737,0.0,0.0,0.0,0.0,0.7500000596046448,0.30000001192092896
6293,0.05000007152557373,0.0,-1.0,0.0,0.0,0.7500000596046448,0.30000001192092896
6294,1.8000001311302185,0.0,0.0,0.0,0.0,1.5000001192092896,0.30000001192092896
6295,1.8000001311302185,0.0,0.0,0.0,0.0,1.5000001192092896,0.30000001192092896
6296,0.6750000417232513,0.0,0.0,0.0,0.0,0.3750000298023224,0.30000001192092896
6297,33.25000021234155,0.0,6.5,0.0,0.0,26.15000205487013,0.6000000238418579
6298,3.4249998033046722,0.0,2.0,0.0,0.0,1.1250000894069672,0.30000001192092896
6299,0.6750000417232513,0.0,0.0,0.0,0.0,0.3750000298023224,0.30000001192092896
6300,38.70000013709068,0.0,14.0,-1.5,0.0,25.299999594688416,0.9000000357627869
6301,1.0500000715255737,0.0,0.0,0.0,0.0,0.7500000596046448,0.30000001192092896
6302,1.4250001013278961,0.0,0.0,0.0,0.0,1.1250000894069672,0.30000001192092896
6303,0.6750000417232513,0.0,0.0,0.0,0.0,0.3750000298023224,0.30000001192092896
6304,32.550001207739115,0.0,7.0,0.0,0.0,25.250001724809408,0.30000001192092896
6305,1.8000001311302185,0.0,0.0,0.0,0.0,1.5000001192092896,0.30000001192092896
6306,31.000000350177288,0.0,8.0,0.0,0.0,22.700001697987318,0.30000001192092896
6307,1.0500000715255737,0.0,0.0,0.0,0.0,0.7500000596046448,0.30000001192092896
6308,24.650000862777233,0.0,6.0,0.0,0.0,18.35000155493617,0.30000001192092896
6309,1.4250001013278961,0.0,0.0,0.0,0.0,1.1250000894069672,0.30000001192092896
6310,2.424999952316284,0.0,1.0,0.0,0.0,1.1250000894069672,0.30000001192092896
6311,0.6750000417232513,0.0,0.0,0.0,0.0,0.3750000298023224,0.30000001192092896
6312,45.72499977424741,0.0,5.399999916553497,-3.0,0.0,40.025001622736454,3.3000001311302185
6313,22.800000190734863,0.0,-1.600000023841858,0.0,0.0,23.500000566244125,0.9000000357627869
6314,32.825001090765,1.0000001192092896,10.199999988079071,2.0,1.0,17.725000709295273,0.9000000357627869
6315,-0.32499995827674866,0.0,-1.0,0.0,0.0,0.3750000298023224,0.30000001192092896
6316,1.0500000715255737,0.0,0.0,0.0,0.0,0.7500000596046448,0.30000001192092896
6317,0.6750000417232513,0.0,0.0,0.0,0.0,0.3750000298023224,0.30000001192092896
6318,40.55000110715628,-1.0000001192092896,14.199999988079071,0.0,0.0,26.44999998807907,0.9000000357627869
6319,0.6750000417232513,0.0,0.0,0.0,0.0,0.3750000298023224,0.30000001192092896
6320,-0.32499995827674866,0.0,-1.0,0.0,0.0,0.3750000298023224,0.30000001192092896
6321,37.12500046566129,0.0,6.699999988079071,0.0,0.0,29.8250020891428,0.6000000238418579
6322,0.6750000417232513,0.0,0.0,0.0,0.0,0.3750000298023224,0.30000001192092896
6323,36.20000071078539,0.0,7.799999952316284,0.0,0.0,26.900000117719173,1.5000000596046448
6324,1.8000001311302185,0.0,0.0,0.0,0.0,1.5000001192092896,0.30000001192092896
6325,7.0500002801418304,0.0,0.0,0.0,0.0,6.750000536441803,0.30000001192092896
6326,1.0500000715255737,0.0,0.0,0.0,0.0,0.7500000596046448,0.30000001192092896
6327,36.12500046938658,0.0,7.0,0.0,0.0,28.825000576674938,0.30000001192092896
6328,2.424999952316284,0.0,1.0,0.0,0.0,1.1250000894069672,0.30000001192092896
6329,0.6750000417232513,0.0,0.0,0.0,0.0,0.3750000298023224,0.30000001192092896
6330,0.6750000417232513,0.0,0.0,0.0,0.0,0.3750000298023224,0.30000001192092896
6331,1.0500000715255737,0.0,0.0,0.0,0.0,0.7500000596046448,0.30000001192092896
6332,32.87500049173832,0.0,15.5,-7.5,0.0,23.075000554323196,1.8000000715255737
6333,1.0500000715255737,0.0,0.0,0.0,0.0,0.7500000596046448,0.30000001192092896
6334,26.85000006482005,0.0,11.0,0.0,0.0,15.550001114606857,0.30000001192092896
6335,3.4249998927116394,0.0,2.0,0.0,0.0,1.1250000894069672,0.30000001192092896
6336,0.6750000417232513,0.0,0.0,0.0,0.0,0.3750000298023224,0.30000001192092896
6337,39.07500038668513,0.0,13.199999988079071,-1.5,0.0,26.475001454353333,0.9000000357627869
6338,26.725000839680433,0.0,4.0,0.0,0.0,22.425001587718725,0.30000001192092896
6339,2.4250000417232513,0.0,1.0,0.0,0.0,1.1250000894069672,0.30000001192092896
6340,2.424999952316284,0.0,1.0,0.0,0.0,1.1250000894069672,0.30000001192092896
6341,1.0500000715255737,0.0,0.0,0.0,0.0,0.7500000596046448,0.30000001192092896
6342,0.05000007152557373,0.0,-1.0,0.0,0.0,0.7500000596046448,0.30000001192092896
6343,2.049999922513962,0.0,1.0,0.0,0.0,0.7500000596046448,0.30000001192092896
6344,61.37500075995922,-1.0000001192092896,23.69999998807907,0.0,0.0,37.475001368671656,1.2000000476837158
6345,1.4250001013278961,0.0,0.0,0.0,0.0,1.1250000894069672,0.30000001192092896
6346,6.175000190734863,0.0,-0.6000000238418579,0.0,0.0,5.875000208616257,0.9000000357627869
6347,27.075000058859587,0.0,7.0,0.0,0.0,19.775001358240843,0.30000001192092896
6348,1.0500000715255737,0.0,0.0,0.0,0.0,0.7500000596046448,0.30000001192092896
6349,25.20000071451068,0.0,4.0,0.0,0.0,20.90000146627426,0.30000001192092896
6350,1.6749999821186066,0.0,1.0,0.0,0.0,0.3750000298023224,0.30000001192092896
6351,1.4250001013278961,0.0,0.0,0.0,0.0,1.1250000894069672,0.30000001192092896
6352,1.4250001013278961,0.0,0.0,0.0,0.0,1.1250000894069672,0.30000001192092896
6353,30.150000289082527,-1.0000001192092896,8.0,0.0,0.0,22.850001338869333,0.30000001192092896
6354,3.4249998033046722,0.0,2.0,0.0,0.0,1.1250000894069672,0.30000001192092896
6355,2.8000000715255737,0.0,1.0,0.0,0.0,1.5000001192092896,0.30000001192092896
6356,20.925000846385956,0.0,5.5,-7.5,0.0,21.725001007318497,1.2000000476837158
6357,23.25000050291419,-1.0000001192092896,8.5,-1.5,0.0,16.6500006839633,0.6000000238418579
6358,23.300000362098217,0.0,6.0,0.0,0.0,17.000000555068254,0.30000001192092896
6359,25.399999976158142,-1.0000001192092896,2.399999976158142,0.0,0.0,23.100000508129597,0.9000000357627869
6360,24.250000402331352,0.0,9.5,-4.5,0.0,18.65000133961439,0.6000000238418579
6361,-0.32499995827674866,0.0,-1.0,0.0,0.0,0.3750000298023224,0.30000001192092896
6362,25.12500086799264,0.0,5.699999988079071,0.0,0.0,18.82500147074461,0.6000000238418579
6363,1.0500000715255737,0.0,0.0,0.0,0.0,0.7500000596046448,0.30000001192092896
6364,47.40000132098794,0.0,11.0,0.0,0.0,36.10000151395798,0.30000001192092896
6365,1.0500000715255737,0.0,0.0,0.0,0.0,0.7500000596046448,0.30000001192092896
6366,0.6750000417232513,0.0,0.0,0.0,0.0,0.3750000298023224,0.30000001192092896
6367,29.575000166893005,-1.0000001192092896,6.5,0.5,0.0,22.975001592189074,0.6000000238418579
6368,1.0500000715255737,0.0,0.0,0.0,0.0,0.7500000596046448,0.30000001192092896
6369,2.175000160932541,0.0,0.0,0.0,0.0,1.875000149011612,0.30000001192092896
6370,21.70000073313713,0.0,5.699999988079071,0.0,0.0,15.400001168251038,0.6000000238418579
6371,43.92500028759241,0.0,18.5,0.0,0.0,24.82500059902668,0.6000000238418579
6372,1.0500000715255737,0.0,0.0,0.0,0.0,0.7500000596046448,0.30000001192092896
6373,1.0500000715255737,0.0,0.0,0.0,0.0,0.7500000596046448,0.30000001192092896
6374,1.0500000715255737,0.0,0.0,0.0,0.0,0.7500000596046448,0.30000001192092896
6375,0.6750000417232513,0.0,0.0,0.0,0.0,0.3750000298023224,0.30000001192092896
6376,38.97500132024288,-1.0000001192092896,7.899999976158142,0.0,0.0,30.275001738220453,1.8000000715255737
6377,2.424999952316284,0.0,1.0,0.0,0.0,1.1250000894069672,0.30000001192092896
6378,18.000000350177288,-1.0000001192092896,2.699999988079071,0.0,0.0,15.700000446289778,0.6000000238418579
6379,29.149999860674143,0.0,8.0,0.0,0.0,20.850000996142626,0.30000001192092896
6380,15.450000457465649,0.0,-0.30000001192092896,0.0,0.0,15.150000862777233,0.6000000238418579
6381,0.6750000417232513,0.0,0.0,0.0,0.0,0.3750000298023224,0.30000001192092896
6382,1.4250001013278961,0.0,0.0,0.0,0.0,1.1250000894069672,0.30000001192092896
6383,-0.32499995827674866,0.0,-1.0,0.0,0.0,0.3750000298023224,0.30000001192092896
6384,32.80000017955899,0.0,13.699999988079071,0.0,0.0,18.500000789761543,0.6000000238418579
6385,1.0500000715255737,0.0,0.0,0.0,0.0,0.7500000596046448,0.30000001192092896
6386,0.6750000417232513,0.0,0.0,0.0,0.0,0.3750000298023224,0.30000001192092896
6387,42.52500042691827,0.0,13.0,0.0,0.0,29.225001584738493,0.30000001192092896
6388,2.049999922513962,0.0,1.0,0.0,0.0,0.7500000596046448,0.30000001192092896
6389,1.4250001013278961,0.0,0.0,0.0,0.0,1.1250000894069672,0.30000001192092896
6390,0.6750000417232513,0.0,0.0,0.0,0.0,0.3750000298023224,0.30000001192092896
6391,33.00000001117587,0.0,13.699999988079071,0.0,0.0,18.700000535696745,0.6000000238418579
6392,0.8000001013278961,0.0,-1.0,0.0,0.0,1.5000001192092896,0.30000001192092896
6393,0.6750000417232513,0.0,0.0,0.0,0.0,0.3750000298023224,0.30000001192092896
6394,28.225000523030758,0.0,11.0,0.0,0.0,16.92500115558505,0.30000001192092896
6395,1.0500000715255737,0.0,0.0,0.0,0.0,0.7500000596046448,0.30000001192092896
6396,6.650000035762787,0.0,3.0,0.0,0.0,3.350000113248825,0.30000001192092896
6397,-0.5749999284744263,0.0,-2.0,0.0,0.0,1.1250000894069672,0.30000001192092896
6398,1.8000001311302185,0.0,0.0,0.0,0.0,1.5000001192092896,0.30000001192092896
6399,0.6750000417232513,0.0,0.0,0.0,0.0,0.3750000298023224,0.30000001192092896
6400,2.424999952316284,0.0,1.0,0.0,0.0,1.1250000894069672,0.30000001192092896
6401,34.02500046417117,-1.0000001192092896,7.699999988079071,0.0,0.0,26.125000923871994,1.2000000476837158
6402,1.4250001013278961,0.0,0.0,0.0,0.0,1.1250000894069672,0.30000001192092896
6403,0.05000007152557373,0.0,-1.0,0.0,0.0,0.7500000596046448,0.30000001192092896
6404,2.424999952316284,0.0,1.0,0.0,0.0,1.1250000894069672,0.30000001192092896
6405,0.6750000417232513,0.0,0.0,0.0,0.0,0.3750000298023224,0.30000001192092896
6406,0.42500007152557373,0.0,-1.0,0.0,0.0,1.1250000894069672,0.30000001192092896
6407,37.97500095888972,0.0,11.399999976158142,0.0,0.0,25.6750007532537,0.9000000357627869
6408,12.175000011920929,0.0,6.5,-1.0,0.0,6.075000137090683,0.6000000238418579
6409,0.6750000417232513,0.0,0.0,0.0,0.0,0.3750000298023224,0.30000001192092896
6410,1.4250001013278961,0.0,0.0,0.0,0.0,1.1250000894069672,0.30000001192092896
6411,0.6750000417232513,0.0,0.0,0.0,0.0,0.3750000298023224,0.30000001192092896
6412,2.049999922513962,0.0,1.0,0.0,0.0,0.7500000596046448,0.30000001192092896
6413,0.6750000417232513,0.0,0.0,0.0,0.0,0.3750000298023224,0.30000001192092896
6414,-0.9499999582767487,0.0,-2.0,0.0,0.0,0.7500000596046448,0.30000001192092896
6415,0.6750000417232513,0.0,0.0,0.0,0.0,0.3750000298023224,0.30000001192092896
6416,2.050000011920929,0.0,1.0,0.0,0.0,0.7500000596046448,0.30000001192092896
6417,10.424999803304672,0.0,3.399999976158142,0.0,0.0,6.125000149011612,0.9000000357627869
6418,31.07500008866191,0.0,13.699999988079071,0.0,0.0,16.775000121444464,0.6000000238418579
6419,-0.32499995827674866,0.0,-1.0,0.0,0.0,0.3750000298023224,0.30000001192092896
6420,1.4250001013278961,0.0,0.0,0.0,0.0,1.1250000894069672,0.30000001192092896
6421,1.0500000715255737,0.0,0.0,0.0,0.0,0.7500000596046448,0.30000001192092896
6422,1.0500000715255737,0.0,0.0,0.0,0.0,0.7500000596046448,0.30000001192092896
6423,29.325000647455454,-1.0000001192092896,8.699999988079071,0.0,0.0,21.025001119822264,0.6000000238418579
6424,1.0500000715255737,0.0,0.0,0.0,0.0,0.7500000596046448,0.30000001192092896
6425,36.12500047683716,-1.0000001192092896,5.699999988079071,0.0,0.0,30.82500146701932,0.6000000238418579
6426,30.90000081434846,0.0,6.399999976158142,0.0,0.0,23.60000028461218,0.9000000357627869
6427,0.6750000417232513,0.0,0.0,0.0,0.0,0.3750000298023224,0.30000001192092896
6428,1.8000001311302185,0.0,0.0,0.0,0.0,1.5000001192092896,0.30000001192092896
6429,1.4249999523162842,0.0,0.0,0.0,0.0,1.1250000894069672,0.30000001192092896
6430,1.8000001311302185,0.0,0.0,0.0,0.0,1.5000001192092896,0.30000001192092896
6431,-0.32499995827674866,0.0,-1.0,0.0,0.0,0.3750000298023224,0.30000001192092896
6432,2.4250000417232513,0.0,1.0,0.0,0.0,1.1250000894069672,0.30000001192092896
6433,22.899999856948853,-1.0000001192092896,5.099999964237213,0.0,0.0,17.599999863654375,1.2000000476837158
6434,28.250000599771738,0.0,9.0,0.0,0.0,18.950001142919064,0.30000001192092896
6435,10.100000709295273,0.0,-0.6000000238418579,0.0,0.0,9.800000697374344,0.9000000357627869
6436,2.050000011920929,0.0,1.0,0.0,0.0,0.7500000596046448,0.30000001192092896
6437,0.6750000417232513,0.0,0.0,0.0,0.0,0.3750000298023224,0.30000001192092896
6438,2.8000000715255737,0.0,1.0,0.0,0.0,1.5000001192092896,0.30000001192092896
6439,1.0500000715255737,0.0,0.0,0.0,0.0,0.7500000596046448,0.30000001192092896
6440,46.80000076815486,0.0,14.699999988079071,0.0,0.0,31.20000186562538,0.9000000357627869
6441,0.6750000417232513,0.0,0.0,0.0,0.0,0.3750000298023224,0.30000001192092896
6442,7.725000232458115,0.0,-1.600000023841858,0.0,0.0,8.425000458955765,0.9000000357627869
6443,1.0500000715255737,0.0,0.0,0.0,0.0,0.7500000596046448,0.30000001192092896
6444,1.4250001013278961,0.0,0.0,0.0,0.0,1.1250000894069672,0.30000001192092896
6445,36.800000716000795,0.0,10.0,0.0,0.0,26.500001046806574,0.30000001192092896
6446,0.6750000417232513,0.0,0.0,0.0,0.0,0.3750000298023224,0.30000001192092896
6447,32.94999921694398,0.0,12.699999988079071,0.0,0.0,19.65000105276704,0.6000000238418579
6448,19.20000061392784,-1.0000001192092896,-1.0,0.0,0.0,20.900001022964716,0.30000001192092896
6449,0.6750000417232513,0.0,0.0,0.0,0.0,0.3750000298023224,0.30000001192092896
6450,0.42500007152557373,0.0,-1.0,0.0,0.0,1.1250000894069672,0.30000001192092896
6451,1.4250001013278961,0.0,0.0,0.0,0.0,1.1250000894069672,0.30000001192092896
6452,0.6750000417232513,0.0,0.0,0.0,0.0,0.3750000298023224,0.30000001192092896
6453,1.0500000715255737,0.0,0.0,0.0,0.0,0.7500000596046448,0.30000001192092896
6454,2.7999999821186066,0.0,1.0,0.0,0.0,1.5000001192092896,0.30000001192092896
6455,2.424999952316284,0.0,1.0,0.0,0.0,1.1250000894069672,0.30000001192092896
6456,7.875000596046448,0.0,-0.5,0.0,0.0,7.775000602006912,0.6000000238418579
6457,21.925000354647636,-1.0000001192092896,7.5,0.0,0.0,14.825000774115324,0.6000000238418579
6458,24.3500001616776,-1.0000001192092896,10.699999988079071,0.0,0.0,14.050000198185444,0.6000000238418579
6459,86.82500030472875,0.0,31.699999928474426,0.0,0.0,51.52500119060278,3.6000001430511475
6460,2.049999922513962,0.0,1.0,0.0,0.0,0.7500000596046448,0.30000001192092896
6461,1.4250001013278961,0.0,0.0,0.0,0.0,1.1250000894069672,0.30000001192092896
6462,29.575000941753387,0.0,0.9000000357627869,-1.5,0.0,28.675000924617052,1.5000000596046448
6463,1.0500000715255737,0.0,0.0,0.0,0.0,0.7500000596046448,0.30000001192092896
6464,0.8000001013278961,0.0,-1.0,0.0,0.0,1.5000001192092896,0.30000001192092896
6465,10.200000286102295,0.0,1.5,-1.0,0.0,9.100000500679016,0.6000000238418579
6466,-0.32499995827674866,0.0,-1.0,0.0,0.0,0.3750000298023224,0.30000001192092896
6467,1.0500000715255737,0.0,0.0,0.0,0.0,0.7500000596046448,0.30000001192092896
6468,0.6750000417232513,0.0,0.0,0.0,0.0,0.3750000298023224,0.30000001192092896
6469,2.424999952316284,0.0,1.0,0.0,0.0,1.1250000894069672,0.30000001192092896
6470,0.6750000417232513,0.0,0.0,0.0,0.0,0.3750000298023224,0.30000001192092896
6471,2.049999922513962,0.0,1.0,0.0,0.0,0.7500000596046448,0.30000001192092896
6472,28.37499998882413,0.0,10.699999988079071,0.0,0.0,17.075000531971455,0.6000000238418579
6473,3.4249998927116394,0.0,2.0,0.0,0.0,1.1250000894069672,0.30000001192092896
6474,51.80000090971589,0.0,11.699999988079071,0.0,0.0,39.500002197921276,0.6000000238418579
6475,0.6750000417232513,0.0,0.0,0.0,0.0,0.3750000298023224,0.30000001192092896
6476,1.4249999523162842,0.0,0.0,0.0,0.0,1.1250000894069672,0.30000001192092896
6477,2.7999998331069946,0.0,1.0,0.0,0.0,1.5000001192092896,0.30000001192092896
6478,7.925000160932541,0.0,2.0,0.0,0.0,5.625000447034836,0.30000001192092896
6479,0.6750000417232513,0.0,0.0,0.0,0.0,0.3750000298023224,0.30000001192092896
6480,2.7999999821186066,0.0,1.0,0.0,0.0,1.5000001192092896,0.30000001192092896
6481,0.6750000417232513,0.0,0.0,0.0,0.0,0.3750000298023224,0.30000001192092896
6482,2.050000011920929,0.0,1.0,0.0,0.0,0.7500000596046448,0.30000001192092896
6483,1.0500000715255737,0.0,0.0,0.0,0.0,0.7500000596046448,0.30000001192092896
6484,20.57500046491623,0.0,3.699999988079071,-4.5,0.0,20.175000801682472,1.2000000476837158
6485,55.6250032261014,0.0,16.899999976158142,-1.5,0.0,39.02500192448497,1.2000000476837158
6486,1.4250001013278961,0.0,0.0,0.0,0.0,1.1250000894069672,0.30000001192092896
6487,62.30000014975667,0.0,13.099999964237213,0.5,0.0,46.900002524256706,1.8000000715255737
6488,1.6749999821186066,0.0,1.0,0.0,0.0,0.3750000298023224,0.30000001192092896
6489,2.050000011920929,0.0,1.0,0.0,0.0,0.7500000596046448,0.30000001192092896
6490,0.6750000417232513,0.0,0.0,0.0,0.0,0.3750000298023224,0.30000001192092896
6491,1.0500000715255737,0.0,0.0,0.0,0.0,0.7500000596046448,0.30000001192092896
6492,0.6750000417232513,0.0,0.0,0.0,0.0,0.3750000298023224,0.30000001192092896
6493,42.450000289827585,-1.0000001192092896,13.699999988079071,0.0,0.0,29.150001745671034,0.6000000238418579
6494,3.30000039935112,0.0,-3.0,0.0,0.0,6.000000476837158,0.30000001192092896
6495,1.425000011920929,0.0,0.0,0.0,0.0,1.1250000894069672,0.30000001192092896
6496,16.399999871850014,-1.0000001192092896,6.0,0.0,0.0,11.10000079125166,0.30000001192092896
6497,1.8000001311302185,0.0,0.0,0.0,0.0,1.5000001192092896,0.30000001192092896
6498,0.6750000417232513,0.0,0.0,0.0,0.0,0.3750000298023224,0.30000001192092896
6499,1.6749999821186066,0.0,1.0,0.0,0.0,0.3750000298023224,0.30000001192092896
6500,1.4249999225139618,0.0,0.0,0.0,0.0,1.1250000894069672,0.30000001192092896
6501,54.200001414865255,-1.0000001192092896,10.599999964237213,0.0,0.0,42.50000189989805,2.1000000834465027
6502,2.050000011920929,0.0,1.0,0.0,0.0,0.7500000596046448,0.30000001192092896
6503,1.0500000715255737,0.0,0.0,0.0,0.0,0.7500000596046448,0.30000001192092896
6504,1.1750001311302185,0.0,-1.0,0.0,0.0,1.875000149011612,0.30000001192092896
6505,1.6749999821186066,0.0,1.0,0.0,0.0,0.3750000298023224,0.30000001192092896
6506,2.424999952316284,0.0,1.0,0.0,0.0,1.1250000894069672,0.30000001192092896
6507,1.0500000715255737,0.0,0.0,0.0,0.0,0.7500000596046448,0.30000001192092896
6508,1.4250001013278961,0.0,0.0,0.0,0.0,1.1250000894069672,0.30000001192092896
6509,1.0499998927116394,0.0,0.0,0.0,0.0,0.7500000596046448,0.30000001192092896
6510,30.32499949634075,0.0,10.399999976158142,0.0,0.0,19.0250006839633,0.9000000357627869
6511,0.6750000417232513,0.0,0.0,0.0,0.0,0.3750000298023224,0.30000001192092896
6512,11.225000351667404,0.0,3.5,-3.0,0.0,10.125000685453415,0.6000000238418579
6513,1.0500000715255737,0.0,0.0,0.0,0.0,0.7500000596046448,0.30000001192092896
6514,-0.32499995827674866,0.0,-1.0,0.0,0.0,0.3750000298023224,0.30000001192092896
6515,28.724999886006117,-1.0000001192092896,7.0,0.0,0.0,22.42499988526106,0.30000001192092896
6516,-1.574999988079071,0.0,-3.0,0.0,0.0,1.1250000894069672,0.30000001192092896
6517,0.6750000417232513,0.0,0.0,0.0,0.0,0.3750000298023224,0.30000001192092896
6518,1.8000000417232513,0.0,0.0,0.0,0.0,1.5000001192092896,0.30000001192092896
6519,1.4250001013278961,0.0,0.0,0.0,0.0,1.1250000894069672,0.30000001192092896
6520,1.4250001013278961,0.0,0.0,0.0,0.0,1.1250000894069672,0.30000001192092896
6521,2.049999922513962,0.0,1.0,0.0,0.0,0.7500000596046448,0.30000001192092896
6522,30.000000227242708,0.0,5.0,0.5,0.0,22.40000071004033,2.1000000834465027
6523,0.6750000417232513,0.0,0.0,0.0,0.0,0.3750000298023224,0.30000001192092896
6524,1.6749999821186066,0.0,1.0,0.0,0.0,0.3750000298023224,0.30000001192092896
6525,1.0500000715255737,0.0,0.0,0.0,0.0,0.7500000596046448,0.30000001192092896
6526,24.42500041425228,-1.0000001192092896,3.699999988079071,0.0,0.0,21.125001333653927,0.6000000238418579
6527,1.0500000715255737,0.0,0.0,0.0,0.0,0.7500000596046448,0.30000001192092896
6528,1.4250001013278961,0.0,0.0,0.0,0.0,1.1250000894069672,0.30000001192092896
6529,1.0500000715255737,0.0,0.0,0.0,0.0,0.7500000596046448,0.30000001192092896
6530,0.6750000417232513,0.0,0.0,0.0,0.0,0.3750000298023224,0.30000001192092896
6531,0.6750000417232513,0.0,0.0,0.0,0.0,0.3750000298023224,0.30000001192092896
6532,1.0500000715255737,0.0,0.0,0.0,0.0,0.7500000596046448,0.30000001192092896
6533,34.55000102519989,0.0,12.0,0.0,0.0,22.250001147389412,0.30000001192092896
6534,29.05000066012144,-1.0000001192092896,3.799999952316284,0.0,0.0,24.750001791864634,1.5000000596046448
6535,1.4250001013278961,0.0,0.0,0.0,0.0,1.1250000894069672,0.30000001192092896
6536,24.200000252574682,-1.0000001192092896,5.0,0.0,0.0,19.90000119060278,0.30000001192092896
6537,103.0749993249774,-1.0000001192092896,48.299999952316284,0.0,0.0,53.975001722574234,1.8000000715255737
6538,1.9250001907348633,0.0,-1.300000011920929,0.0,0.0,2.6250002086162567,0.6000000238418579
6539,28.14999984204769,-1.0000001192092896,11.0,0.0,0.0,17.850000571459532,0.30000001192092896
6540,0.6750000417232513,0.0,0.0,0.0,0.0,0.3750000298023224,0.30000001192092896
6541,2.4250000417232513,0.0,1.0,0.0,0.0,1.1250000894069672,0.30000001192092896
6542,22.97499991953373,-1.0000001192092896,9.0,0.0,0.0,14.675000600516796,0.30000001192092896
6543,1.0500000715255737,0.0,0.0,0.0,0.0,0.7500000596046448,0.30000001192092896
6544,22.7250006608665,0.0,5.399999976158142,0.0,0.0,16.4250006377697,0.9000000357627869
6545,0.6750000417232513,0.0,0.0,0.0,0.0,0.3750000298023224,0.30000001192092896
6546,0.6750000417232513,0.0,0.0,0.0,0.0,0.3750000298023224,0.30000001192092896
6547,2.049999922513962,0.0,1.0,0.0,0.0,0.7500000596046448,0.30000001192092896
6548,26.175000190734863,0.0,9.699999988079071,0.0,0.0,15.875000726431608,0.6000000238418579
6549,4.5000001192092896,0.0,0.0,0.0,0.0,4.20000034570694,0.30000001192092896
6550,28.325000826269388,0.0,7.199999988079071,-1.5,0.0,21.72500094026327,0.9000000357627869
6551,37.525000993162394,0.0,13.0,0.0,0.0,23.325001064687967,1.2000000476837158
6552,1.4250001013278961,0.0,0.0,0.0,0.0,1.1250000894069672,0.30000001192092896
6553,28.050000604242086,-1.0000001192092896,6.399999976158142,0.0,0.0,21.750001180917025,0.9000000357627869
6554,0.6750000417232513,0.0,0.0,0.0,0.0,0.3750000298023224,0.30000001192092896
6555,0.6750000417232513,0.0,0.0,0.0,0.0,0.3750000298023224,0.30000001192092896
6556,1.0500000715255737,0.0,0.0,0.0,0.0,0.7500000596046448,0.30000001192092896
6557,-0.32499995827674866,0.0,-1.0,0.0,0.0,0.3750000298023224,0.30000001192092896
6558,1.4250001013278961,0.0,0.0,0.0,0.0,1.1250000894069672,0.30000001192092896
6559,37.49999999254942,0.0,11.399999976158142,0.0,0.0,25.200001288205385,0.9000000357627869
6560,0.6750000417232513,0.0,0.0,0.0,0.0,0.3750000298023224,0.30000001192092896
6561,1.6749999821186066,0.0,1.0,0.0,0.0,0.3750000298023224,0.30000001192092896
6562,-0.32499995827674866,0.0,-1.0,0.0,0.0,0.3750000298023224,0.30000001192092896
6563,3.4249998927116394,0.0,2.0,0.0,0.0,1.1250000894069672,0.30000001192092896
6564,0.6750000417232513,0.0,0.0,0.0,0.0,0.3750000298023224,0.30000001192092896
6565,2.4250000417232513,0.0,1.0,0.0,0.0,1.1250000894069672,0.30000001192092896
6566,1.0500000715255737,0.0,0.0,0.0,0.0,0.7500000596046448,0.30000001192092896
6567,0.6750000417232513,0.0,0.0,0.0,0.0,0.3750000298023224,0.30000001192092896
6568,69.67500043660402,0.0,16.199999928474426,0.0,0.0,50.17500040307641,3.3000001311302185
6569,22.27499958127737,0.0,8.0,0.0,0.0,13.975001089274883,0.30000001192092896
6570,10.10000005364418,0.0,2.399999976158142,0.0,0.0,6.800000548362732,0.9000000357627869
6571,0.6750000417232513,0.0,0.0,0.0,0.0,0.3750000298023224,0.30000001192092896
6572,3.049999862909317,0.0,2.0,0.0,0.0,0.7500000596046448,0.30000001192092896
6573,0.6750000417232513,0.0,0.0,0.0,0.0,0.3750000298023224,0.30000001192092896
6574,1.0500000715255737,0.0,0.0,0.0,0.0,0.7500000596046448,0.30000001192092896
6575,0.6750000417232513,0.0,0.0,0.0,0.0,0.3750000298023224,0.30000001192092896
6576,0.42500007152557373,0.0,-1.0,0.0,0.0,1.1250000894069672,0.30000001192092896
6577,29.325000166893005,-1.0000001192092896,10.0,0.0,0.0,20.02500145509839,0.30000001192092896
6578,35.90000020712614,-1.0000001192092896,8.699999988079071,0.0,0.0,27.60000093653798,0.6000000238418579
6579,0.6750000417232513,0.0,0.0,0.0,0.0,0.3750000298023224,0.30000001192092896
6580,22.12500024959445,0.0,3.699999988079071,0.0,0.0,17.825000654906034,0.6000000238418579
6581,1.0500000715255737,0.0,0.0,0.0,0.0,0.7500000596046448,0.30000001192092896
6582,0.6750000417232513,0.0,0.0,0.0,0.0,0.3750000298023224,0.30000001192092896
6583,27.550000336021185,0.0,8.699999988079071,0.0,0.0,18.250000182539225,0.6000000238418579
6584,0.6750000417232513,0.0,0.0,0.0,0.0,0.3750000298023224,0.30000001192092896
6585,37.200001284480095,1.0000001192092896,13.399999916553497,0.0,1.0,19.100000455975533,2.7000001072883606
6586,35.35000076889992,-1.0000001192092896,4.499999940395355,0.0,0.0,30.050001490861177,1.8000000715255737
6587,0.8000001311302185,0.0,-1.0,0.0,0.0,1.5000001192092896,0.30000001192092896
6588,41.30000062286854,-1.0000001192092896,15.199999988079071,0.0,0.0,25.000000435858965,2.1000000834465027
6589,1.6749999821186066,0.0,1.0,0.0,0.0,0.3750000298023224,0.30000001192092896
6590,1.8000001311302185,0.0,0.0,0.0,0.0,1.5000001192092896,0.30000001192092896
6591,2.424999952316284,0.0,1.0,0.0,0.0,1.1250000894069672,0.30000001192092896
6592,1.0500000715255737,0.0,0.0,0.0,0.0,0.7500000596046448,0.30000001192092896
6593,0.4250001013278961,0.0,-1.0,0.0,0.0,1.1250000894069672,0.30000001192092896
6594,2.050000011920929,0.0,1.0,0.0,0.0,0.7500000596046448,0.30000001192092896
6595,72.20000258460641,-1.0000001192092896,30.0,0.0,0.0,42.900001995265484,0.30000001192092896
6596,1.0500000715255737,0.0,0.0,0.0,0.0,0.7500000596046448,0.30000001192092896
6597,25.02499995008111,0.0,9.0,0.0,0.0,15.725000709295273,0.30000001192092896
6598,0.6750000417232513,0.0,0.0,0.0,0.0,0.3750000298023224,0.30000001192092896
6599,1.6749999821186066,0.0,1.0,0.0,0.0,0.3750000298023224,0.30000001192092896
6600,0.6750000417232513,0.0,0.0,0.0,0.0,0.3750000298023224,0.30000001192092896
6601,1.0500000715255737,0.0,0.0,0.0,0.0,0.7500000596046448,0.30000001192092896
6602,1.0500000715255737,0.0,0.0,0.0,0.0,0.7500000596046448,0.30000001192092896
6603,0.05000007152557373,0.0,-1.0,0.0,0.0,0.7500000596046448,0.30000001192092896
6604,15.375000268220901,0.0,1.699999988079071,0.0,0.0,13.075000703334808,0.6000000238418579
6605,0.6750000417232513,0.0,0.0,0.0,0.0,0.3750000298023224,0.30000001192092896
6606,24.199999824166298,0.0,9.0,0.0,0.0,14.900000166147947,0.30000001192092896
6607,1.0500000715255737,0.0,0.0,0.0,0.0,0.7500000596046448,0.30000001192092896
6608,29.32499995827675,0.0,8.0,0.0,0.0,21.02500105649233,0.30000001192092896
6609,40.450000289827585,0.0,11.399999976158142,0.0,0.0,28.150001358240843,0.9000000357627869
6610,3.4249998033046722,0.0,2.0,0.0,0.0,1.1250000894069672,0.30000001192092896
6611,0.6750000417232513,0.0,0.0,0.0,0.0,0.3750000298023224,0.30000001192092896
6612,29.525000777095556,0.0,6.0,0.0,0.0,23.22500128298998,0.30000001192092896
6613,0.4250001013278961,0.0,-1.0,0.0,0.0,1.1250000894069672,0.30000001192092896
6614,1.1750001311302185,0.0,-1.0,0.0,0.0,1.875000149011612,0.30000001192092896
6615,0.6750000417232513,0.0,0.0,0.0,0.0,0.3750000298023224,0.30000001192092896
6616,1.4249999225139618,0.0,0.0,0.0,0.0,1.1250000894069672,0.30000001192092896
6617,2.050000011920929,0.0,1.0,0.0,0.0,0.7500000596046448,0.30000001192092896
6618,21.375000093132257,0.0,5.0,0.0,0.0,16.075000576674938,0.30000001192092896
6619,2.424999952316284,0.0,1.0,0.0,0.0,1.1250000894069672,0.30000001192092896
6620,43.350000105798244,-1.0000001192092896,11.0,0.0,0.0,33.05000166967511,0.30000001192092896
6621,2.049999922513962,0.0,1.0,0.0,0.0,0.7500000596046448,0.30000001192092896
6622,1.0500000715255737,0.0,0.0,0.0,0.0,0.7500000596046448,0.30000001192092896
6623,1.0500000715255737,0.0,0.0,0.0,0.0,0.7500000596046448,0.30000001192092896
6624,0.6750000417232513,0.0,0.0,0.0,0.0,0.3750000298023224,0.30000001192092896
6625,1.6749999821186066,0.0,1.0,0.0,0.0,0.3750000298023224,0.30000001192092896
6626,18.374999653548002,0.0,6.0,0.0,0.0,12.075000882148743,0.30000001192092896
6627,0.05000007152557373,0.0,-1.0,0.0,0.0,0.7500000596046448,0.30000001192092896
6628,1.0499999821186066,0.0,0.0,0.0,0.0,0.7500000596046448,0.30000001192092896
6629,0.6750000417232513,0.0,0.0,0.0,0.0,0.3750000298023224,0.30000001192092896
6630,0.6750000417232513,0.0,0.0,0.0,0.0,0.3750000298023224,0.30000001192092896
6631,2.050000011920929,0.0,1.0,0.0,0.0,0.7500000596046448,0.30000001192092896
6632,1.6749999821186066,0.0,1.0,0.0,0.0,0.3750000298023224,0.30000001192092896
6633,0.05000007152557373,0.0,-1.0,0.0,0.0,0.7500000596046448,0.30000001192092896
6634,20.725000701844692,0.0,3.0,0.0,0.0,17.425001304596663,0.30000001192092896
6635,0.6750000417232513,0.0,0.0,0.0,0.0,0.3750000298023224,0.30000001192092896
6636,1.0500000715255737,0.0,0.0,0.0,0.0,0.7500000596046448,0.30000001192092896
6637,1.4250001013278961,0.0,0.0,0.0,0.0,1.1250000894069672,0.30000001192092896
6638,8.92499977350235,0.0,2.700000047683716,0.0,0.0,5.625000447034836,0.6000000238418579
6639,1.0500000715255737,0.0,0.0,0.0,0.0,0.7500000596046448,0.30000001192092896
6640,3.4249998033046722,0.0,2.0,0.0,0.0,1.1250000894069672,0.30000001192092896
6641,2.450000047683716,0.0,1.0,0.0,0.0,1.1500000953674316,0.30000001192092896
6642,1.4250001013278961,0.0,0.0,0.0,0.0,1.1250000894069672,0.30000001192092896
6643,2.049999922513962,0.0,1.0,0.0,0.0,0.7500000596046448,0.30000001192092896
6644,39.72500007972121,-1.0000001192092896,9.899999976158142,-3.0,0.0,32.025000993162394,1.8000000715255737
6645,2.049999922513962,0.0,1.0,0.0,0.0,0.7500000596046448,0.30000001192092896
6646,1.0500000715255737,0.0,0.0,0.0,0.0,0.7500000596046448,0.30000001192092896
6647,0.6750000417232513,0.0,0.0,0.0,0.0,0.3750000298023224,0.30000001192092896
6648,0.05000004172325134,0.0,-1.0,0.0,0.0,0.7500000596046448,0.30000001192092896
6649,1.0500000715255737,0.0,0.0,0.0,0.0,0.7500000596046448,0.30000001192092896
6650,0.6750000417232513,0.0,0.0,0.0,0.0,0.3750000298023224,0.30000001192092896
6651,11.600000381469727,0.0,1.699999988079071,0.0,0.0,9.300000548362732,0.6000000238418579
6652,33.57499974966049,0.0,4.499999940395355,0.0,0.0,26.97500018775463,2.1000000834465027
6653,6.350000262260437,0.0,-1.600000023841858,0.0,0.0,7.050000548362732,0.9000000357627869
6654,1.4250001013278961,0.0,0.0,0.0,0.0,1.1250000894069672,0.30000001192092896
6655,1.0500000715255737,0.0,0.0,0.0,0.0,0.7500000596046448,0.30000001192092896
6656,21.000000081956387,0.0,3.699999988079071,0.0,0.0,16.700000029057264,0.6000000238418579
6657,30.750000938773155,-1.0000001192092896,4.099999964237213,0.0,0.0,25.550001341849566,2.1000000834465027
6658,1.0500000715255737,0.0,0.0,0.0,0.0,0.7500000596046448,0.30000001192092896
6659,2.049999922513962,0.0,1.0,0.0,0.0,0.7500000596046448,0.30000001192092896
6660,4.174999862909317,0.0,2.0,0.0,0.0,1.875000149011612,0.30000001192092896
6661,1.0500000715255737,0.0,0.0,0.0,0.0,0.7500000596046448,0.30000001192092896
6662,1.4250001013278961,0.0,0.0,0.0,0.0,1.1250000894069672,0.30000001192092896
6663,0.42500007152557373,0.0,-1.0,0.0,0.0,1.1250000894069672,0.30000001192092896
6664,33.52499944716692,-1.0000001192092896,14.5,0.0,0.0,19.425000306218863,0.6000000238418579
6665,43.32499918341637,0.0,17.399999976158142,0.0,0.0,25.0250004529953,0.9000000357627869
6666,1.0500000715255737,0.0,0.0,0.0,0.0,0.7500000596046448,0.30000001192092896
6667,1.4250001013278961,0.0,0.0,0.0,0.0,1.1250000894069672,0.30000001192092896
6668,0.6750000417232513,0.0,0.0,0.0,0.0,0.3750000298023224,0.30000001192092896
6669,1.8000001311302185,0.0,0.0,0.0,0.0,1.5000001192092896,0.30000001192092896
6670,0.8000001311302185,0.0,-1.0,0.0,0.0,1.5000001192092896,0.30000001192092896
6671,2.050000011920929,0.0,1.0,0.0,0.0,0.7500000596046448,0.30000001192092896
6672,40.42500111460686,-1.0000001192092896,10.0,0.0,0.0,31.125001717358828,0.30000001192092896
6673,2.4250000417232513,0.0,1.0,0.0,0.0,1.1250000894069672,0.30000001192092896
6674,1.0500000715255737,0.0,0.0,0.0,0.0,0.7500000596046448,0.30000001192092896
6675,1.0500000715255737,0.0,0.0,0.0,0.0,0.7500000596046448,0.30000001192092896
6676,27.100000858306885,-1.0000001192092896,9.0,0.0,0.0,18.80000138655305,0.30000001192092896
6677,30.225000023841858,0.0,5.099999964237213,0.0,0.0,23.6250002682209,1.5000000596046448
6678,53.82500022649765,-1.0000001192092896,22.599999964237213,0.0,0.0,30.725001264363527,1.5000000596046448
6679,0.6750000417232513,0.0,0.0,0.0,0.0,0.3750000298023224,0.30000001192092896
6680,23.10000043362379,0.0,1.0,0.0,0.0,21.800000302493572,0.30000001192092896
6681,2.049999922513962,0.0,1.0,0.0,0.0,0.7500000596046448,0.30000001192092896
6682,2.424999952316284,0.0,1.0,0.0,0.0,1.1250000894069672,0.30000001192092896
6683,52.525000654160976,-1.0000001192092896,20.19999998807907,0.0,0.0,32.425001353025436,0.9000000357627869
6684,2.4250000417232513,0.0,1.0,0.0,0.0,1.1250000894069672,0.30000001192092896
6685,1.0500000715255737,0.0,0.0,0.0,0.0,0.7500000596046448,0.30000001192092896
6686,0.6750000417232513,0.0,0.0,0.0,0.0,0.3750000298023224,0.30000001192092896
6687,0.6750000417232513,0.0,0.0,0.0,0.0,0.3750000298023224,0.30000001192092896
6688,1.4250001013278961,0.0,0.0,0.0,0.0,1.1250000894069672,0.30000001192092896
6689,13.950000256299973,0.0,2.400000035762787,0.0,0.0,10.650000303983688,0.9000000357627869
6690,23.300000801682472,-1.0000001192092896,3.0,0.0,0.0,21.0000004991889,0.30000001192092896
6691,4.275000412017107,0.0,-2.300000011920929,0.0,0.0,5.975000519305468,0.6000000238418579
6692,1.0500000715255737,0.0,0.0,0.0,0.0,0.7500000596046448,0.30000001192092896
6693,2.424999952316284,0.0,1.0,0.0,0.0,1.1250000894069672,0.30000001192092896
6694,1.0500000715255737,0.0,0.0,0.0,0.0,0.7500000596046448,0.30000001192092896
6695,36.100000854581594,0.0,10.399999976158142,0.0,0.0,24.80000102519989,0.9000000357627869
6696,1.8000001311302185,0.0,0.0,0.0,0.0,1.5000001192092896,0.30000001192092896
6697,35.94999995455146,0.0,12.0,0.0,0.0,23.650001399219036,0.30000001192092896
6698,0.6750000417232513,0.0,0.0,0.0,0.0,0.3750000298023224,0.30000001192092896
6699,38.10000120103359,0.0,9.699999988079071,0.0,0.0,27.800002049654722,0.6000000238418579
6700,2.049999922513962,0.0,1.0,0.0,0.0,0.7500000596046448,0.30000001192092896
6701,39.150000389665365,-1.0000001192092896,11.399999976158142,0.0,0.0,27.85000080987811,0.9000000357627869
6702,22.850000236183405,0.0,6.0,0.0,0.0,16.550000689923763,0.30000001192092896
6703,0.6750000417232513,0.0,0.0,0.0,0.0,0.3750000298023224,0.30000001192092896
6704,2.050000011920929,0.0,1.0,0.0,0.0,0.7500000596046448,0.30000001192092896
6705,0.6750000417232513,0.0,0.0,0.0,0.0,0.3750000298023224,0.30000001192092896
6706,2.424999952316284,0.0,1.0,0.0,0.0,1.1250000894069672,0.30000001192092896
6707,2.424999952316284,0.0,1.0,0.0,0.0,1.1250000894069672,0.30000001192092896
6708,0.8000001311302185,0.0,-1.0,0.0,0.0,1.5000001192092896,0.30000001192092896
6709,72.9000003375113,-1.0000001192092896,19.69999998807907,0.5,0.0,51.90000271052122,1.8000000715255737
6710,1.4250001013278961,0.0,0.0,0.0,0.0,1.1250000894069672,0.30000001192092896
6711,0.6750000417232513,0.0,0.0,0.0,0.0,0.3750000298023224,0.30000001192092896
6712,0.6750000417232513,0.0,0.0,0.0,0.0,0.3750000298023224,0.30000001192092896
6713,44.24999973922968,0.0,17.69999998807907,0.0,0.0,25.950002156198025,0.6000000238418579
6714,0.6750000417232513,0.0,0.0,0.0,0.0,0.3750000298023224,0.30000001192092896
6715,0.6750000417232513,0.0,0.0,0.0,0.0,0.3750000298023224,0.30000001192092896
6716,2.424999952316284,0.0,1.0,0.0,0.0,1.1250000894069672,0.30000001192092896
6717,1.4250001013278961,0.0,0.0,0.0,0.0,1.1250000894069672,0.30000001192092896
6718,1.0500000715255737,0.0,0.0,0.0,0.0,0.7500000596046448,0.30000001192092896
6719,0.6750000417232513,0.0,0.0,0.0,0.0,0.3750000298023224,0.30000001192092896
6720,2.049999922513962,0.0,1.0,0.0,0.0,0.7500000596046448,0.30000001192092896
6721,0.6750000417232513,0.0,0.0,0.0,0.0,0.3750000298023224,0.30000001192092896
6722,21.274999909102917,0.0,6.699999988079071,0.0,0.0,13.975000999867916,0.6000000238418579
6723,20.925000745803118,-1.0000001192092896,3.0,0.0,0.0,18.625001344829798,0.30000001192092896
6724,13.249999940395355,1.0000001192092896,3.5,-1.0,1.0,8.15000033378601,0.6000000238418579
6725,48.25000103935599,0.0,14.599999964237213,0.0,0.0,31.550001244992018,2.1000000834465027
6726,43.800000090152025,0.0,15.0,0.0,0.0,28.500001277774572,0.30000001192092896
6727,39.324999544769526,-1.0000001192092896,14.399999976158142,0.0,0.0,25.025000404566526,0.9000000357627869
6728,0.8000001013278961,0.0,-1.0,0.0,0.0,1.5000001192092896,0.30000001192092896
6729,21.350000698119402,0.0,3.199999988079071,0.0,0.0,16.350000966340303,1.8000000715255737
6730,1.8000001311302185,0.0,0.0,0.0,0.0,1.5000001192092896,0.30000001192092896
6731,0.6750000417232513,0.0,0.0,0.0,0.0,0.3750000298023224,0.30000001192092896
6732,0.6750000417232513,0.0,0.0,0.0,0.0,0.3750000298023224,0.30000001192092896
6733,0.6750000417232513,0.0,0.0,0.0,0.0,0.3750000298023224,0.30000001192092896
6734,2.050000011920929,0.0,1.0,0.0,0.0,0.7500000596046448,0.30000001192092896
6735,1.0500000715255737,0.0,0.0,0.0,0.0,0.7500000596046448,0.30000001192092896
6736,29.90000044927001,0.0,10.0,0.0,0.0,19.600000146776438,0.30000001192092896
6737,1.0500000715255737,0.0,0.0,0.0,0.0,0.7500000596046448,0.30000001192092896
6738,2.4250000417232513,0.0,1.0,0.0,0.0,1.1250000894069672,0.30000001192092896
6739,-0.32499995827674866,0.0,-1.0,0.0,0.0,0.3750000298023224,0.30000001192092896
6740,1.6749999821186066,0.0,1.0,0.0,0.0,0.3750000298023224,0.30000001192092896
6741,2.050000011920929,0.0,1.0,0.0,0.0,0.7500000596046448,0.30000001192092896
6742,1.0500000715255737,0.0,0.0,0.0,0.0,0.7500000596046448,0.30000001192092896
6743,33.97500069066882,0.0,6.0,0.0,0.0,27.675000678747892,0.30000001192092896
6744,41.55000067874789,0.0,11.699999988079071,0.0,0.0,29.250001400709152,0.6000000238418579
6745,0.6750000417232513,0.0,0.0,0.0,0.0,0.3750000298023224,0.30000001192092896
6746,33.899999756366014,0.0,11.5,0.0,0.0,21.800001319497824,0.6000000238418579
6747,2.424999952316284,0.0,1.0,0.0,0.0,1.1250000894069672,0.30000001192092896
6748,21.924999862909317,0.0,9.699999988079071,0.0,0.0,11.625000387430191,0.6000000238418579
6749,0.6750000417232513,0.0,0.0,0.0,0.0,0.3750000298023224,0.30000001192092896
6750,1.4250001013278961,0.0,0.0,0.0,0.0,1.1250000894069672,0.30000001192092896
6751,2.049999922513962,0.0,1.0,0.0,0.0,0.7500000596046448,0.30000001192092896
6752,3.175000011920929,0.0,1.0,0.0,0.0,1.875000149011612,0.30000001192092896
6753,1.0500000715255737,0.0,0.0,0.0,0.0,0.7500000596046448,0.30000001192092896
6754,1.6749999821186066,0.0,1.0,0.0,0.0,0.3750000298023224,0.30000001192092896
6755,1.0500000715255737,0.0,0.0,0.0,0.0,0.7500000596046448,0.30000001192092896
6756,0.05000004172325134,0.0,-1.0,0.0,0.0,0.7500000596046448,0.30000001192092896
6757,1.4249999225139618,0.0,0.0,0.0,0.0,1.1250000894069672,0.30000001192092896
6758,0.6750000417232513,0.0,0.0,0.0,0.0,0.3750000298023224,0.30000001192092896
6759,20.575000315904617,0.0,9.199999988079071,-3.0,0.0,13.175000697374344,1.2000000476837158
6760,-0.32499995827674866,0.0,-1.0,0.0,0.0,0.3750000298023224,0.30000001192092896
6761,23.225000970065594,-1.0000001192092896,5.0,0.0,0.0,18.925000585615635,0.30000001192092896
6762,1.0500000715255737,0.0,0.0,0.0,0.0,0.7500000596046448,0.30000001192092896
6763,1.4250001013278961,0.0,0.0,0.0,0.0,1.1250000894069672,0.30000001192092896
6764,85.07500064373016,-1.0000001192092896,36.0,-9.0,0.0,56.37500241398811,2.7000001072883606
6765,0.6750000417232513,0.0,0.0,0.0,0.0,0.3750000298023224,0.30000001192092896
6766,1.8000001311302185,0.0,0.0,0.0,0.0,1.5000001192092896,0.30000001192092896
6767,0.4250001013278961,0.0,-1.0,0.0,0.0,1.1250000894069672,0.30000001192092896
6768,0.42500007152557373,0.0,-1.0,0.0,0.0,1.1250000894069672,0.30000001192092896
6769,1.4250001013278961,0.0,0.0,0.0,0.0,1.1250000894069672,0.30000001192092896
6770,1.0500000715255737,0.0,0.0,0.0,0.0,0.7500000596046448,0.30000001192092896
6771,22.700000558048487,0.0,7.0,0.0,0.0,15.400001060217619,0.30000001192092896
6772,2.4250000417232513,0.0,1.0,0.0,0.0,1.1250000894069672,0.30000001192092896
6773,1.0500000715255737,0.0,0.0,0.0,0.0,0.7500000596046448,0.30000001192092896
6774,38.47500076517463,-1.0000001192092896,10.0,0.0,0.0,29.175001606345177,0.30000001192092896
6775,20.675000440329313,0.0,3.699999988079071,0.0,0.0,16.375000149011612,0.6000000238418579
6776,0.6750000417232513,0.0,0.0,0.0,0.0,0.3750000298023224,0.30000001192092896
6777,0.6750000417232513,0.0,0.0,0.0,0.0,0.3750000298023224,0.30000001192092896
6778,22.60000056773424,-1.0000001192092896,3.699999988079071,0.0,0.0,19.300001308321953,0.6000000238418579
6779,2.050000011920929,0.0,1.0,0.0,0.0,0.7500000596046448,0.30000001192092896
6780,41.05000066757202,0.0,13.399999976158142,0.0,0.0,26.75000074133277,0.9000000357627869
6781,1.0500000715255737,0.0,0.0,0.0,0.0,0.7500000596046448,0.30000001192092896
6782,0.6750000417232513,0.0,0.0,0.0,0.0,0.3750000298023224,0.30000001192092896
6783,2.050000011920929,0.0,1.0,0.0,0.0,0.7500000596046448,0.30000001192092896
6784,0.6750000417232513,0.0,0.0,0.0,0.0,0.3750000298023224,0.30000001192092896
6785,74.7000012844801,-1.0000001192092896,14.800000011920929,0.0,0.0,58.20000267773867,2.7000001072883606
6786,1.0500000715255737,0.0,0.0,0.0,0.0,0.7500000596046448,0.30000001192092896
6787,1.4250001013278961,0.0,0.0,0.0,0.0,1.1250000894069672,0.30000001192092896
6788,18.2999999076128,-1.0000001192092896,6.0,0.0,0.0,13.000000182539225,0.30000001192092896
6789,33.1250005364418,0.0,3.8999999165534973,0.0,0.0,26.225001007318497,3.0000001192092896
6790,0.6750000417232513,0.0,0.0,0.0,0.0,0.3750000298023224,0.30000001192092896
6791,0.6750000417232513,0.0,0.0,0.0,0.0,0.3750000298023224,0.30000001192092896
6792,4.549999892711639,0.0,2.0,0.0,0.0,2.2500001788139343,0.30000001192092896
6793,0.42500007152557373,0.0,-1.0,0.0,0.0,1.1250000894069672,0.30000001192092896
6794,26.449999812990427,-1.0000001192092896,9.0,0.0,0.0,18.150000136345625,0.30000001192092896
6795,0.6750000417232513,0.0,0.0,0.0,0.0,0.3750000298023224,0.30000001192092896
6796,1.6749999821186066,0.0,1.0,0.0,0.0,0.3750000298023224,0.30000001192092896
6797,1.0500000715255737,0.0,0.0,0.0,0.0,0.7500000596046448,0.30000001192092896
6798,41.075001090765,1.0000001192092896,10.5,0.5,1.0,26.875001072883606,1.2000000476837158
6799,1.0500000715255737,0.0,0.0,0.0,0.0,0.7500000596046448,0.30000001192092896
6800,2.424999952316284,0.0,1.0,0.0,0.0,1.1250000894069672,0.30000001192092896
6801,2.424999952316284,0.0,1.0,0.0,0.0,1.1250000894069672,0.30000001192092896
6802,0.6750000417232513,0.0,0.0,0.0,0.0,0.3750000298023224,0.30000001192092896
6803,0.6750000417232513,0.0,0.0,0.0,0.0,0.3750000298023224,0.30000001192092896
6804,30.900000866502523,-1.0000001192092896,12.0,0.0,0.0,19.60000118985772,0.30000001192092896
6805,2.050000011920929,0.0,1.0,0.0,0.0,0.7500000596046448,0.30000001192092896
6806,0.6750000417232513,0.0,0.0,0.0,0.0,0.3750000298023224,0.30000001192092896
6807,29.25000074878335,0.0,9.399999976158142,0.0,0.0,18.950000774115324,0.9000000357627869
6808,2.049999922513962,0.0,1.0,0.0,0.0,0.7500000596046448,0.30000001192092896
6809,3.049999862909317,0.0,2.0,0.0,0.0,0.7500000596046448,0.30000001192092896
6810,9.55000039935112,0.0,-0.5999999642372131,0.0,0.0,9.250000774860382,0.9000000357627869
6811,11.850000351667404,0.0,0.7000000476837158,0.0,0.0,10.550000727176666,0.6000000238418579
6812,21.275000900030136,0.0,2.399999976158142,0.0,0.0,17.97500093653798,0.9000000357627869
6813,2.424999952316284,0.0,1.0,0.0,0.0,1.1250000894069672,0.30000001192092896
6814,30.649999786168337,0.0,9.699999988079071,0.0,0.0,20.350000899285078,0.6000000238418579
6815,2.049999922513962,0.0,1.0,0.0,0.0,0.7500000596046448,0.30000001192092896
6816,1.0500000715255737,0.0,0.0,0.0,0.0,0.7500000596046448,0.30000001192092896
6817,1.8000001311302185,0.0,0.0,0.0,0.0,1.5000001192092896,0.30000001192092896
6818,2.424999952316284,0.0,1.0,0.0,0.0,1.1250000894069672,0.30000001192092896
6819,1.0500000715255737,0.0,0.0,0.0,0.0,0.7500000596046448,0.30000001192092896
6820,1.6749999821186066,0.0,1.0,0.0,0.0,0.3750000298023224,0.30000001192092896
6821,1.0500000715255737,0.0,0.0,0.0,0.0,0.7500000596046448,0.30000001192092896
6822,1.0500000715255737,0.0,0.0,0.0,0.0,0.7500000596046448,0.30000001192092896
6823,0.05000004172325134,0.0,-1.0,0.0,0.0,0.7500000596046448,0.30000001192092896
6824,12.525000005960464,0.0,4.399999976158142,0.0,0.0,7.225000590085983,0.9000000357627869
6825,37.40000105276704,0.0,8.899999976158142,-1.5,0.0,28.80000052973628,1.2000000476837158
6826,0.6750000417232513,0.0,0.0,0.0,0.0,0.3750000298023224,0.30000001192092896
6827,1.6749999821186066,0.0,1.0,0.0,0.0,0.3750000298023224,0.30000001192092896
6828,10.749999940395355,0.0,0.19999998807907104,-1.0,0.0,10.649999797344208,0.9000000357627869
6829,25.77500059083104,0.0,11.0,0.0,0.0,14.475000940263271,0.30000001192092896
6830,0.6750000417232513,0.0,0.0,0.0,0.0,0.3750000298023224,0.30000001192092896
6831,50.45000063255429,-1.0000001192092896,17.599999964237213,0.0,0.0,32.35000120103359,1.5000000596046448
6832,2.424999952316284,0.0,1.0,0.0,0.0,1.1250000894069672,0.30000001192092896
6833,1.6749999821186066,0.0,1.0,0.0,0.0,0.3750000298023224,0.30000001192092896
6834,21.75000011175871,0.0,7.0,0.0,0.0,14.45000059530139,0.30000001192092896
6835,38.07500064000487,-1.0000001192092896,10.0,0.0,0.0,28.775001835078,0.30000001192092896
6836,55.550001084804535,0.0,17.19999998807907,0.0,0.0,37.45000231266022,0.9000000357627869
6837,1.0500000715255737,0.0,0.0,0.0,0.0,0.7500000596046448,0.30000001192092896
6838,2.7999999821186066,0.0,1.0,0.0,0.0,1.5000001192092896,0.30000001192092896
6839,46.2250019647181,-1.0000001192092896,14.399999976158142,0.0,0.0,31.92500142008066,0.9000000357627869
6840,1.0500000715255737,0.0,0.0,0.0,0.0,0.7500000596046448,0.30000001192092896
6841,1.0500000715255737,0.0,0.0,0.0,0.0,0.7500000596046448,0.30000001192092896
6842,26.15000096336007,0.0,8.0,0.0,0.0,17.85000118613243,0.30000001192092896
6843,0.42500007152557373,0.0,-1.0,0.0,0.0,1.1250000894069672,0.30000001192092896
6844,0.6750000417232513,0.0,0.0,0.0,0.0,0.3750000298023224,0.30000001192092896
6845,0.6750000417232513,0.0,0.0,0.0,0.0,0.3750000298023224,0.30000001192092896
6846,1.0500000715255737,0.0,0.0,0.0,0.0,0.7500000596046448,0.30000001192092896
6847,58.92500066757202,-1.0000001192092896,29.399999976158142,0.0,0.0,29.624999962747097,0.9000000357627869
6848,1.4250001013278961,0.0,0.0,0.0,0.0,1.1250000894069672,0.30000001192092896
6849,0.42500007152557373,0.0,-1.0,0.0,0.0,1.1250000894069672,0.30000001192092896
6850,1.0500000715255737,0.0,0.0,0.0,0.0,0.7500000596046448,0.30000001192092896
6851,35.925001468509436,-1.0000001192092896,13.899999976158142,-1.5,0.0,23.32500098645687,1.2000000476837158
6852,2.049999922513962,0.0,1.0,0.0,0.0,0.7500000596046448,0.30000001192092896
6853,1.0500000715255737,0.0,0.0,0.0,0.0,0.7500000596046448,0.30000001192092896
6854,41.32500033453107,0.0,14.699999988079071,0.0,0.0,26.025001779198647,0.6000000238418579
6855,18.925001118332148,0.0,2.5,-1.5,0.0,17.32500133290887,0.6000000238418579
6856,2.424999952316284,0.0,1.0,0.0,0.0,1.1250000894069672,0.30000001192092896
6857,27.6750000230968,0.0,9.699999988079071,0.0,0.0,17.37500075623393,0.6000000238418579
6858,47.82499989122152,-1.0000001192092896,16.399999976158142,0.0,0.0,31.525001257658005,0.9000000357627869
6859,2.424999952316284,0.0,1.0,0.0,0.0,1.1250000894069672,0.30000001192092896
6860,37.025000631809235,0.0,12.199999988079071,0.0,0.0,23.925001472234726,0.9000000357627869
6861,0.6750000417232513,0.0,0.0,0.0,0.0,0.3750000298023224,0.30000001192092896
6862,25.225000377744436,-1.0000001192092896,6.0,0.0,0.0,19.92500090971589,0.30000001192092896
6863,1.4250001013278961,0.0,0.0,0.0,0.0,1.1250000894069672,0.30000001192092896
6864,1.4249999523162842,0.0,0.0,0.0,0.0,1.1250000894069672,0.30000001192092896
6865,2.7999999821186066,0.0,1.0,0.0,0.0,1.5000001192092896,0.30000001192092896
6866,3.175000011920929,0.0,1.0,0.0,0.0,1.875000149011612,0.30000001192092896
6867,1.0500000715255737,0.0,0.0,0.0,0.0,0.7500000596046448,0.30000001192092896
6868,1.0500000715255737,0.0,0.0,0.0,0.0,0.7500000596046448,0.30000001192092896
6869,40.17500004172325,-1.0000001192092896,11.399999976158142,0.0,0.0,28.57500161603093,1.2000000476837158
6870,0.6750000417232513,0.0,0.0,0.0,0.0,0.3750000298023224,0.30000001192092896
6871,1.0499999225139618,0.0,0.0,0.0,0.0,0.7500000596046448,0.30000001192092896
6872,-0.5749999284744263,0.0,-2.0,0.0,0.0,1.1250000894069672,0.30000001192092896
6873,10.125000804662704,0.0,0.3999999761581421,0.0,0.0,8.825000673532486,0.9000000357627869
6874,0.8000001013278961,0.0,-1.0,0.0,0.0,1.5000001192092896,0.30000001192092896
6875,1.0500000715255737,0.0,0.0,0.0,0.0,0.7500000596046448,0.30000001192092896
6876,29.724999975413084,0.0,9.699999988079071,0.0,0.0,19.125000178813934,0.9000000357627869
6877,3.4249998927116394,0.0,2.0,0.0,0.0,1.1250000894069672,0.30000001192092896
6878,37.27500031143427,0.0,13.399999976158142,0.0,0.0,22.975001070648432,0.9000000357627869
6879,0.6750000417232513,0.0,0.0,0.0,0.0,0.3750000298023224,0.30000001192092896
6880,0.6750000417232513,0.0,0.0,0.0,0.0,0.3750000298023224,0.30000001192092896
6881,24.900000918656588,-1.0000001192092896,4.699999988079071,0.0,0.0,20.600000888109207,0.6000000238418579
6882,1.0500000715255737,0.0,0.0,0.0,0.0,0.7500000596046448,0.30000001192092896
6883,0.8000001013278961,0.0,-1.0,0.0,0.0,1.5000001192092896,0.30000001192092896
6884,1.0500000715255737,0.0,0.0,0.0,0.0,0.7500000596046448,0.30000001192092896
6885,1.4250001013278961,0.0,0.0,0.0,0.0,1.1250000894069672,0.30000001192092896
6886,13.50000013411045,0.0,4.399999976158142,0.0,0.0,8.19999997317791,0.9000000357627869
6887,4.800000041723251,0.0,0.0,0.0,0.0,4.500000357627869,0.30000001192092896
6888,0.6750000417232513,0.0,0.0,0.0,0.0,0.3750000298023224,0.30000001192092896
6889,2.050000011920929,0.0,1.0,0.0,0.0,0.7500000596046448,0.30000001192092896
6890,1.6749999821186066,0.0,1.0,0.0,0.0,0.3750000298023224,0.30000001192092896
6891,3.049999862909317,0.0,2.0,0.0,0.0,0.7500000596046448,0.30000001192092896
6892,2.1749999821186066,0.0,0.0,0.0,0.0,1.875000149011612,0.30000001192092896
6893,0.42500007152557373,0.0,-1.0,0.0,0.0,1.1250000894069672,0.30000001192092896
6894,1.8000001311302185,0.0,0.0,0.0,0.0,1.5000001192092896,0.30000001192092896
6895,0.05000007152557373,0.0,-1.0,0.0,0.0,0.7500000596046448,0.30000001192092896
6896,38.77500008046627,0.0,11.599999964237213,0.0,0.0,25.675000816583633,1.5000000596046448
6897,0.6750000417232513,0.0,0.0,0.0,0.0,0.3750000298023224,0.30000001192092896
6898,49.350000597536564,0.0,14.5,-1.5,0.0,35.15000122413039,1.2000000476837158
6899,2.7999998033046722,0.0,1.0,0.0,0.0,1.5000001192092896,0.30000001192092896
6900,1.0500000715255737,0.0,0.0,0.0,0.0,0.7500000596046448,0.30000001192092896
6901,2.049999922513962,0.0,1.0,0.0,0.0,0.7500000596046448,0.30000001192092896
6902,0.05000004172325134,0.0,-1.0,0.0,0.0,0.7500000596046448,0.30000001192092896
6903,2.175000160932541,0.0,0.0,0.0,0.0,1.875000149011612,0.30000001192092896
6904,1.4250001013278961,0.0,0.0,0.0,0.0,1.1250000894069672,0.30000001192092896
6905,44.07500096410513,-1.0000001192092896,14.699999988079071,0.0,0.0,29.175001699477434,1.2000000476837158
6906,0.6750000417232513,0.0,0.0,0.0,0.0,0.3750000298023224,0.30000001192092896
6907,2.049999922513962,0.0,1.0,0.0,0.0,0.7500000596046448,0.30000001192092896
6908,0.6750000417232513,0.0,0.0,0.0,0.0,0.3750000298023224,0.30000001192092896
6909,1.6749999821186066,0.0,1.0,0.0,0.0,0.3750000298023224,0.30000001192092896
6910,0.6750000417232513,0.0,0.0,0.0,0.0,0.3750000298023224,0.30000001192092896
6911,17.774999987334013,0.0,4.0,0.0,0.0,13.475000519305468,0.30000001192092896
6912,1.4249999225139618,0.0,0.0,0.0,0.0,1.1250000894069672,0.30000001192092896
6913,32.250000938773155,0.0,10.399999976158142,0.0,0.0,20.95000059530139,0.9000000357627869
6914,30.174999989569187,0.0,13.899999976158142,-4.5,0.0,19.57500073313713,1.2000000476837158
6915,0.6750000417232513,0.0,0.0,0.0,0.0,0.3750000298023224,0.30000001192092896
6916,20.599999986588955,0.0,4.699999988079071,0.0,0.0,15.300000738352537,0.6000000238418579
6917,15.400000244379044,0.0,3.0,-1.0,0.0,12.500000685453415,0.9000000357627869
6918,1.4249999523162842,0.0,0.0,0.0,0.0,1.1250000894069672,0.30000001192092896
6919,1.4250001013278961,0.0,0.0,0.0,0.0,1.1250000894069672,0.30000001192092896
6920,0.6750000417232513,0.0,0.0,0.0,0.0,0.3750000298023224,0.30000001192092896
6921,37.800000604242086,0.0,11.899999976158142,-3.0,0.0,27.70000095665455,1.2000000476837158
6922,1.425000011920929,0.0,0.0,0.0,0.0,1.1250000894069672,0.30000001192092896
6923,32.19999973848462,0.0,9.399999976158142,0.0,0.0,21.90000046789646,0.9000000357627869
6924,2.424999952316284,0.0,1.0,0.0,0.0,1.1250000894069672,0.30000001192092896
6925,3.4249998927116394,0.0,2.0,0.0,0.0,1.1250000894069672,0.30000001192092896
6926,1.0500000715255737,0.0,0.0,0.0,0.0,0.7500000596046448,0.30000001192092896
6927,0.42500007152557373,0.0,-1.0,0.0,0.0,1.1250000894069672,0.30000001192092896
6928,30.7250011600554,-1.0000001192092896,8.0,0.0,0.0,23.425001434981823,0.30000001192092896
6929,1.0500000715255737,0.0,0.0,0.0,0.0,0.7500000596046448,0.30000001192092896
6930,1.0500000715255737,0.0,0.0,0.0,0.0,0.7500000596046448,0.30000001192092896
6931,0.6750000417232513,0.0,0.0,0.0,0.0,0.3750000298023224,0.30000001192092896
6932,0.6750000417232513,0.0,0.0,0.0,0.0,0.3750000298023224,0.30000001192092896
6933,32.725000362843275,0.0,8.0,0.0,0.0,24.42500102519989,0.30000001192092896
6934,40.37499986216426,0.0,17.69999998807907,0.0,0.0,22.075000498443842,0.6000000238418579
6935,0.6750000417232513,0.0,0.0,0.0,0.0,0.3750000298023224,0.30000001192092896
6936,1.4250001013278961,0.0,0.0,0.0,0.0,1.1250000894069672,0.30000001192092896
6937,69.07500167191029,0.0,22.599999964237213,0.0,0.0,44.375001177191734,2.1000000834465027
6938,34.95000009611249,0.0,9.099999964237213,0.0,0.0,24.650000117719173,1.2000000476837158
6939,1.0500000715255737,0.0,0.0,0.0,0.0,0.7500000596046448,0.30000001192092896
6940,1.6749999821186066,0.0,1.0,0.0,0.0,0.3750000298023224,0.30000001192092896
6941,1.4250001013278961,0.0,0.0,0.0,0.0,1.1250000894069672,0.30000001192092896
6942,1.0500000715255737,0.0,0.0,0.0,0.0,0.7500000596046448,0.30000001192092896
6943,1.4250001013278961,0.0,0.0,0.0,0.0,1.1250000894069672,0.30000001192092896
6944,2.424999952316284,0.0,1.0,0.0,0.0,1.1250000894069672,0.30000001192092896
6945,0.6750000417232513,0.0,0.0,0.0,0.0,0.3750000298023224,0.30000001192092896
6946,0.6750000417232513,0.0,0.0,0.0,0.0,0.3750000298023224,0.30000001192092896
6947,0.6750000417232513,0.0,0.0,0.0,0.0,0.3750000298023224,0.30000001192092896
6948,66.10000026598573,0.0,25.599999964237213,2.5,0.0,36.50000185519457,1.5000000596046448
6949,1.4250001013278961,0.0,0.0,0.0,0.0,1.1250000894069672,0.30000001192092896
6950,0.6750000417232513,0.0,0.0,0.0,0.0,0.3750000298023224,0.30000001192092896
6951,1.0499999225139618,0.0,0.0,0.0,0.0,0.7500000596046448,0.30000001192092896
6952,33.62500014901161,-1.0000001192092896,9.0,0.0,0.0,25.325001675635576,0.30000001192092896
6953,1.8000001311302185,0.0,0.0,0.0,0.0,1.5000001192092896,0.30000001192092896
6954,21.750000208616257,0.0,5.199999988079071,-6.0,0.0,21.350001007318497,1.2000000476837158
6955,2.7999999821186066,0.0,1.0,0.0,0.0,1.5000001192092896,0.30000001192092896
6956,1.4250001013278961,0.0,0.0,0.0,0.0,1.1250000894069672,0.30000001192092896
6957,3.4249998033046722,0.0,2.0,0.0,0.0,1.1250000894069672,0.30000001192092896
6958,0.6750000417232513,0.0,0.0,0.0,0.0,0.3750000298023224,0.30000001192092896
6959,2.424999952316284,0.0,1.0,0.0,0.0,1.1250000894069672,0.30000001192092896
6960,1.0500000715255737,0.0,0.0,0.0,0.0,0.7500000596046448,0.30000001192092896
6961,0.6750000417232513,0.0,0.0,0.0,0.0,0.3750000298023224,0.30000001192092896
6962,25.42500003427267,0.0,7.0,0.0,0.0,18.125000160187483,0.30000001192092896
6963,1.4249999225139618,0.0,0.0,0.0,0.0,1.1250000894069672,0.30000001192092896
6964,46.375001203268766,-1.0000001192092896,17.999999940395355,-3.0,0.0,29.675001174211502,2.7000001072883606
6965,2.424999952316284,0.0,1.0,0.0,0.0,1.1250000894069672,0.30000001192092896
6966,0.6750000417232513,0.0,0.0,0.0,0.0,0.3750000298023224,0.30000001192092896
6967,1.4250001013278961,0.0,0.0,0.0,0.0,1.1250000894069672,0.30000001192092896
6968,0.6750000417232513,0.0,0.0,0.0,0.0,0.3750000298023224,0.30000001192092896
6969,2.175000160932541,0.0,0.0,0.0,0.0,1.875000149011612,0.30000001192092896
6970,1.4250001013278961,0.0,0.0,0.0,0.0,1.1250000894069672,0.30000001192092896
6971,1.425000011920929,0.0,0.0,0.0,0.0,1.1250000894069672,0.30000001192092896
6972,3.4249998927116394,0.0,2.0,0.0,0.0,1.1250000894069672,0.30000001192092896
6973,2.050000011920929,0.0,1.0,0.0,0.0,0.7500000596046448,0.30000001192092896
6974,35.425000201910734,0.0,10.699999988079071,0.0,0.0,24.12500185891986,0.6000000238418579
6975,25.849999830126762,-1.0000001192092896,10.699999988079071,0.0,0.0,15.550000719726086,0.6000000238418579
6976,0.6750000417232513,0.0,0.0,0.0,0.0,0.3750000298023224,0.30000001192092896
6977,1.0500000715255737,0.0,0.0,0.0,0.0,0.7500000596046448,0.30000001192092896
6978,35.92500067129731,0.0,10.699999988079071,0.0,0.0,24.625000279396772,0.6000000238418579
6979,1.4250001013278961,0.0,0.0,0.0,0.0,1.1250000894069672,0.30000001192092896
6980,52.15000093728304,-1.0000001192092896,15.0,0.0,0.0,37.85000182688236,0.30000001192092896
6981,53.42499928176403,0.0,19.0,-3.0,0.0,36.525001883506775,0.9000000357627869
6982,2.424999952316284,0.0,1.0,0.0,0.0,1.1250000894069672,0.30000001192092896
6983,42.35000040382147,0.0,11.0,0.0,0.0,31.050001602619886,0.30000001192092896
6984,0.6750000417232513,0.0,0.0,0.0,0.0,0.3750000298023224,0.30000001192092896
6985,1.0499999821186066,0.0,0.0,0.0,0.0,0.7500000596046448,0.30000001192092896
6986,56.225000981241465,0.0,16.69999998807907,0.0,0.0,38.925001069903374,0.6000000238418579
6987,0.05000004172325134,0.0,-1.0,0.0,0.0,0.7500000596046448,0.30000001192092896
6988,0.4250001013278961,0.0,-1.0,0.0,0.0,1.1250000894069672,0.30000001192092896
6989,11.575000196695328,0.0,0.5,0.0,0.0,10.475000143051147,0.6000000238418579
6990,0.6750000417232513,0.0,0.0,0.0,0.0,0.3750000298023224,0.30000001192092896
6991,1.0500000715255737,0.0,0.0,0.0,0.0,0.7500000596046448,0.30000001192092896
6992,0.05000004172325134,0.0,-1.0,0.0,0.0,0.7500000596046448,0.30000001192092896
6993,32.35000020638108,0.0,10.699999988079071,0.0,0.0,21.05000150203705,0.6000000238418579
6994,0.6750000417232513,0.0,0.0,0.0,0.0,0.3750000298023224,0.30000001192092896
6995,0.6750000417232513,0.0,0.0,0.0,0.0,0.3750000298023224,0.30000001192092896
6996,27.199999131262302,0.0,12.699999988079071,0.0,0.0,13.900000166147947,0.6000000238418579
6997,17.300000362098217,0.0,4.0,0.0,0.0,13.00000075623393,0.30000001192092896
6998,1.4250001013278961,0.0,0.0,0.0,0.0,1.1250000894069672,0.30000001192092896
6999,0.6750000417232513,0.0,0.0,0.0,0.0,0.3750000298023224,0.30000001192092896
7000,1.0500000715255737,0.0,0.0,0.0,0.0,0.7500000596046448,0.30000001192092896
