Episode,R_total,R_env,R_energy,R_passing,R_in_box,R_assist,R_role,R_approach
1,7.698878015962581,0.0,9.023878015962582,-2.0,0.0,0.0,0.3750000298023224,0.30000001192092896
2,7.339462522470561,0.0,9.289462522470561,-3.0,0.0,0.0,0.7500000596046448,0.30000001192092896
3,8.59711441077104,0.0,11.172114410771039,-4.0,0.0,0.0,1.1250000894069672,0.30000001192092896
4,16.14326640279195,0.0,18.093266402791954,-3.0,0.0,0.0,0.7500000596046448,0.30000001192092896
5,16.050431916318452,0.0,18.62543191631846,-4.0,0.0,0.0,1.1250000894069672,0.30000001192092896
6,10.697661261752653,0.0,12.647661261752654,-3.0,0.0,0.0,0.7500000596046448,0.30000001192092896
7,8.940804955653173,0.0,10.890804955653172,-3.0,0.0,0.0,0.7500000596046448,0.30000001192092896
8,8.92056556916739,0.0,10.87056556916739,-3.0,0.0,0.0,0.7500000596046448,0.30000001192092896
9,6.12039432111614,0.0,7.445394321116139,-2.0,0.0,0.0,0.3750000298023224,0.30000001192092896
10,37.63670720096098,1.0000001192092896,49.61170717115867,-21.5,-1.5,1.0,8.725000470876694,0.30000001192092896
11,6.121556814142509,0.0,7.446556814142508,-2.0,0.0,0.0,0.3750000298023224,0.30000001192092896
12,35.47605124390993,0.0,52.75105124390992,-28.0,0.0,0.0,10.725000351667404,0.0
13,17.499862754912847,0.0,20.074862754912846,-4.0,0.0,0.0,1.1250000894069672,0.30000001192092896
14,7.678919435772944,0.0,9.003919435772943,-2.0,0.0,0.0,0.3750000298023224,0.30000001192092896
15,9.707637012013935,0.0,9.032637012013936,0.0,0.0,0.0,0.3750000298023224,0.30000001192092896
16,5.475177709137743,0.0,7.425177709137744,-3.0,0.0,0.0,0.7500000596046448,0.30000001192092896
17,59.48408391310266,0.0,93.85908391310265,-43.5,-6.0,0.0,14.825000822544098,0.30000001192092896
18,125.0439039563398,0.0,163.64390395633976,-61.299999952316284,0.0,0.0,22.100000113248825,0.6000000238418579
19,123.42549631300035,0.0,169.7754963130004,-74.29999995231628,0.0,0.0,27.35000117123127,0.6000000238418579
20,127.86252333000124,0.0,161.1625233300012,-60.0,0.0,0.0,26.70000158250332,0.0
21,96.19405189903455,0.0,141.61905189903456,-68.0,0.0,0.0,22.575000435113907,0.0
22,9.363258800329104,0.0,9.313258800329107,-1.0,0.0,0.0,0.7500000596046448,0.30000001192092896
23,49.19521623138902,0.0,73.92021623138902,-38.0,0.0,0.0,12.975000888109207,0.30000001192092896
24,6.132980360939678,0.0,7.457980360939677,-2.0,0.0,0.0,0.3750000298023224,0.30000001192092896
25,6.101791656251691,0.0,7.42679165625169,-2.0,0.0,0.0,0.3750000298023224,0.30000001192092896
26,11.368657014036671,0.0,14.56865701403667,-5.0,0.0,0.0,1.5000001192092896,0.30000001192092896
27,6.098649467859044,0.0,7.423649467859045,-2.0,0.0,0.0,0.3750000298023224,0.30000001192092896
28,6.089034049531275,0.0,7.414034049531276,-2.0,0.0,0.0,0.3750000298023224,0.30000001192092896
29,208.17275983876252,0.0,243.12275983876256,-56.299999952316284,0.0,0.0,19.85000056028366,1.5000000596046448
30,146.26181729379914,0.0,211.41181729379903,-88.59999990463257,0.0,0.0,21.950000636279583,1.5000000596046448
31,6.108674645450113,0.0,7.433674645450113,-2.0,0.0,0.0,0.3750000298023224,0.30000001192092896
32,8.095383023686278,0.0,7.420383023686278,0.0,0.0,0.0,0.3750000298023224,0.30000001192092896
33,37.03598521912821,0.0,47.51098521912821,-20.0,0.0,0.0,9.525000780820847,0.0
34,7.3048948481261045,0.0,9.254894848126106,-3.0,0.0,0.0,0.7500000596046448,0.30000001192092896
35,113.90487027687469,-1.0000001192092896,157.82987030667687,-61.0,0.0,0.0,18.07500045374036,0.0
36,69.43843714539283,-1.0000001192092896,156.7634371751952,-109.0,0.0,0.0,22.67500051110983,0.0
37,47.65852121479584,0.0,69.38352121479583,-33.299999952316284,0.0,0.0,11.275000661611557,0.30000001192092896
38,6.110382133095976,0.0,7.435382133095976,-2.0,0.0,0.0,0.3750000298023224,0.30000001192092896
39,8.900942584857855,0.0,10.850942584857856,-3.0,0.0,0.0,0.7500000596046448,0.30000001192092896
40,111.56456363013122,0.0,191.91456363013123,-98.89999997615814,0.0,0.0,17.650000724941492,0.9000000357627869
41,6.0932292888690185,0.0,7.418229288869019,-2.0,0.0,0.0,0.3750000298023224,0.30000001192092896
42,6.125799047717888,0.0,7.450799047717888,-2.0,0.0,0.0,0.3750000298023224,0.30000001192092896
43,7.697733108102231,0.0,9.022733108102232,-2.0,0.0,0.0,0.3750000298023224,0.30000001192092896
44,121.3268795147724,0.0,166.8268795147724,-73.29999995231628,0.0,0.0,27.500000700354576,0.30000001192092896
45,174.4559395242876,-1.0000001192092896,232.90593955408985,-80.0,0.0,0.0,22.55000065639615,0.0
46,91.88134425529884,0.0,117.08134425529887,-42.0,0.0,0.0,16.50000061094761,0.30000001192092896
47,10.753683901316979,0.0,12.703683901316978,-3.0,0.0,0.0,0.7500000596046448,0.30000001192092896
48,90.3490414570932,0.0,171.77404145709338,-102.59999990463257,0.0,0.0,20.575001001358032,0.6000000238418579
49,7.675466812757257,0.0,9.000466812757258,-2.0,0.0,0.0,0.3750000298023224,0.30000001192092896
50,56.74901603967441,-1.0000001192092896,129.24901606947668,-86.0,0.0,0.0,14.500000655651093,0.0
51,212.20301376873348,0.0,291.4030137687334,-121.5,0.0,0.0,42.00000166520476,0.30000001192092896
52,40.27825496295864,0.0,63.57825496295864,-35.0,0.0,0.0,11.700000584125519,0.0
53,67.28720845282731,0.0,103.73720845282729,-49.0,0.0,0.0,12.250000417232513,0.30000001192092896
54,8.895673620370712,0.0,10.845673620370711,-3.0,0.0,0.0,0.7500000596046448,0.30000001192092896
55,102.3199193311519,-1.0000001192092896,159.16991936095428,-73.0,0.0,0.0,17.150000516325235,0.0
56,8.933076578066904,0.0,10.883076578066904,-3.0,0.0,0.0,0.7500000596046448,0.30000001192092896
57,105.69001957937104,0.0,131.190019579371,-47.5,-1.5,0.0,22.900001615285873,0.6000000238418579
58,135.21531783677204,0.0,170.74031783677202,-65.0,-1.5,0.0,30.375001788139343,0.6000000238418579
59,7.68113270661504,0.0,9.00613270661504,-2.0,0.0,0.0,0.3750000298023224,0.30000001192092896
60,236.28499109957204,0.0,338.08499109957233,-136.49999982118607,0.0,0.0,32.600001245737076,2.1000000834465027
61,52.56708522231344,0.0,63.267085222313426,-17.0,0.0,0.0,6.000000149011612,0.30000001192092896
62,99.60111616707015,-1.0000001192092896,201.72611619687237,-131.29999995231628,0.0,0.0,29.87500164285302,0.30000001192092896
63,36.114028134770514,0.0,47.389028134770506,-18.0,0.0,0.0,6.4250002801418304,0.30000001192092896
64,7.343651958519504,0.0,9.293651958519504,-3.0,0.0,0.0,0.7500000596046448,0.30000001192092896
65,74.9616475126132,0.0,87.11164751261317,-23.299999952316284,0.0,0.0,10.550000458955765,0.6000000238418579
66,14.786539622174109,0.0,18.68653962217411,-6.0,0.0,0.0,1.8000001311302185,0.30000001192092896
67,7.33000517270393,0.0,9.280005172703929,-3.0,0.0,0.0,0.7500000596046448,0.30000001192092896
68,158.0192971271214,-1.0000001192092896,205.41929715692365,-72.0,0.0,0.0,25.300000850111246,0.30000001192092896
69,7.701099219035932,0.0,9.026099219035933,-2.0,0.0,0.0,0.3750000298023224,0.30000001192092896
70,226.5286118025834,-1.0000001192092896,289.3786118323856,-105.59999990463257,0.0,0.0,42.85000168904662,0.9000000357627869
71,171.77452881985135,0.0,265.99952881985126,-132.0,0.0,0.0,37.475001219660044,0.30000001192092896
72,111.46394654329976,-1.0000001192092896,139.28894657310204,-40.0,0.0,0.0,13.175000358372927,0.0
73,206.08847465443498,-1.0000001192092896,301.33847468423767,-124.30000001192093,0.0,0.0,29.45000085234642,0.6000000238418579
74,75.63960248797444,0.0,122.7646024879744,-62.299999952316284,0.0,0.0,14.575000286102295,0.6000000238418579
75,68.01377867184391,0.0,91.53877867184391,-39.299999952316284,0.0,0.0,15.475000947713852,0.30000001192092896
76,74.03681546099618,0.0,147.8868154609961,-92.0,0.0,0.0,18.15000069141388,0.0
77,115.94562956803038,0.0,164.94562956803028,-68.30000001192093,0.0,0.0,19.00000075250864,0.30000001192092896
78,131.66304871593178,0.0,154.58804871593182,-40.0,0.0,0.0,17.075001023709774,0.0
79,15.658573374541986,0.0,24.608573374541994,-14.0,0.0,0.0,5.050000429153442,0.0
80,158.96735649500712,0.0,309.6423564950072,-182.09999990463257,-3.0,0.0,32.92500179633498,1.5000000596046448
81,209.16172105732002,0.0,350.86172105731987,-176.0,-1.5,0.0,35.20000100508332,0.6000000238418579
82,9.53597574679201,0.0,10.86097574679201,-2.0,0.0,0.0,0.3750000298023224,0.30000001192092896
83,18.4446392497068,0.0,24.144639249706795,-9.0,0.0,0.0,3.000000238418579,0.30000001192092896
84,125.44653635725595,-1.0000001192092896,158.07153638705825,-51.0,0.0,0.0,19.375001151114702,0.0
85,6.113699739623053,0.0,7.438699739623053,-2.0,0.0,0.0,0.3750000298023224,0.30000001192092896
86,43.69837622150694,0.0,111.04837622150697,-84.59999990463257,0.0,0.0,16.650000654160976,0.6000000238418579
87,6.111074534184664,0.0,7.436074534184663,-2.0,0.0,0.0,0.3750000298023224,0.30000001192092896
88,124.30260919509173,-1.0000001192092896,226.47760922489408,-133.0,0.0,0.0,31.825001288205385,0.0
89,16.84523002631335,0.0,18.79523002631335,-3.0,0.0,0.0,0.7500000596046448,0.30000001192092896
90,123.0452203132762,0.0,168.6202203132761,-62.0,0.0,0.0,16.42500015348196,0.0
91,161.24478750713394,-1.0000001192092896,208.39478753693612,-73.0,0.0,0.0,26.550000470131636,0.30000001192092896
92,122.84844891839428,0.0,146.49844891839433,-51.299999952316284,0.0,0.0,27.05000066757202,0.6000000238418579
93,313.157023745558,0.0,466.3320237455578,-194.89999985694885,0.0,0.0,40.82500132918358,0.9000000357627869
94,73.02962787776296,0.0,89.80462787776297,-28.299999952316284,0.0,0.0,11.225000560283661,0.30000001192092896
95,17.55038244361633,0.0,24.675382443616325,-12.0,0.0,0.0,4.875000387430191,0.0
96,7.7392700466389135,0.0,9.064270046638914,-2.0,0.0,0.0,0.3750000298023224,0.30000001192092896
97,206.12336561535562,-1.0000001192092896,287.0483656451583,-119.09999990463257,0.0,0.0,38.275001756846905,0.9000000357627869
98,7.699300794922916,0.0,9.024300794922915,-2.0,0.0,0.0,0.3750000298023224,0.30000001192092896
99,7.712639343843771,0.0,9.03763934384377,-2.0,0.0,0.0,0.3750000298023224,0.30000001192092896
100,12.06928520923943,0.0,14.644285209239433,-4.0,0.0,0.0,1.1250000894069672,0.30000001192092896
101,122.20916434849485,0.0,148.85916434849486,-43.3999999165535,0.0,0.0,15.250000357627869,1.5000000596046448
102,10.08924318055592,0.0,12.664243180555921,-4.0,0.0,0.0,1.1250000894069672,0.30000001192092896
103,123.35247307033147,0.0,213.37747307033138,-112.89999985694885,0.0,0.0,21.97500079870224,0.9000000357627869
104,11.920382452647535,0.0,14.495382452647535,-4.0,0.0,0.0,1.1250000894069672,0.30000001192092896
105,48.76675914000247,0.0,63.96675914000249,-16.5,-6.0,0.0,7.00000025331974,0.30000001192092896
106,121.59644746258662,0.0,184.2714474625867,-89.0,0.0,0.0,26.325001575052738,0.0
107,109.6462541861692,0.0,140.82125418616923,-46.0,0.0,0.0,14.825000528246164,0.0
108,48.37279932532448,0.0,67.32279932532445,-27.0,0.0,0.0,7.75000025331974,0.30000001192092896
109,52.84689350234294,1.0000001192092896,72.99689347254065,-34.299999952316284,0.0,1.0,11.850000500679016,0.30000001192092896
110,94.02531729334487,0.0,126.2503172933448,-43.5,-4.5,0.0,15.175000578165054,0.6000000238418579
111,109.80630273515574,-1.0000001192092896,149.68130276495793,-59.0,0.0,0.0,20.125001568347216,0.0
112,10.882505985857104,0.0,10.832505985857107,-1.0,0.0,0.0,0.7500000596046448,0.30000001192092896
113,7.670680056856481,0.0,8.99568005685648,-2.0,0.0,0.0,0.3750000298023224,0.30000001192092896
114,185.67287175858092,0.0,242.4978717585811,-86.89999985694885,0.0,0.0,28.27500032633543,1.8000000715255737
115,7.680812368384029,0.0,9.005812368384028,-2.0,0.0,0.0,0.3750000298023224,0.30000001192092896
116,113.90205976088437,-1.0000001192092896,148.4270597906867,-53.0,0.0,0.0,19.475001342594624,0.0
117,178.28967829671862,-1.0000001192092896,216.91467832652086,-71.0,0.0,0.0,33.375002425163984,0.0
118,7.695598259291003,0.0,9.020598259291003,-2.0,0.0,0.0,0.3750000298023224,0.30000001192092896
119,93.05348311688118,-1.0000001192092896,198.20348314668354,-124.29999995231628,0.0,0.0,19.8500009290874,0.30000001192092896
120,42.54432391182034,0.0,63.01932391182034,-31.0,0.0,0.0,10.525000587105751,0.0
121,27.906973071703725,0.0,29.93197307170372,-4.0,0.0,0.0,1.6750001013278961,0.30000001192092896
122,61.49646957572657,0.0,89.32146957572655,-43.0,0.0,0.0,15.17500089108944,0.0
123,7.682636442316479,0.0,9.00763644231648,-2.0,0.0,0.0,0.3750000298023224,0.30000001192092896
124,169.9349945816924,0.0,211.35999458169232,-69.5,0.0,0.0,27.175000593066216,0.9000000357627869
125,99.95169248761313,0.0,145.37669248761307,-61.299999952316284,0.0,0.0,15.275000393390656,0.6000000238418579
126,28.42562241175885,0.0,41.22562241175885,-21.0,0.0,0.0,8.200000643730164,0.0
127,6.089730452624152,0.0,7.414730452624151,-2.0,0.0,0.0,0.3750000298023224,0.30000001192092896
128,133.87388371615546,0.0,225.32388371615548,-131.29999995231628,0.0,0.0,39.25000121816993,0.6000000238418579
129,7.713606772597411,0.0,9.03860677259741,-2.0,0.0,0.0,0.3750000298023224,0.30000001192092896
130,140.3604934564113,-1.0000001192092896,166.88549348621385,-42.0,0.0,0.0,16.175000373274088,0.30000001192092896
131,56.816372364013105,0.0,101.49137236401309,-59.0,0.0,0.0,14.325000494718552,0.0
132,120.31454744523265,-1.0000001192092896,196.51454747503482,-108.30000001192093,0.0,0.0,32.80000123009086,0.30000001192092896
133,188.41130544193618,-1.0000001192092896,243.1363054717384,-84.0,0.0,0.0,29.975000984966755,0.30000001192092896
134,6.100294826042332,0.0,7.4252948260423315,-2.0,0.0,0.0,0.3750000298023224,0.30000001192092896
135,94.84547806545217,0.0,172.7954780654523,-96.0,0.0,0.0,18.050000466406345,0.0
136,116.30185943982927,0.0,161.77685943982934,-75.0,0.0,0.0,29.525001138448715,0.0
137,99.2945694767672,0.0,145.34456947676736,-69.0,0.0,0.0,22.95000109821558,0.0
138,35.64129271276304,0.0,49.76629271276305,-24.0,0.0,0.0,9.875000834465027,0.0
139,137.76156921698174,0.0,191.1865692169817,-84.29999995231628,0.0,0.0,30.575000017881393,0.30000001192092896
140,8.892869676391514,0.0,10.842869676391514,-3.0,0.0,0.0,0.7500000596046448,0.30000001192092896
141,42.91343207897694,1.0000001192092896,47.41343204917461,-23.0,0.0,1.0,16.500000715255737,0.0
142,133.27538984783632,-1.0000001192092896,151.62538987763867,-34.0,0.0,0.0,16.650000531226397,0.0
143,17.068615207658347,0.0,27.11861520765835,-15.0,0.0,0.0,4.95000034570694,0.0
144,14.751345957568262,0.0,20.676345957568262,-10.0,0.0,0.0,4.075000315904617,0.0
145,8.922225568054547,0.0,10.872225568054548,-3.0,0.0,0.0,0.7500000596046448,0.30000001192092896
146,15.57389283778356,0.0,24.848892837783566,-14.0,0.0,0.0,4.725000351667404,0.0
147,10.137479785394332,0.0,12.712479785394331,-4.0,0.0,0.0,1.1250000894069672,0.30000001192092896
148,66.7526407197055,-1.0000001192092896,206.87764074950783,-162.29999995231628,0.0,0.0,22.875001043081284,0.30000001192092896
149,6.1094756677290425,0.0,7.434475667729044,-2.0,0.0,0.0,0.3750000298023224,0.30000001192092896
150,6.105580650307993,0.0,7.430580650307993,-2.0,0.0,0.0,0.3750000298023224,0.30000001192092896
151,154.91523997003068,-1.0000001192092896,230.2152399998331,-103.29999995231628,0.0,0.0,28.400001097470522,0.6000000238418579
152,27.969066647181695,0.0,29.919066647181694,-3.0,0.0,0.0,0.7500000596046448,0.30000001192092896
153,79.3719693558012,0.0,107.07196935580117,-41.0,0.0,0.0,12.700000315904617,0.6000000238418579
154,162.65040194939664,0.0,226.82540194939656,-92.80000001192093,0.0,0.0,27.425000846385956,1.2000000476837158
155,48.47430346078295,0.0,65.49930346078295,-28.299999952316284,0.0,0.0,10.975000649690628,0.30000001192092896
156,95.33929091821244,0.0,137.53929091821246,-63.5,0.0,0.0,21.00000151991844,0.30000001192092896
157,8.927827144047335,0.0,10.877827144047334,-3.0,0.0,0.0,0.7500000596046448,0.30000001192092896
158,127.08243425679154,-1.0000001192092896,163.2574342865939,-54.0,0.0,0.0,18.52500056102872,0.30000001192092896
159,8.100885606806504,0.0,7.425885606806503,0.0,0.0,0.0,0.3750000298023224,0.30000001192092896
160,118.97960823196495,-1.0000001192092896,150.7546082617672,-45.0,0.0,0.0,14.225000757724047,0.0
161,60.305205291932346,0.0,82.08020529193234,-33.0,0.0,0.0,11.225000411272049,0.0
162,10.78061403144623,0.0,12.730614031446231,-3.0,0.0,0.0,0.7500000596046448,0.30000001192092896
163,21.103130833203494,0.0,24.10313083320349,-8.0,0.0,0.0,5.000000417232513,0.0
164,93.71078212370502,0.0,124.88578212370498,-49.0,0.0,0.0,17.82500058412552,0.0
165,98.56111615478491,-1.0000001192092896,128.5111161845873,-43.0,0.0,0.0,14.05000089481473,0.0
166,101.2379775696897,0.0,150.7129775696897,-64.0,-1.0,0.0,14.925000824034214,0.6000000238418579
167,210.51362415163234,-1.0000001192092896,288.8636241814346,-119.59999996423721,-7.5,0.0,48.250000078231096,1.5000000596046448
168,171.9113377220913,0.0,226.58633772209112,-84.5,-3.0,0.0,32.22500214725733,0.6000000238418579
169,39.018934983856376,0.0,48.668934983856374,-17.299999952316284,0.0,0.0,7.050000607967377,0.6000000238418579
170,146.15949993098153,-1.0000001192092896,285.13449996078367,-170.79999995231628,0.0,0.0,32.22500120475888,0.6000000238418579
171,146.5228343761428,0.0,228.29783437614273,-115.0,0.0,0.0,32.925001077353954,0.30000001192092896
172,14.746164513817268,0.0,16.696164513817266,-3.0,0.0,0.0,0.7500000596046448,0.30000001192092896
173,93.80888136009766,0.0,114.18388136009763,-26.59999990463257,0.0,0.0,5.325000092387199,0.9000000357627869
174,8.903709269663132,0.0,10.853709269663131,-3.0,0.0,0.0,0.7500000596046448,0.30000001192092896
175,22.892865643563503,0.0,34.4678656435635,-18.0,0.0,0.0,6.425000458955765,0.0
176,115.30327591978954,0.0,168.32827591978955,-73.0,0.0,0.0,19.675000336021185,0.30000001192092896
177,6.0985313781645,0.0,7.4235313781645,-2.0,0.0,0.0,0.3750000298023224,0.30000001192092896
178,6.11703610119457,0.0,7.442036101194569,-2.0,0.0,0.0,0.3750000298023224,0.30000001192092896
179,7.696557875159081,0.0,9.021557875159079,-2.0,0.0,0.0,0.3750000298023224,0.30000001192092896
180,15.101176580252638,0.0,18.301176580252637,-5.0,0.0,0.0,1.5000001192092896,0.30000001192092896
181,83.80905622748502,0.0,118.68405622748497,-53.299999952316284,0.0,0.0,18.125000953674316,0.30000001192092896
182,21.905737686648806,0.0,30.15573768664881,-14.0,0.0,0.0,5.750000417232513,0.0
183,7.651340027316815,0.0,8.976340027316814,-2.0,0.0,0.0,0.3750000298023224,0.30000001192092896
184,119.1096549310995,0.0,161.10965493109944,-63.0,0.0,0.0,21.00000114366412,0.0
185,65.46434628965115,0.0,92.11434628965112,-43.0,-3.0,0.0,18.750000804662704,0.6000000238418579
186,95.7153632142945,-1.0000001192092896,136.86536324409687,-64.0,0.0,0.0,23.85000080242753,0.0
187,59.20884785180119,0.0,93.15884785180117,-47.299999952316284,0.0,0.0,13.050000205636024,0.30000001192092896
188,85.9340151071147,0.0,149.28401510711467,-83.0,0.0,0.0,19.650000140070915,0.0
189,8.913911736790853,0.0,10.863911736790854,-3.0,0.0,0.0,0.7500000596046448,0.30000001192092896
190,9.180795629828424,0.0,11.130795629828423,-3.0,0.0,0.0,0.7500000596046448,0.30000001192092896
191,5.477481697394968,0.0,7.427481697394968,-3.0,0.0,0.0,0.7500000596046448,0.30000001192092896
192,6.097982131196264,0.0,7.422982131196264,-2.0,0.0,0.0,0.3750000298023224,0.30000001192092896
193,7.345230892427084,0.0,9.295230892427085,-3.0,0.0,0.0,0.7500000596046448,0.30000001192092896
194,92.14773800830366,1.0000001192092896,103.49773797850133,-21.0,0.0,1.0,7.650000631809235,0.0
195,6.1189509640168165,0.0,7.443950964016816,-2.0,0.0,0.0,0.3750000298023224,0.30000001192092896
196,115.61084250834267,-1.0000001192092896,152.81084253814498,-52.0,0.0,0.0,15.80000128224492,0.0
197,8.926441206403576,0.0,10.876441206403577,-3.0,0.0,0.0,0.7500000596046448,0.30000001192092896
198,42.034478984535426,0.0,65.05947898453543,-32.299999952316284,0.0,0.0,8.975000262260437,0.30000001192092896
199,111.55934994990832,-1.0000001192092896,173.03434997971078,-77.8999999165535,0.0,0.0,16.525000791996717,0.9000000357627869
200,111.58190630833053,-1.0000001192092896,196.6569063381328,-106.0,0.0,0.0,21.925000920891762,0.0
201,160.22733226578364,-1.0000001192092896,315.477332295586,-187.19999980926514,0.0,0.0,31.75000100582838,1.2000000476837158
202,15.997720467122196,0.0,18.572720467122195,-4.0,0.0,0.0,1.1250000894069672,0.30000001192092896
203,116.42306309722801,0.0,166.79806309722795,-70.0,0.0,0.0,19.625000830739737,0.0
204,117.6913691706356,0.0,147.89136917063558,-53.0,0.0,0.0,22.80000191926956,0.0
205,37.165071539322774,0.0,49.24007153932277,-20.0,0.0,0.0,7.925000488758087,0.0
206,109.37904120098507,-1.0000001192092896,146.05404123078745,-52.299999952316284,0.0,0.0,16.32500097900629,0.30000001192092896
207,10.184854586279704,0.0,12.759854586279703,-4.0,0.0,0.0,1.1250000894069672,0.30000001192092896
208,124.15473548302347,0.0,215.8547354830236,-121.0,-7.5,0.0,36.20000230893493,0.6000000238418579
209,68.14472365350373,-1.0000001192092896,175.51972368330587,-131.0,0.0,0.0,24.325001168996096,0.30000001192092896
210,238.01264889964816,0.0,327.5376488996485,-127.19999986886978,0.0,0.0,36.475001227110624,1.2000000476837158
211,112.82062478872115,-1.0000001192092896,149.34562481852345,-51.0,0.0,0.0,15.475000638514757,0.0
212,126.24359599351952,0.0,159.1685959935195,-46.0,0.0,0.0,13.07500034570694,0.0
213,109.1882228855855,0.0,171.58822288558557,-80.29999995231628,0.0,0.0,17.600000612437725,0.30000001192092896
214,81.20323226842498,0.0,97.35323226842493,-30.0,-1.5,0.0,14.75000050663948,0.6000000238418579
215,8.096654388661078,0.0,7.421654388661077,0.0,0.0,0.0,0.3750000298023224,0.30000001192092896
216,226.35695379849966,-1.0000001192092896,326.7569538283024,-150.59999990463257,0.0,0.0,50.60000133514404,0.6000000238418579
217,18.51003962960054,0.0,20.46003962960054,-3.0,0.0,0.0,0.7500000596046448,0.30000001192092896
218,7.330428709974382,0.0,9.280428709974382,-3.0,0.0,0.0,0.7500000596046448,0.30000001192092896
219,25.39133614411508,0.0,34.14133614411508,-14.0,0.0,0.0,4.9500004053115845,0.30000001192092896
220,6.109859721234137,0.0,7.434859721234137,-2.0,0.0,0.0,0.3750000298023224,0.30000001192092896
221,34.49544334076383,0.0,45.79544334076381,-20.0,0.0,0.0,8.700000584125519,0.0
222,136.6745794438854,0.0,177.92457944388545,-63.0,0.0,0.0,21.450001124292612,0.30000001192092896
223,6.126686470298707,0.0,7.451686470298707,-2.0,0.0,0.0,0.3750000298023224,0.30000001192092896
224,143.84764460039705,-1.0000001192092896,183.5976446301993,-64.0,0.0,0.0,25.250001657754183,0.0
225,116.06132261434315,0.0,161.2613226143432,-66.5,0.0,0.0,20.700000643730164,0.6000000238418579
226,133.1652535114518,0.0,173.16525351145185,-58.0,0.0,0.0,18.00000061839819,0.0
227,52.89643139152662,1.0000001192092896,71.27143136172427,-31.5,-1.5,1.0,12.32500085234642,0.30000001192092896
228,96.64241461962305,0.0,121.31741461962307,-43.0,0.0,0.0,18.02500131726265,0.30000001192092896
229,41.462082657397744,-1.0000001192092896,131.31208268720013,-109.29999995231628,0.0,0.0,20.15000057592988,0.30000001192092896
230,6.733425107863983,0.0,9.308425107863984,-4.0,0.0,0.0,1.1250000894069672,0.30000001192092896
231,35.1936523677225,0.0,52.26865236772249,-21.5,-4.5,0.0,8.625000566244125,0.30000001192092896
232,55.52215555071671,0.0,117.94715555071666,-78.29999995231628,0.0,0.0,15.575000792741776,0.30000001192092896
233,6.13575933750006,0.0,7.460759337500059,-2.0,0.0,0.0,0.3750000298023224,0.30000001192092896
234,7.671241574251068,0.0,8.996241574251068,-2.0,0.0,0.0,0.3750000298023224,0.30000001192092896
235,7.704104170822696,0.0,9.029104170822695,-2.0,0.0,0.0,0.3750000298023224,0.30000001192092896
236,183.6834601536269,0.0,231.30846015362684,-77.0,0.0,0.0,28.47500079125166,0.9000000357627869
237,79.09485494771798,-1.0000001192092896,174.14485497752023,-117.0,0.0,0.0,22.9500007070601,0.0
238,8.893137704673325,0.0,10.843137704673325,-3.0,0.0,0.0,0.7500000596046448,0.30000001192092896
239,118.76917846729431,0.0,166.74417846729438,-69.29999995231628,0.0,0.0,21.024999987334013,0.30000001192092896
240,6.129318461713723,0.0,7.454318461713724,-2.0,0.0,0.0,0.3750000298023224,0.30000001192092896
241,6.123717181925246,0.0,7.448717181925245,-2.0,0.0,0.0,0.3750000298023224,0.30000001192092896
242,59.44916871457517,0.0,80.0991687145752,-30.599999964237213,0.0,0.0,9.350000452250242,0.6000000238418579
243,107.07673160806652,-1.0000001192092896,145.77673163786886,-55.0,0.0,0.0,17.300000801682472,0.0
244,16.455845941782126,0.0,18.405845941782125,-3.0,0.0,0.0,0.7500000596046448,0.30000001192092896
245,94.90495703679696,-1.0000001192092896,143.37995706659922,-61.0,0.0,0.0,13.52500044927001,0.0
246,7.700595598211136,0.0,9.025595598211135,-2.0,0.0,0.0,0.3750000298023224,0.30000001192092896
247,62.11828055354369,0.0,102.64328055354366,-51.59999990463257,0.0,0.0,10.475000597536564,0.6000000238418579
248,120.11254247156232,-1.0000001192092896,155.2375425013648,-55.0,0.0,0.0,20.87500013783574,0.0
249,170.7983538540727,0.0,234.4233538540727,-95.0,0.0,0.0,31.375000964850187,0.0
250,73.35659105281299,-1.0000001192092896,183.40659108261536,-126.5,0.0,0.0,16.850000388920307,0.6000000238418579
251,95.90266848424602,-1.0000001192092896,168.3026685140484,-88.0,0.0,0.0,16.600000582635403,0.0
252,59.62090867349046,0.0,113.17090867349042,-72.29999995231628,0.0,0.0,18.450000543147326,0.30000001192092896
253,159.1524293059594,0.0,204.05242930595935,-67.0,0.0,0.0,22.100001253187656,0.0
254,8.866536009471218,0.0,10.816536009471218,-3.0,0.0,0.0,0.7500000596046448,0.30000001192092896
255,9.674518681979459,0.0,8.999518681979458,0.0,0.0,0.0,0.3750000298023224,0.30000001192092896
256,176.5065356976497,-1.0000001192092896,288.40653572745174,-139.29999995231628,0.0,0.0,27.80000127479434,0.6000000238418579
257,9.570925061879024,0.0,10.895925061879023,-2.0,0.0,0.0,0.3750000298023224,0.30000001192092896
258,275.64125089578135,-1.0000001192092896,340.5412509255835,-102.29999995231628,0.0,0.0,37.80000038817525,0.6000000238418579
259,96.07264251920017,-1.0000001192092896,200.14764254900265,-125.29999995231628,0.0,0.0,21.625000678002834,0.6000000238418579
260,7.683087609863305,0.0,9.008087609863304,-2.0,0.0,0.0,0.3750000298023224,0.30000001192092896
261,75.95956077806059,1.0000001192092896,93.88456074825828,-37.0,0.0,1.0,17.075001060962677,0.0
262,18.70348386280411,0.0,26.653483862804116,-13.0,0.0,0.0,5.050000369548798,0.0
263,33.67970155854659,0.0,50.72970155854659,-26.0,0.0,0.0,8.950000524520874,0.0
264,8.91385611611171,0.0,10.863856116111712,-3.0,0.0,0.0,0.7500000596046448,0.30000001192092896
265,174.15963748637847,-1.0000001192092896,283.68463751618094,-152.89999985694885,0.0,0.0,43.47500032186508,0.9000000357627869
266,174.80320921584806,0.0,228.778209215848,-74.5,-10.5,0.0,30.125002592802048,0.9000000357627869
267,72.54047952431681,0.0,114.61547952431681,-59.299999952316284,0.0,0.0,16.925000999122858,0.30000001192092896
268,8.531118509819585,0.0,11.106118509819586,-4.0,0.0,0.0,1.1250000894069672,0.30000001192092896
269,8.876256507537342,0.0,10.826256507537343,-3.0,0.0,0.0,0.7500000596046448,0.30000001192092896
270,7.3175380304638304,0.0,9.26753803046383,-3.0,0.0,0.0,0.7500000596046448,0.30000001192092896
271,7.7020576917623025,0.0,9.027057691762302,-2.0,0.0,0.0,0.3750000298023224,0.30000001192092896
272,160.59966359873022,0.0,209.7496635987302,-72.0,0.0,0.0,22.550000719726086,0.30000001192092896
273,15.930206236912703,0.0,18.505206236912702,-4.0,0.0,0.0,1.1250000894069672,0.30000001192092896
274,17.342634123030418,0.0,20.542634123030417,-5.0,0.0,0.0,1.5000001192092896,0.30000001192092896
275,74.17253951719545,0.0,98.79753951719543,-42.0,0.0,0.0,17.37500113248825,0.0
276,7.273346111687448,0.0,9.22334611168745,-3.0,0.0,0.0,0.7500000596046448,0.30000001192092896
277,7.322592716138712,0.0,9.272592716138712,-3.0,0.0,0.0,0.7500000596046448,0.30000001192092896
278,10.90032973939648,0.0,10.850329739396479,-1.0,0.0,0.0,0.7500000596046448,0.30000001192092896
279,7.346126105355493,0.0,9.296126105355492,-3.0,0.0,0.0,0.7500000596046448,0.30000001192092896
280,6.1086433661257,0.0,7.4336433661256995,-2.0,0.0,0.0,0.3750000298023224,0.30000001192092896
281,10.164993216763598,0.0,12.7399932167636,-4.0,0.0,0.0,1.1250000894069672,0.30000001192092896
282,13.941005469634698,0.0,16.516005469634695,-4.0,0.0,0.0,1.1250000894069672,0.30000001192092896
283,112.91911956011081,0.0,143.56911956011083,-48.0,0.0,0.0,17.35000067576766,0.0
284,6.1260480288888495,0.0,7.451048028888849,-2.0,0.0,0.0,0.3750000298023224,0.30000001192092896
285,14.76157773241204,0.0,18.56157773241204,-6.0,0.0,0.0,1.9000001549720764,0.30000001192092896
286,30.347960076737877,0.0,41.29796007673787,-17.0,0.0,0.0,6.0500002801418304,0.0
287,240.29484860289298,-1.0000001192092896,352.46984863269535,-147.5,0.0,0.0,35.72500132396817,0.6000000238418579
288,32.25768532446852,0.0,37.657685324468524,-9.0,0.0,0.0,3.3000001311302185,0.30000001192092896
289,87.13776646802802,-1.0000001192092896,180.13776649783014,-111.59999990463257,0.0,0.0,19.00000098347664,0.6000000238418579
290,14.866343731278304,0.0,182.8163437312785,-192.2999997138977,0.0,0.0,22.25000074133277,2.1000000834465027
291,90.40641279606471,-1.0000001192092896,138.056412825867,-64.0,0.0,0.0,17.050000298768282,0.30000001192092896
292,25.477997995110623,0.0,36.30299799511063,-18.0,0.0,0.0,7.175000548362732,0.0
293,47.75549001272249,0.0,61.90549001272248,-26.0,0.0,0.0,11.850000768899918,0.0
294,16.91331740386918,0.0,24.438317403869178,-12.0,0.0,0.0,4.4750001430511475,0.0
295,152.8775295744511,0.0,203.17752957445123,-74.0,0.0,0.0,23.400001168251038,0.30000001192092896
296,114.5530186248597,-1.0000001192092896,160.8280186546619,-63.0,0.0,0.0,17.72500078007579,0.0
297,95.68287946768334,-1.0000001192092896,136.8328794974856,-66.0,0.0,0.0,25.850000470876694,0.0
298,115.5898215284579,-1.0000001192092896,155.18982155826032,-68.0,0.0,0.0,29.40000143274665,0.0
299,37.50663467788054,0.0,56.33163467788055,-30.0,0.0,0.0,11.175000816583633,0.0
300,115.46862974584353,0.0,143.4936297458435,-45.5,-1.0,0.0,17.875000923871994,0.6000000238418579
301,7.702110819215914,0.0,9.027110819215915,-2.0,0.0,0.0,0.3750000298023224,0.30000001192092896
302,233.287907586084,-1.0000001192092896,306.9879076158865,-118.59999990463257,0.0,0.0,45.3000020571053,0.6000000238418579
303,108.59114664896543,-1.0000001192092896,231.51614667876774,-153.29999995231628,0.0,0.0,31.07500146701932,0.30000001192092896
304,106.4716672745151,0.0,134.42166727451507,-51.30000001192093,0.0,0.0,23.050000727176666,0.30000001192092896
305,108.48993464099763,0.0,125.21493464099765,-29.299999952316284,0.0,0.0,11.975000619888306,0.6000000238418579
306,122.27889891360476,-1.0000001192092896,171.02889894340703,-66.29999995231628,0.0,0.0,18.250000331550837,0.30000001192092896
307,8.91633805893338,0.0,10.866338058933382,-3.0,0.0,0.0,0.7500000596046448,0.30000001192092896
308,119.24291800472335,-1.0000001192092896,198.39291803452556,-111.59999990463257,0.0,0.0,32.85000068321824,0.6000000238418579
309,179.21203201743904,-1.0000001192092896,286.7870320472414,-131.29999995231628,0.0,0.0,24.425000954419374,0.30000001192092896
310,62.947745598019566,-1.0000001192092896,123.97274562782182,-78.0,0.0,0.0,17.975000772625208,0.0
311,192.48739302213534,0.0,239.5373930221353,-77.5,0.0,0.0,30.150002270936966,0.30000001192092896
312,59.86753636372413,-1.0000001192092896,137.31753639352635,-90.0,0.0,0.0,13.250000644475222,0.30000001192092896
313,142.3338208278606,-1.0000001192092896,218.55882085766288,-102.0,0.0,0.0,26.775001354515553,0.0
314,98.08116440837469,-1.0000001192092896,165.00616443817697,-78.5,-6.0,0.0,18.275000799447298,0.30000001192092896
315,117.59422130225411,-1.0000001192092896,158.0192213320564,-69.0,0.0,0.0,29.575000893324614,0.0
316,7.983920767091964,0.0,9.308920767091966,-2.0,0.0,0.0,0.3750000298023224,0.30000001192092896
317,7.927733728284423,0.0,9.252733728284422,-2.0,0.0,0.0,0.3750000298023224,0.30000001192092896
318,140.3904297028579,-1.0000001192092896,177.59042973266017,-59.0,0.0,0.0,22.50000098347664,0.30000001192092896
319,58.507361522185626,0.0,78.88236152218563,-32.299999952316284,0.0,0.0,11.325000613927841,0.6000000238418579
320,8.46123871738823,0.0,11.03623871738823,-4.0,0.0,0.0,1.1250000894069672,0.30000001192092896
321,122.74284073415045,0.0,169.4928407341503,-72.0,0.0,0.0,25.25000098347664,0.0
322,111.58801971173155,-1.0000001192092896,204.11301974153372,-114.29999995231628,0.0,0.0,22.475000947713852,0.30000001192092896
323,24.771034315574013,0.0,38.44603431557401,-21.0,0.0,0.0,7.325000524520874,0.0
324,8.939627921754772,0.0,10.889627921754771,-3.0,0.0,0.0,0.7500000596046448,0.30000001192092896
325,105.99064604844223,-1.0000001192092896,144.09064607824462,-59.0,0.0,0.0,21.900001108646393,0.0
326,107.63809904278551,-1.0000001192092896,163.1880990725877,-72.0,0.0,0.0,17.450000625103712,0.0
327,7.700978991606728,0.0,9.025978991606728,-2.0,0.0,0.0,0.3750000298023224,0.30000001192092896
328,7.395505024603038,0.0,9.345505024603039,-3.0,0.0,0.0,0.7500000596046448,0.30000001192092896
329,87.51894269538819,1.0000001192092896,109.4439426655859,-38.5,-2.5,1.0,16.175000816583633,0.9000000357627869
330,15.31981143817234,0.0,16.644811438172344,-2.0,0.0,0.0,0.3750000298023224,0.30000001192092896
331,110.65891310933725,-1.0000001192092896,163.2839131391396,-76.29999995231628,0.0,0.0,24.375000167638063,0.30000001192092896
332,70.67723469517647,0.0,101.55223469517644,-42.0,0.0,0.0,11.125000290572643,0.0
333,50.05533476916051,0.0,64.4053347691605,-24.0,0.0,0.0,9.350000262260437,0.30000001192092896
334,243.48547652179437,0.0,473.96047652179465,-281.99999982118607,0.0,0.0,49.125001452863216,2.4000000953674316
335,60.32106820587184,0.0,84.79606820587183,-39.59999990463257,0.0,0.0,14.525000408291817,0.6000000238418579
336,10.101431325590543,0.0,12.676431325590544,-4.0,0.0,0.0,1.1250000894069672,0.30000001192092896
337,130.19431800073636,0.0,174.8193180007363,-63.0,0.0,0.0,17.775000676512718,0.6000000238418579
338,167.74116752085035,0.0,210.64116752085042,-78.29999995231628,0.0,0.0,34.50000178813934,0.9000000357627869
339,209.45540603775123,1.0000001192092896,257.380406007949,-80.79999995231628,-1.0,1.0,31.27500081062317,0.6000000238418579
340,111.89577067139047,-1.0000001192092896,151.4707707011927,-59.30000001192093,0.0,0.0,20.125000413507223,0.6000000238418579
341,17.79946415521606,0.0,20.37446415521606,-4.0,0.0,0.0,1.1250000894069672,0.30000001192092896
342,129.67228421087418,-1.0000001192092896,186.7472842406765,-84.0,0.0,0.0,27.925001613795757,0.0
343,119.89149859340257,0.0,157.86649859340267,-56.0,0.0,0.0,18.02500058710575,0.0
344,159.01463457542698,-1.0000001192092896,202.61463460522927,-71.0,0.0,0.0,28.400000739842653,0.0
345,131.8864266291341,0.0,172.43642662913402,-67.0,0.0,0.0,26.150001786649227,0.30000001192092896
346,7.668372498287715,0.0,8.993372498287714,-2.0,0.0,0.0,0.3750000298023224,0.30000001192092896
347,60.082633392357,0.0,85.40763339235701,-39.0,0.0,0.0,13.675000488758087,0.0
348,51.671303970714725,-1.0000001192092896,117.82130400051702,-85.0,0.0,0.0,19.850000746548176,0.0
349,63.286483654268196,0.0,96.2114836542682,-47.0,0.0,0.0,13.775000542402267,0.30000001192092896
350,33.94924095232051,-1.0000001192092896,89.27424098212276,-67.0,0.0,0.0,12.675000879913568,0.0
351,6.1051850268943735,0.0,7.430185026894373,-2.0,0.0,0.0,0.3750000298023224,0.30000001192092896
352,86.80318660059673,0.0,109.15318660059674,-33.0,0.0,0.0,10.650000527501106,0.0
353,55.42373403965651,0.0,78.4487340396565,-33.5,-3.0,0.0,13.175000935792923,0.30000001192092896
354,7.340067680098304,0.0,9.290067680098305,-3.0,0.0,0.0,0.7500000596046448,0.30000001192092896
355,135.2691989730239,-1.0000001192092896,182.81919900282625,-66.0,0.0,0.0,19.450000915676355,0.0
356,7.718598885724591,0.0,9.04359888572459,-2.0,0.0,0.0,0.3750000298023224,0.30000001192092896
357,8.90592441916422,0.0,10.85592441916422,-3.0,0.0,0.0,0.7500000596046448,0.30000001192092896
358,211.60027808131778,-1.0000001192092896,259.57527811112027,-79.0,0.0,0.0,32.02500142529607,0.0
359,101.36656941395655,0.0,135.94156941395656,-48.299999952316284,0.0,0.0,12.82500047981739,0.9000000357627869
360,154.08490152969276,0.0,198.50990152969274,-68.0,0.0,0.0,22.975000396370888,0.6000000238418579
361,93.66934663579298,0.0,144.594346635793,-66.79999995231628,0.0,0.0,15.27500057220459,0.6000000238418579
362,7.7169811910233355,0.0,9.041981191023336,-2.0,0.0,0.0,0.3750000298023224,0.30000001192092896
363,126.86087100826128,0.0,170.36087100826126,-69.30000001192093,0.0,0.0,25.500001430511475,0.30000001192092896
364,187.7380346556336,-1.0000001192092896,304.96303468543596,-146.8999999165535,0.0,0.0,29.775000751018524,0.9000000357627869
365,146.35160216662013,0.0,181.77660216662008,-65.5,0.0,0.0,29.475002080202103,0.6000000238418579
366,76.71165370004185,0.0,122.61165370004184,-55.299999952316284,0.0,0.0,9.10000030696392,0.30000001192092896
367,119.69886737959908,-1.0000001192092896,191.4988674094013,-86.89999985694885,0.0,0.0,14.9000005684793,1.2000000476837158
368,54.326350497616,0.0,100.10135049761601,-62.0,0.0,0.0,16.225000701844692,0.0
369,185.26264030909417,0.0,263.7876403090941,-102.0,0.0,0.0,23.175000570714474,0.30000001192092896
370,30.071687824899673,0.0,49.571687824899676,-28.0,0.0,0.0,8.500000387430191,0.0
371,44.01114668850435,0.0,49.561146688504344,-14.0,0.0,0.0,8.15000057220459,0.30000001192092896
372,8.127169892795509,0.0,7.452169892795509,0.0,0.0,0.0,0.3750000298023224,0.30000001192092896
373,111.04818890258267,0.0,128.3981889025827,-28.299999952316284,0.0,0.0,10.350000560283661,0.6000000238418579
374,16.54090403735041,0.0,18.490904037350408,-3.0,0.0,0.0,0.7500000596046448,0.30000001192092896
375,71.74748025814382,0.0,105.67248025814375,-45.0,0.0,0.0,11.075000505894423,0.0
376,161.75300508998615,0.0,210.02800508998612,-69.0,0.0,0.0,20.72500044479966,0.0
377,7.703139739985197,0.0,9.028139739985196,-2.0,0.0,0.0,0.3750000298023224,0.30000001192092896
378,7.7039542422780745,0.0,9.028954242278074,-2.0,0.0,0.0,0.3750000298023224,0.30000001192092896
379,16.003630521717227,0.0,22.428630521717228,-11.0,0.0,0.0,4.575000375509262,0.0
380,33.33112963770843,0.0,47.48112963770844,-22.0,0.0,0.0,7.850000381469727,0.0
381,7.683939309409769,0.0,9.00893930940977,-2.0,0.0,0.0,0.3750000298023224,0.30000001192092896
382,80.04661786708657,0.0,97.84661786708655,-34.30000001192093,0.0,0.0,16.20000123977661,0.30000001192092896
383,40.4409105889338,0.0,48.365910588933794,-14.0,0.0,0.0,5.775000154972076,0.30000001192092896
384,7.305237800966959,0.0,9.25523780096696,-3.0,0.0,0.0,0.7500000596046448,0.30000001192092896
385,187.36775733567578,-1.0000001192092896,350.0677573654785,-207.89999985694885,0.0,0.0,45.30000092461705,0.9000000357627869
386,15.516756300222244,0.0,24.816756300222245,-14.0,0.0,0.0,4.70000034570694,0.0
387,104.66147443217336,0.0,142.28647443217332,-56.0,0.0,0.0,18.075000196695328,0.30000001192092896
388,44.70384377649566,0.0,58.92884377649566,-22.299999952316284,0.0,0.0,7.475000411272049,0.6000000238418579
389,152.46360593192287,0.0,179.08860593192293,-40.0,0.0,0.0,13.3750004991889,0.0
390,125.28057834746741,0.0,167.5055783474674,-66.8999999165535,0.0,0.0,23.475000739097595,1.2000000476837158
391,7.336567872442656,0.0,9.286567872442657,-3.0,0.0,0.0,0.7500000596046448,0.30000001192092896
392,6.112298601900549,0.0,7.437298601900548,-2.0,0.0,0.0,0.3750000298023224,0.30000001192092896
393,55.716458973099364,0.0,81.94145897309934,-40.0,0.0,0.0,13.77500057220459,0.0
394,68.03676123335916,0.0,80.96176123335918,-22.0,0.0,0.0,8.775000840425491,0.30000001192092896
395,76.41861924363828,0.0,116.09361924363829,-43.5,-12.0,0.0,15.525000929832458,0.30000001192092896
396,7.331782131337118,0.0,9.281782131337117,-3.0,0.0,0.0,0.7500000596046448,0.30000001192092896
397,218.790448096589,0.0,300.665448096589,-129.29999995231628,-1.5,0.0,47.72500064969063,1.2000000476837158
398,5.5261588837422,0.0,7.476158883742199,-3.0,0.0,0.0,0.7500000596046448,0.30000001192092896
399,6.124283428864726,0.0,7.449283428864727,-2.0,0.0,0.0,0.3750000298023224,0.30000001192092896
400,273.5062684426747,0.0,355.8312684426745,-137.09999990463257,0.0,0.0,53.27500247955322,1.5000000596046448
401,63.05051524434941,0.0,80.45051524434942,-33.299999952316284,0.0,0.0,15.600001126527786,0.30000001192092896
402,102.25550631949946,0.0,155.08050631949945,-72.29999995231628,0.0,0.0,18.875001057982445,0.6000000238418579
403,162.14076425025814,-1.0000001192092896,232.59076428006048,-96.0,0.0,0.0,26.25000060722232,0.30000001192092896
404,7.301277315884356,0.0,9.251277315884355,-3.0,0.0,0.0,0.7500000596046448,0.30000001192092896
405,57.31955235606856,0.0,75.46955235606855,-30.299999952316284,0.0,0.0,11.550000786781311,0.6000000238418579
406,159.2325724952779,0.0,261.0825724952779,-140.19999986886978,0.0,0.0,37.15000078454614,1.2000000476837158
407,6.731246482971454,0.0,9.306246482971453,-4.0,0.0,0.0,1.1250000894069672,0.30000001192092896
408,7.699907261933304,0.0,9.024907261933304,-2.0,0.0,0.0,0.3750000298023224,0.30000001192092896
409,89.13510513005512,-1.0000001192092896,118.53510515985747,-41.299999952316284,0.0,0.0,12.600000698119402,0.30000001192092896
410,244.4084872996189,-1.0000001192092896,314.8584873294214,-98.29999995231628,0.0,0.0,28.250000458210707,0.6000000238418579
411,113.60348576761432,-1.0000001192092896,229.80348579741676,-153.29999995231628,0.0,0.0,37.80000150203705,0.30000001192092896
412,8.911475456719907,0.0,10.861475456719909,-3.0,0.0,0.0,0.7500000596046448,0.30000001192092896
413,16.173616877415622,0.0,18.74861687741562,-4.0,0.0,0.0,1.1250000894069672,0.30000001192092896
414,24.478740277366757,0.0,26.42874027736676,-3.0,0.0,0.0,0.7500000596046448,0.30000001192092896
415,19.967221694489318,0.0,20.542221694489317,-2.0,0.0,0.0,1.1250000894069672,0.30000001192092896
416,121.18494596429338,0.0,150.13494596429337,-49.0,0.0,0.0,19.750000953674316,0.30000001192092896
417,8.92675625869743,0.0,10.87675625869743,-3.0,0.0,0.0,0.7500000596046448,0.30000001192092896
418,10.329647440195563,0.0,12.904647440195562,-4.0,0.0,0.0,1.1250000894069672,0.30000001192092896
419,165.74725928915754,-1.0000001192092896,202.62225931895998,-58.0,0.0,0.0,22.125000935047865,0.0
420,88.81809321185119,-1.0000001192092896,124.49309324165354,-48.0,0.0,0.0,13.325000543147326,0.0
421,149.51691008530344,-1.0000001192092896,225.31691011510583,-96.5,-3.0,0.0,24.400000926107168,0.30000001192092896
422,142.1781735661757,-1.0000001192092896,221.22817359597798,-119.29999995231628,0.0,0.0,40.95000122487545,0.30000001192092896
423,7.345178958153095,0.0,9.295178958153095,-3.0,0.0,0.0,0.7500000596046448,0.30000001192092896
424,167.22564994546653,0.0,288.0006499454667,-153.79999995231628,-3.0,0.0,35.4250006750226,0.6000000238418579
425,122.27559405654407,1.0000001192092896,141.07559402674173,-48.59999990463257,0.0,1.0,27.20000095665455,0.6000000238418579
426,34.90946730721195,0.0,45.98446730721194,-17.0,0.0,0.0,5.6250002682209015,0.30000001192092896
427,78.27320236604861,0.0,109.99820236604862,-33.5,-13.5,0.0,14.375001061707735,0.9000000357627869
428,7.6826006756908,0.0,9.0076006756908,-2.0,0.0,0.0,0.3750000298023224,0.30000001192092896
429,5.479779020958743,0.0,7.429779020958741,-3.0,0.0,0.0,0.7500000596046448,0.30000001192092896
430,82.4384016660204,-1.0000001192092896,121.66340169582271,-54.0,0.0,0.0,15.775000933557749,0.0
431,30.55255117026994,0.0,47.45255117026995,-26.0,0.0,0.0,9.100000560283661,0.0
432,106.42448378437072,-1.0000001192092896,148.39948381417324,-61.299999952316284,0.0,0.0,20.025000888854265,0.30000001192092896
433,38.40459230765059,1.0000001192092896,51.554592277848265,-24.0,0.0,1.0,8.850000619888306,0.0
434,123.45536969682891,0.0,168.60536969682894,-60.799999952316284,-3.0,0.0,17.75000035762787,0.9000000357627869
435,6.110064497482765,0.0,7.435064497482764,-2.0,0.0,0.0,0.3750000298023224,0.30000001192092896
436,157.79990540943714,0.0,208.34990540943704,-80.0,0.0,0.0,29.45000236853957,0.0
437,99.02468182740489,0.0,147.17468182740478,-69.0,0.0,0.0,20.85000078752637,0.0
438,96.32862271513886,0.0,121.60362271513887,-35.0,0.0,0.0,9.725000519305468,0.0
439,86.60754868165289,-1.0000001192092896,130.23254871145525,-63.0,0.0,0.0,20.375000793486834,0.0
440,98.90295654182421,0.0,162.40295654182424,-81.0,0.0,0.0,17.200000260025263,0.30000001192092896
441,206.44121789475227,0.0,255.64121789475226,-73.09999996423721,-1.0,0.0,24.000001084059477,0.9000000357627869
442,119.51139065595619,-1.0000001192092896,158.98639068575858,-60.0,0.0,0.0,21.525000352412462,0.0
443,125.29545034317172,-1.0000001192092896,168.27045037297407,-63.0,0.0,0.0,21.02500021830201,0.0
444,22.06747546495581,0.0,28.517475464955808,-12.0,0.0,0.0,5.550000429153442,0.0
445,108.93202317498498,0.0,142.082023174985,-55.0,0.0,0.0,21.850001335144043,0.0
446,167.72731416736207,-1.0000001192092896,224.60231419716425,-90.0,0.0,0.0,34.12500209733844,0.0
447,6.125722835455509,0.0,7.45072283545551,-2.0,0.0,0.0,0.3750000298023224,0.30000001192092896
448,96.89014309594974,0.0,187.16514309594953,-121.0,0.0,0.0,30.725000627338886,0.0
449,129.2080859864558,0.0,177.43308598645572,-55.299999952316284,-16.5,0.0,22.37500110641122,1.2000000476837158
450,58.49076910200512,0.0,108.49076910200509,-68.0,0.0,0.0,18.00000073388219,0.0
451,134.6156186009312,0.0,179.41561860093117,-65.09999990463257,0.0,0.0,19.10000030323863,1.2000000476837158
452,8.558971802538451,0.0,11.13397180253845,-4.0,0.0,0.0,1.1250000894069672,0.30000001192092896
453,7.711884628500149,0.0,9.036884628500149,-2.0,0.0,0.0,0.3750000298023224,0.30000001192092896
454,7.691206750373511,0.0,9.016206750373511,-2.0,0.0,0.0,0.3750000298023224,0.30000001192092896
455,120.16726912261984,-1.0000001192092896,256.8672691524219,-156.79999995231628,0.0,0.0,20.500000838190317,0.6000000238418579
456,144.8160242687306,0.0,205.3910242687305,-91.59999990463257,0.0,0.0,30.12500111758709,0.9000000357627869
457,59.26619688849349,0.0,80.26619688849348,-34.0,0.0,0.0,13.000000774860382,0.0
458,7.337910161967343,0.0,9.287910161967345,-3.0,0.0,0.0,0.7500000596046448,0.30000001192092896
459,65.92555478148707,0.0,86.50055478148707,-36.299999952316284,0.0,0.0,15.425000578165054,0.30000001192092896
460,15.75835124886718,0.0,22.30835124886718,-11.0,0.0,0.0,4.450000315904617,0.0
461,124.60073801500425,0.0,165.6507380150043,-69.0,0.0,0.0,27.950001791119576,0.0
462,8.582711238681442,0.0,11.157711238681442,-4.0,0.0,0.0,1.1250000894069672,0.30000001192092896
463,122.63531749356193,1.0000001192092896,166.88531746375955,-69.89999985694885,0.0,1.0,22.750000841915607,0.9000000357627869
464,9.702721127048887,0.0,9.027721127048888,0.0,0.0,0.0,0.3750000298023224,0.30000001192092896
465,68.55788418549783,-1.0000001192092896,128.08288421530014,-74.0,0.0,0.0,15.175000261515379,0.30000001192092896
466,99.5710993095542,-1.0000001192092896,169.2210993393563,-90.0,0.0,0.0,21.05000114813447,0.30000001192092896
467,168.5885130358196,0.0,247.0135130358196,-114.0,0.0,0.0,35.275000497698784,0.30000001192092896
468,44.98706177081975,0.0,70.86206177081975,-37.299999952316284,0.0,0.0,11.125000238418579,0.30000001192092896
469,127.83259022753339,-1.0000001192092896,155.88259025733558,-43.0,0.0,0.0,15.650001041591167,0.30000001192092896
470,17.503247325151676,0.0,24.578247325151676,-12.0,0.0,0.0,4.925000309944153,0.0
471,139.6139367783824,0.0,186.5139367783824,-73.0,0.0,0.0,26.100000616163015,0.0
472,102.64410659615541,0.0,228.94410659615536,-154.8999999165535,0.0,0.0,27.400001030415297,1.2000000476837158
473,6.117786690455665,0.0,7.442786690455666,-2.0,0.0,0.0,0.3750000298023224,0.30000001192092896
474,33.84197512969091,0.0,41.34197512969091,-15.0,0.0,0.0,7.200000524520874,0.30000001192092896
475,10.75205973558247,0.0,12.702059735582472,-3.0,0.0,0.0,0.7500000596046448,0.30000001192092896
476,120.47926830282674,0.0,164.7042683028269,-63.0,0.0,0.0,18.775000870227814,0.0
477,104.26860087925022,-1.0000001192092896,160.94360090905244,-72.59999990463257,0.0,0.0,16.32500072196126,0.6000000238418579
478,7.699308201643188,0.0,9.024308201643189,-2.0,0.0,0.0,0.3750000298023224,0.30000001192092896
479,121.99462466889705,-1.0000001192092896,177.86962469869928,-78.29999995231628,0.0,0.0,22.82500061765313,0.6000000238418579
480,103.02631963678405,-1.0000001192092896,154.75131966658634,-74.0,0.0,0.0,23.275000609457493,0.0
481,104.74571624931775,0.0,167.6207162493177,-84.29999995231628,0.0,0.0,21.125000599771738,0.30000001192092896
482,96.50617925793908,-1.0000001192092896,142.88117928774133,-59.0,0.0,0.0,13.625000659376383,0.0
483,124.1486531636594,0.0,169.3986531636594,-57.799999952316284,-12.0,0.0,23.650001168251038,0.9000000357627869
484,134.97445787858408,-1.0000001192092896,212.39945790838644,-99.59999996423721,0.0,0.0,22.575000442564487,0.6000000238418579
485,38.53365088501677,0.0,48.28365088501676,-19.0,0.0,0.0,9.250000655651093,0.0
486,12.708710718991817,0.0,12.658710718991816,-1.0,0.0,0.0,0.7500000596046448,0.30000001192092896
487,7.708506876791665,0.0,9.033506876791664,-2.0,0.0,0.0,0.3750000298023224,0.30000001192092896
488,120.14663651972594,0.0,158.27163651972586,-61.0,0.0,0.0,22.5750013589859,0.30000001192092896
489,64.57724361997911,0.0,85.75224361997914,-35.0,0.0,0.0,13.825000911951065,0.0
490,25.005655876449893,0.0,26.830655876449892,-7.0,0.0,0.0,5.17500039935112,0.0
491,129.64850358044242,0.0,166.3735035804424,-61.299999952316284,0.0,0.0,23.975001275539398,0.6000000238418579
492,7.357179159857006,0.0,9.307179159857006,-3.0,0.0,0.0,0.7500000596046448,0.30000001192092896
493,11.161996341916383,0.0,11.111996341916383,-1.0,0.0,0.0,0.7500000596046448,0.30000001192092896
494,89.42951949400201,-1.0000001192092896,156.50451952380445,-92.0,0.0,0.0,25.925000458955765,0.0
495,137.71221446205848,-1.0000001192092896,170.11221449186075,-55.0,0.0,0.0,23.300000421702862,0.30000001192092896
496,143.81511158448262,-1.0000001192092896,216.340111614285,-93.79999995231628,-7.0,0.0,28.675001312047243,0.6000000238418579
497,6.146072432532741,0.0,7.471072432532742,-2.0,0.0,0.0,0.3750000298023224,0.30000001192092896
498,6.108416052188113,0.0,7.433416052188113,-2.0,0.0,0.0,0.3750000298023224,0.30000001192092896
499,97.95721513521724,-1.0000001192092896,134.30721516501956,-51.0,0.0,0.0,15.650000594556332,0.0
500,18.689314086906563,0.0,24.38931408690657,-9.0,0.0,0.0,3.000000238418579,0.30000001192092896
501,7.692557851594696,0.0,9.017557851594697,-2.0,0.0,0.0,0.3750000298023224,0.30000001192092896
502,124.36458641861508,0.0,163.38958641861515,-58.0,0.0,0.0,18.975001014769077,0.0
503,112.33704523752354,0.0,140.5120452375236,-48.299999952316284,0.0,0.0,19.52500084042549,0.6000000238418579
504,14.677280125078775,0.0,18.502280125078773,-6.0,0.0,0.0,1.875000149011612,0.30000001192092896
505,40.93711800526462,0.0,44.73711800526462,-7.0,0.0,0.0,2.9000000953674316,0.30000001192092896
506,6.140680601167325,0.0,7.465680601167325,-2.0,0.0,0.0,0.3750000298023224,0.30000001192092896
507,98.63644898006848,-1.0000001192092896,172.56144900987078,-96.79999995231628,-1.5,0.0,24.775001365691423,0.6000000238418579
508,254.62523324183059,0.0,317.77523324183056,-94.5,-1.5,0.0,31.950001135468483,0.9000000357627869
509,124.84860070178522,0.0,183.4986007017852,-86.19999980926514,0.0,0.0,26.050000995397568,1.5000000596046448
510,44.34214729655449,0.0,58.9671472965545,-25.0,0.0,0.0,10.07500085234642,0.30000001192092896
511,7.66155092162051,0.0,8.98655092162051,-2.0,0.0,0.0,0.3750000298023224,0.30000001192092896
512,88.22495957515827,1.0000001192092896,105.44995954535597,-34.799999952316284,0.0,1.0,14.97500029206276,0.6000000238418579
513,200.89441323468083,0.0,324.16941323468063,-146.59999990463257,0.0,0.0,22.72500078752637,0.6000000238418579
514,91.45762973906194,-1.0000001192092896,166.332629768864,-90.59999990463257,0.0,0.0,16.125000469386578,0.6000000238418579
515,6.095233111270026,0.0,7.420233111270026,-2.0,0.0,0.0,0.3750000298023224,0.30000001192092896
516,23.720287337696895,0.0,26.29528733769689,-4.0,0.0,0.0,1.1250000894069672,0.30000001192092896
517,120.93185894886528,0.0,157.90685894886522,-52.299999952316284,0.0,0.0,14.72500029206276,0.6000000238418579
518,26.25261025444668,0.0,40.65261025444668,-22.0,0.0,0.0,7.600000560283661,0.0
519,157.62256843068133,-1.0000001192092896,218.67256846048372,-86.29999995231628,0.0,0.0,25.950000938028097,0.30000001192092896
520,127.80865397734306,0.0,153.15865397734314,-42.299999952316284,0.0,0.0,16.650000147521496,0.30000001192092896
521,257.0535252819481,0.0,370.55352528194805,-158.79999995231628,0.0,0.0,44.400000777095556,0.9000000357627869
522,113.89522499242972,0.0,143.39522499242975,-45.299999952316284,0.0,0.0,15.200000494718552,0.6000000238418579
523,131.21984666329902,-1.0000001192092896,166.51984669310139,-60.0,0.0,0.0,25.40000068023801,0.30000001192092896
524,8.568817623074104,0.0,11.143817623074103,-4.0,0.0,0.0,1.1250000894069672,0.30000001192092896
525,42.09611399942511,0.0,50.59611399942512,-17.0,0.0,0.0,8.200000077486038,0.30000001192092896
526,134.74919642492952,0.0,165.0991964249295,-51.0,0.0,0.0,20.650001287460327,0.0
527,110.33602361400031,-1.0000001192092896,145.76102364380253,-50.5,-3.0,0.0,18.47500067949295,0.6000000238418579
528,45.81564119354475,0.0,59.81564119354472,-23.0,0.0,0.0,8.700000524520874,0.30000001192092896
529,7.698127217547019,0.0,9.023127217547017,-2.0,0.0,0.0,0.3750000298023224,0.30000001192092896
530,101.54574908726956,0.0,166.3707490872696,-83.5,0.0,0.0,18.075000807642937,0.6000000238418579
531,116.14662297560879,-1.0000001192092896,237.89662300541096,-153.0,0.0,0.0,32.250001698732376,0.0
532,7.335416534973876,0.0,9.285416534973876,-3.0,0.0,0.0,0.7500000596046448,0.30000001192092896
533,168.9064432536212,-1.0000001192092896,235.45644328342365,-96.0,0.0,0.0,30.450001556426287,0.0
534,9.558445074151335,0.0,10.883445074151336,-2.0,0.0,0.0,0.3750000298023224,0.30000001192092896
535,7.359879568057355,0.0,9.309879568057355,-3.0,0.0,0.0,0.7500000596046448,0.30000001192092896
536,106.55794011552693,-1.0000001192092896,179.18294014532927,-95.0,0.0,0.0,23.37500151246786,0.0
537,64.62977099076893,0.0,82.52977099076894,-35.299999952316284,0.0,0.0,17.100001275539398,0.30000001192092896
538,7.358900385273493,0.0,9.308900385273493,-3.0,0.0,0.0,0.7500000596046448,0.30000001192092896
539,7.294677115371969,0.0,9.244677115371967,-3.0,0.0,0.0,0.7500000596046448,0.30000001192092896
540,265.3940665713439,0.0,307.6690665713439,-70.0,-1.5,0.0,28.625001654028893,0.6000000238418579
541,46.32921683497865,0.0,58.27921683497866,-21.0,0.0,0.0,8.750000208616257,0.30000001192092896
542,171.6292100754752,-1.0000001192092896,216.97921010527767,-70.59999990463257,0.0,0.0,25.650001097470522,0.6000000238418579
543,70.94053744956084,-1.0000001192092896,127.49053747936323,-71.0,0.0,0.0,15.450000692158937,0.0
544,65.20128742246291,0.0,81.22628742246292,-27.30000001192093,0.0,0.0,10.675000250339508,0.6000000238418579
545,88.70703424303902,0.0,122.75703424303902,-50.299999952316284,0.0,0.0,15.650000050663948,0.6000000238418579
546,143.36170429292432,-1.0000001192092896,186.3367043227268,-56.89999997615814,0.0,0.0,14.025000307708979,0.9000000357627869
547,198.54542303443287,-1.0000001192092896,250.32042306423523,-91.0,0.0,0.0,40.22500200942159,0.0
548,30.13074611177092,0.0,43.25574611177093,-22.0,0.0,0.0,8.875000655651093,0.0
549,119.24172899657124,-1.0000001192092896,159.01672902637358,-56.0,0.0,0.0,17.22500080242753,0.0
550,79.6255839684207,0.0,141.62558396842067,-86.0,0.0,0.0,24.000000774860382,0.0
551,6.114191732485887,0.0,7.439191732485887,-2.0,0.0,0.0,0.3750000298023224,0.30000001192092896
552,134.27191185916945,-1.0000001192092896,207.9469118889719,-111.0,0.0,0.0,38.32500209286809,0.0
553,7.316029662515148,0.0,9.266029662515148,-3.0,0.0,0.0,0.7500000596046448,0.30000001192092896
554,81.8624535682611,-1.0000001192092896,202.73745359806344,-138.0,0.0,0.0,17.82500074058771,0.30000001192092896
555,109.08325452539448,-1.0000001192092896,163.23325455519677,-66.0,0.0,0.0,12.550000205636024,0.30000001192092896
556,8.584718277405697,0.0,11.159718277405698,-4.0,0.0,0.0,1.1250000894069672,0.30000001192092896
557,17.992188387993128,0.0,20.567188387993127,-4.0,0.0,0.0,1.1250000894069672,0.30000001192092896
558,162.4943257719776,-1.0000001192092896,235.94432580177983,-107.0,0.0,0.0,34.5500019043684,0.0
559,9.690269397828446,0.0,9.015269397828447,0.0,0.0,0.0,0.3750000298023224,0.30000001192092896
560,125.20394054277973,0.0,153.32894054277972,-43.0,0.0,0.0,14.875000797212124,0.0
561,6.107909722138706,0.0,7.432909722138706,-2.0,0.0,0.0,0.3750000298023224,0.30000001192092896
562,10.290553590400345,0.0,12.865553590400344,-4.0,0.0,0.0,1.1250000894069672,0.30000001192092896
563,61.186908238940234,-1.0000001192092896,131.31190826874246,-82.0,0.0,0.0,12.575000643730164,0.30000001192092896
564,103.1100657139725,0.0,144.3350657139724,-58.0,0.0,0.0,16.775000642985106,0.0
565,12.023916673259631,0.0,14.598916673259634,-4.0,0.0,0.0,1.1250000894069672,0.30000001192092896
566,6.121243642969118,0.0,7.446243642969117,-2.0,0.0,0.0,0.3750000298023224,0.30000001192092896
567,10.155881139245999,0.0,12.730881139246002,-4.0,0.0,0.0,1.1250000894069672,0.30000001192092896
568,7.714812939553467,0.0,9.039812939553467,-2.0,0.0,0.0,0.3750000298023224,0.30000001192092896
569,146.37511615025693,-1.0000001192092896,195.52511618005926,-76.09999990463257,0.0,0.0,27.050000850111246,0.9000000357627869
570,169.91951546578892,-1.0000001192092896,218.5945154955912,-80.0,0.0,0.0,32.32500175014138,0.0
571,13.625205582511326,0.0,16.825205582511323,-5.0,0.0,0.0,1.5000001192092896,0.30000001192092896
572,7.30040045878606,0.0,9.25040045878606,-3.0,0.0,0.0,0.7500000596046448,0.30000001192092896
573,81.49057681291265,0.0,97.26557681291261,-26.0,0.0,0.0,9.924999862909317,0.30000001192092896
574,6.708582793440632,0.0,9.283582793440635,-4.0,0.0,0.0,1.1250000894069672,0.30000001192092896
575,154.76998215813683,1.0000001192092896,166.24498212833453,-38.0,-4.5,1.0,28.42500177025795,0.6000000238418579
576,50.97205308035885,0.0,70.22205308035889,-28.299999952316284,0.0,0.0,8.450000286102295,0.6000000238418579
577,8.939549726914116,0.0,10.889549726914115,-3.0,0.0,0.0,0.7500000596046448,0.30000001192092896
578,125.8287555377072,0.0,233.00375553770712,-137.0,0.0,0.0,29.825001530349255,0.0
579,6.126251361884966,0.0,7.451251361884967,-2.0,0.0,0.0,0.3750000298023224,0.30000001192092896
580,95.23361450398376,0.0,132.53361450398376,-57.299999952316284,0.0,0.0,19.700001075863838,0.30000001192092896
581,51.9927737863583,0.0,69.21777378635832,-31.299999952316284,0.0,0.0,13.775000244379044,0.30000001192092896
582,8.10694778179992,0.0,7.4319477817999235,0.0,0.0,0.0,0.3750000298023224,0.30000001192092896
583,9.784707587401696,0.0,12.984707587401697,-5.0,0.0,0.0,1.5000001192092896,0.30000001192092896
584,153.15765095163636,0.0,193.7826509516364,-68.79999995231628,0.0,0.0,27.27500143647194,0.9000000357627869
585,9.789385620669595,0.0,12.989385620669594,-5.0,0.0,0.0,1.5000001192092896,0.30000001192092896
586,115.1608492789911,0.0,148.16084927899104,-57.5,0.0,0.0,24.200001247227192,0.30000001192092896
587,7.708917760217808,0.0,9.033917760217808,-2.0,0.0,0.0,0.3750000298023224,0.30000001192092896
588,171.97880054105136,-1.0000001192092896,234.62880057085357,-89.29999995231628,0.0,0.0,27.050000954419374,0.6000000238418579
589,195.9898976804152,-1.0000001192092896,246.8648977102176,-75.0,0.0,0.0,24.825001377612352,0.30000001192092896
590,123.03279102046675,-1.0000001192092896,182.5077910502692,-74.0,0.0,0.0,15.5250005684793,0.0
591,16.347540627434935,0.0,18.297540627434934,-3.0,0.0,0.0,0.7500000596046448,0.30000001192092896
592,16.469577294600438,0.0,26.144577294600435,-15.0,0.0,0.0,5.325000286102295,0.0
593,8.916143264493673,0.0,10.866143264493672,-3.0,0.0,0.0,0.7500000596046448,0.30000001192092896
594,8.90445276789723,0.0,10.854452767897227,-3.0,0.0,0.0,0.7500000596046448,0.30000001192092896
595,177.31714917751393,-1.0000001192092896,223.0671492073162,-73.5,-3.0,0.0,31.15000130608678,0.6000000238418579
596,72.17273573803791,0.0,85.67273573803793,-24.299999952316284,0.0,0.0,10.500000566244125,0.30000001192092896
597,15.174550089606583,0.0,18.37455008960658,-5.0,0.0,0.0,1.5000001192092896,0.30000001192092896
598,7.701235726388372,0.0,9.026235726388371,-2.0,0.0,0.0,0.3750000298023224,0.30000001192092896
599,100.52371114638923,0.0,133.8737111463892,-50.89999997615814,0.0,0.0,16.65000057220459,0.9000000357627869
600,69.04000253824881,0.0,78.8150025382488,-21.0,0.0,0.0,10.925000697374344,0.30000001192092896
601,5.744698534235008,-1.0000001192092896,116.59469856403732,-120.29999995231628,0.0,0.0,9.850000403821468,0.6000000238418579
602,112.37645324455106,-1.0000001192092896,182.32645327435318,-87.29999995231628,0.0,0.0,18.0500004068017,0.30000001192092896
603,88.03471248333078,0.0,134.00971248333073,-62.0,0.0,0.0,16.025000400841236,0.0
604,80.6323914358358,0.0,95.08239143583582,-23.0,0.0,0.0,8.550000548362732,0.0
605,7.389660449298071,0.0,9.33966044929807,-3.0,0.0,0.0,0.7500000596046448,0.30000001192092896
606,116.81889716254388,-1.0000001192092896,157.2688971923461,-53.0,0.0,0.0,13.250000312924385,0.30000001192092896
607,131.4203164032084,0.0,185.3703164032083,-81.0,0.0,0.0,27.050001218914986,0.0
608,21.926869483500482,0.0,28.42686948350048,-12.0,0.0,0.0,5.500000417232513,0.0
609,164.07266284408377,-1.0000001192092896,212.34766287388612,-74.0,0.0,0.0,26.72500031068921,0.0
610,51.29171175475851,0.0,66.0667117547585,-28.0,0.0,0.0,13.225001066923141,0.0
611,163.30915314207178,-1.0000001192092896,204.8841531718742,-59.30000001192093,0.0,0.0,18.125000718981028,0.6000000238418579
612,165.6428653109225,0.0,292.51786531092273,-167.29999995231628,0.0,0.0,40.1250016130507,0.30000001192092896
613,8.081666734171204,0.0,7.406666734171203,0.0,0.0,0.0,0.3750000298023224,0.30000001192092896
614,114.17340611617955,-1.0000001192092896,142.29840614598186,-43.0,0.0,0.0,15.575000900775194,0.30000001192092896
615,80.75305436129132,-1.0000001192092896,156.92805439109372,-89.29999995231628,0.0,0.0,13.825000520795584,0.30000001192092896
616,7.720579616411712,0.0,9.045579616411713,-2.0,0.0,0.0,0.3750000298023224,0.30000001192092896
617,86.67473442843769,0.0,105.1247344284377,-28.299999952316284,0.0,0.0,9.550000429153442,0.30000001192092896
618,96.21403491354462,-1.0000001192092896,116.78903494334693,-29.0,0.0,0.0,9.125000435858965,0.30000001192092896
619,7.684594414531047,0.0,9.009594414531048,-2.0,0.0,0.0,0.3750000298023224,0.30000001192092896
620,34.328507980812766,0.0,44.62850798081276,-18.0,0.0,0.0,7.700000286102295,0.0
621,91.49185740160473,0.0,157.71685740160478,-81.59999990463257,0.0,0.0,14.775000665336847,0.6000000238418579
622,129.17520637052394,0.0,155.2252063705239,-36.5,0.0,0.0,9.550000473856926,0.9000000357627869
623,7.325399605891964,0.0,9.275399605891964,-3.0,0.0,0.0,0.7500000596046448,0.30000001192092896
624,8.101915903392586,0.0,7.426915903392586,0.0,0.0,0.0,0.3750000298023224,0.30000001192092896
625,80.41041665292926,-1.0000001192092896,141.88541668273157,-84.0,0.0,0.0,23.525001265108585,0.0
626,7.369469511071259,0.0,9.319469511071258,-3.0,0.0,0.0,0.7500000596046448,0.30000001192092896
627,22.387007909744376,0.0,27.937007909744374,-9.0,0.0,0.0,3.1500000655651093,0.30000001192092896
628,38.10042985074716,0.0,49.07542985074717,-20.0,0.0,0.0,9.025000661611557,0.0
629,8.869139667631092,0.0,10.819139667631092,-3.0,0.0,0.0,0.7500000596046448,0.30000001192092896
630,168.70601588984061,1.0000001192092896,244.5810158600385,-107.79999995231628,-4.5,1.0,33.8250011280179,0.6000000238418579
631,5.504002522699607,0.0,7.454002522699607,-3.0,0.0,0.0,0.7500000596046448,0.30000001192092896
632,187.8176580496106,0.0,274.5926580496106,-116.29999995231628,0.0,0.0,28.925000842660666,0.6000000238418579
633,23.437993386490863,-1.0000001192092896,236.08799341629336,-232.59999990463257,0.0,0.0,20.35000067949295,0.6000000238418579
634,6.144818170484795,0.0,7.469818170484796,-2.0,0.0,0.0,0.3750000298023224,0.30000001192092896
635,6.714636003435571,0.0,9.289636003435572,-4.0,0.0,0.0,1.1250000894069672,0.30000001192092896
636,7.69696664177674,0.0,9.021966641776741,-2.0,0.0,0.0,0.3750000298023224,0.30000001192092896
637,143.4731268492274,0.0,212.9481268492274,-96.79999995231628,-1.5,0.0,27.925000697374344,0.9000000357627869
638,197.31159005462146,-1.0000001192092896,297.186590084424,-127.59999990463257,0.0,0.0,28.125001095235348,0.6000000238418579
639,80.32546567716321,0.0,105.8754656771632,-44.0,0.0,0.0,18.45000132918358,0.0
640,7.348859379995646,0.0,9.298859379995646,-3.0,0.0,0.0,0.7500000596046448,0.30000001192092896
641,7.33646585250009,0.0,9.28646585250009,-3.0,0.0,0.0,0.7500000596046448,0.30000001192092896
642,121.47516098540291,-1.0000001192092896,156.32516101520528,-60.0,0.0,0.0,26.150001291185617,0.0
643,121.91857023640537,0.0,160.11857023640533,-64.29999995231628,0.0,0.0,25.800001114606857,0.30000001192092896
644,128.14912506812422,1.0000001192092896,157.82412503832188,-52.5,-1.5,1.0,22.025001123547554,0.30000001192092896
645,46.0934209473399,0.0,61.518420947339884,-26.30000001192093,0.0,0.0,10.575000673532486,0.30000001192092896
646,103.89204845743264,-1.0000001192092896,146.26704848723492,-57.299999952316284,0.0,0.0,15.625000409781933,0.30000001192092896
647,150.30225987477718,-1.0000001192092896,186.5522599045795,-61.5,-1.5,0.0,27.450001943856478,0.30000001192092896
648,7.688457039757356,0.0,9.013457039757357,-2.0,0.0,0.0,0.3750000298023224,0.30000001192092896
649,215.5423859451543,-1.0000001192092896,305.84238597495647,-126.60000002384186,0.0,0.0,36.70000093057752,0.6000000238418579
650,101.05111182606137,0.0,120.87611182606136,-36.5,-1.5,0.0,17.275000512599945,0.9000000357627869
651,208.029565069327,-1.0000001192092896,269.02956509912957,-81.30000001192093,0.0,0.0,20.700000643730164,0.6000000238418579
652,32.37861410288292,0.0,42.55361410288291,-18.0,0.0,0.0,7.825000375509262,0.0
653,167.67682527973705,0.0,226.62682527973698,-87.0,0.0,0.0,28.050001848489046,0.0
654,42.83028130677404,0.0,64.35528130677405,-27.5,-4.5,0.0,10.175000697374344,0.30000001192092896
655,8.609238361649542,0.0,11.184238361649541,-4.0,0.0,0.0,1.1250000894069672,0.30000001192092896
656,143.5439069369056,-1.0000001192092896,184.41890696670797,-64.0,0.0,0.0,24.12500073388219,0.0
657,64.76703643083793,0.0,84.86703643083794,-30.5,-3.0,0.0,13.100001096725464,0.30000001192092896
658,107.6234661624078,0.0,139.7234661624078,-50.30000001192093,0.0,0.0,17.600000604987144,0.6000000238418579
659,61.71542659517819,-1.0000001192092896,134.29042662498043,-88.30000001192093,0.0,0.0,16.42500079423189,0.30000001192092896
660,16.16972104959312,0.0,22.669721049593118,-11.0,0.0,0.0,4.500000357627869,0.0
661,141.5952380411566,0.0,184.54523804115655,-63.0,-5.5,0.0,24.95000158250332,0.6000000238418579
662,112.91004716046636,-1.0000001192092896,170.7850471902687,-83.0,0.0,0.0,26.125001523643732,0.0
663,84.42167320002497,-1.0000001192092896,144.22167322982725,-73.30000001192093,0.0,0.0,13.900000501424074,0.6000000238418579
664,5.4671491858148515,0.0,7.417149185814852,-3.0,0.0,0.0,0.7500000596046448,0.30000001192092896
665,126.97333754332348,0.0,167.69833754332353,-61.0,0.0,0.0,20.27500080317259,0.0
666,7.288511478848041,0.0,9.238511478848041,-3.0,0.0,0.0,0.7500000596046448,0.30000001192092896
667,146.24386516041955,0.0,177.0438651604195,-51.0,-3.0,0.0,22.300000980496407,0.9000000357627869
668,73.63334807194782,0.0,130.45834807194785,-75.0,0.0,0.0,18.175000432878733,0.0
669,87.65940834918537,0.0,117.95940834918531,-41.30000001192093,0.0,0.0,10.10000030696392,0.9000000357627869
670,8.94982789354197,0.0,10.89982789354197,-3.0,0.0,0.0,0.7500000596046448,0.30000001192092896
671,10.400221788493472,0.0,12.97522178849347,-4.0,0.0,0.0,1.1250000894069672,0.30000001192092896
672,125.51163653853942,0.0,226.28663653853928,-128.0,0.0,0.0,27.225000638514757,0.0
673,95.6180059272245,-1.0000001192092896,135.34300595702683,-50.0,0.0,0.0,11.275000471621752,0.0
674,143.5367936472384,0.0,212.01179364723833,-89.19999986886978,0.0,0.0,18.925000585615635,1.8000000715255737
675,292.86202662799224,0.0,383.9870266279925,-135.5999999642372,2.0,0.0,40.97500178962946,1.5000000596046448
676,32.6915350974994,0.0,47.74153509749939,-23.0,0.0,0.0,7.650000512599945,0.30000001192092896
677,64.20051795954303,0.0,80.72551795954304,-27.0,0.0,0.0,10.174999862909317,0.30000001192092896
678,127.1757618992022,0.0,178.52576189920222,-72.0,0.0,0.0,20.65000068768859,0.0
679,64.07185097408512,0.0,73.14685097408515,-13.5,0.0,0.0,3.825000137090683,0.6000000238418579
680,6.126119720986125,0.0,7.451119720986124,-2.0,0.0,0.0,0.3750000298023224,0.30000001192092896
681,96.0076042691637,0.0,118.63260426916372,-39.5,0.0,0.0,16.57500049471855,0.30000001192092896
682,55.475144560520505,0.0,77.25014456052052,-34.0,0.0,0.0,11.925000816583633,0.30000001192092896
683,145.43084478817366,0.0,207.28084478817362,-93.29999995231628,0.0,0.0,31.150001876056194,0.30000001192092896
684,140.69887170292733,0.0,203.49887170292735,-93.5,0.0,0.0,30.400001164525747,0.30000001192092896
685,6.121360813283944,0.0,7.446360813283945,-2.0,0.0,0.0,0.3750000298023224,0.30000001192092896
686,6.130484810753611,0.0,7.45548481075361,-2.0,0.0,0.0,0.3750000298023224,0.30000001192092896
687,16.353294120996527,0.0,18.30329412099653,-3.0,0.0,0.0,0.7500000596046448,0.30000001192092896
688,133.51570978874176,-1.0000001192092896,210.69070981854415,-105.89999985694885,0.0,0.0,28.525001022964716,1.2000000476837158
689,83.61099727507813,0.0,114.13599727507813,-46.299999952316284,0.0,0.0,15.175000742077827,0.6000000238418579
690,112.80033760510673,-1.0000001192092896,145.125337634909,-50.0,0.0,0.0,18.375000212341547,0.30000001192092896
691,20.585253536275953,-1.0000001192092896,99.98525356607827,-93.29999995231628,0.0,0.0,14.600000869482756,0.30000001192092896
692,7.707220528996047,0.0,9.032220528996048,-2.0,0.0,0.0,0.3750000298023224,0.30000001192092896
693,16.342464851002568,0.0,18.29246485100257,-3.0,0.0,0.0,0.7500000596046448,0.30000001192092896
694,90.5220773115112,0.0,121.59707731151117,-49.0,0.0,0.0,17.925000861287117,0.0
695,187.6963545207707,0.0,209.47135452077066,-54.0,0.0,0.0,32.22500165179372,0.0
696,7.693200540531597,0.0,9.018200540531597,-2.0,0.0,0.0,0.3750000298023224,0.30000001192092896
697,157.09326143901376,0.0,231.5182614390139,-115.0,0.0,0.0,40.575001649558544,0.0
698,165.70166629279854,0.0,259.7516662927985,-122.09999990463257,0.0,0.0,26.25000074878335,1.8000000715255737
699,170.66640777240917,-1.0000001192092896,238.81640780221164,-91.5,0.0,0.0,23.750000219792128,0.6000000238418579
700,130.81952263014855,0.0,182.26952263014857,-75.0,0.0,0.0,23.550001174211502,0.0
701,7.714556114353829,0.0,9.039556114353829,-2.0,0.0,0.0,0.3750000298023224,0.30000001192092896
702,57.36404813721881,0.0,84.16404813721881,-42.299999952316284,0.0,0.0,15.20000059902668,0.30000001192092896
703,104.09734480694917,0.0,153.6723448069492,-74.29999995231628,0.0,0.0,24.42500091344118,0.30000001192092896
704,9.703721480148312,0.0,12.903721480148315,-5.0,0.0,0.0,1.5000001192092896,0.30000001192092896
705,223.70227693286682,-1.0000001192092896,275.25227696266944,-81.0,0.0,0.0,30.150001790374517,0.30000001192092896
706,115.36670116679728,-1.0000001192092896,159.96670119659947,-67.0,0.0,0.0,23.400000672787428,0.0
707,7.686747695264297,0.0,9.0117476952643,-2.0,0.0,0.0,0.3750000298023224,0.30000001192092896
708,155.90211197887902,-1.0000001192092896,190.67711200868135,-53.0,0.0,0.0,19.22500028461218,0.0
709,220.45624335240453,-1.0000001192092896,315.0312433822068,-132.29999995231628,0.0,0.0,38.42500102892518,0.30000001192092896
710,30.55777359304271,0.0,39.25777359304269,-16.0,0.0,0.0,7.300000488758087,0.0
711,130.07874076053997,0.0,177.60374076054012,-73.59999990463257,0.0,0.0,25.47500115633011,0.6000000238418579
712,9.688775982868819,0.0,9.013775982868818,0.0,0.0,0.0,0.3750000298023224,0.30000001192092896
713,10.124741058467253,0.0,12.699741058467252,-4.0,0.0,0.0,1.1250000894069672,0.30000001192092896
714,78.07282666313574,0.0,105.04782666313572,-38.0,0.0,0.0,10.725000068545341,0.30000001192092896
715,12.950681225568482,0.0,100.02568122556849,-100.29999995231628,0.0,0.0,12.925000607967377,0.30000001192092896
716,66.77121398943022,0.0,83.77121398943024,-29.0,0.0,0.0,11.700000643730164,0.30000001192092896
717,16.00414236071125,0.0,22.52914236071125,-11.0,0.0,0.0,4.475000351667404,0.0
718,7.701863542009937,0.0,9.026863542009936,-2.0,0.0,0.0,0.3750000298023224,0.30000001192092896
719,10.766480886255923,0.0,12.716480886255923,-3.0,0.0,0.0,0.7500000596046448,0.30000001192092896
720,73.56465630684775,-1.0000001192092896,140.78965633665004,-83.0,0.0,0.0,16.77500056102872,0.0
721,10.791411523312696,0.0,12.7414115233127,-3.0,0.0,0.0,0.7500000596046448,0.30000001192092896
722,6.115555604519751,0.0,7.4405556045197505,-2.0,0.0,0.0,0.3750000298023224,0.30000001192092896
723,134.57197489809388,0.0,175.84697489809392,-68.29999995231628,0.0,0.0,26.725000649690628,0.30000001192092896
724,109.72649064603117,-1.0000001192092896,144.50149067583337,-53.0,0.0,0.0,19.225000713020563,0.0
725,34.000383010349836,0.0,47.45038301034984,-22.0,0.0,0.0,8.55000039935112,0.0
726,58.00974586076334,0.0,79.40974586076334,-34.0,0.0,0.0,12.300000369548798,0.30000001192092896
727,127.83639949461997,-1.0000001192092896,174.76139952442225,-66.0,0.0,0.0,20.07500084117055,0.0
728,39.49844126979076,0.0,44.573441269790756,-13.0,0.0,0.0,7.925000578165054,0.0
729,19.702252923242863,0.0,28.07725292324286,-14.0,0.0,0.0,5.625000447034836,0.0
730,159.037476080591,0.0,230.11247608059074,-99.59999996423721,0.0,0.0,27.925000745803118,0.6000000238418579
731,219.1888735520916,0.0,287.6138735520916,-116.29999995231628,0.0,0.0,47.27500269562006,0.6000000238418579
732,160.28182000390007,1.0000001192092896,236.98181997409776,-108.89999985694885,0.0,1.0,29.00000113248825,1.2000000476837158
733,7.711753833020181,0.0,9.03675383302018,-2.0,0.0,0.0,0.3750000298023224,0.30000001192092896
734,6.099388858539488,0.0,7.424388858539488,-2.0,0.0,0.0,0.3750000298023224,0.30000001192092896
735,6.120295288196014,0.0,7.4452952881960135,-2.0,0.0,0.0,0.3750000298023224,0.30000001192092896
736,8.925775925973896,0.0,10.875775925973896,-3.0,0.0,0.0,0.7500000596046448,0.30000001192092896
737,9.834673584588625,0.0,13.034673584588626,-5.0,0.0,0.0,1.5000001192092896,0.30000001192092896
738,53.95245628419366,0.0,67.20245628419364,-23.299999952316284,0.0,0.0,9.450000584125519,0.6000000238418579
739,113.55577206627872,-1.0000001192092896,153.705772096081,-59.299999952316284,0.0,0.0,19.850000638514757,0.30000001192092896
740,180.2055446163698,-1.0000001192092896,225.08054464617217,-74.0,0.0,0.0,29.825000394135714,0.30000001192092896
741,28.40189144412029,0.0,37.57689144412029,-15.0,0.0,0.0,5.525000125169754,0.30000001192092896
742,119.3666226220898,-1.0000001192092896,251.541622651892,-162.29999995231628,0.0,0.0,30.825001150369644,0.30000001192092896
743,13.231744906015049,0.0,16.431744906015048,-5.0,0.0,0.0,1.5000001192092896,0.30000001192092896
744,189.91454582888247,-1.0000001192092896,277.389545858685,-121.0,0.0,0.0,34.525001898407936,0.0
745,74.26395110350752,0.0,100.18895110350753,-40.299999952316284,0.0,0.0,13.775000780820847,0.6000000238418579
746,10.155612541061648,0.0,12.730612541061648,-4.0,0.0,0.0,1.1250000894069672,0.30000001192092896
747,103.47889266748192,-1.0000001192092896,178.77889269728416,-97.0,0.0,0.0,22.700000975281,0.0
748,99.01670548387386,-1.0000001192092896,150.59170551367626,-71.29999995231628,0.0,0.0,20.425000939518213,0.30000001192092896
749,125.50687243196414,-1.0000001192092896,165.8818724617665,-62.0,0.0,0.0,22.62500151246786,0.0
750,117.43570581012965,-1.0000001192092896,149.28570583993195,-52.0,0.0,0.0,21.150000356137753,0.0
751,133.7897660162437,-1.0000001192092896,157.68976604604595,-35.0,0.0,0.0,11.80000027269125,0.30000001192092896
752,58.8275106078338,0.0,81.8275106078338,-30.5,-4.5,0.0,11.40000069141388,0.6000000238418579
753,7.6970510579460045,0.0,9.022051057946005,-2.0,0.0,0.0,0.3750000298023224,0.30000001192092896
754,117.27595641054741,-1.0000001192092896,170.37595644034977,-68.30000001192093,0.0,0.0,15.900000549852848,0.30000001192092896
755,91.24479930821315,-1.0000001192092896,271.0447993380153,-199.19999986886978,0.0,0.0,19.200000680983067,1.2000000476837158
756,8.59348760400846,0.0,11.168487604008462,-4.0,0.0,0.0,1.1250000894069672,0.30000001192092896
757,106.06153368970587,0.0,142.1365336897059,-47.5,0.0,0.0,10.525000419467688,0.9000000357627869
758,8.955683295268583,0.0,10.905683295268584,-3.0,0.0,0.0,0.7500000596046448,0.30000001192092896
759,10.093659295279902,0.0,12.668659295279902,-4.0,0.0,0.0,1.1250000894069672,0.30000001192092896
760,7.723155762299182,0.0,9.048155762299182,-2.0,0.0,0.0,0.3750000298023224,0.30000001192092896
761,5.520094244650048,0.0,7.470094244650049,-3.0,0.0,0.0,0.7500000596046448,0.30000001192092896
762,133.59085947523997,-1.0000001192092896,179.59085950504223,-66.0,0.0,0.0,21.00000099092722,0.0
763,116.36558499131388,0.0,148.2655849913138,-57.0,0.0,0.0,25.100000098347664,0.0
764,116.56466336932785,0.0,174.78966336932774,-76.30000001192093,0.0,0.0,17.77500083297491,0.30000001192092896
765,232.86995643337835,0.0,327.4949564333783,-131.5999999642372,-3.0,0.0,38.175000574439764,1.8000000715255737
766,85.68542318370673,-1.0000001192092896,137.6354232135091,-62.299999952316284,0.0,0.0,11.050000566989183,0.30000001192092896
767,15.302923812301218,0.0,16.627923812301216,-2.0,0.0,0.0,0.3750000298023224,0.30000001192092896
768,144.78534036425427,-1.0000001192092896,218.58534039405657,-95.0,0.0,0.0,22.200000889599323,0.0
769,88.51163484129586,0.0,146.58663484129596,-76.29999995231628,0.0,0.0,17.925000701099634,0.30000001192092896
770,130.71331763832504,-1.0000001192092896,173.88831766812734,-64.0,0.0,0.0,21.825000751763582,0.0
771,102.58784989531922,-1.0000001192092896,177.2878499251216,-90.0,0.0,0.0,16.30000051856041,0.0
772,6.126596813201769,0.0,7.45159681320177,-2.0,0.0,0.0,0.3750000298023224,0.30000001192092896
773,159.93148042893193,-1.0000001192092896,214.75648045873422,-78.0,0.0,0.0,24.17500091716647,0.0
774,112.63308598151629,-1.0000001192092896,188.6080860113187,-105.0,0.0,0.0,30.02500118687749,0.0
775,79.34691785380683,0.0,131.27191785380685,-71.0,0.0,0.0,19.075000759214163,0.0
776,31.775657067352654,0.0,125.92565706735266,-113.29999995231628,0.0,0.0,18.85000065714121,0.30000001192092896
777,52.69815528340614,0.0,142.0981552834061,-111.59999990463257,0.0,0.0,21.600000992417336,0.6000000238418579
778,7.347641237430925,0.0,9.297641237430923,-3.0,0.0,0.0,0.7500000596046448,0.30000001192092896
779,7.949244483471772,0.0,9.274244483471772,-2.0,0.0,0.0,0.3750000298023224,0.30000001192092896
780,15.342369426124261,0.0,18.542369426124257,-5.0,0.0,0.0,1.5000001192092896,0.30000001192092896
781,116.2621100194625,-1.0000001192092896,187.01211004926478,-81.0,0.0,0.0,11.250000447034836,0.0
782,52.33710484514993,-1.0000001192092896,132.58710487495227,-92.59999990463257,0.0,0.0,12.750000569969416,0.6000000238418579
783,266.319331392804,0.0,313.2943313928042,-94.29999995231628,0.0,0.0,47.02500307559967,0.30000001192092896
784,104.002847730449,0.0,128.67784773044895,-43.799999952316284,-1.5,0.0,20.02500084042549,0.6000000238418579
785,136.60086949353595,0.0,208.7758694935359,-101.0,0.0,0.0,28.525001510977745,0.30000001192092896
786,7.7063677614613715,0.0,9.031367761461372,-2.0,0.0,0.0,0.3750000298023224,0.30000001192092896
787,188.20783111225916,-1.0000001192092896,281.7578311420616,-120.0,0.0,0.0,26.550000835210085,0.9000000357627869
788,62.154807951536924,1.0000001192092896,68.75480792173464,-20.0,0.0,1.0,11.400000751018524,0.0
789,7.337870253188018,0.0,9.28787025318802,-3.0,0.0,0.0,0.7500000596046448,0.30000001192092896
790,384.8070971926782,0.0,474.9570971926782,-123.29999995231628,-1.5,0.0,33.15000028163195,1.5000000596046448
791,8.656661676986317,0.0,11.231661676986317,-4.0,0.0,0.0,1.1250000894069672,0.30000001192092896
792,123.03682896798799,-1.0000001192092896,184.93682899779026,-86.5,-1.5,0.0,26.800001699477434,0.30000001192092896
793,6.116797047904234,0.0,7.4417970479042355,-2.0,0.0,0.0,0.3750000298023224,0.30000001192092896
794,32.93473214387176,0.0,41.95973214387175,-17.0,0.0,0.0,7.975000590085983,0.0
795,6.147613503431933,0.0,7.472613503431934,-2.0,0.0,0.0,0.3750000298023224,0.30000001192092896
796,6.09825844582577,0.0,7.423258445825769,-2.0,0.0,0.0,0.3750000298023224,0.30000001192092896
797,9.315767826617588,0.0,9.265767826617587,-1.0,0.0,0.0,0.7500000596046448,0.30000001192092896
798,74.79279894692999,1.0000001192092896,89.04279891712766,-29.0,0.0,1.0,12.450000584125519,0.30000001192092896
799,8.90031778477133,0.0,10.850317784771331,-3.0,0.0,0.0,0.7500000596046448,0.30000001192092896
800,6.1361772807492585,0.0,7.461177280749259,-2.0,0.0,0.0,0.3750000298023224,0.30000001192092896
801,100.40249603534991,-1.0000001192092896,130.22749606515225,-46.0,0.0,0.0,17.175000716000795,0.0
802,99.92423398262127,0.0,118.59923398262126,-40.0,0.0,0.0,21.32500061392784,0.0
803,10.91490535011096,0.0,10.86490535011096,-1.0,0.0,0.0,0.7500000596046448,0.30000001192092896
804,6.118922623692058,0.0,7.443922623692058,-2.0,0.0,0.0,0.3750000298023224,0.30000001192092896
805,125.9467709742589,0.0,166.47177097425896,-61.0,0.0,0.0,19.875000566244125,0.6000000238418579
806,7.699063475215773,0.0,9.024063475215772,-2.0,0.0,0.0,0.3750000298023224,0.30000001192092896
807,7.716906909835118,0.0,9.041906909835117,-2.0,0.0,0.0,0.3750000298023224,0.30000001192092896
808,74.9596897163478,0.0,96.7096897163478,-34.5,0.0,0.0,12.450000584125519,0.30000001192092896
809,174.0263866760679,0.0,242.6513866760678,-83.0,-13.5,0.0,26.67500138282776,1.2000000476837158
810,9.707754590214595,0.0,9.032754590214596,0.0,0.0,0.0,0.3750000298023224,0.30000001192092896
811,113.46984590717554,-1.0000001192092896,163.54484593697782,-72.0,0.0,0.0,22.924999948590994,0.0
812,7.349328882207356,0.0,9.299328882207357,-3.0,0.0,0.0,0.7500000596046448,0.30000001192092896
813,7.670912296627428,0.0,8.995912296627429,-2.0,0.0,0.0,0.3750000298023224,0.30000001192092896
814,144.53263447575216,0.0,313.45763447575206,-206.5,0.0,0.0,36.675001069903374,0.9000000357627869
815,111.72882439123505,-1.0000001192092896,167.37882442103748,-77.29999995231628,0.0,0.0,22.35000104829669,0.30000001192092896
816,93.62550117146532,0.0,152.05050117146519,-72.29999995231628,0.0,0.0,13.275000382214785,0.6000000238418579
817,122.63163344736361,-1.0000001192092896,171.00663347716588,-67.0,0.0,0.0,19.62500061094761,0.0
818,65.32860174278191,-1.0000001192092896,234.25360177258406,-189.09999972581863,0.0,0.0,19.075000513345003,2.1000000834465027
819,66.65032177583728,0.0,86.65032177583728,-32.5,-1.5,0.0,13.700000762939453,0.30000001192092896
820,103.7274804969851,0.0,166.452480496985,-90.0,0.0,0.0,27.27500109001994,0.0
821,7.718368067028715,0.0,9.043368067028716,-2.0,0.0,0.0,0.3750000298023224,0.30000001192092896
822,119.2189833707892,0.0,151.84398337078923,-45.799999952316284,-3.0,0.0,15.575000420212746,0.6000000238418579
823,6.1125807546346485,0.0,7.437580754634649,-2.0,0.0,0.0,0.3750000298023224,0.30000001192092896
824,269.9001471504951,0.0,303.4251471504952,-70.5,0.0,0.0,36.37500238418579,0.6000000238418579
825,18.05326148642902,0.0,20.628261486429018,-4.0,0.0,0.0,1.1250000894069672,0.30000001192092896
826,8.853361340716244,0.0,10.803361340716243,-3.0,0.0,0.0,0.7500000596046448,0.30000001192092896
827,56.17498645179374,0.0,69.87498645179375,-25.299999952316284,0.0,0.0,11.000000566244125,0.6000000238418579
828,7.709500910630171,0.0,9.034500910630172,-2.0,0.0,0.0,0.3750000298023224,0.30000001192092896
829,133.47667255488668,-1.0000001192092896,164.776672584689,-51.0,0.0,0.0,20.400000978261232,0.30000001192092896
830,8.134277303173086,0.0,7.459277303173087,0.0,0.0,0.0,0.3750000298023224,0.30000001192092896
831,143.19176450939227,0.0,174.29176450939235,-53.0,0.0,0.0,21.600001212209463,0.30000001192092896
832,77.44939861732291,0.0,99.37439861732294,-34.0,0.0,0.0,12.07500046491623,0.0
833,8.948573247627545,0.0,10.898573247627544,-3.0,0.0,0.0,0.7500000596046448,0.30000001192092896
834,31.942233188728494,0.0,42.5172331887285,-18.0,0.0,0.0,7.425000429153442,0.0
835,19.21859107424158,0.0,24.343591074241576,-10.0,0.0,0.0,4.875000387430191,0.0
836,8.115897864235494,0.0,7.440897864235497,0.0,0.0,0.0,0.3750000298023224,0.30000001192092896
837,169.31624618674084,-1.0000001192092896,216.766246216543,-67.0,0.0,0.0,20.250000823289156,0.30000001192092896
838,205.609672492136,0.0,272.68467249213626,-93.79999995231628,0.0,0.0,25.52500043064356,1.2000000476837158
839,7.310275076893305,0.0,9.260275076893306,-3.0,0.0,0.0,0.7500000596046448,0.30000001192092896
840,100.58345726996426,-1.0000001192092896,157.08345729976654,-75.0,0.0,0.0,19.50000089034438,0.0
841,9.723388265148978,0.0,9.04838826514898,0.0,0.0,0.0,0.3750000298023224,0.30000001192092896
842,6.112887436758054,0.0,7.4378874367580545,-2.0,0.0,0.0,0.3750000298023224,0.30000001192092896
843,8.541611624277493,0.0,11.116611624277494,-4.0,0.0,0.0,1.1250000894069672,0.30000001192092896
844,8.979575157719397,0.0,10.9295751577194,-3.0,0.0,0.0,0.7500000596046448,0.30000001192092896
845,8.939311455720572,0.0,10.889311455720573,-3.0,0.0,0.0,0.7500000596046448,0.30000001192092896
846,112.39493996718419,0.0,181.19493996718415,-93.89999985694885,0.0,0.0,23.900000613182783,1.2000000476837158
847,22.29840766896909,0.0,30.248407668969083,-14.0,0.0,0.0,6.050000488758087,0.0
848,13.863879633750349,0.0,22.63887963375035,-13.0,0.0,0.0,4.225000292062759,0.0
849,8.970722417163847,0.0,10.920722417163846,-3.0,0.0,0.0,0.7500000596046448,0.30000001192092896
850,158.93930243220436,0.0,191.31430243220439,-62.30000001192093,0.0,0.0,28.12500135600567,1.8000000715255737
851,110.10201385707292,0.0,147.35201385707285,-54.5,0.0,0.0,16.650000393390656,0.6000000238418579
852,127.11164298929316,-1.0000001192092896,164.81164301909533,-58.0,0.0,0.0,21.30000040307641,0.0
853,6.118525173430307,0.0,7.443525173430307,-2.0,0.0,0.0,0.3750000298023224,0.30000001192092896
854,7.352907319748719,0.0,9.302907319748718,-3.0,0.0,0.0,0.7500000596046448,0.30000001192092896
855,151.17262421305486,-1.0000001192092896,246.17262424285718,-121.5,0.0,0.0,27.200000919401646,0.30000001192092896
856,15.550448633576845,0.0,24.850448633576843,-14.0,0.0,0.0,4.70000034570694,0.0
857,118.69172716502564,0.0,157.46672716502567,-62.299999952316284,0.0,0.0,22.9250006377697,0.6000000238418579
858,119.74057523986669,0.0,152.61557523986664,-56.0,0.0,0.0,22.825000416487455,0.30000001192092896
859,7.7096536811788745,0.0,9.034653681178876,-2.0,0.0,0.0,0.3750000298023224,0.30000001192092896
860,68.81255064881522,0.0,85.5875506488152,-30.0,0.0,0.0,12.925000876188278,0.30000001192092896
861,117.63299383115799,-1.0000001192092896,129.18299386096032,-25.0,0.0,0.0,14.450000796467066,0.0
862,110.72054209067959,-1.0000001192092896,146.1455421204818,-47.0,0.0,0.0,12.575000263750553,0.0
863,7.966136965718114,0.0,9.291136965718113,-2.0,0.0,0.0,0.3750000298023224,0.30000001192092896
864,9.191647548084426,0.0,11.141647548084425,-3.0,0.0,0.0,0.7500000596046448,0.30000001192092896
865,136.29952451173355,0.0,185.12452451173354,-70.0,0.0,0.0,21.17500066384673,0.0
866,15.807177148968124,0.0,22.457177148968125,-11.0,0.0,0.0,4.350000321865082,0.0
867,303.2812833967501,-1.0000001192092896,461.50628342655256,-213.59999990463257,0.0,0.0,55.77500159665942,0.6000000238418579
868,107.8656936289594,-1.0000001192092896,133.94069365876175,-41.0,0.0,0.0,15.925000578165054,0.0
869,80.98033194005909,0.0,121.255331940059,-50.5,-6.0,0.0,15.625000715255737,0.6000000238418579
870,40.56899137590483,0.0,50.26899137590482,-17.0,0.0,0.0,7.000000476837158,0.30000001192092896
871,35.88479783841914,0.0,48.13479783841914,-19.0,0.0,0.0,6.45000034570694,0.30000001192092896
872,93.41158232849207,0.0,115.36158232849205,-43.299999952316284,0.0,0.0,21.050000593066216,0.30000001192092896
873,74.21357806638206,0.0,87.13857806638205,-22.5,-1.5,0.0,10.475000038743019,0.6000000238418579
874,7.72138201967827,0.0,9.04638201967827,-2.0,0.0,0.0,0.3750000298023224,0.30000001192092896
875,36.38698184155158,0.0,44.01198184155158,-13.0,0.0,0.0,5.075000315904617,0.30000001192092896
876,39.50813270634231,0.0,49.958132706342305,-20.0,0.0,0.0,9.550000250339508,0.0
877,113.77447539666548,0.0,152.84947539666547,-62.0,0.0,0.0,22.92500053346157,0.0
878,8.940938090252173,0.0,10.890938090252172,-3.0,0.0,0.0,0.7500000596046448,0.30000001192092896
879,31.934153535331465,0.0,47.65915353533147,-24.0,0.0,0.0,8.275000557303429,0.0
880,194.34673671015398,-1.0000001192092896,226.09673673995633,-69.30000001192093,0.0,0.0,38.250000793486834,0.30000001192092896
881,30.926146496689363,0.0,40.40114649668934,-17.0,0.0,0.0,7.525000274181366,0.0
882,229.125944086114,0.0,274.4509440861139,-79.80000001192093,0.0,0.0,33.87500133737922,0.6000000238418579
883,186.15899094433234,-1.0000001192092896,302.33399097413496,-156.29999995231628,0.0,0.0,40.82500118762255,0.30000001192092896
884,10.772728351713909,0.0,12.722728351713911,-3.0,0.0,0.0,0.7500000596046448,0.30000001192092896
885,84.0582375004706,0.0,123.55823750047057,-60.0,0.0,0.0,20.500001098960638,0.0
886,7.386252159088668,0.0,9.336252159088668,-3.0,0.0,0.0,0.7500000596046448,0.30000001192092896
887,107.02911530202934,-1.0000001192092896,207.50411533183154,-123.29999995231628,0.0,0.0,22.925000585615635,0.9000000357627869
888,12.841947433014168,0.0,14.791947433014167,-3.0,0.0,0.0,0.7500000596046448,0.30000001192092896
889,94.69435453191275,0.0,114.06935453191277,-34.299999952316284,0.0,0.0,14.625000566244125,0.30000001192092896
890,85.70243180928944,0.0,114.87743180928942,-50.299999952316284,0.0,0.0,20.82500070333481,0.30000001192092896
891,72.46109470848711,-1.0000001192092896,123.41109473828945,-60.0,0.0,0.0,9.750000353902578,0.30000001192092896
892,47.95348574888421,0.0,56.703485748884205,-16.0,0.0,0.0,6.950000166893005,0.30000001192092896
893,12.290319310574992,0.0,12.865319310574993,-2.0,0.0,0.0,1.1250000894069672,0.30000001192092896
894,57.448954823167185,0.0,74.97395482316719,-32.0,0.0,0.0,14.475000709295273,0.0
895,254.48662068847133,-1.0000001192092896,309.36162071827374,-83.5,0.0,0.0,29.325001049786806,0.30000001192092896
896,96.36508784214251,-1.0000001192092896,130.74008787194475,-47.0,0.0,0.0,13.625000566244125,0.0
897,12.00236110752142,0.0,14.577361107521423,-4.0,0.0,0.0,1.1250000894069672,0.30000001192092896
898,105.11025746760295,0.0,110.16025746760297,-15.0,0.0,0.0,9.65000006556511,0.30000001192092896
899,16.006422871110633,0.0,18.581422871110632,-4.0,0.0,0.0,1.1250000894069672,0.30000001192092896
900,165.21765974330975,0.0,199.34265974330972,-62.299999952316284,0.0,0.0,27.875001471489668,0.30000001192092896
901,17.166883531426915,0.0,18.491883531426918,-2.0,0.0,0.0,0.3750000298023224,0.30000001192092896
902,15.37865854862218,0.0,24.503658548622173,-14.0,0.0,0.0,4.875000327825546,0.0
903,244.1500456709579,-1.0000001192092896,306.0000457007599,-103.0,0.0,0.0,42.150001872330904,0.0
904,13.469160099747475,0.0,16.669160099747476,-5.0,0.0,0.0,1.5000001192092896,0.30000001192092896
905,121.7710296880089,-1.0000001192092896,197.32102971781117,-96.29999995231628,0.0,0.0,21.45000058040023,0.30000001192092896
906,276.09438711743434,0.0,365.5693871174344,-153.79999989271164,0.0,0.0,62.52500158548355,1.8000000715255737
907,108.5061136797951,0.0,138.2561136797951,-47.299999952316284,0.0,0.0,16.950000509619713,0.6000000238418579
908,121.37026700458242,-1.0000001192092896,186.0952670343848,-85.89999985694885,0.0,0.0,20.975000198930502,1.2000000476837158
909,74.65710541001121,0.0,92.18210541001125,-33.0,0.0,0.0,14.875000804662704,0.6000000238418579
910,120.25868406712821,0.0,149.20868406712827,-46.799999952316284,0.0,0.0,16.950000315904617,0.9000000357627869
911,8.51072843287903,0.0,11.085728432879032,-4.0,0.0,0.0,1.1250000894069672,0.30000001192092896
912,6.699893137459333,0.0,9.274893137459333,-4.0,0.0,0.0,1.1250000894069672,0.30000001192092896
913,7.294460621973584,0.0,9.244460621973584,-3.0,0.0,0.0,0.7500000596046448,0.30000001192092896
914,126.88034568635497,0.0,159.20534568635506,-57.0,0.0,0.0,24.375001091510057,0.30000001192092896
915,30.116091895101185,0.0,45.91609189510119,-24.0,0.0,0.0,8.20000046491623,0.0
916,6.111371364501892,0.0,7.436371364501892,-2.0,0.0,0.0,0.3750000298023224,0.30000001192092896
917,57.911589151581616,0.0,67.91158915158162,-16.299999952316284,0.0,0.0,5.700000181794167,0.6000000238418579
918,32.4685964029135,0.0,44.06859640291349,-19.0,0.0,0.0,7.400000333786011,0.0
919,61.7840423822279,0.0,79.25904238222789,-33.0,0.0,0.0,15.525001123547554,0.0
920,10.503760239249415,0.0,13.078760239249412,-4.0,0.0,0.0,1.1250000894069672,0.30000001192092896
921,114.23497635624668,0.0,155.7099763562468,-63.0,0.0,0.0,21.525000747293234,0.0
922,8.563934796713061,0.0,11.13893479671306,-4.0,0.0,0.0,1.1250000894069672,0.30000001192092896
923,6.682050797795102,0.0,9.257050797795102,-4.0,0.0,0.0,1.1250000894069672,0.30000001192092896
924,6.1122249994391575,0.0,7.437224999439158,-2.0,0.0,0.0,0.3750000298023224,0.30000001192092896
925,91.75836166861596,-1.0000001192092896,203.93336169841845,-144.29999995231628,0.0,0.0,32.82500180974603,0.30000001192092896
926,16.656979777451507,0.0,18.606979777451507,-3.0,0.0,0.0,0.7500000596046448,0.30000001192092896
927,151.07479076948803,0.0,180.37479076948796,-53.799999952316284,0.0,0.0,23.60000118613243,0.9000000357627869
928,7.336012601753249,0.0,9.28601260175325,-3.0,0.0,0.0,0.7500000596046448,0.30000001192092896
929,7.3571344580257305,0.0,9.307134458025729,-3.0,0.0,0.0,0.7500000596046448,0.30000001192092896
930,75.33227125238983,-1.0000001192092896,115.13227128219214,-51.0,0.0,0.0,12.200000736862421,0.0
931,142.12412746654417,0.0,172.2241274665441,-51.5,-1.5,0.0,22.600001394748688,0.30000001192092896
932,185.04909204760682,-1.0000001192092896,267.72409207740947,-102.29999995231628,0.0,0.0,20.025000773370266,0.6000000238418579
933,188.32381739944822,-1.0000001192092896,238.82381742925065,-75.0,0.0,0.0,25.20000110939145,0.30000001192092896
934,138.8117153176942,-1.0000001192092896,183.66171534749654,-64.5,0.0,0.0,20.35000066831708,0.30000001192092896
935,56.311620288682555,0.0,66.71162028868258,-22.0,0.0,0.0,11.600000739097595,0.0
936,14.138003427868112,0.0,16.71300342786811,-4.0,0.0,0.0,1.1250000894069672,0.30000001192092896
937,108.3260015016467,0.0,141.3510015016467,-56.299999952316284,0.0,0.0,22.67500075697899,0.6000000238418579
938,13.379315658086348,0.0,16.57931565808635,-5.0,0.0,0.0,1.5000001192092896,0.30000001192092896
939,116.4693812900044,-1.0000001192092896,191.4943813198067,-95.59999990463257,0.0,0.0,20.975000485777855,0.6000000238418579
940,284.1086058448518,-1.0000001192092896,328.18360587465406,-77.0,0.0,0.0,33.62500159814954,0.30000001192092896
941,37.7459694367944,0.0,45.4959694367944,-13.0,0.0,0.0,4.950000137090683,0.30000001192092896
942,9.193928246885353,0.0,11.143928246885354,-3.0,0.0,0.0,0.7500000596046448,0.30000001192092896
943,76.32473289085233,0.0,103.14973289085236,-44.0,0.0,0.0,17.175000935792923,0.0
944,16.98407479627671,0.0,16.93407479627671,-1.0,0.0,0.0,0.7500000596046448,0.30000001192092896
945,110.26496757857015,-1.0000001192092896,169.2399676083726,-76.0,0.0,0.0,18.025000762194395,0.0
946,117.92524502619663,0.0,138.77524502619664,-39.799999952316284,0.0,0.0,18.35000091791153,0.6000000238418579
947,116.49481829476883,0.0,155.11981829476883,-57.299999952316284,0.0,0.0,18.375000908970833,0.30000001192092896
948,94.34039868250903,0.0,138.34039868250906,-63.0,0.0,0.0,18.700000688433647,0.30000001192092896
949,170.2216313392767,-1.0000001192092896,209.72163136907915,-65.0,0.0,0.0,26.50000113993883,0.0
950,88.27143174198315,0.0,94.87143174198316,-21.0,0.0,0.0,14.100000858306885,0.30000001192092896
951,268.72963273873586,-1.0000001192092896,353.7296327685382,-129.5,-3.0,0.0,48.20000256597996,0.30000001192092896
952,230.0154654303662,-1.0000001192092896,343.9654654601686,-145.5999999642372,0.0,0.0,31.450001120567322,1.2000000476837158
953,159.1854991248902,0.0,218.71049912489025,-96.0,0.0,0.0,36.47500228881836,0.0
954,158.65839694820707,-1.0000001192092896,195.08339697800935,-63.0,0.0,0.0,27.575000941753387,0.0
955,81.87813467474491,0.0,108.32813467474492,-45.299999952316284,0.0,0.0,18.55000114440918,0.30000001192092896
956,79.65832882905241,0.0,98.53332882905242,-37.299999952316284,0.0,0.0,18.1250009983778,0.30000001192092896
957,8.5540882490728,0.0,11.1290882490728,-4.0,0.0,0.0,1.1250000894069672,0.30000001192092896
958,164.609713000117,0.0,192.20971300011703,-54.0,0.0,0.0,26.10000216960907,0.30000001192092896
959,7.688776969146671,0.0,9.013776969146672,-2.0,0.0,0.0,0.3750000298023224,0.30000001192092896
960,24.870947323028485,0.0,28.12094732302848,-5.0,0.0,0.0,1.4500001072883606,0.30000001192092896
961,108.42256083813834,-1.0000001192092896,139.54756086794063,-48.0,0.0,0.0,17.575000755488873,0.30000001192092896
962,8.881848349628033,0.0,10.831848349628032,-3.0,0.0,0.0,0.7500000596046448,0.30000001192092896
963,214.13259978177845,0.0,350.9575997817786,-196.59999990463257,0.0,0.0,59.17500392720103,0.6000000238418579
964,119.25839761088633,0.0,143.20839761088635,-43.299999952316284,0.0,0.0,18.750001057982445,0.6000000238418579
965,120.42687497839168,-1.0000001192092896,150.77687500819405,-45.0,0.0,0.0,15.650000397115946,0.0
966,7.7006415840316915,0.0,9.025641584031693,-2.0,0.0,0.0,0.3750000298023224,0.30000001192092896
967,50.96846937229625,-1.0000001192092896,181.51846940209836,-149.59999990463257,0.0,0.0,19.450000811368227,0.6000000238418579
968,7.681237958210603,0.0,9.006237958210601,-2.0,0.0,0.0,0.3750000298023224,0.30000001192092896
969,103.54183101299964,0.0,135.64183101299966,-44.0,0.0,0.0,11.900000501424074,0.0
970,124.45891901904095,0.0,147.15891901904084,-39.0,0.0,0.0,16.300000559538603,0.0
971,12.07836303064934,0.0,12.653363030649341,-2.0,0.0,0.0,1.1250000894069672,0.30000001192092896
972,79.17235814791134,0.0,104.7223581479114,-41.0,0.0,0.0,15.450000613927841,0.0
973,224.66041339900028,0.0,279.61041339900004,-98.29999995231628,0.0,0.0,41.85000165551901,1.5000000596046448
974,86.68480152133002,0.0,122.58480152133005,-49.299999952316284,0.0,0.0,12.800000175833702,0.6000000238418579
975,114.83091617944949,0.0,148.53091617944952,-50.0,0.0,0.0,16.300000708550215,0.0
976,121.03541910946335,0.0,146.68541910946345,-47.0,0.0,0.0,21.35000103712082,0.0
977,48.8328941110141,0.0,56.7578941110141,-18.0,0.0,0.0,10.075000673532486,0.0
978,6.118905598483782,0.0,7.443905598483782,-2.0,0.0,0.0,0.3750000298023224,0.30000001192092896
979,142.20798497979774,-1.0000001192092896,189.0079850096001,-63.299999952316284,0.0,0.0,16.900000598281622,0.6000000238418579
980,335.55452528101114,-1.0000001192092896,430.3295253108133,-134.89999985694885,-6.0,0.0,45.625002048909664,1.5000000596046448
981,7.7070695747706495,0.0,9.032069574770649,-2.0,0.0,0.0,0.3750000298023224,0.30000001192092896
982,34.16040718379891,1.0000001192092896,47.21040715399659,-23.0,0.0,1.0,7.950000584125519,0.0
983,134.41301043577286,-1.0000001192092896,165.21301046557522,-51.0,0.0,0.0,21.2000017054379,0.0
984,6.13283923479361,0.0,7.457839234793609,-2.0,0.0,0.0,0.3750000298023224,0.30000001192092896
985,9.307680812204566,0.0,9.257680812204566,-1.0,0.0,0.0,0.7500000596046448,0.30000001192092896
986,155.34976953757482,0.0,245.82476953757478,-124.59999990463257,0.0,0.0,33.52500095963478,0.6000000238418579
987,37.673290315392464,0.0,45.12329031539247,-14.0,0.0,0.0,6.250000149011612,0.30000001192092896
988,13.08274990769998,0.0,20.98274990769998,-12.0,0.0,0.0,4.100000321865082,0.0
989,17.34420843478399,0.0,16.669208434783993,0.0,0.0,0.0,0.3750000298023224,0.30000001192092896
990,116.67179820679372,-1.0000001192092896,200.89679823659617,-110.0,0.0,0.0,26.775001049041748,0.0
991,14.053079648241932,0.0,16.628079648241933,-4.0,0.0,0.0,1.1250000894069672,0.30000001192092896
992,7.683807511064286,0.0,9.008807511064287,-2.0,0.0,0.0,0.3750000298023224,0.30000001192092896
993,245.0502574491161,0.0,281.875257449116,-55.0,0.0,0.0,17.875000178813934,0.30000001192092896
994,50.53226620006818,0.0,64.63226620006817,-26.299999952316284,0.0,0.0,11.900000631809235,0.30000001192092896
995,7.724511069475502,0.0,9.049511069475502,-2.0,0.0,0.0,0.3750000298023224,0.30000001192092896
996,7.29837410254878,0.0,9.248374102548782,-3.0,0.0,0.0,0.7500000596046448,0.30000001192092896
997,160.88709571786694,0.0,197.73709571786696,-59.0,0.0,0.0,22.150001268833876,0.0
998,11.999522700974353,0.0,14.574522700974352,-4.0,0.0,0.0,1.1250000894069672,0.30000001192092896
999,114.55295729291699,0.0,173.92795729291703,-85.0,0.0,0.0,25.62500135600567,0.0
1000,171.41511054354982,0.0,197.8151105435498,-47.0,0.0,0.0,20.600001268088818,0.0
1001,7.700807376725928,0.0,9.025807376725927,-2.0,0.0,0.0,0.3750000298023224,0.30000001192092896
1002,54.6379581160954,0.0,71.53795811609535,-29.299999952316284,0.0,0.0,11.800000607967377,0.6000000238418579
1003,51.182774284416936,0.0,54.707774284416935,-10.0,0.0,0.0,6.1750002801418304,0.30000001192092896
1004,150.25162672247075,0.0,190.77662672247064,-59.09999996423721,0.0,0.0,16.775000497698784,1.8000000715255737
1005,149.71375361910194,-1.0000001192092896,212.56375364890422,-79.0,0.0,0.0,16.25000025704503,0.9000000357627869
1006,14.779671712449945,0.0,20.67967171244995,-10.0,0.0,0.0,4.100000321865082,0.0
1007,36.4415960028575,0.0,53.766596002857504,-27.0,0.0,0.0,9.675000458955765,0.0
1008,19.59791853143005,0.0,24.69791853143005,-10.0,0.0,0.0,4.9000003933906555,0.0
1009,140.1996835002404,0.0,160.6496835002405,-35.0,0.0,0.0,14.25000075623393,0.30000001192092896
1010,6.0913874254043705,0.0,7.416387425404371,-2.0,0.0,0.0,0.3750000298023224,0.30000001192092896
1011,8.936494125218896,0.0,10.8864941252189,-3.0,0.0,0.0,0.7500000596046448,0.30000001192092896
1012,8.52435752411844,0.0,11.09935752411844,-4.0,0.0,0.0,1.1250000894069672,0.30000001192092896
1013,58.53092374409914,0.0,73.38092374409916,-27.0,0.0,0.0,12.150000751018524,0.0
1014,69.98489291427762,-1.0000001192092896,208.18489294408013,-159.89999985694885,0.0,0.0,21.500000476837158,1.2000000476837158
1015,8.93057763284963,0.0,10.88057763284963,-3.0,0.0,0.0,0.7500000596046448,0.30000001192092896
1016,10.396475770839581,0.0,12.971475770839582,-4.0,0.0,0.0,1.1250000894069672,0.30000001192092896
1017,6.107605128542691,0.0,7.43260512854269,-2.0,0.0,0.0,0.3750000298023224,0.30000001192092896
1018,220.37257199604622,0.0,270.3475719960461,-106.59999990463257,0.0,0.0,55.72500028461218,0.9000000357627869
1019,6.696051821937889,0.0,9.27105182193789,-4.0,0.0,0.0,1.1250000894069672,0.30000001192092896
1020,181.62775747795058,0.0,261.77775747795056,-114.29999995231628,0.0,0.0,33.8500008136034,0.30000001192092896
1021,25.14210262673151,0.0,29.56710262673151,-10.0,0.0,0.0,5.5750002562999725,0.0
1022,16.40332086279103,0.0,18.35332086279103,-3.0,0.0,0.0,0.7500000596046448,0.30000001192092896
1023,30.822682757648273,0.0,39.397682757648276,-14.0,0.0,0.0,5.125000178813934,0.30000001192092896
1024,8.956193146203367,0.0,10.906193146203368,-3.0,0.0,0.0,0.7500000596046448,0.30000001192092896
1025,203.6738229238106,0.0,271.2988229238106,-105.29999995231628,-7.5,0.0,43.97500194981694,1.2000000476837158
1026,127.61847082221792,-1.0000001192092896,163.91847085202022,-61.0,0.0,0.0,25.700001496821642,0.0
1027,6.099600372582573,0.0,7.424600372582573,-2.0,0.0,0.0,0.3750000298023224,0.30000001192092896
1028,120.33735618669525,-1.0000001192092896,234.5873562164972,-146.59999990463257,0.0,0.0,32.75000198185444,0.6000000238418579
1029,6.1179496604303925,0.0,7.442949660430393,-2.0,0.0,0.0,0.3750000298023224,0.30000001192092896
1030,60.17711436509014,0.0,69.57711436509017,-20.299999952316284,0.0,0.0,10.600000500679016,0.30000001192092896
1031,67.75584792923716,0.0,77.53084792923714,-21.5,0.0,0.0,11.425000458955765,0.30000001192092896
1032,111.92477686945809,-1.0000001192092896,167.74977689926027,-70.29999995231628,0.0,0.0,14.875000566244125,0.6000000238418579
1033,5.4575185160650665,0.0,7.407518516065067,-3.0,0.0,0.0,0.7500000596046448,0.30000001192092896
1034,6.119682521744498,0.0,7.4446825217444985,-2.0,0.0,0.0,0.3750000298023224,0.30000001192092896
1035,102.83789274890503,0.0,158.21289274890492,-72.29999995231628,0.0,0.0,16.625000454485416,0.30000001192092896
1036,7.331181820127148,0.0,9.281181820127149,-3.0,0.0,0.0,0.7500000596046448,0.30000001192092896
1037,20.780703325456727,0.0,26.530703325456727,-11.0,0.0,0.0,5.250000417232513,0.0
1038,37.56076009771882,0.0,46.160760097718814,-15.0,0.0,0.0,6.100000381469727,0.30000001192092896
1039,131.78124251563275,-1.0000001192092896,181.53124254543502,-65.89999985694885,0.0,0.0,16.250000458210707,0.9000000357627869
1040,19.315946482631908,0.0,24.515946482631904,-10.0,0.0,0.0,4.800000369548798,0.0
1041,42.94634602480888,0.0,49.72134602480888,-16.5,0.0,0.0,9.425000548362732,0.30000001192092896
1042,114.27176569945476,0.0,142.52176569945482,-46.0,0.0,0.0,17.450000684708357,0.30000001192092896
1043,8.131329679209744,0.0,7.456329679209744,0.0,0.0,0.0,0.3750000298023224,0.30000001192092896
1044,123.35317382001074,0.0,199.3781738200108,-96.0,0.0,0.0,19.675000723451376,0.30000001192092896
1045,56.2451201189494,0.0,63.395120118949414,-15.0,0.0,0.0,7.550000458955765,0.30000001192092896
1046,112.61749831637285,-1.0000001192092896,148.0924983461751,-51.0,0.0,0.0,16.52500118687749,0.0
1047,96.31963472945964,0.0,118.01963472945967,-40.299999952316284,0.0,0.0,18.000001192092896,0.6000000238418579
1048,134.65679045142855,-1.0000001192092896,161.80679048123085,-42.0,0.0,0.0,15.850000858306885,0.0
1049,7.306972894312582,0.0,9.25697289431258,-3.0,0.0,0.0,0.7500000596046448,0.30000001192092896
1050,10.17792938986998,0.0,12.75292938986998,-4.0,0.0,0.0,1.1250000894069672,0.30000001192092896
1051,7.688790561459023,0.0,9.013790561459023,-2.0,0.0,0.0,0.3750000298023224,0.30000001192092896
1052,9.71563235410584,0.0,9.04063235410584,0.0,0.0,0.0,0.3750000298023224,0.30000001192092896
1053,16.488746716734493,0.0,18.438746716734492,-3.0,0.0,0.0,0.7500000596046448,0.30000001192092896
1054,6.130473321867616,0.0,7.455473321867617,-2.0,0.0,0.0,0.3750000298023224,0.30000001192092896
1055,7.274622743422979,0.0,9.22462274342298,-3.0,0.0,0.0,0.7500000596046448,0.30000001192092896
1056,166.6577229542651,-1.0000001192092896,214.40772298406753,-69.59999990463257,0.0,0.0,21.950000520795584,0.9000000357627869
1057,109.90255085381584,-1.0000001192092896,179.80255088361818,-98.0,0.0,0.0,29.100001480430365,0.0
1058,8.862012938721994,0.0,10.812012938721994,-3.0,0.0,0.0,0.7500000596046448,0.30000001192092896
1059,49.879047171909235,0.0,62.12904717190923,-19.5,-3.0,0.0,9.950000643730164,0.30000001192092896
1060,131.00972988980703,0.0,151.00972988980706,-45.299999952316284,0.0,0.0,25.00000125169754,0.30000001192092896
1061,7.326456218717128,0.0,9.276456218717128,-3.0,0.0,0.0,0.7500000596046448,0.30000001192092896
1062,53.898820330686796,0.0,69.89882033068677,-25.0,0.0,0.0,8.700000241398811,0.30000001192092896
1063,147.79066693442672,-1.0000001192092896,196.24066696422906,-72.0,0.0,0.0,24.550000954419374,0.0
1064,145.603685031821,-1.0000001192092896,336.45368506162345,-235.0,0.0,0.0,45.15000111609697,0.0
1065,43.35569371993077,0.0,47.030693719930774,-9.0,0.0,0.0,5.025000244379044,0.30000001192092896
1066,8.13792774911342,0.0,7.462927749113419,0.0,0.0,0.0,0.3750000298023224,0.30000001192092896
1067,82.02460523609875,-1.0000001192092896,169.17460526590114,-106.29999995231628,0.0,0.0,19.85000055283308,0.30000001192092896
1068,166.6948202060331,-1.0000001192092896,200.26982023583537,-56.0,0.0,0.0,23.4250012524426,0.0
1069,177.39611784147854,0.0,212.17111784147832,-67.29999995231628,0.0,0.0,32.225002229213715,0.30000001192092896
1070,111.77220275989245,0.0,167.34720275989244,-79.8999999165535,0.0,0.0,23.425000704824924,0.9000000357627869
1071,8.895931027438278,0.0,10.84593102743828,-3.0,0.0,0.0,0.7500000596046448,0.30000001192092896
1072,76.06685391149654,1.0000001192092896,100.09185388169419,-43.0,0.0,1.0,16.97500103712082,0.0
1073,177.2448127073756,-1.0000001192092896,226.91981273717798,-73.59999990463257,0.0,0.0,24.025000866502523,0.9000000357627869
1074,7.688891531298926,0.0,9.013891531298926,-2.0,0.0,0.0,0.3750000298023224,0.30000001192092896
1075,137.59219131234687,-1.0000001192092896,172.59219134214914,-51.0,0.0,0.0,16.70000084117055,0.30000001192092896
1076,116.72779714234423,0.0,237.57779714234434,-152.5,-3.0,0.0,34.35000139474869,0.30000001192092896
1077,7.355444366103997,0.0,9.305444366103998,-3.0,0.0,0.0,0.7500000596046448,0.30000001192092896
1078,7.3379380879528915,0.0,9.28793808795289,-3.0,0.0,0.0,0.7500000596046448,0.30000001192092896
1079,114.36248548326317,-1.0000001192092896,161.7624855130654,-67.29999995231628,0.0,0.0,20.300001237541437,0.6000000238418579
1080,89.87806721130353,0.0,108.55306721130356,-28.5,-4.5,0.0,14.025000631809235,0.30000001192092896
1081,38.75854841630015,0.0,50.65854841630014,-23.0,0.0,0.0,11.10000067949295,0.0
1082,7.704919974781575,0.0,9.029919974781574,-2.0,0.0,0.0,0.3750000298023224,0.30000001192092896
1083,7.7160222447504,0.0,9.0410222447504,-2.0,0.0,0.0,0.3750000298023224,0.30000001192092896
1084,16.04022483168494,0.0,18.615224831684944,-4.0,0.0,0.0,1.1250000894069672,0.30000001192092896
1085,161.9305588156384,0.0,202.20555881563848,-74.0,0.0,0.0,33.72500164434314,0.0
1086,115.55555815757187,-1.0000001192092896,182.00555818737428,-88.29999995231628,0.0,0.0,22.55000064149499,0.30000001192092896
1087,96.31856164099051,0.0,125.34356164099049,-54.299999952316284,0.0,0.0,24.9750005453825,0.30000001192092896
1088,39.466181429997214,0.0,51.51618142999721,-20.0,0.0,0.0,7.6500004529953,0.30000001192092896
1089,7.352215325965204,0.0,9.302215325965204,-3.0,0.0,0.0,0.7500000596046448,0.30000001192092896
1090,125.36734318322024,0.0,161.54234318322014,-60.299999952316284,0.0,0.0,23.82500046491623,0.30000001192092896
1091,145.0501018447214,0.0,237.5001018447214,-114.0,0.0,0.0,20.95000048726797,0.6000000238418579
1092,49.39086827349641,0.0,64.91586827349641,-26.59999990463257,0.0,0.0,10.475000649690628,0.6000000238418579
1093,38.59498861192852,0.0,58.76998861192852,-30.0,0.0,0.0,9.825000494718552,0.0
1094,130.6961361448241,-1.0000001192092896,163.19613617462647,-53.0,0.0,0.0,21.500001404434443,0.0
1095,73.79934619150848,0.0,84.92434619150845,-24.299999952316284,0.0,0.0,12.575000792741776,0.6000000238418579
1096,8.892484423844177,0.0,10.84248442384418,-3.0,0.0,0.0,0.7500000596046448,0.30000001192092896
1097,267.4387841026558,-1.0000001192092896,317.4887841324581,-93.29999995231628,0.0,0.0,43.65000266581774,0.6000000238418579
1098,91.31329697400828,0.0,109.46329697400823,-35.5,0.0,0.0,17.05000102519989,0.30000001192092896
1099,7.92601731632656,0.0,9.25101731632656,-2.0,0.0,0.0,0.3750000298023224,0.30000001192092896
1100,44.306073149206604,0.0,49.006073149206586,-15.0,0.0,0.0,10.300000756978989,0.0
1101,46.13264421977431,1.0000001192092896,56.78264418997199,-23.0,0.0,1.0,10.35000079870224,0.0
1102,147.89795173469193,0.0,220.72295173469195,-99.29999995231628,-12.0,0.0,37.575002044439316,0.9000000357627869
1103,122.87291021194471,1.0000001192092896,137.02291018214234,-38.0,-1.0,1.0,21.950001001358032,0.9000000357627869
1104,6.114052077984252,0.0,7.439052077984251,-2.0,0.0,0.0,0.3750000298023224,0.30000001192092896
1105,6.0983657778746325,0.0,7.423365777874634,-2.0,0.0,0.0,0.3750000298023224,0.30000001192092896
1106,169.88827171093774,0.0,218.5382717109379,-82.0,0.0,0.0,33.3500012755394,0.0
1107,198.16984786843767,-1.0000001192092896,288.16984789824033,-115.0,0.0,0.0,25.700001154094934,0.30000001192092896
1108,193.96005391219165,-1.0000001192092896,231.91005394199405,-75.0,0.0,0.0,37.750002555549145,0.30000001192092896
1109,133.13177129081564,-1.0000001192092896,186.90677132061776,-69.0,0.0,0.0,15.92500026524067,0.30000001192092896
1110,7.708887719395497,0.0,9.033887719395498,-2.0,0.0,0.0,0.3750000298023224,0.30000001192092896
1111,45.7066997431436,-1.0000001192092896,117.28169977294593,-90.0,0.0,0.0,19.425000596791506,0.0
1112,120.58126804718992,-1.0000001192092896,173.9062680769922,-74.0,0.0,0.0,21.67500091716647,0.0
1113,108.55167536080512,-1.0000001192092896,140.6266753906074,-50.0,0.0,0.0,18.925000686198473,0.0
1114,86.1402476901302,0.0,112.79024769013016,-43.299999952316284,0.0,0.0,16.35000003501773,0.30000001192092896
1115,60.43525925631028,0.0,70.98525925631027,-20.0,0.0,0.0,9.450000703334808,0.0
1116,52.38869329322003,0.0,72.61369329322001,-33.299999952316284,0.0,0.0,12.775000900030136,0.30000001192092896
1117,12.877491009859504,0.0,14.827491009859505,-3.0,0.0,0.0,0.7500000596046448,0.30000001192092896
1118,40.52987046423363,0.0,51.92987046423363,-21.0,0.0,0.0,9.600000619888306,0.0
1119,7.362161649636911,0.0,9.312161649636911,-3.0,0.0,0.0,0.7500000596046448,0.30000001192092896
1120,231.55600577108476,-1.0000001192092896,384.45600580088706,-186.59999990463257,0.0,0.0,33.80000087991357,0.9000000357627869
1121,6.128882574223929,0.0,7.453882574223928,-2.0,0.0,0.0,0.3750000298023224,0.30000001192092896
1122,72.3978224259733,0.0,86.72282242597332,-30.0,0.0,0.0,15.675001055002213,0.0
1123,150.48965913959103,0.0,190.41465913959118,-62.0,0.0,0.0,22.0750012435019,0.0
1124,158.0714314923477,-1.0000001192092896,263.8714315221502,-131.29999995231628,0.0,0.0,26.20000083744526,0.30000001192092896
1125,428.78791408660925,-1.0000001192092896,510.41291411641146,-143.5,-5.5,0.0,67.1750040538609,1.2000000476837158
1126,46.49702413201922,0.0,65.1470241320192,-22.5,-4.5,0.0,8.050000578165054,0.30000001192092896
1127,266.5364272913969,-1.0000001192092896,328.5114273211992,-102.0,0.0,0.0,41.02500255033374,0.0
1128,8.740817596416518,0.0,9.315817596416517,-2.0,0.0,0.0,1.1250000894069672,0.30000001192092896
1129,7.707224913995168,0.0,9.032224913995169,-2.0,0.0,0.0,0.3750000298023224,0.30000001192092896
1130,10.75750647631794,0.0,12.707506476317942,-3.0,0.0,0.0,0.7500000596046448,0.30000001192092896
1131,114.65619527773808,-1.0000001192092896,147.1311953075403,-52.299999952316284,0.0,0.0,20.225000966340303,0.6000000238418579
1132,127.96657433043384,0.0,167.26657433043385,-68.79999995231628,0.0,0.0,28.900001257658005,0.6000000238418579
1133,170.0551741152458,-1.0000001192092896,243.65517414504814,-95.0,0.0,0.0,22.100000489503145,0.30000001192092896
1134,148.3035366947825,-1.0000001192092896,168.5785367245848,-39.0,0.0,0.0,19.724999833852053,0.0
1135,7.709025644360998,0.0,9.034025644360998,-2.0,0.0,0.0,0.3750000298023224,0.30000001192092896
1136,7.676694062790396,0.0,9.001694062790397,-2.0,0.0,0.0,0.3750000298023224,0.30000001192092896
1137,49.47251743677871,-1.0000001192092896,171.822517466581,-149.29999995231628,0.0,0.0,27.650001533329487,0.30000001192092896
1138,13.265184052783674,0.0,16.465184052783673,-5.0,0.0,0.0,1.5000001192092896,0.30000001192092896
1139,138.66458225959806,0.0,170.76458225959806,-50.0,0.0,0.0,17.900000739842653,0.0
1140,6.114686493844134,0.0,7.4396864938441345,-2.0,0.0,0.0,0.3750000298023224,0.30000001192092896
1141,17.341641195244947,0.0,18.541641195244946,-3.0,0.0,0.0,1.5000001192092896,0.30000001192092896
1142,8.897418373464717,0.0,10.847418373464718,-3.0,0.0,0.0,0.7500000596046448,0.30000001192092896
1143,251.79117940258575,-1.0000001192092896,377.24117943238826,-167.59999990463257,0.0,0.0,42.55000140145421,0.6000000238418579
1144,15.630028359635078,0.0,18.205028359635076,-4.0,0.0,0.0,1.1250000894069672,0.30000001192092896
1145,27.588312227293958,0.0,30.538312227293964,-9.0,0.0,0.0,6.050000309944153,0.0
1146,98.68056340225351,-1.0000001192092896,144.9555634320558,-70.0,0.0,0.0,24.425000723451376,0.30000001192092896
1147,151.41410892248754,0.0,178.28910892248746,-56.299999952316284,0.0,0.0,29.125001579523087,0.30000001192092896
1148,13.439530327443489,0.0,16.639530327443488,-5.0,0.0,0.0,1.5000001192092896,0.30000001192092896
1149,77.07040416213134,0.0,92.99540416213134,-24.0,-7.0,0.0,14.475001066923141,0.6000000238418579
1150,7.67375748653298,0.0,8.99875748653298,-2.0,0.0,0.0,0.3750000298023224,0.30000001192092896
1151,8.549681218710568,0.0,11.124681218710569,-4.0,0.0,0.0,1.1250000894069672,0.30000001192092896
1152,124.45280830494727,0.0,157.30280830494735,-47.0,0.0,0.0,13.850000254809856,0.30000001192092896
1153,138.1294981901006,-1.0000001192092896,168.304498219903,-52.0,0.0,0.0,22.825000632554293,0.0
1154,211.70859500679634,-1.0000001192092896,272.80859503659866,-94.0,0.0,0.0,33.900002021342516,0.0
1155,9.720687713360931,0.0,9.045687713360932,0.0,0.0,0.0,0.3750000298023224,0.30000001192092896
1156,95.7287554997018,0.0,118.32875549970176,-45.30000001192093,0.0,0.0,22.100000113248825,0.6000000238418579
1157,59.222559578108076,-1.0000001192092896,161.4725596079104,-126.59999990463257,0.0,0.0,24.75000050291419,0.6000000238418579
1158,211.33663571093584,0.0,253.78663571093585,-73.0,0.0,0.0,29.950001575052738,0.6000000238418579
1159,16.48986546541893,0.0,26.364865465418934,-15.0,0.0,0.0,5.125000387430191,0.0
1160,96.25942484225158,-1.0000001192092896,146.53442487205393,-65.29999995231628,0.0,0.0,15.725000504404306,0.30000001192092896
1161,49.12598387326438,-1.0000001192092896,165.6509839030669,-139.29999995231628,0.0,0.0,23.47500004246831,0.30000001192092896
1162,82.01128124968598,0.0,112.66128124968601,-45.0,0.0,0.0,13.750000536441803,0.6000000238418579
1163,6.119939249399716,0.0,7.444939249399715,-2.0,0.0,0.0,0.3750000298023224,0.30000001192092896
1164,7.701424275057537,0.0,9.026424275057536,-2.0,0.0,0.0,0.3750000298023224,0.30000001192092896
1165,25.120140057754387,0.0,40.07014005775439,-22.0,0.0,0.0,7.050000429153442,0.0
1166,32.05681271188871,0.0,44.93181271188872,-20.0,0.0,0.0,6.8250002562999725,0.30000001192092896
1167,14.932143416955892,0.0,16.88214341695589,-3.0,0.0,0.0,0.7500000596046448,0.30000001192092896
1168,51.9497313249568,0.0,61.49973132495681,-21.0,0.0,0.0,11.450000822544098,0.0
1169,8.13062373591862,0.0,7.45562373591862,0.0,0.0,0.0,0.3750000298023224,0.30000001192092896
1170,116.59685076104361,-1.0000001192092896,163.4968507908457,-62.299999952316284,0.0,0.0,15.800000332295895,0.6000000238418579
1171,52.43650635638343,-1.0000001192092896,142.4365063861858,-113.29999995231628,0.0,0.0,24.00000135973096,0.30000001192092896
1172,51.27909829321122,0.0,74.37909829321123,-39.299999952316284,0.0,0.0,15.900000810623169,0.30000001192092896
1173,86.07377515289798,-1.0000001192092896,125.8237751827003,-54.0,0.0,0.0,15.250001061707735,0.0
1174,6.127694774045038,0.0,7.452694774045039,-2.0,0.0,0.0,0.3750000298023224,0.30000001192092896
1175,40.826179373152605,0.0,50.37617937315261,-18.0,0.0,0.0,8.15000069141388,0.30000001192092896
1176,6.095934980052323,0.0,7.420934980052323,-2.0,0.0,0.0,0.3750000298023224,0.30000001192092896
1177,179.42226674620628,-1.0000001192092896,252.3722667760087,-111.0,0.0,0.0,38.450001914054155,0.6000000238418579
1178,10.741140134863695,0.0,12.691140134863694,-3.0,0.0,0.0,0.7500000596046448,0.30000001192092896
1179,151.88436077025202,-1.0000001192092896,190.1343608000543,-58.0,0.0,0.0,20.450000394135714,0.30000001192092896
1180,196.02183344960756,0.0,239.64683344960753,-72.5,0.0,0.0,28.27500081434846,0.6000000238418579
1181,76.07818527172962,-1.0000001192092896,149.60318530153205,-95.0,0.0,0.0,22.475001264363527,0.0
1182,154.53365054513418,0.0,292.7336505451343,-159.09999990463257,-10.5,0.0,29.900000512599945,1.5000000596046448
1183,119.39172073169664,0.0,165.71672073169654,-64.0,0.0,0.0,17.675000354647636,0.0
1184,147.0503356111234,-1.0000001192092896,174.85033564092564,-44.0,0.0,0.0,17.20000108703971,0.0
1185,92.23665524204091,0.0,128.86165524204088,-54.299999952316284,0.0,0.0,17.37500060349703,0.30000001192092896
1186,88.11276843669137,0.0,104.48776843669138,-30.0,0.0,0.0,13.325000509619713,0.30000001192092896
1187,155.85431245444087,0.0,190.9293124544409,-61.5,0.0,0.0,25.82500085234642,0.6000000238418579
1188,349.1688846025889,-1.0000001192092896,436.6938846323911,-136.0,0.0,0.0,49.17500140890479,0.30000001192092896
1189,75.660584967791,0.0,97.510584967791,-30.0,-6.0,0.0,13.550000742077827,0.6000000238418579
1190,6.116421801719394,0.0,7.441421801719395,-2.0,0.0,0.0,0.3750000298023224,0.30000001192092896
1191,48.21720792024898,0.0,49.76720792024898,-9.299999952316284,0.0,0.0,7.150000303983688,0.6000000238418579
1192,105.13999446012464,-1.0000001192092896,138.88999448992712,-55.0,0.0,0.0,22.250001061707735,0.0
1193,8.90554282542263,0.0,10.85554282542263,-3.0,0.0,0.0,0.7500000596046448,0.30000001192092896
1194,81.9100964840456,-1.0000001192092896,162.48509651384785,-106.0,0.0,0.0,26.4250009059906,0.0
1195,48.01182273322019,0.0,50.036822733220184,-10.5,0.0,0.0,8.17500039935112,0.30000001192092896
1196,7.709100580529562,0.0,9.03410058052956,-2.0,0.0,0.0,0.3750000298023224,0.30000001192092896
1197,115.36434394821941,0.0,156.31434394821937,-66.0,0.0,0.0,24.750000808387995,0.30000001192092896
1198,6.096055807304077,0.0,7.421055807304076,-2.0,0.0,0.0,0.3750000298023224,0.30000001192092896
1199,7.310473654808292,0.0,9.260473654808292,-3.0,0.0,0.0,0.7500000596046448,0.30000001192092896
1200,112.14052858039642,0.0,146.2155285803964,-50.0,0.0,0.0,15.925000667572021,0.0
1201,7.701122822399493,0.0,9.026122822399493,-2.0,0.0,0.0,0.3750000298023224,0.30000001192092896
1202,119.16047621457203,0.0,173.135476214572,-70.0,0.0,0.0,16.025000672787428,0.0
1203,131.6121762558628,0.0,162.4621762558628,-52.0,0.0,0.0,20.85000116378069,0.30000001192092896
1204,251.0682173562648,-1.0000001192092896,299.21821738606695,-78.0,0.0,0.0,30.850002113729715,0.0
1205,86.32003721850552,0.0,103.64503721850551,-30.5,0.0,0.0,12.875000566244125,0.30000001192092896
1206,145.19510791965254,-1.0000001192092896,178.79510794945497,-53.0,0.0,0.0,20.4000009521842,0.0
1207,7.339892968777102,0.0,9.289892968777103,-3.0,0.0,0.0,0.7500000596046448,0.30000001192092896
1208,153.93271598277724,-1.0000001192092896,220.9577160125796,-95.59999990463257,0.0,0.0,28.67500052601099,0.9000000357627869
1209,42.43927508927935,0.0,58.71427508927933,-25.0,0.0,0.0,8.725000530481339,0.0
1210,6.117418710613392,0.0,7.442418710613392,-2.0,0.0,0.0,0.3750000298023224,0.30000001192092896
1211,73.10116320190153,0.0,91.97616320190151,-24.5,-6.0,0.0,11.02500057220459,0.6000000238418579
1212,18.95525453401709,0.0,26.780254534017082,-13.0,0.0,0.0,5.17500039935112,0.0
1213,196.20307617378077,0.0,240.02807617378068,-81.29999995231628,0.0,0.0,37.17500197887421,0.30000001192092896
1214,238.66884724165982,0.0,299.3938472416599,-98.59999990463257,0.0,0.0,37.27500146254897,0.6000000238418579
1215,106.23267246354877,0.0,149.85767246354877,-55.299999952316284,-7.5,0.0,18.275001008063555,0.9000000357627869
1216,8.102478604894275,0.0,7.427478604894275,0.0,0.0,0.0,0.3750000298023224,0.30000001192092896
1217,8.880981672925326,0.0,10.830981672925326,-3.0,0.0,0.0,0.7500000596046448,0.30000001192092896
1218,6.1164824751072215,0.0,7.441482475107222,-2.0,0.0,0.0,0.3750000298023224,0.30000001192092896
1219,38.28010419461977,0.0,53.955104194619764,-25.0,0.0,0.0,9.325000554323196,0.0
1220,58.653582834279845,0.0,73.35358283427985,-25.299999952316284,0.0,0.0,10.000000596046448,0.6000000238418579
1221,97.35054355822092,0.0,162.72554355822086,-82.0,0.0,0.0,16.625000536441803,0.0
1222,275.34676905873323,-1.0000001192092896,334.3467690885356,-98.79999995231628,-3.0,0.0,43.20000046491623,0.6000000238418579
1223,56.926857476759615,0.0,83.00185747675961,-27.5,-9.0,0.0,9.825000494718552,0.6000000238418579
1224,13.979114088493098,0.0,14.554114088493098,-2.0,0.0,0.0,1.1250000894069672,0.30000001192092896
1225,258.8219245174225,-1.0000001192092896,314.6969245472251,-65.0,-28.5,0.0,38.02500173076987,0.6000000238418579
1226,121.42399748931524,0.0,141.89899748931524,-35.0,0.0,0.0,14.52500095963478,0.0
1227,107.66982625967086,0.0,145.04482625967083,-39.0,-16.0,0.0,17.025001138448715,0.6000000238418579
1228,68.13693228022179,-1.0000001192092896,183.1619323100241,-135.29999995231628,0.0,0.0,20.675000846385956,0.6000000238418579
1229,7.682247725660211,0.0,9.007247725660212,-2.0,0.0,0.0,0.3750000298023224,0.30000001192092896
1230,8.978847703222137,0.0,10.928847703222136,-3.0,0.0,0.0,0.7500000596046448,0.30000001192092896
1231,6.1045862141724685,0.0,7.429586214172469,-2.0,0.0,0.0,0.3750000298023224,0.30000001192092896
1232,7.681992076300283,0.0,9.006992076300282,-2.0,0.0,0.0,0.3750000298023224,0.30000001192092896
1233,446.9698515484457,-1.0000001192092896,569.144851578248,-197.59999990463257,0.0,0.0,75.5250022597611,0.9000000357627869
1234,169.93493135102852,0.0,211.70993135102844,-69.5,0.0,0.0,27.425001695752144,0.30000001192092896
1235,134.26231384210183,-1.0000001192092896,169.6373138719041,-55.0,0.0,0.0,20.32500072196126,0.30000001192092896
1236,32.65238812777466,0.0,35.85238812777465,-5.0,0.0,0.0,1.5000001192092896,0.30000001192092896
1237,6.093499776921915,0.0,7.418499776921915,-2.0,0.0,0.0,0.3750000298023224,0.30000001192092896
1238,92.34800014672416,-1.0000001192092896,129.2980001765265,-47.0,0.0,0.0,10.750000536441803,0.30000001192092896
1239,144.1661788873285,0.0,188.49117888732846,-65.29999995231628,0.0,0.0,20.675001107156277,0.30000001192092896
1240,224.12831291940998,0.0,264.82831291941,-68.59999990463257,0.0,0.0,27.300000481307507,0.6000000238418579
1241,110.95851913800223,0.0,127.43351913800221,-36.0,2.0,0.0,16.325000450015068,1.2000000476837158
1242,160.47608118897827,-1.0000001192092896,228.80108121878067,-88.0,0.0,0.0,20.37500063329935,0.30000001192092896
1243,164.2091087949853,0.0,205.6091087949853,-67.0,0.0,0.0,25.600001342594624,0.0
1244,11.946619969597847,0.0,14.521619969597847,-4.0,0.0,0.0,1.1250000894069672,0.30000001192092896
1245,57.217894226728866,0.0,65.64289422672888,-17.0,0.0,0.0,8.275000184774399,0.30000001192092896
1246,135.45264474566923,-1.0000001192092896,175.85264477547148,-62.0,0.0,0.0,22.600001219660044,0.0
1247,151.23027907091344,-1.0000001192092896,191.65527910071586,-68.5,-1.5,0.0,29.975001107901335,0.6000000238418579
1248,6.135205729016724,0.0,7.460205729016725,-2.0,0.0,0.0,0.3750000298023224,0.30000001192092896
1249,54.145560884260156,0.0,68.27056088426019,-26.0,0.0,0.0,11.87500074505806,0.0
1250,7.310043539891186,0.0,9.260043539891186,-3.0,0.0,0.0,0.7500000596046448,0.30000001192092896
1251,13.598426864288479,0.0,16.79842686428848,-5.0,0.0,0.0,1.5000001192092896,0.30000001192092896
1252,13.444699018898271,0.0,14.76969901889827,-2.0,0.0,0.0,0.3750000298023224,0.30000001192092896
1253,129.39829025545018,0.0,158.67329025545013,-53.299999952316284,0.0,0.0,23.42500138282776,0.6000000238418579
1254,6.116405585046726,0.0,7.441405585046727,-2.0,0.0,0.0,0.3750000298023224,0.30000001192092896
1255,7.698989998386592,0.0,9.023989998386591,-2.0,0.0,0.0,0.3750000298023224,0.30000001192092896
1256,183.05651353130145,-1.0000001192092896,204.5565135611037,-51.0,0.0,0.0,30.20000084862113,0.30000001192092896
1257,57.05472901121834,0.0,62.00472901121834,-14.299999952316284,0.0,0.0,8.750000596046448,0.6000000238418579
1258,129.67730822763838,0.0,203.5773082276384,-94.89999985694885,0.0,0.0,20.100000742822886,0.9000000357627869
1259,19.802001355135697,0.0,22.302001355135697,-7.0,0.0,0.0,4.500000357627869,0.0
1260,127.36967483418103,-1.0000001192092896,233.64467486398334,-133.19999986886978,0.0,0.0,26.72500080242753,1.2000000476837158
1261,70.28591571351319,0.0,84.21091571351319,-29.0,0.0,0.0,14.775000482797623,0.30000001192092896
1262,22.62114224137017,0.0,26.52114224137018,-9.0,0.0,0.0,5.100000381469727,0.0
1263,158.43461053175295,-1.0000001192092896,192.78461056155533,-54.0,0.0,0.0,20.650000885128975,0.0
1264,7.711232876925665,0.0,9.036232876925666,-2.0,0.0,0.0,0.3750000298023224,0.30000001192092896
1265,9.699323457138437,0.0,9.024323457138436,0.0,0.0,0.0,0.3750000298023224,0.30000001192092896
1266,161.61111831470865,0.0,228.98611831470868,-96.29999995231628,0.0,0.0,28.625001341104507,0.30000001192092896
1267,6.123909820204066,0.0,7.448909820204066,-2.0,0.0,0.0,0.3750000298023224,0.30000001192092896
1268,147.1338343032101,-1.0000001192092896,188.6838343330125,-70.0,0.0,0.0,29.450002018362284,0.0
1269,8.947528858985159,0.0,10.897528858985158,-3.0,0.0,0.0,0.7500000596046448,0.30000001192092896
1270,113.87797009605775,0.0,154.37797009605782,-68.0,0.0,0.0,27.500001471489668,0.0
1271,198.79935704339115,-1.0000001192092896,248.7243570731935,-81.0,0.0,0.0,32.07500156760216,0.0
1272,53.04683484736594,0.0,68.49683484736595,-27.0,0.0,0.0,11.250000774860382,0.30000001192092896
1273,138.34146310169447,0.0,168.9414631016945,-44.0,0.0,0.0,11.600000463426113,1.8000000715255737
1274,-22.8070775339697,0.0,199.3929224660302,-235.79999977350235,0.0,0.0,11.800000358372927,1.8000000715255737
1275,39.677776010029255,0.0,54.02777601002926,-22.59999990463257,0.0,0.0,7.650000303983688,0.6000000238418579
1276,10.928325152115093,0.0,10.878325152115092,-1.0,0.0,0.0,0.7500000596046448,0.30000001192092896
1277,139.04767915164723,0.0,158.7976791516473,-38.0,0.0,0.0,18.25000113621354,0.0
1278,7.689494395588184,0.0,9.014494395588184,-2.0,0.0,0.0,0.3750000298023224,0.30000001192092896
1279,92.96033028160298,0.0,129.66033028160294,-54.0,0.0,0.0,16.700000621378422,0.6000000238418579
1280,180.71326015823772,-1.0000001192092896,224.38826018804008,-72.5,0.0,0.0,29.525001902133226,0.30000001192092896
1281,7.715746286899616,0.0,9.040746286899616,-2.0,0.0,0.0,0.3750000298023224,0.30000001192092896
1282,298.77956588220326,0.0,348.42956588220324,-95.0,0.0,0.0,45.35000244155526,0.0
1283,46.36433130152815,0.0,56.239331301528146,-17.0,0.0,0.0,6.8250002562999725,0.30000001192092896
1284,47.85288071122385,0.0,66.40288071122382,-22.0,-7.5,0.0,10.350000768899918,0.6000000238418579
1285,100.03125167513868,-1.0000001192092896,149.50625170494112,-72.30000001192093,0.0,0.0,23.2250010445714,0.6000000238418579
1286,77.5599180603508,0.0,96.35991806035082,-31.5,-1.5,0.0,13.60000067949295,0.6000000238418579
1287,108.01626921001228,0.0,187.71626921001217,-96.0,0.0,0.0,16.000000208616257,0.30000001192092896
1288,104.71120614038006,-1.0000001192092896,152.58620617018258,-61.0,0.0,0.0,14.125000562518835,0.0
1289,91.38173543728712,-1.0000001192092896,146.3067354670895,-72.0,0.0,0.0,17.775000628083944,0.30000001192092896
1290,6.121633956564824,0.0,7.446633956564823,-2.0,0.0,0.0,0.3750000298023224,0.30000001192092896
1291,111.6530249486124,0.0,176.50302494861236,-92.59999990463257,0.0,0.0,26.850001245737076,0.9000000357627869
1292,124.44520553706664,0.0,149.07020553706667,-49.0,0.0,0.0,24.375001311302185,0.0
1293,9.697453998209399,0.0,9.022453998209398,0.0,0.0,0.0,0.3750000298023224,0.30000001192092896
1294,93.81590998458539,0.0,134.9659099845854,-60.19999980926514,0.0,0.0,17.85000079125166,1.2000000476837158
1295,14.679241116720913,0.0,16.629241116720916,-3.0,0.0,0.0,0.7500000596046448,0.30000001192092896
1296,218.36620039737127,0.0,236.51620039737128,-51.5,0.0,0.0,33.05000241845846,0.30000001192092896
1297,94.96110555808164,0.0,137.11110555808165,-55.0,0.0,0.0,12.850000690668821,0.0
1298,218.80664592048234,-1.0000001192092896,309.75664595028474,-140.0,0.0,0.0,49.75000177696347,0.30000001192092896
1299,8.109446098118706,0.0,7.434446098118707,0.0,0.0,0.0,0.3750000298023224,0.30000001192092896
1300,87.76527337037567,0.0,100.54027337037569,-30.299999952316284,0.0,0.0,17.22500091791153,0.30000001192092896
1301,8.893369302137875,0.0,10.843369302137877,-3.0,0.0,0.0,0.7500000596046448,0.30000001192092896
1302,152.157233482574,-1.0000001192092896,195.78223351237642,-65.5,-4.0,0.0,26.57500122860074,0.30000001192092896
1303,120.83378743183427,0.0,166.6087874318343,-47.5,-16.5,0.0,17.02500069141388,1.2000000476837158
1304,7.703886905744398,0.0,9.028886905744397,-2.0,0.0,0.0,0.3750000298023224,0.30000001192092896
1305,17.681373801613983,0.0,18.256373801613982,-2.0,0.0,0.0,1.1250000894069672,0.30000001192092896
1306,6.127569729948548,0.0,7.452569729948547,-2.0,0.0,0.0,0.3750000298023224,0.30000001192092896
1307,189.13836207635393,0.0,240.28836207635388,-72.0,0.0,0.0,20.550000604242086,0.30000001192092896
1308,134.25623098040205,-1.0000001192092896,161.90623101020435,-43.0,0.0,0.0,16.350000575184822,0.0
1309,37.80823729367285,0.0,46.05823729367286,-15.0,0.0,0.0,6.450000464916229,0.30000001192092896
1310,8.534145809218032,0.0,11.109145809218033,-4.0,0.0,0.0,1.1250000894069672,0.30000001192092896
1311,82.89863495531031,0.0,113.37363495531035,-48.0,0.0,0.0,17.525000900030136,0.0
1312,7.708534244170329,0.0,9.033534244170328,-2.0,0.0,0.0,0.3750000298023224,0.30000001192092896
1313,7.705790393930984,0.0,9.030790393930985,-2.0,0.0,0.0,0.3750000298023224,0.30000001192092896
1314,13.279397782261569,0.0,16.47939778226157,-5.0,0.0,0.0,1.5000001192092896,0.30000001192092896
1315,9.252985013577623,0.0,11.202985013577623,-3.0,0.0,0.0,0.7500000596046448,0.30000001192092896
1316,9.698180389173697,0.0,9.023180389173696,0.0,0.0,0.0,0.3750000298023224,0.30000001192092896
1317,361.5743716799128,-1.0000001192092896,428.0993717097148,-107.0,0.0,0.0,41.47500232979655,0.0
1318,25.70419860650361,0.0,33.75419860650361,-15.0,0.0,0.0,6.950000494718552,0.0
1319,142.89786758448662,-1.0000001192092896,189.34786761428887,-66.0,0.0,0.0,20.55000065267086,0.0
1320,102.55744661209516,0.0,129.28244661209519,-44.0,0.0,0.0,16.975000858306885,0.30000001192092896
1321,5.498799868329786,0.0,7.448799868329786,-3.0,0.0,0.0,0.7500000596046448,0.30000001192092896
1322,7.283372621979983,0.0,9.233372621979981,-3.0,0.0,0.0,0.7500000596046448,0.30000001192092896
1323,143.06807671339183,-1.0000001192092896,200.36807674319402,-82.59999996423721,0.0,0.0,25.70000035688281,0.6000000238418579
1324,7.688283167103406,0.0,9.013283167103406,-2.0,0.0,0.0,0.3750000298023224,0.30000001192092896
1325,107.04904126000979,0.0,156.2490412600097,-73.59999990463257,0.0,0.0,23.80000077188015,0.6000000238418579
1326,10.160354139442902,0.0,12.735354139442904,-4.0,0.0,0.0,1.1250000894069672,0.30000001192092896
1327,129.08023564497032,-1.0000001192092896,176.65523567477257,-71.59999990463257,0.0,0.0,24.42500152438879,0.6000000238418579
1328,125.03053902789665,-1.0000001192092896,193.40553905769906,-86.79999995231628,-3.0,0.0,21.825000621378422,0.6000000238418579
1329,130.9113047056799,0.0,180.3363047056799,-69.0,0.0,0.0,19.27500058710575,0.30000001192092896
1330,8.592050212107418,0.0,11.167050212107418,-4.0,0.0,0.0,1.1250000894069672,0.30000001192092896
1331,7.271415872127363,0.0,9.221415872127364,-3.0,0.0,0.0,0.7500000596046448,0.30000001192092896
1332,100.58533337399669,-1.0000001192092896,158.83533340379904,-76.59999990463257,0.0,0.0,18.75000086799264,0.6000000238418579
1333,122.09818811959094,-1.0000001192092896,161.19818814939342,-60.0,0.0,0.0,21.600000452250242,0.30000001192092896
1334,140.31066377663112,-1.0000001192092896,201.38566380643337,-82.0,0.0,0.0,21.625000569969416,0.30000001192092896
1335,141.08154158968208,0.0,169.50654158968206,-52.299999952316284,0.0,0.0,23.575001507997513,0.30000001192092896
1336,169.5775448370817,0.0,209.12754483708167,-67.5,0.0,0.0,27.650000408291817,0.30000001192092896
1337,168.28853345583096,-1.0000001192092896,194.7635334856333,-52.0,0.0,0.0,26.225001215934753,0.30000001192092896
1338,65.96127210671891,0.0,106.5112721067189,-57.30000001192093,0.0,0.0,16.450000509619713,0.30000001192092896
1339,7.694135650529512,0.0,9.019135650529511,-2.0,0.0,0.0,0.3750000298023224,0.30000001192092896
1340,74.8540470607911,0.0,84.05404706079109,-24.0,0.0,0.0,14.800000816583633,0.0
1341,55.94463545140897,0.0,63.11963545140897,-19.0,0.0,0.0,11.825000435113907,0.0
1342,104.43210307593945,-1.0000001192092896,184.28210310574175,-100.30000001192093,0.0,0.0,20.850000452250242,0.6000000238418579
1343,77.47160007726492,0.0,93.07160007726492,-27.5,-3.0,0.0,14.600000411272049,0.30000001192092896
1344,8.126081748359653,0.0,7.451081748359652,0.0,0.0,0.0,0.3750000298023224,0.30000001192092896
1345,98.68341969839311,-1.0000001192092896,145.3834197281954,-60.30000001192093,0.0,0.0,14.300000362098217,0.30000001192092896
1346,103.19730304389122,-1.0000001192092896,165.89730307369356,-82.0,0.0,0.0,20.30000126734376,0.0
1347,154.57172233455302,0.0,190.09672233455302,-54.59999996423721,0.0,0.0,18.175000324845314,0.9000000357627869
1348,7.701063682890476,0.0,9.026063682890477,-2.0,0.0,0.0,0.3750000298023224,0.30000001192092896
1349,23.2619996104374,0.0,29.9869996104374,-12.0,0.0,0.0,5.275000423192978,0.0
1350,16.774793531631776,0.0,18.599793531631775,-4.0,0.0,0.0,1.875000149011612,0.30000001192092896
1351,162.0474095142464,0.0,227.77240951424648,-97.8999999165535,0.0,0.0,30.97500106692314,1.2000000476837158
1352,157.75137630186663,0.0,202.62637630186669,-72.0,0.0,0.0,27.12500126287341,0.0
1353,216.5508582803783,-1.0000001192092896,284.6508583101804,-94.59999990463257,0.0,0.0,26.900001034140587,0.6000000238418579
1354,68.27789400428634,0.0,82.8278940042863,-26.5,-3.0,0.0,14.650000363588333,0.30000001192092896
1355,37.290802585790296,0.0,47.8158025857903,-20.0,0.0,0.0,9.475000768899918,0.0
1356,57.87617483146994,0.0,61.701174831469935,-6.0,0.0,0.0,1.875000149011612,0.30000001192092896
1357,7.711370307647127,0.0,9.036370307647127,-2.0,0.0,0.0,0.3750000298023224,0.30000001192092896
1358,119.50518520141968,-1.0000001192092896,141.55518523122188,-38.0,0.0,0.0,16.950001049786806,0.0
1359,140.70675438142862,0.0,174.60675438142871,-58.0,0.0,0.0,24.100000746548176,0.0
1360,104.29230888953984,-1.0000001192092896,176.46730891934214,-91.8999999165535,0.0,0.0,19.82500021159649,0.9000000357627869
1361,122.87264224863466,0.0,188.14764224863467,-90.29999995231628,0.0,0.0,24.725001230835915,0.30000001192092896
1362,9.364887770326902,0.0,9.3148877703269,-1.0,0.0,0.0,0.7500000596046448,0.30000001192092896
1363,182.88794738139862,0.0,215.88794738139853,-76.29999995231628,0.0,0.0,43.000000953674316,0.30000001192092896
1364,110.03699109901557,0.0,146.96199109901556,-46.799999952316284,-9.0,0.0,18.275000609457493,0.6000000238418579
1365,197.65095844121205,-1.0000001192092896,254.85095847101428,-87.0,0.0,0.0,30.80000138655305,0.0
1366,82.1759885108707,0.0,98.17598851087072,-33.0,0.0,0.0,17.00000113248825,0.0
1367,177.68927267857467,-1.0000001192092896,212.86427270837686,-68.0,0.0,0.0,33.825001288205385,0.0
1368,5.4807748249673836,0.0,7.430774824967384,-3.0,0.0,0.0,0.7500000596046448,0.30000001192092896
1369,115.60431739546357,-1.0000001192092896,173.7543174252661,-78.60000002384186,0.0,0.0,20.55000026896596,0.9000000357627869
1370,14.050209438286968,0.0,14.625209438286968,-2.0,0.0,0.0,1.1250000894069672,0.30000001192092896
1371,114.3783280847171,-1.0000001192092896,173.1283281145195,-78.29999995231628,0.0,0.0,20.250000800937414,0.30000001192092896
1372,6.13918070769577,0.0,7.46418070769577,-2.0,0.0,0.0,0.3750000298023224,0.30000001192092896
1373,202.3912067415172,0.0,265.3662067415173,-99.5,0.0,0.0,36.22500132396817,0.30000001192092896
1374,57.347013458622754,0.0,63.19701345862275,-18.0,0.0,0.0,12.150000721216202,0.0
1375,52.621054833457684,0.0,56.69605483345768,-14.0,0.0,0.0,9.925000548362732,0.0
1376,25.392287492057772,0.0,27.267287492057775,-7.0,0.0,0.0,5.125000387430191,0.0
1377,138.2701955980242,-1.0000001192092896,175.9951956278265,-64.0,0.0,0.0,27.27500071004033,0.0
1378,69.22075202543896,0.0,103.77075202543895,-54.299999952316284,0.0,0.0,19.45000085234642,0.30000001192092896
1379,194.308655752292,-1.0000001192092896,264.1336557820943,-107.79999995231628,0.0,0.0,38.375002063810825,0.6000000238418579
1380,23.493872423961555,0.0,28.54387242396156,-9.0,0.0,0.0,3.650000274181366,0.30000001192092896
1381,283.39329857310634,-1.0000001192092896,425.3182986029086,-186.29999995231628,0.0,0.0,45.075001146644354,0.30000001192092896
1382,15.13607170344163,0.0,16.336071703441633,-3.0,0.0,0.0,1.5000001192092896,0.30000001192092896
1383,260.2898257912763,-1.0000001192092896,318.1898258210787,-103.0,0.0,0.0,45.50000226870179,0.6000000238418579
1384,146.59063671241879,-1.0000001192092896,204.0156367422212,-76.89999985694885,0.0,0.0,19.575000781565905,0.9000000357627869
1385,7.319888038110846,0.0,9.269888038110848,-3.0,0.0,0.0,0.7500000596046448,0.30000001192092896
1386,23.111652037362003,0.0,24.236652037362003,-6.0,0.0,0.0,4.875000387430191,0.0
1387,126.11722222260099,0.0,153.11722222260096,-47.0,0.0,0.0,20.00000100955367,0.0
1388,135.06431737495518,0.0,159.13931737495517,-38.0,0.0,0.0,13.025000486522913,0.9000000357627869
1389,101.7600328339537,-1.0000001192092896,168.16003286375593,-90.0,0.0,0.0,24.60000154003501,0.0
1390,7.947458260987644,0.0,9.272458260987644,-2.0,0.0,0.0,0.3750000298023224,0.30000001192092896
1391,7.676780381111081,0.0,9.001780381111082,-2.0,0.0,0.0,0.3750000298023224,0.30000001192092896
1392,162.6197114447222,-1.0000001192092896,190.2947114745245,-56.0,0.0,0.0,29.32500221207738,0.0
1393,19.29901117984836,0.0,21.87401117984836,-4.0,0.0,0.0,1.1250000894069672,0.30000001192092896
1394,6.143058168415904,0.0,7.4680581684159035,-2.0,0.0,0.0,0.3750000298023224,0.30000001192092896
1395,167.57673781190178,-1.0000001192092896,207.45173784170413,-68.29999995231628,0.0,0.0,29.12500174716115,0.30000001192092896
1396,169.20803118456712,0.0,204.38303118456722,-58.299999952316284,0.0,0.0,22.825001027435064,0.30000001192092896
1397,186.96472239912373,-1.0000001192092896,240.53972242892618,-80.5,0.0,0.0,27.025001104921103,0.9000000357627869
1398,141.07071014749528,0.0,174.1957101474953,-61.299999952316284,0.0,0.0,27.575001418590546,0.6000000238418579
1399,174.841056109046,0.0,215.466056109046,-68.29999995231628,0.0,0.0,27.07500136643648,0.6000000238418579
1400,7.734347043772381,0.0,9.05934704377238,-2.0,0.0,0.0,0.3750000298023224,0.30000001192092896
1401,57.46254510105723,0.0,72.06254510105724,-25.299999952316284,0.0,0.0,10.100000351667404,0.6000000238418579
1402,11.991671519472053,0.0,14.566671519472052,-4.0,0.0,0.0,1.1250000894069672,0.30000001192092896
1403,7.33653304669041,0.0,9.28653304669041,-3.0,0.0,0.0,0.7500000596046448,0.30000001192092896
1404,69.7778298615722,0.0,99.85282986157219,-47.299999952316284,0.0,0.0,16.925000801682472,0.30000001192092896
1405,82.83073231986113,-1.0000001192092896,142.60573234966336,-80.29999995231628,0.0,0.0,20.92500038817525,0.6000000238418579
1406,22.819319681772576,0.0,26.569319681772573,-9.0,0.0,0.0,5.250000417232513,0.0
1407,129.7404913032607,0.0,195.11549130326065,-87.80000001192093,-1.0,0.0,22.825000695884228,0.6000000238418579
1408,8.959460176688586,0.0,10.909460176688585,-3.0,0.0,0.0,0.7500000596046448,0.30000001192092896
1409,33.271372118675075,0.0,43.821372118675065,-16.0,0.0,0.0,5.150000214576721,0.30000001192092896
1410,152.48703583190888,0.0,174.93703583190882,-32.799999952316284,-4.5,0.0,13.350000530481339,1.5000000596046448
1411,145.47663493081123,-1.0000001192092896,160.0766349606135,-28.0,0.0,0.0,14.100000310689211,0.30000001192092896
1412,150.02301656089725,0.0,183.69801656089726,-64.29999995231628,0.0,0.0,30.325001776218414,0.30000001192092896
1413,162.9474229201095,-1.0000001192092896,186.37242294991174,-47.299999952316284,0.0,0.0,24.57500183209777,0.30000001192092896
1414,113.46618002122962,0.0,155.74118002122955,-57.299999952316284,0.0,0.0,14.725000243633986,0.30000001192092896
1415,7.352292858570805,0.0,9.302292858570805,-3.0,0.0,0.0,0.7500000596046448,0.30000001192092896
1416,265.6748330029351,0.0,321.1998330029351,-95.29999995231628,0.0,0.0,39.47499988600612,0.30000001192092896
1417,178.6357495571963,0.0,226.26074955719622,-82.30000001192093,0.0,0.0,34.37500087916851,0.30000001192092896
1418,173.6428119466278,0.0,205.5428119466278,-59.5,-1.5,0.0,28.200000822544098,0.9000000357627869
1419,7.714468833709038,0.0,9.039468833709037,-2.0,0.0,0.0,0.3750000298023224,0.30000001192092896
1420,8.887654934964878,0.0,10.837654934964878,-3.0,0.0,0.0,0.7500000596046448,0.30000001192092896
1421,170.3844925310179,-1.0000001192092896,191.25949256082023,-40.0,0.0,0.0,19.825001556426287,0.30000001192092896
1422,55.77076526949012,0.0,55.1957652694901,-9.599999964237213,0.0,0.0,9.575000643730164,0.6000000238418579
1423,219.74805329005858,-1.0000001192092896,259.923053319861,-85.0,0.0,0.0,44.62500052526593,1.2000000476837158
1424,7.283055115133619,0.0,9.233055115133618,-3.0,0.0,0.0,0.7500000596046448,0.30000001192092896
1425,156.13505648030346,-1.0000001192092896,170.23505651010584,-32.0,0.0,0.0,18.900001041591167,0.0
1426,6.091295212731814,0.0,7.416295212731813,-2.0,0.0,0.0,0.3750000298023224,0.30000001192092896
1427,7.7200336658195265,0.0,9.045033665819526,-2.0,0.0,0.0,0.3750000298023224,0.30000001192092896
1428,7.701805959539136,0.0,9.026805959539136,-2.0,0.0,0.0,0.3750000298023224,0.30000001192092896
1429,6.117630371203637,0.0,7.442630371203636,-2.0,0.0,0.0,0.3750000298023224,0.30000001192092896
1430,77.95472321716527,0.0,88.02972321716528,-23.5,-1.5,0.0,14.625001162290573,0.30000001192092896
1431,80.97717537879805,0.0,111.47717537879802,-46.30000001192093,0.0,0.0,15.500000655651093,0.30000001192092896
1432,7.698985208350367,0.0,9.023985208350366,-2.0,0.0,0.0,0.3750000298023224,0.30000001192092896
1433,54.16256662617317,0.0,74.56256662617315,-25.5,-6.0,0.0,10.500000670552254,0.6000000238418579
1434,16.37332956786296,0.0,18.32332956786296,-3.0,0.0,0.0,0.7500000596046448,0.30000001192092896
1435,10.11303373061348,0.0,12.68803373061348,-4.0,0.0,0.0,1.1250000894069672,0.30000001192092896
1436,122.02839715132156,-1.0000001192092896,164.17839718112393,-57.299999952316284,0.0,0.0,15.55000052601099,0.6000000238418579
1437,8.939087010761465,0.0,10.889087010761465,-3.0,0.0,0.0,0.7500000596046448,0.30000001192092896
1438,356.11298856676166,-1.0000001192092896,428.0879885965644,-132.79999995231628,-9.0,0.0,70.22500472143292,0.6000000238418579
1439,8.1231144606263,0.0,7.448114460626302,0.0,0.0,0.0,0.3750000298023224,0.30000001192092896
1440,61.54284712420723,0.0,84.49284712420726,-39.299999952316284,0.0,0.0,16.05000075697899,0.30000001192092896
1441,10.17880708806619,0.0,12.75380708806619,-4.0,0.0,0.0,1.1250000894069672,0.30000001192092896
1442,49.49292907075644,0.0,90.84292907075647,-56.0,0.0,0.0,14.65000057220459,0.0
1443,7.311252966138203,0.0,9.261252966138203,-3.0,0.0,0.0,0.7500000596046448,0.30000001192092896
1444,12.266920775657452,0.0,14.841920775657453,-4.0,0.0,0.0,1.1250000894069672,0.30000001192092896
1445,95.29818800265504,0.0,106.32318800265504,-27.0,0.0,0.0,15.975001126527786,0.0
1446,157.44947598228535,-1.0000001192092896,207.2744760120876,-84.0,0.0,0.0,35.175001341849566,0.0
1447,16.28542282022297,0.0,18.23542282022297,-3.0,0.0,0.0,0.7500000596046448,0.30000001192092896
1448,236.60657273754308,0.0,308.15657273754306,-117.59999990463257,0.0,0.0,45.15000206977129,0.9000000357627869
1449,135.48726446105871,-1.0000001192092896,199.43726449086117,-88.0,0.0,0.0,24.750001449137926,0.30000001192092896
1450,325.5122205680085,-1.0000001192092896,388.81222059781084,-117.3999999165535,0.0,0.0,53.300002072006464,1.8000000715255737
1451,8.935746351201155,0.0,10.885746351201153,-3.0,0.0,0.0,0.7500000596046448,0.30000001192092896
1452,114.05805657394332,0.0,144.0580565739431,-50.299999952316284,0.0,0.0,20.000001076608896,0.30000001192092896
1453,107.2364420518944,0.0,134.9364420518944,-42.5,-7.5,0.0,22.000001668930054,0.30000001192092896
1454,5.470648144975759,0.0,7.420648144975758,-3.0,0.0,0.0,0.7500000596046448,0.30000001192092896
1455,16.61042803303588,0.0,18.560428033035883,-3.0,0.0,0.0,0.7500000596046448,0.30000001192092896
1456,6.095964568562968,0.0,7.420964568562969,-2.0,0.0,0.0,0.3750000298023224,0.30000001192092896
1457,23.330766863734908,0.0,28.205766863734908,-10.0,0.0,0.0,5.125000387430191,0.0
1458,19.167949848177482,0.0,30.167949848177475,-17.0,0.0,0.0,6.000000476837158,0.0
1459,143.0996767161051,-1.0000001192092896,174.79967674590733,-49.0,0.0,0.0,18.000000227242708,0.30000001192092896
1460,45.278405863690146,0.0,50.92840586369015,-13.0,0.0,0.0,7.050000369548798,0.30000001192092896
1461,11.723523049863752,0.0,12.923523049863752,-3.0,0.0,0.0,1.5000001192092896,0.30000001192092896
1462,141.41553648184245,0.0,186.6405364818425,-72.0,0.0,0.0,26.775000043213367,0.0
1463,176.55980208126292,0.0,220.08480208126292,-72.29999995231628,0.0,0.0,28.475001141428947,0.30000001192092896
1464,112.20530942988198,0.0,171.20530942988202,-86.5,-1.5,0.0,28.70000134408474,0.30000001192092896
1465,113.28047861052394,0.0,137.53047861052394,-41.0,0.0,0.0,16.750000916421413,0.0
1466,6.711741687358665,0.0,9.286741687358665,-4.0,0.0,0.0,1.1250000894069672,0.30000001192092896
1467,121.67413938836376,0.0,145.69913938836373,-42.0,0.0,0.0,17.375000804662704,0.6000000238418579
1468,6.13489890280624,0.0,7.459898902806241,-2.0,0.0,0.0,0.3750000298023224,0.30000001192092896
1469,119.39324369062035,0.0,184.56824369062036,-86.29999995231628,0.0,0.0,20.825000651180744,0.30000001192092896
1470,7.671126023656967,0.0,8.996126023656968,-2.0,0.0,0.0,0.3750000298023224,0.30000001192092896
1471,88.39396582643863,0.0,108.1939658264386,-38.299999952316284,0.0,0.0,17.90000021457672,0.6000000238418579
1472,10.525123367752412,0.0,11.100123367752412,-2.0,0.0,0.0,1.1250000894069672,0.30000001192092896
1473,9.699301027836958,0.0,9.024301027836959,0.0,0.0,0.0,0.3750000298023224,0.30000001192092896
1474,8.954311156479095,0.0,10.904311156479096,-3.0,0.0,0.0,0.7500000596046448,0.30000001192092896
1475,16.273879817701456,0.0,18.84887981770146,-4.0,0.0,0.0,1.1250000894069672,0.30000001192092896
1476,15.905250015412813,0.0,18.48025001541281,-4.0,0.0,0.0,1.1250000894069672,0.30000001192092896
1477,50.50945098244424,0.0,64.48445098244424,-24.0,0.0,0.0,9.725000858306885,0.30000001192092896
1478,75.52559896125443,0.0,100.62559896125443,-42.0,0.0,0.0,16.90000084042549,0.0
1479,220.94608664124172,0.0,275.3960866412417,-86.59999990463257,0.0,0.0,31.550000980496407,0.6000000238418579
1480,34.922615080510326,0.0,39.197615080510325,-10.0,0.0,0.0,5.725000411272049,0.0
1481,215.7351841044852,0.0,283.66018410448527,-108.0,0.0,0.0,40.07500169798732,0.0
1482,66.71440625675498,0.0,76.18940625675498,-24.30000001192093,0.0,0.0,14.525000412017107,0.30000001192092896
1483,177.1167160798309,-1.0000001192092896,228.26671610963314,-85.0,0.0,0.0,34.55000016838312,0.30000001192092896
1484,6.107698578110712,0.0,7.432698578110712,-2.0,0.0,0.0,0.3750000298023224,0.30000001192092896
1485,129.66231608256967,0.0,160.6873160825696,-53.0,0.0,0.0,21.97500142455101,0.0
1486,12.03371999954805,0.0,14.60871999954805,-4.0,0.0,0.0,1.1250000894069672,0.30000001192092896
1487,54.659347892647034,0.0,70.78434789264705,-27.0,0.0,0.0,10.575000166893005,0.30000001192092896
1488,43.72675556287128,0.0,45.751755562871274,-9.0,0.0,0.0,6.6750005185604095,0.30000001192092896
1489,283.3687093898099,-1.0000001192092896,335.46870941961214,-96.5,0.0,0.0,45.100002225488424,0.30000001192092896
1490,157.91528800340024,-1.0000001192092896,208.61528803320263,-77.0,0.0,0.0,27.3000010214746,0.0
1491,122.67463779323694,0.0,189.94963779323697,-84.29999995231628,0.0,0.0,16.725000239908695,0.30000001192092896
1492,10.865561649025533,0.0,10.815561649025536,-1.0,0.0,0.0,0.7500000596046448,0.30000001192092896
1493,199.9877943490113,0.0,284.8627943490113,-118.59999990463257,0.0,0.0,33.12500128522515,0.6000000238418579
1494,209.38179206323017,0.0,249.25679206323028,-76.79999995231628,0.0,0.0,36.32500188052654,0.6000000238418579
1495,8.934257043676958,0.0,10.884257043676959,-3.0,0.0,0.0,0.7500000596046448,0.30000001192092896
1496,174.67127246629278,-1.0000001192092896,199.52127249609498,-39.10000002384186,0.0,0.0,14.350000478327274,0.9000000357627869
1497,83.5827626185319,0.0,95.23276261853194,-24.299999952316284,0.0,0.0,12.350000977516174,0.30000001192092896
1498,105.72532093536448,-1.0000001192092896,157.12532096516668,-65.59999990463257,0.0,0.0,14.600000608712435,0.6000000238418579
1499,95.70249923095706,0.0,119.30249923095704,-36.0,0.0,0.0,11.8000005222857,0.6000000238418579
1500,7.47387359356332,0.0,7.42387359356332,-1.0,0.0,0.0,0.7500000596046448,0.30000001192092896
1501,91.62784878120226,0.0,109.12784878120227,-36.30000001192093,0.0,0.0,18.500000908970833,0.30000001192092896
1502,8.65715549389356,0.0,11.23215549389356,-4.0,0.0,0.0,1.1250000894069672,0.30000001192092896
1503,38.241675365731744,0.0,44.566675365731754,-15.0,0.0,0.0,8.675000637769699,0.0
1504,164.09457009367216,-1.0000001192092896,195.4945701234745,-55.0,0.0,0.0,24.600000876933336,0.0
1505,145.3422603513449,-1.0000001192092896,185.0672603811472,-64.30000001192093,0.0,0.0,25.275000978261232,0.30000001192092896
1506,37.36116463993239,0.0,39.23616463993239,-10.0,0.0,0.0,8.12500062584877,0.0
1507,148.8151993975304,0.0,183.76519939753038,-59.299999952316284,-1.5,0.0,24.950000926852226,0.9000000357627869
1508,169.73384811470655,-1.0000001192092896,183.18384814450894,-41.30000001192093,0.0,0.0,28.249999929219484,0.6000000238418579
1509,9.698307229098074,0.0,9.023307229098075,0.0,0.0,0.0,0.3750000298023224,0.30000001192092896
1510,7.678140150743033,0.0,9.003140150743034,-2.0,0.0,0.0,0.3750000298023224,0.30000001192092896
1511,97.05070466016079,0.0,162.7757046601606,-86.59999996423721,0.0,0.0,20.2750013358891,0.6000000238418579
1512,35.86903058805171,0.0,49.89403058805172,-21.0,0.0,0.0,6.67500039935112,0.30000001192092896
1513,136.03306833019678,-1.0000001192092896,172.83306835999912,-60.0,0.0,0.0,23.90000109001994,0.30000001192092896
1514,139.79849504513692,-1.0000001192092896,269.2234950749395,-159.8999999165535,0.0,0.0,30.57500049471855,0.9000000357627869
1515,107.73806235178576,0.0,164.11306235178571,-74.0,0.0,0.0,17.325000319629908,0.30000001192092896
1516,176.65256458267478,-1.0000001192092896,216.2525646124771,-66.0,0.0,0.0,27.40000118687749,0.0
1517,103.12811382921092,0.0,126.57811382921092,-43.0,0.0,0.0,19.25000050663948,0.30000001192092896
1518,203.95484480688935,-1.0000001192092896,239.05484483669161,-63.0,0.0,0.0,28.600001879036427,0.30000001192092896
1519,158.77173487638015,0.0,195.12173487637995,-56.299999952316284,0.0,0.0,19.650000624358654,0.30000001192092896
1520,164.0647024274201,0.0,187.33970242742,-47.799999952316284,0.0,0.0,23.62500123679638,0.9000000357627869
1521,66.07677372370571,0.0,79.75177372370571,-23.5,-4.5,0.0,14.025000661611557,0.30000001192092896
1522,80.78691991876903,0.0,88.66191991876904,-21.299999952316284,0.0,0.0,13.125000715255737,0.30000001192092896
1523,234.2722891229762,-1.0000001192092896,287.84728915277896,-84.0,-4.5,0.0,35.02500142157078,0.9000000357627869
1524,167.46048153142286,-1.0000001192092896,206.38548156122502,-65.0,0.0,0.0,27.075002003461123,0.0
1525,173.51519251841978,0.0,203.6901925184197,-57.799999952316284,0.0,0.0,26.725001335144043,0.9000000357627869
1526,145.63288011754767,-1.0000001192092896,177.90788014734986,-47.30000001192093,0.0,0.0,15.725000504404306,0.30000001192092896
1527,171.57418220053816,-1.0000001192092896,207.37418223034038,-62.799999952316284,0.0,0.0,27.100000709295273,0.9000000357627869
1528,101.29393988101918,1.0000001192092896,112.99393985121688,-25.0,-7.5,1.0,18.200001269578934,0.6000000238418579
1529,9.329853218314282,0.0,9.279853218314281,-1.0,0.0,0.0,0.7500000596046448,0.30000001192092896
1530,44.75859182615163,0.0,53.05859182615163,-19.0,0.0,0.0,10.70000073313713,0.0
1531,241.1269728759371,-1.0000001192092896,288.3519729057393,-68.79999995231628,-3.0,0.0,24.975000742822886,0.6000000238418579
1532,36.2387168559821,0.0,36.7637168559821,-8.0,0.0,0.0,7.475000441074371,0.0
1533,213.0224955759943,0.0,272.17249557599433,-90.30000001192093,0.0,0.0,30.550000678747892,0.6000000238418579
1534,10.187979885544934,0.0,12.762979885544933,-4.0,0.0,0.0,1.1250000894069672,0.30000001192092896
1535,82.5432332904127,0.0,187.7182332904127,-132.79999995231628,0.0,0.0,26.725000474601984,0.9000000357627869
1536,131.78627844676888,-1.0000001192092896,168.9112784765714,-52.0,0.0,0.0,15.875000450760126,0.0
1537,8.93106056040865,0.0,10.88106056040865,-3.0,0.0,0.0,0.7500000596046448,0.30000001192092896
1538,186.74921082127875,-1.0000001192092896,221.3992108510811,-67.0,0.0,0.0,33.35000138357282,0.0
1539,6.125773389868949,0.0,7.45077338986895,-2.0,0.0,0.0,0.3750000298023224,0.30000001192092896
1540,126.70468449644713,-1.0000001192092896,150.40468452624938,-37.0,0.0,0.0,14.000000793486834,0.30000001192092896
1541,17.936859654120443,0.0,22.386859654120446,-9.0,0.0,0.0,4.550000369548798,0.0
1542,5.494646331148052,0.0,7.444646331148051,-3.0,0.0,0.0,0.7500000596046448,0.30000001192092896
1543,102.43198179543049,-1.0000001192092896,226.3569818252327,-152.29999995231628,0.0,0.0,28.77500132843852,0.6000000238418579
1544,6.128191435985586,0.0,7.453191435985587,-2.0,0.0,0.0,0.3750000298023224,0.30000001192092896
1545,98.25033120764488,0.0,128.12533120764482,-48.0,0.0,0.0,17.825000450015068,0.30000001192092896
1546,197.85160122125282,0.0,227.77660122125283,-57.299999952316284,-6.0,0.0,32.17500193417072,1.2000000476837158
1547,12.871766325510295,0.0,14.821766325510296,-3.0,0.0,0.0,0.7500000596046448,0.30000001192092896
1548,185.5911885795918,0.0,226.4661885795919,-70.0,0.0,0.0,29.125000711530447,0.0
1549,110.10174338973404,-1.0000001192092896,131.40174341953644,-36.0,0.0,0.0,15.700000930577517,0.0
1550,110.5891974449908,0.0,131.33919744499076,-38.0,0.0,0.0,17.250001043081284,0.0
1551,85.56853356960096,-1.0000001192092896,159.8435335994034,-94.59999990463257,0.0,0.0,20.725001234561205,0.6000000238418579
1552,113.61086966782013,0.0,119.8358696678201,-31.30000001192093,0.0,0.0,24.775000602006912,0.30000001192092896
1553,7.326934123990322,0.0,9.276934123990321,-3.0,0.0,0.0,0.7500000596046448,0.30000001192092896
1554,206.35360930459981,-1.0000001192092896,240.90360933440235,-64.0,0.0,0.0,30.150002244859934,0.30000001192092896
1555,266.24901258052216,0.0,304.82401258052215,-85.59999996423721,0.0,0.0,46.12500196695328,0.9000000357627869
1556,132.2568414903403,-1.0000001192092896,143.8568415201426,-26.0,0.0,0.0,15.400000620633364,0.0
1557,9.681878690859797,0.0,9.006878690859798,0.0,0.0,0.0,0.3750000298023224,0.30000001192092896
1558,57.993712612066524,0.0,73.29371261206654,-28.5,0.0,0.0,12.900000989437103,0.30000001192092896
1559,48.247222085850986,0.0,57.89722208585097,-18.0,0.0,0.0,8.350000470876694,0.0
1560,7.711058158476774,0.0,9.036058158476774,-2.0,0.0,0.0,0.3750000298023224,0.30000001192092896
1561,116.80193596725557,-1.0000001192092896,155.35193599705786,-56.60000002384186,0.0,0.0,18.450001049786806,0.6000000238418579
1562,110.33870943903872,0.0,133.43870943903877,-38.5,-3.0,0.0,17.80000103265047,0.6000000238418579
1563,7.710629714116422,0.0,9.035629714116423,-2.0,0.0,0.0,0.3750000298023224,0.30000001192092896
1564,224.51964145435653,0.0,248.8196414543565,-56.799999952316284,-3.0,0.0,34.900001764297485,0.6000000238418579
1565,98.44582098126016,0.0,128.5708209812601,-49.299999952316284,0.0,0.0,18.87500086054206,0.30000001192092896
1566,163.31792879125402,0.0,249.3429287912541,-114.19999992847443,0.0,0.0,26.97500092536211,1.2000000476837158
1567,187.2638839334456,-1.0000001192092896,240.73888396324793,-84.0,0.0,0.0,31.52500145509839,0.0
1568,85.71390928460768,0.0,115.4139092846077,-31.0,-9.0,0.0,9.700000554323196,0.6000000238418579
1569,7.7059520731310265,0.0,9.030952073131026,-2.0,0.0,0.0,0.3750000298023224,0.30000001192092896
1570,14.832989004324613,0.0,16.782989004324616,-3.0,0.0,0.0,0.7500000596046448,0.30000001192092896
1571,138.76734795319464,0.0,147.66734795319468,-32.0,0.0,0.0,23.100001126527786,0.0
1572,126.23250376295337,-1.0000001192092896,143.83250379275574,-34.0,0.0,0.0,17.400000471621752,0.0
1573,28.96373357685626,0.0,36.41373357685626,-14.0,0.0,0.0,6.550000488758087,0.0
1574,173.5494194700911,-1.0000001192092896,204.92441949989353,-55.0,0.0,0.0,24.625001166015863,0.0
1575,299.211485671161,-1.0000001192092896,345.66148570096306,-73.5,-6.0,0.0,31.95000145211816,2.1000000834465027
1576,35.220775993714554,0.0,43.34577599371457,-14.0,0.0,0.0,5.575000435113907,0.30000001192092896
1577,52.233818053899554,0.0,53.233818053899554,-11.0,0.0,0.0,10.000000566244125,0.0
1578,10.571202371732062,0.0,11.14620237173206,-2.0,0.0,0.0,1.1250000894069672,0.30000001192092896
1579,12.90455787451092,0.0,14.854557874510922,-3.0,0.0,0.0,0.7500000596046448,0.30000001192092896
1580,48.80686175977167,1.0000001192092896,51.506861729969366,-12.5,-1.5,1.0,9.000000566244125,0.30000001192092896
1581,256.61864268106115,-1.0000001192092896,305.5436427108633,-75.99999988079071,-3.0,0.0,28.975001025944948,2.1000000834465027
1582,244.51709423296,-1.0000001192092896,306.0420942627623,-101.30000001192093,0.0,0.0,39.87500128522515,0.9000000357627869
1583,105.23582807076994,0.0,117.56082807076992,-27.299999952316284,0.0,0.0,14.67500066012144,0.30000001192092896
1584,11.657868049771622,0.0,14.857868049771621,-5.0,0.0,0.0,1.5000001192092896,0.30000001192092896
1585,177.90202964905865,-1.0000001192092896,229.02702967886086,-76.0,-3.0,0.0,28.275000989437103,0.6000000238418579
1586,12.043045332685292,0.0,14.618045332685291,-4.0,0.0,0.0,1.1250000894069672,0.30000001192092896
1587,9.6742737180409,0.0,8.9992737180409,0.0,0.0,0.0,0.3750000298023224,0.30000001192092896
1588,102.26484401155552,-1.0000001192092896,137.81484404135784,-47.5,0.0,0.0,12.650000546127558,0.30000001192092896
1589,6.106685662206926,0.0,7.4316856622069265,-2.0,0.0,0.0,0.3750000298023224,0.30000001192092896
1590,138.12701199894474,-1.0000001192092896,161.17701202874701,-44.0,0.0,0.0,21.95000048354268,0.0
1591,57.549336991695505,0.0,61.54933699169549,-13.299999952316284,0.0,0.0,8.700000524520874,0.6000000238418579
1592,335.8887589119634,-1.0000001192092896,373.23875894176575,-83.5,0.0,0.0,45.650002520531416,1.5000000596046448
1593,186.4014775262787,0.0,201.32647752627875,-41.0,0.0,0.0,25.175001598894596,0.9000000357627869
1594,180.52688485925896,0.0,215.52688485925898,-54.30000001192093,0.0,0.0,18.700000260025263,0.6000000238418579
1595,171.26504276492696,0.0,212.96504276492698,-61.5,-3.0,0.0,21.600000321865082,1.2000000476837158
1596,140.71927261508273,0.0,163.6942726150827,-41.0,0.0,0.0,17.72500118985772,0.30000001192092896
1597,78.67921093219823,0.0,91.35421093219823,-27.299999952316284,0.0,0.0,14.025001108646393,0.6000000238418579
1598,150.9822407533995,0.0,188.15724075339938,-64.29999995231628,0.0,0.0,26.82500060647726,0.30000001192092896
1599,143.40741434677474,-1.0000001192092896,168.6074143765772,-42.0,0.0,0.0,17.500000655651093,0.30000001192092896
1600,94.54067565773006,0.0,141.11567565773004,-60.59999990463257,0.0,0.0,13.42500039935112,0.6000000238418579
1601,172.3266309030935,0.0,194.57663090309345,-46.799999952316284,0.0,0.0,23.950001388788223,0.6000000238418579
1602,152.53932433365577,-1.0000001192092896,189.31432436345818,-44.5,-9.0,0.0,17.42500076815486,0.30000001192092896
1603,263.91873593008927,-1.0000001192092896,330.2187359598918,-96.09999990463257,0.0,0.0,29.60000053420663,1.2000000476837158
1604,8.146406137614582,0.0,7.47140613761458,0.0,0.0,0.0,0.3750000298023224,0.30000001192092896
1605,75.13933775443581,0.0,83.56433775443585,-26.0,0.0,0.0,17.27500057220459,0.30000001192092896
1606,182.95665347500795,-1.0000001192092896,208.40665350481015,-51.8999999165535,0.0,0.0,26.550000835210085,0.9000000357627869
1607,145.5096382825374,0.0,179.8596382825374,-55.59999990463257,0.0,0.0,20.350001096725464,0.9000000357627869
1608,40.21349347813429,0.0,48.36349347813429,-17.0,0.0,0.0,8.850000411272049,0.0
1609,136.63855023100263,-1.0000001192092896,155.03855026080498,-33.5,0.0,0.0,15.800000708550215,0.30000001192092896
1610,215.32669111535733,-1.0000001192092896,240.8016911451598,-58.5,0.0,0.0,33.425001192837954,0.6000000238418579
1611,8.57727950194626,0.0,11.152279501946259,-4.0,0.0,0.0,1.1250000894069672,0.30000001192092896
1612,90.87517532458794,1.0000001192092896,91.27517529478565,-12.0,-2.5,1.0,11.200000777840614,0.9000000357627869
1613,7.348353599725424,0.0,9.298353599725425,-3.0,0.0,0.0,0.7500000596046448,0.30000001192092896
1614,217.70508716862653,0.0,232.1050871686265,-38.0,-1.5,0.0,23.30000138282776,1.8000000715255737
1615,87.67931218914856,0.0,105.42931218914856,-32.0,0.0,0.0,13.950000435113907,0.30000001192092896
1616,64.0777731219191,0.0,67.8527731219191,-16.30000001192093,0.0,0.0,11.925000756978989,0.6000000238418579
1617,17.82720777798762,0.0,22.327207777987624,-9.0,0.0,0.0,4.500000357627869,0.0
1618,142.7528316848721,0.0,175.952831684872,-58.09999996423721,0.0,0.0,24.000000447034836,0.9000000357627869
1619,5.512259106371298,0.0,7.462259106371298,-3.0,0.0,0.0,0.7500000596046448,0.30000001192092896
1620,9.715179695003455,0.0,9.040179695003454,0.0,0.0,0.0,0.3750000298023224,0.30000001192092896
1621,32.83906398162687,0.0,41.289063981626875,-16.0,0.0,0.0,7.550000548362732,0.0
1622,8.57330259724672,0.0,11.14830259724672,-4.0,0.0,0.0,1.1250000894069672,0.30000001192092896
1623,140.6602626708343,0.0,168.5602626708344,-48.0,0.0,0.0,19.800000827759504,0.30000001192092896
1624,131.00123045247386,-1.0000001192092896,156.9012304822763,-47.0,0.0,0.0,22.10000130161643,0.0
1625,193.58234432481694,-1.0000001192092896,272.4073443546194,-115.0,0.0,0.0,37.1750016361475,0.0
1626,85.56065337088972,0.0,124.66065337088969,-52.299999952316284,0.0,0.0,12.600000493228436,0.6000000238418579
1627,68.51148360434397,0.0,90.08648360434398,-22.5,-12.0,0.0,12.625000983476639,0.30000001192092896
1628,168.71377609558502,-1.0000001192092896,199.88877612538735,-55.0,0.0,0.0,24.82500034943223,0.0
1629,8.536958072733935,0.0,11.111958072733934,-4.0,0.0,0.0,1.1250000894069672,0.30000001192092896
1630,51.19928885293128,0.0,51.79928885293128,-10.5,0.0,0.0,9.600000459700823,0.30000001192092896
1631,100.96809204611584,0.0,109.21809204611586,-22.299999952316284,0.0,0.0,13.450000494718552,0.6000000238418579
1632,175.01215418118323,0.0,214.28715418118324,-71.29999995231628,0.0,0.0,31.725000884383917,0.30000001192092896
1633,97.21043337084697,0.0,98.46043337084697,-18.299999952316284,0.0,0.0,16.750000715255737,0.30000001192092896
1634,13.644722648179794,0.0,14.969722648179795,-2.0,0.0,0.0,0.3750000298023224,0.30000001192092896
1635,6.114964753383635,0.0,7.439964753383634,-2.0,0.0,0.0,0.3750000298023224,0.30000001192092896
1636,7.688092746783245,0.0,9.013092746783245,-2.0,0.0,0.0,0.3750000298023224,0.30000001192092896
1637,123.83273973797755,-1.0000001192092896,164.98273976777986,-63.0,0.0,0.0,22.85000105574727,0.0
1638,109.2511150010834,0.0,124.00111500108342,-36.59999996423721,0.0,0.0,21.250001072883606,0.6000000238418579
1639,70.30570522129436,0.0,90.90570522129437,-18.5,-12.0,0.0,9.300000473856926,0.6000000238418579
1640,123.20766279218537,0.0,145.7576627921853,-34.799999952316284,0.0,0.0,11.050000637769699,1.2000000476837158
1641,94.8294414073038,-1.0000001192092896,141.2794414371062,-65.0,0.0,0.0,19.25000086426735,0.30000001192092896
1642,131.89002292213257,0.0,142.6650229221327,-26.0,-6.0,0.0,20.625001568347216,0.6000000238418579
1643,193.04913479557382,0.0,209.4241347955738,-46.5,-1.5,0.0,31.025001913309097,0.6000000238418579
1644,7.287905621182643,0.0,9.237905621182643,-3.0,0.0,0.0,0.7500000596046448,0.30000001192092896
1645,284.38844943816866,-1.0000001192092896,345.6384494679708,-105.79999995231628,0.0,0.0,44.6500003375113,0.9000000357627869
1646,210.09294400095007,-1.0000001192092896,257.0429440307524,-72.0,0.0,0.0,25.750000536441803,0.30000001192092896
1647,6.139706392867843,0.0,7.464706392867844,-2.0,0.0,0.0,0.3750000298023224,0.30000001192092896
1648,7.327162120829567,0.0,9.277162120829567,-3.0,0.0,0.0,0.7500000596046448,0.30000001192092896
1649,219.39032271521847,-1.0000001192092896,257.2153227450209,-81.30000001192093,0.0,0.0,43.875000324100256,0.6000000238418579
1650,81.30426473142498,-1.0000001192092896,154.62926476122726,-93.0,0.0,0.0,20.675000611692667,0.0
1651,306.3410858135731,-1.0000001192092896,352.8160858433753,-77.0,-7.5,0.0,38.12500090524554,0.9000000357627869
1652,7.728556174377005,0.0,9.053556174377006,-2.0,0.0,0.0,0.3750000298023224,0.30000001192092896
1653,7.668867058614161,0.0,8.993867058614162,-2.0,0.0,0.0,0.3750000298023224,0.30000001192092896
1654,8.86443459107754,0.0,10.81443459107754,-3.0,0.0,0.0,0.7500000596046448,0.30000001192092896
1655,193.0666888837098,-1.0000001192092896,211.24168891351206,-40.0,0.0,0.0,22.825000517070293,0.0
1656,129.60464102048206,-1.0000001192092896,162.12964105028422,-51.0,0.0,0.0,19.475000750273466,0.0
1657,149.6362776337652,-1.0000001192092896,176.46127766356742,-53.299999952316284,0.0,0.0,27.1750015206635,0.30000001192092896
1658,123.71783013975333,-1.0000001192092896,145.9428301695558,-37.0,0.0,0.0,15.775000665336847,0.0
1659,168.7722849823352,0.0,195.34728498233522,-53.0,0.0,0.0,25.825000911951065,0.6000000238418579
1660,56.74055375078718,0.0,74.6405537507872,-27.0,0.0,0.0,8.800000354647636,0.30000001192092896
1661,8.949191459577058,0.0,10.899191459577057,-3.0,0.0,0.0,0.7500000596046448,0.30000001192092896
1662,128.81194730548282,0.0,181.5369473054829,-75.29999995231628,0.0,0.0,22.275000527501106,0.30000001192092896
1663,70.43764239878199,0.0,80.087642398782,-22.0,0.0,0.0,12.05000039935112,0.30000001192092896
1664,247.83038461965913,-1.0000001192092896,283.65538464946127,-70.5,-1.5,0.0,36.87500078976154,0.30000001192092896
1665,249.06115317569368,-1.0000001192092896,334.111153205496,-128.0,0.0,0.0,43.65000116452575,0.30000001192092896
1666,184.5252423412754,0.0,207.85024234127542,-45.5,0.0,0.0,21.875000685453415,0.30000001192092896
1667,92.22226001372292,0.0,97.7472600137229,-21.0,0.0,0.0,15.475000888109207,0.0
1668,79.79526991219558,-1.0000001192092896,102.47026994199791,-32.0,0.0,0.0,10.325000245124102,0.0
1669,64.5986555618583,0.0,76.77365556185828,-26.30000001192093,0.0,0.0,13.825000673532486,0.30000001192092896
1670,83.57473161096317,0.0,150.84973161096315,-92.3999999165535,0.0,0.0,24.225001465529203,0.9000000357627869
1671,147.36436387537216,0.0,171.08936387537216,-48.0,0.0,0.0,24.275001171976328,0.0
1672,164.867643407557,-1.0000001192092896,203.3676434373592,-71.0,0.0,0.0,33.50000102818012,0.0
1673,114.26829307908139,0.0,129.14329307908136,-33.30000001192093,0.0,0.0,18.12500075995922,0.30000001192092896
1674,184.33974752727175,0.0,209.8897475272717,-56.799999952316284,-1.0,0.0,31.350001275539398,0.9000000357627869
1675,100.39979409530265,0.0,109.82479409530265,-21.0,0.0,0.0,11.27500057220459,0.30000001192092896
1676,100.80336194315598,-1.0000001192092896,163.62836197295826,-85.59999990463257,0.0,0.0,23.175001077353954,0.6000000238418579
1677,7.66760451564585,0.0,8.992604515645851,-2.0,0.0,0.0,0.3750000298023224,0.30000001192092896
1678,8.953619286354819,0.0,10.90361928635482,-3.0,0.0,0.0,0.7500000596046448,0.30000001192092896
1679,7.3496900264311416,0.0,9.299690026431142,-3.0,0.0,0.0,0.7500000596046448,0.30000001192092896
1680,110.01397141513068,0.0,126.68897141513064,-39.30000001192093,0.0,0.0,22.325001090765,0.30000001192092896
1681,6.6875568353980075,0.0,9.262556835398007,-4.0,0.0,0.0,1.1250000894069672,0.30000001192092896
1682,43.818828095832416,0.0,52.76882809583239,-11.5,-6.0,0.0,8.250000596046448,0.30000001192092896
1683,7.684804844240725,0.0,9.009804844240724,-2.0,0.0,0.0,0.3750000298023224,0.30000001192092896
1684,128.63937213130302,0.0,140.81437213130303,-33.299999952316284,0.0,0.0,20.82500120997429,0.30000001192092896
1685,49.982749534506375,0.0,52.28274953450638,-12.0,0.0,0.0,9.700000703334808,0.0
1686,211.3118791411139,0.0,237.96187914111388,-49.799999952316284,-10.0,0.0,31.950001567602158,1.2000000476837158
1687,101.65867695293616,-1.0000001192092896,155.63367698273856,-68.60000002384186,0.0,0.0,15.025000855326653,0.6000000238418579
1688,10.842985799006541,0.0,12.79298579900654,-3.0,0.0,0.0,0.7500000596046448,0.30000001192092896
1689,193.86561145720566,-1.0000001192092896,211.34061148700806,-47.299999952316284,0.0,0.0,30.52500182762742,0.30000001192092896
1690,5.496817707735135,0.0,7.446817707735134,-3.0,0.0,0.0,0.7500000596046448,0.30000001192092896
1691,8.922136866230016,0.0,10.872136866230017,-3.0,0.0,0.0,0.7500000596046448,0.30000001192092896
1692,170.08522823003773,-1.0000001192092896,205.66022825984018,-53.0,0.0,0.0,18.125000525265932,0.30000001192092896
1693,58.17725795643208,0.0,61.552257956432065,-14.0,0.0,0.0,10.325000792741776,0.30000001192092896
1694,219.02371186161216,-1.0000001192092896,278.3737118914147,-95.89999985694885,0.0,0.0,36.65000136569142,0.9000000357627869
1695,105.35340464600259,0.0,126.45340464600258,-39.5,-1.5,0.0,19.300001442432404,0.6000000238418579
1696,113.79227754581268,0.0,131.41727754581274,-34.59999990463257,0.0,0.0,16.37500085309148,0.6000000238418579
1697,6.126285887372743,0.0,7.451285887372743,-2.0,0.0,0.0,0.3750000298023224,0.30000001192092896
1698,7.347710864631229,0.0,9.297710864631227,-3.0,0.0,0.0,0.7500000596046448,0.30000001192092896
1699,194.01673198547363,-1.0000001192092896,213.7167320152759,-50.0,0.0,0.0,31.300000298768282,0.0
1700,7.723098018938417,0.0,9.048098018938417,-2.0,0.0,0.0,0.3750000298023224,0.30000001192092896
1701,37.61324203426262,0.0,41.43824203426262,-12.0,0.0,0.0,8.175000607967377,0.0
1702,6.1184703040763955,0.0,7.443470304076396,-2.0,0.0,0.0,0.3750000298023224,0.30000001192092896
1703,333.8534120026676,-1.0000001192092896,404.12841203246995,-122.29999995231628,0.0,0.0,51.82500176504254,1.2000000476837158
1704,108.12493696333577,0.0,134.89993696333573,-47.59999990463257,0.0,0.0,20.22500091791153,0.6000000238418579
1705,144.90342341537485,-1.0000001192092896,153.30342344517715,-37.0,0.0,0.0,29.600001145154238,0.0
1706,36.00304273402939,0.0,55.1030427340294,-18.5,-9.0,0.0,8.100000619888306,0.30000001192092896
1707,175.05345678430646,-1.0000001192092896,203.7534568141089,-58.0,0.0,0.0,30.300001565366983,0.0
1708,27.03686494138989,0.0,26.936864941389892,-5.0,0.0,0.0,5.100000381469727,0.0
1709,46.75705195417925,0.0,55.25705195417926,-18.0,0.0,0.0,9.500000596046448,0.0
1710,9.8456557660459,0.0,13.045655766045899,-5.0,0.0,0.0,1.5000001192092896,0.30000001192092896
1711,161.47550505588265,-1.0000001192092896,184.20050508568497,-50.0,0.0,0.0,28.27500009536743,0.0
1712,139.92504688257026,-1.0000001192092896,150.07504691237253,-26.5,-3.0,0.0,20.05000089481473,0.30000001192092896
1713,133.8085786274847,0.0,151.18357862748476,-43.5,0.0,0.0,25.825000569224358,0.30000001192092896
1714,9.319692973806795,0.0,9.269692973806794,-1.0,0.0,0.0,0.7500000596046448,0.30000001192092896
1715,114.93585119847253,-1.0000001192092896,152.06085122827477,-58.0,0.0,0.0,21.875001020729542,0.0
1716,440.31518690665285,-1.0000001192092896,495.09018693645515,-85.5,0.0,0.0,31.125000976026058,0.6000000238418579
1717,352.9532144446442,-1.0000001192092896,377.2032144744464,-57.0,0.0,0.0,33.45000161603093,0.30000001192092896
1718,140.48589697933784,-1.0000001192092896,158.91089700914011,-43.0,0.0,0.0,25.575001750141382,0.0
1719,160.27601108544962,0.0,168.67601108544966,-20.299999952316284,-12.0,0.0,22.70000120997429,1.2000000476837158
1720,106.65826801054797,0.0,112.33326801054801,-19.299999952316284,0.0,0.0,13.025000736117363,0.6000000238418579
1721,9.718552799969755,0.0,9.043552799969756,0.0,0.0,0.0,0.3750000298023224,0.30000001192092896
1722,127.3745403847785,-1.0000001192092896,148.84954041458084,-40.0,0.0,0.0,19.52500081434846,0.0
1723,289.8623880663402,-1.0000001192092896,378.9373880961426,-116.89999997615814,0.0,0.0,27.925000589340925,0.9000000357627869
1724,401.4053310555139,0.0,501.5803310555139,-153.39999997615814,-2.5,0.0,53.025002025067806,2.7000001072883606
1725,265.39124104605804,-1.0000001192092896,308.49124107586016,-91.30000001192093,0.0,0.0,48.900001998990774,0.30000001192092896
1726,82.6164301345887,0.0,96.79143013458871,-29.5,0.0,0.0,15.025000363588333,0.30000001192092896
1727,57.4923594113847,0.0,65.6923594113847,-20.59999990463257,0.0,0.0,11.800000473856926,0.6000000238418579
1728,18.773859124576088,0.0,18.723859124576084,-1.0,0.0,0.0,0.7500000596046448,0.30000001192092896
1729,7.69594072255329,0.0,9.020940722553291,-2.0,0.0,0.0,0.3750000298023224,0.30000001192092896
1730,6.113321934590101,0.0,7.4383219345901015,-2.0,0.0,0.0,0.3750000298023224,0.30000001192092896
1731,115.69339271996716,0.0,123.96839271996721,-28.299999952316284,0.0,0.0,19.72500142455101,0.30000001192092896
1732,102.03426937695131,0.0,113.65926937695126,-30.299999952316284,0.0,0.0,18.375000774860382,0.30000001192092896
1733,22.851244883971514,0.0,32.676244883971506,-16.0,0.0,0.0,6.175000458955765,0.0
1734,45.341497545171435,0.0,46.96649754517144,-10.0,0.0,0.0,8.375000566244125,0.0
1735,158.69610689096214,0.0,169.92110689096205,-34.0,0.0,0.0,22.475000381469727,0.30000001192092896
1736,86.08989827515819,0.0,117.41489827515824,-48.299999952316284,0.0,0.0,16.375000581145287,0.6000000238418579
1737,143.11425280979,-1.0000001192092896,180.51425283959227,-54.59999990463257,0.0,0.0,17.600001104176044,0.6000000238418579
1738,196.26283952424757,-1.0000001192092896,225.23783955404988,-55.0,0.0,0.0,26.425001051276922,0.6000000238418579
1739,128.7097486582562,0.0,162.53474865825615,-50.0,0.0,0.0,15.875000528991222,0.30000001192092896
1740,257.68474108614583,-1.0000001192092896,284.3097411159481,-66.80000001192093,0.0,0.0,40.57500274479389,0.6000000238418579
1741,7.7072139587863,0.0,9.032213958786299,-2.0,0.0,0.0,0.3750000298023224,0.30000001192092896
1742,123.4417156407048,-1.0000001192092896,154.81671567050708,-46.59999990463257,0.0,0.0,15.625000689178705,0.6000000238418579
1743,51.46376554382929,0.0,62.088765543829275,-21.5,0.0,0.0,10.575000751763582,0.30000001192092896
1744,185.2956753744699,-1.0000001192092896,204.99567540427225,-39.5,0.0,0.0,20.20000060275197,0.6000000238418579
1745,151.8147957575346,-1.0000001192092896,159.5147957873369,-32.299999952316284,0.0,0.0,25.300001077353954,0.30000001192092896
1746,8.94078564962726,0.0,10.89078564962726,-3.0,0.0,0.0,0.7500000596046448,0.30000001192092896
1747,258.5454913111953,-1.0000001192092896,285.1454913409976,-53.0,0.0,0.0,27.40000144392252,0.0
1748,53.08378560850303,0.0,60.60878560850303,-17.0,0.0,0.0,9.175000309944153,0.30000001192092896
1749,172.11203028656985,0.0,183.1370302865698,-28.0,0.0,0.0,16.675000675022602,0.30000001192092896
1750,7.702456389990959,0.0,9.02745638999096,-2.0,0.0,0.0,0.3750000298023224,0.30000001192092896
1751,7.71299777653315,0.0,9.037997776533151,-2.0,0.0,0.0,0.3750000298023224,0.30000001192092896
1752,136.80597556620907,1.0000001192092896,132.48097553640673,-17.5,-1.5,1.0,21.025001287460327,0.30000001192092896
1753,88.9572429196259,0.0,94.53224291962586,-19.299999952316284,0.0,0.0,13.12500062584877,0.6000000238418579
1754,172.0497287658702,0.0,171.2497287658702,-22.5,-1.5,0.0,24.50000187754631,0.30000001192092896
1755,104.67798718135988,0.0,105.5779871813599,-15.5,-3.0,0.0,17.300001323223114,0.30000001192092896
1756,161.00802625950138,0.0,162.35802625950143,-18.0,0.0,0.0,16.35000054165721,0.30000001192092896
1757,300.0999913653417,-1.0000001192092896,312.0999913951442,-43.0,0.0,0.0,32.00000086426735,0.0
1758,177.5607174825195,-1.0000001192092896,201.18571751232184,-46.5,-6.0,0.0,29.575002003461123,0.30000001192092896
1759,133.47679664260627,0.0,138.72679664260627,-20.299999952316284,0.0,0.0,14.750000543892384,0.30000001192092896
1760,10.171301607997956,0.0,12.746301607997955,-4.0,0.0,0.0,1.1250000894069672,0.30000001192092896
1761,88.60829932052457,0.0,85.48329932052454,-8.599999964237213,0.0,0.0,11.125000312924385,0.6000000238418579
1762,57.307030869813495,0.0,62.2320308698135,-8.5,-4.5,0.0,7.475000366568565,0.6000000238418579
1763,6.106829948468825,0.0,7.431829948468824,-2.0,0.0,0.0,0.3750000298023224,0.30000001192092896
1764,275.2388323470494,0.0,284.1388323470493,-41.0,0.0,0.0,32.100002348423004,0.0
1765,211.09896286555417,-1.0000001192092896,240.7489628953565,-57.299999952316284,0.0,0.0,28.050001312047243,0.6000000238418579
1766,191.25262791288114,0.0,184.90262791288106,-24.30000001192093,0.0,0.0,30.050001680850983,0.6000000238418579
1767,12.671597238012575,0.0,14.621597238012574,-3.0,0.0,0.0,0.7500000596046448,0.30000001192092896
1768,63.77517600842078,0.0,69.8251760084208,-18.299999952316284,0.0,0.0,11.950000703334808,0.30000001192092896
1769,155.24553892810752,0.0,174.5955389281075,-38.0,0.0,0.0,18.35000079497695,0.30000001192092896
1770,7.701900517434048,0.0,9.026900517434047,-2.0,0.0,0.0,0.3750000298023224,0.30000001192092896
1771,168.76784323461092,-1.0000001192092896,171.0928432644132,-18.0,0.0,0.0,16.67500128224492,0.0
1772,9.392576907168817,0.0,9.342576907168816,-1.0,0.0,0.0,0.7500000596046448,0.30000001192092896
1773,237.04838383661118,0.0,242.6733838366111,-50.799999952316284,0.0,0.0,44.575002282857895,0.6000000238418579
1774,206.1763051539073,-1.0000001192092896,205.82630518370965,-16.5,-1.5,0.0,18.75000112131238,0.6000000238418579
1775,131.00548682403706,-1.0000001192092896,153.7054868538394,-38.299999952316284,0.0,0.0,16.300000589340925,0.30000001192092896
1776,173.41032495041335,-1.0000001192092896,163.26032498021576,-14.0,0.0,0.0,25.150000724941492,0.0
1777,8.881423906154712,0.0,10.831423906154711,-3.0,0.0,0.0,0.7500000596046448,0.30000001192092896
1778,259.4760763537946,0.0,327.9260763537947,-108.19999992847443,-6.0,0.0,43.350002974271774,2.4000000953674316
1779,67.76624833323925,0.0,64.14124833323925,-8.299999952316284,0.0,0.0,11.625000685453415,0.30000001192092896
1780,146.46848420703685,-1.0000001192092896,210.79348423683933,-88.59999996423721,0.0,0.0,24.675000861287117,0.6000000238418579
1781,218.5564896991034,0.0,240.08148969910349,-47.5,0.0,0.0,25.67500101029873,0.30000001192092896
1782,424.28667218739906,0.0,492.26167218739914,-124.59999996423721,0.0,0.0,55.725001502782106,0.9000000357627869
1783,9.686842283957093,0.0,9.011842283957094,0.0,0.0,0.0,0.3750000298023224,0.30000001192092896
1784,70.7624682067672,0.0,72.43746820676718,-12.899999916553497,0.0,0.0,10.025000423192978,1.2000000476837158
1785,284.29307093191153,-1.0000001192092896,312.9680709617137,-67.09999996423721,0.0,0.0,38.525001652538776,0.9000000357627869
1786,353.0496899762851,-1.0000001192092896,404.6496900060875,-98.49999982118607,0.0,0.0,46.40000085160136,1.5000000596046448
1787,205.57851358554709,0.0,218.67851358554714,-28.0,-10.5,0.0,23.90000107884407,1.5000000596046448
1788,111.78403202017789,0.0,102.7590320201779,-4.5,-3.0,0.0,16.225001007318497,0.30000001192092896
1789,178.31389690165346,0.0,193.13889690165337,-37.0,0.0,0.0,22.17500079423189,0.0
1790,53.43199897478116,0.0,49.25699897478118,-5.0,0.0,0.0,9.175000607967377,0.0
1791,10.20285118623871,0.0,12.77785118623871,-4.0,0.0,0.0,1.1250000894069672,0.30000001192092896
1792,168.4307923301638,-1.0000001192092896,167.35579235996602,-23.0,0.0,0.0,25.075001168996096,0.0
1793,187.59445650000572,-1.0000001192092896,213.29445652980812,-59.30000001192093,0.0,0.0,34.00000121071935,0.6000000238418579
1794,159.52710054147096,-1.0000001192092896,173.6771005712734,-37.30000001192093,0.0,0.0,23.550000492483377,0.6000000238418579
1795,46.78554011613783,0.0,49.63554011613783,-11.5,0.0,0.0,8.3500005453825,0.30000001192092896
1796,6.106023471251572,0.0,7.431023471251573,-2.0,0.0,0.0,0.3750000298023224,0.30000001192092896
1797,7.333904528238787,0.0,9.283904528238786,-3.0,0.0,0.0,0.7500000596046448,0.30000001192092896
1798,61.321009134925184,0.0,72.32100913492522,-20.299999952316284,0.0,0.0,9.000000432133675,0.30000001192092896
1799,290.1169306914819,-1.0000001192092896,293.7669307212842,-34.89999997615814,0.0,0.0,31.350000876933336,0.9000000357627869
1800,146.96078672907745,0.0,133.43578672907742,-4.5,-2.5,0.0,19.625001341104507,0.9000000357627869
1801,194.8153238685968,-1.0000001192092896,232.94032389839933,-65.59999990463257,0.0,0.0,27.575001131743193,0.9000000357627869
1802,189.52815767539275,-1.0000001192092896,223.47815770519514,-52.0,0.0,0.0,19.050000824034214,0.0
1803,190.65547029428043,-1.0000001192092896,219.45547032408274,-52.0,0.0,0.0,24.20000071823597,0.0
1804,88.65855288246719,0.0,82.75855288246721,-8.0,0.0,0.0,13.600000441074371,0.30000001192092896
1805,159.82048403840218,-1.0000001192092896,180.44548406820448,-37.60000002384186,0.0,0.0,17.375000704079866,0.6000000238418579
1806,197.07461175843994,0.0,237.82461175843977,-52.0,-10.5,0.0,21.150001015514135,0.6000000238418579
1807,194.25431646670074,-1.0000001192092896,225.82931649650317,-47.59999996423721,0.0,0.0,16.12500037252903,0.9000000357627869
1808,143.7379739127964,-1.0000001192092896,163.51297394259873,-35.60000002384186,0.0,0.0,16.225000102072954,0.6000000238418579
1809,98.82879539850876,0.0,90.30379539850875,-1.5,0.0,0.0,9.725000649690628,0.30000001192092896
1810,230.35717906695805,0.0,273.9821790669579,-75.39999985694885,0.0,0.0,29.37500124424696,2.4000000953674316
1811,148.25568739968094,-1.0000001192092896,152.78068742948324,-18.0,0.0,0.0,14.17500052973628,0.30000001192092896
1812,5.460229840315518,0.0,7.410229840315517,-3.0,0.0,0.0,0.7500000596046448,0.30000001192092896
1813,144.99057130436032,0.0,157.16557130436038,-34.5,-1.5,0.0,23.525001227855682,0.30000001192092896
1814,43.78375577827093,0.0,48.90875577827092,-12.0,0.0,0.0,6.575000375509262,0.30000001192092896
1815,18.463874520105996,0.0,23.01387452010599,-9.0,0.0,0.0,4.45000034570694,0.0
1816,164.29048223148698,0.0,164.8654822314869,-23.799999952316284,-1.5,0.0,23.82500132918358,0.9000000357627869
1817,324.24269636425595,0.0,370.4676963642562,-94.1999996304512,0.0,0.0,44.975000873208046,3.0000001192092896
1818,6.111258413520586,0.0,7.436258413520586,-2.0,0.0,0.0,0.3750000298023224,0.30000001192092896
1819,237.61220482991516,0.0,281.68720482991495,-77.29999995231628,0.0,0.0,32.92500110715628,0.30000001192092896
1820,200.20327961522813,-1.0000001192092896,195.05327964503041,-13.300000011920929,0.0,0.0,18.85000043362379,0.6000000238418579
1821,319.470056127623,-1.0000001192092896,352.34505615742535,-56.39999997615814,0.0,0.0,23.025000777095556,1.5000000596046448
1822,173.21587065326685,-1.0000001192092896,167.04087068306913,-18.0,0.0,0.0,25.175001099705696,0.0
1823,113.67321024484004,-1.0000001192092896,129.27321027464237,-25.0,0.0,0.0,10.400000434368849,0.0
1824,152.37736867750613,-1.0000001192092896,155.55236870730835,-21.0,0.0,0.0,18.525000602006912,0.30000001192092896
1825,165.75658191357007,-1.0000001192092896,160.1065819433724,-8.0,0.0,0.0,14.650001138448715,0.0
1826,176.59925710262203,-1.0000001192092896,175.47425713242444,-24.0,0.0,0.0,26.12500037625432,0.0
1827,7.679970812193772,0.0,9.00497081219377,-2.0,0.0,0.0,0.3750000298023224,0.30000001192092896
1828,255.85928867885508,-1.0000001192092896,244.23428870865752,-21.0,0.0,0.0,33.32500274851918,0.30000001192092896
1829,145.3131973520822,-1.0000001192092896,148.33819738188456,-19.0,0.0,0.0,16.97500065341592,0.0
1830,179.7317099081719,0.0,172.2567099081719,-16.899999916553497,0.0,0.0,23.475001197308302,0.9000000357627869
1831,9.305071364315438,0.0,9.255071364315437,-1.0,0.0,0.0,0.7500000596046448,0.30000001192092896
1832,139.29291448343142,0.0,137.8679144834314,-15.5,-3.0,0.0,19.32500058412552,0.6000000238418579
1833,87.04317809377126,0.0,72.21817809377123,0.0,0.0,0.0,14.825000628829002,0.0
1834,16.277844784249005,0.0,18.852844784249005,-4.0,0.0,0.0,1.1250000894069672,0.30000001192092896
1835,258.128504639861,-1.0000001192092896,264.40350466966333,-54.0,0.0,0.0,48.42500053718686,0.30000001192092896
1836,71.73959503077634,0.0,79.26459503077635,-19.0,0.0,0.0,11.475000500679016,0.0
1837,6.12701861735551,0.0,7.4520186173555105,-2.0,0.0,0.0,0.3750000298023224,0.30000001192092896
1838,10.934102019388725,0.0,10.884102019388724,-1.0,0.0,0.0,0.7500000596046448,0.30000001192092896
1839,171.98784310883264,0.0,171.88784310883264,-19.0,0.0,0.0,19.100000757724047,0.0
1840,7.699434792935775,0.0,9.024434792935773,-2.0,0.0,0.0,0.3750000298023224,0.30000001192092896
1841,8.920548701519325,0.0,10.870548701519324,-3.0,0.0,0.0,0.7500000596046448,0.30000001192092896
1842,267.4107035371202,0.0,259.98570353711995,-20.30000001192093,0.0,0.0,27.42500050738454,0.30000001192092896
1843,118.56882686738078,1.0000001192092896,111.24382683757847,-8.0,-4.5,1.0,17.225001364946365,0.6000000238418579
1844,189.34755915827094,-1.0000001192092896,189.14755918807336,-21.5,0.0,0.0,22.400000859051943,0.30000001192092896
1845,146.326312063387,-1.0000001192092896,158.95131209318936,-28.299999952316284,0.0,0.0,16.075000524520874,0.6000000238418579
1846,239.81576090472961,-1.0000001192092896,256.8657609345321,-59.299999952316284,0.0,0.0,42.950001776218414,0.30000001192092896
1847,44.462349734347455,0.0,46.387349734347445,-10.5,0.0,0.0,8.275000542402267,0.30000001192092896
1848,21.45948582794004,0.0,24.709485827940043,-8.0,0.0,0.0,4.750000357627869,0.0
1849,61.63037568091044,0.0,63.530375680910424,-12.0,0.0,0.0,10.100000560283661,0.0
1850,8.943377483572139,0.0,10.893377483572138,-3.0,0.0,0.0,0.7500000596046448,0.30000001192092896
1851,9.286287304312006,0.0,9.236287304312008,-1.0,0.0,0.0,0.7500000596046448,0.30000001192092896
1852,114.45616616562057,0.0,118.50616616562057,-13.0,0.0,0.0,8.950000517070293,0.0
1853,207.5359938040461,-1.0000001192092896,193.51099383384835,-7.0,0.0,0.0,22.025000501424074,0.0
1854,166.59440169993675,-1.0000001192092896,154.36940172973905,-7.299999952316284,0.0,0.0,20.225001007318497,0.30000001192092896
1855,137.50027812246464,0.0,127.92527812246458,-6.300000011920929,0.0,0.0,15.575000837445259,0.30000001192092896
1856,188.05451316610103,-1.0000001192092896,214.40451319590338,-43.199999928474426,0.0,0.0,16.35000056400895,1.5000000596046448
1857,114.57721049844334,0.0,116.30221049844327,-18.5,0.0,0.0,16.175000622868538,0.6000000238418579
1858,124.9426021254727,0.0,108.61760212547273,-1.5999999046325684,0.0,0.0,17.32500073313713,0.6000000238418579
1859,171.78220125235745,0.0,153.80720125235743,-1.2999999523162842,0.0,0.0,18.675001181662083,0.6000000238418579
1860,73.27202870768802,0.0,69.147028707688,-7.300000011920929,0.0,0.0,10.825000658631325,0.6000000238418579
1861,148.0588270757305,0.0,144.28382707573044,-16.799999952316284,0.0,0.0,19.675001047551632,0.9000000357627869
1862,9.133511671384484,0.0,11.083511671384485,-3.0,0.0,0.0,0.7500000596046448,0.30000001192092896
1863,6.121027090827958,0.0,7.4460270908279576,-2.0,0.0,0.0,0.3750000298023224,0.30000001192092896
1864,7.702446040177811,0.0,9.027446040177812,-2.0,0.0,0.0,0.3750000298023224,0.30000001192092896
1865,110.87775030864717,0.0,107.45275030864723,-13.5,-1.0,0.0,17.625001341104507,0.30000001192092896
1866,133.4842000672894,-1.0000001192092896,132.13420009709156,-13.0,0.0,0.0,15.350000482052565,0.0
1867,477.59441745704066,-1.0000001192092896,471.0694174868433,-57.799999952316284,-7.5,0.0,71.62500229850411,1.2000000476837158
1868,199.47716045498177,-1.0000001192092896,194.27716048478408,-18.59999990463257,0.0,0.0,24.200000870972872,0.6000000238418579
1869,154.49908896212375,-1.0000001192092896,188.99908899192616,-46.8999999165535,0.0,0.0,12.500000718981028,0.9000000357627869
1870,64.12504429991122,0.0,64.85004429991125,-8.300000011920929,0.0,0.0,6.9749999940395355,0.6000000238418579
1871,62.07219203006387,0.0,56.34719203006389,-3.5,-1.5,0.0,10.425000637769699,0.30000001192092896
1872,357.32825819112173,-1.0000001192092896,358.328258220924,-40.299999952316284,0.0,0.0,40.00000113248825,0.30000001192092896
1873,8.12094725270304,0.0,7.445947252703038,0.0,0.0,0.0,0.3750000298023224,0.30000001192092896
1874,8.608117048469937,0.0,11.183117048469937,-4.0,0.0,0.0,1.1250000894069672,0.30000001192092896
1875,286.9576774936048,-1.0000001192092896,304.3326775234072,-48.09999990463257,0.0,0.0,30.525001421570778,1.2000000476837158
1876,187.10753494905802,-1.0000001192092896,172.0825349788603,-5.8999998569488525,0.0,0.0,21.02500084042549,0.9000000357627869
1877,228.60216017605185,-1.0000001192092896,238.1021602058542,-41.0,0.0,0.0,31.900002289563417,0.6000000238418579
1878,210.58724154674783,-1.0000001192092896,192.5122415765503,-7.0,0.0,0.0,25.775001514703035,0.30000001192092896
1879,226.71308317897032,0.0,204.66308317897045,-5.599999964237213,0.0,0.0,27.050001457333565,0.6000000238418579
1880,180.88529340477595,-1.0000001192092896,221.33529343457826,-54.799999952316284,-9.0,0.0,23.150001101195812,1.2000000476837158
1881,47.83666557774384,0.0,39.38666557774383,1.0,0.0,0.0,7.450000494718552,0.0
1882,94.3197264630703,0.0,91.4947264630703,-5.5,0.0,0.0,8.025000303983688,0.30000001192092896
1883,178.40528795356934,-1.0000001192092896,164.63028798337163,-8.0,0.0,0.0,22.775000851601362,0.0
1884,19.94193240265436,0.0,20.51693240265436,-2.0,0.0,0.0,1.1250000894069672,0.30000001192092896
1885,200.28617444882642,-1.0000001192092896,176.1361744786287,-1.0,0.0,0.0,25.850001350045204,0.30000001192092896
1886,137.07158387390146,-1.0000001192092896,137.52158390370377,-11.0,0.0,0.0,11.250000510364771,0.30000001192092896
1887,6.13978747175144,0.0,7.46478747175144,-2.0,0.0,0.0,0.3750000298023224,0.30000001192092896
1888,200.72648365605937,0.0,194.85148365605923,-11.5,-1.5,0.0,18.27500070631504,0.6000000238418579
1889,6.115559756883896,0.0,7.440559756883896,-2.0,0.0,0.0,0.3750000298023224,0.30000001192092896
1890,12.847116117968932,0.0,12.797116117968931,-1.0,0.0,0.0,0.7500000596046448,0.30000001192092896
1891,145.23015216141766,-1.0000001192092896,151.28015219121997,-18.299999952316284,0.0,0.0,12.9500005915761,0.30000001192092896
1892,306.92235982400297,-1.0000001192092896,288.1223598538053,-4.300000011920929,0.0,0.0,23.800000581890345,0.30000001192092896
1893,201.76880275210306,-1.0000001192092896,188.56880278190545,-3.0,0.0,0.0,17.200000513345003,0.0
1894,247.2184001567763,0.0,225.56840015677633,-6.299999952316284,0.0,0.0,27.35000080615282,0.6000000238418579
1895,151.08791489254764,-1.0000001192092896,136.26291492234995,-2.0,0.0,0.0,17.82500048354268,0.0
1896,140.0495402997595,0.0,129.24954029975947,-12.299999952316284,0.0,0.0,22.800000980496407,0.30000001192092896
1897,361.73902043382935,-1.0000001192092896,351.0390204636316,-30.299999952316284,0.0,0.0,41.70000122860074,0.30000001192092896
1898,143.40626969211885,-1.0000001192092896,154.38126972192114,-32.8999999165535,0.0,0.0,22.02500081062317,0.9000000357627869
1899,254.5623261075213,-1.0000001192092896,255.81232613732374,-22.0,-1.5,0.0,22.350001022219658,0.9000000357627869
1900,115.94285828574009,0.0,119.26785828574013,-9.5,-6.0,0.0,11.575000539422035,0.6000000238418579
1901,124.0366292499539,0.0,110.03662924995388,-2.800000011920929,0.0,0.0,15.900000646710396,0.9000000357627869
1902,150.94547056989396,-1.0000001192092896,151.94547059969622,-12.300000011920929,0.0,0.0,11.70000046864152,0.6000000238418579
1903,166.97239607221604,0.0,155.27239607221605,-5.0,0.0,0.0,16.40000009164214,0.30000001192092896
1904,297.0033858044695,0.0,275.35338580446944,-3.800000011920929,-13.5,0.0,37.75000236928463,1.2000000476837158
1905,153.5565084048462,0.0,122.9815084048462,10.5,0.0,0.0,19.475001469254494,0.6000000238418579
1906,444.2666392170287,0.0,424.9166392170288,-30.199999928474426,-12.0,0.0,58.550001092255116,3.0000001192092896
1907,145.44530449013524,0.0,135.27030449013526,2.0,-6.0,0.0,13.575001090765,0.6000000238418579
1908,51.82390960486448,0.0,41.423909604864484,2.0,0.0,0.0,8.400000631809235,0.0
1909,8.116571317129793,0.0,7.4415713171297915,0.0,0.0,0.0,0.3750000298023224,0.30000001192092896
1910,278.65846227896526,-1.0000001192092896,258.9334623087678,-11.0,0.0,0.0,31.725002128630877,0.0
1911,95.16967704605298,1.0000001192092896,72.59467701625064,5.0,0.0,1.0,15.575000494718552,0.0
1912,380.89665825954813,-1.0000001192092896,367.04665828935003,-30.80000001192093,0.0,0.0,44.750001419335604,0.9000000357627869
1913,9.666687058743369,0.0,8.991687058743368,0.0,0.0,0.0,0.3750000298023224,0.30000001192092896
1914,241.78211829133343,-1.0000001192092896,228.68211832113587,-13.0,0.0,0.0,27.100000876933336,0.0
1915,201.10890215637582,0.0,192.35890215637588,-17.899999916553497,0.0,0.0,25.750000581145287,0.9000000357627869
1916,102.74424981235178,0.0,80.96924981235175,10.5,-1.5,0.0,12.475000694394112,0.30000001192092896
1917,108.81775406253035,0.0,96.01775406253032,1.0,0.0,0.0,11.500000178813934,0.30000001192092896
1918,9.722170826165824,0.0,9.047170826165825,0.0,0.0,0.0,0.3750000298023224,0.30000001192092896
1919,114.9167216240073,0.0,105.09172162400729,-6.5,0.0,0.0,15.725000590085983,0.6000000238418579
1920,169.3658449597984,0.0,151.2408449597983,-6.299999952316284,0.0,0.0,23.82500172406435,0.6000000238418579
1921,392.6718756400079,-1.0000001192092896,364.89687566981036,-24.0,0.0,0.0,52.77500240504742,0.0
1922,62.038505158388055,0.0,51.13850515838805,1.0,0.0,0.0,9.90000057220459,0.0
1923,180.04695182533612,-1.0000001192092896,186.04695185513847,-31.5,0.0,0.0,26.200001172721386,0.30000001192092896
1924,131.1853078265423,-1.0000001192092896,129.9353078563446,-17.30000001192093,0.0,0.0,18.950000550597906,0.6000000238418579
1925,79.29912808706605,0.0,71.57412808706606,-6.300000011920929,0.0,0.0,13.425001114606857,0.6000000238418579
1926,225.17891377168087,-1.0000001192092896,176.65391380148316,18.099999964237213,0.0,0.0,30.525000501424074,0.9000000357627869
1927,189.6416400897964,0.0,164.19164008979646,2.700000047683716,0.0,0.0,22.150001123547554,0.6000000238418579
1928,200.16227472823365,0.0,196.73727472823367,-18.299999952316284,0.0,0.0,21.12500101327896,0.6000000238418579
1929,63.3858974041705,0.0,52.385897404170514,2.700000047683716,0.0,0.0,8.000000387430191,0.30000001192092896
1930,178.03812804930345,-1.0000001192092896,159.8631280791057,3.0,0.0,0.0,16.175000581890345,0.0
1931,210.35587303768114,-1.0000001192092896,211.6058730674836,-20.0,0.0,0.0,19.450000785291195,0.30000001192092896
1932,183.3477649584682,-1.0000001192092896,172.04776498827044,-4.0,0.0,0.0,16.30000039190054,0.0
1933,176.825296657062,-1.0000001192092896,170.02529668686438,-12.0,0.0,0.0,19.80000065639615,0.0
1934,128.9973401958693,0.0,116.84734019586932,-3.299999952316284,0.0,0.0,14.85000079870224,0.6000000238418579
1935,117.79386312133578,0.0,105.9188631213358,-4.300000011920929,0.0,0.0,15.875000208616257,0.30000001192092896
1936,228.58643530317872,-1.0000001192092896,200.83643533298104,5.399999976158142,0.0,0.0,22.750000540167093,0.6000000238418579
1937,281.0003589062661,0.0,251.75035890626603,-8.600000023841858,0.0,0.0,36.350001990795135,1.5000000596046448
1938,10.909192331823723,0.0,10.859192331823724,-1.0,0.0,0.0,0.7500000596046448,0.30000001192092896
1939,373.82287132098327,-1.0000001192092896,335.0728713507858,-1.5,0.0,0.0,40.95000173896551,0.30000001192092896
1940,139.19085369918457,0.0,150.81585369918454,-8.0,-19.5,0.0,14.375000923871994,1.5000000596046448
1941,186.96644010137697,-1.0000001192092896,161.5914401311793,9.0,0.0,0.0,17.375000655651093,0.0
1942,118.90326943988383,0.0,109.20326943988381,-4.300000011920929,0.0,0.0,13.400000214576721,0.6000000238418579
1943,262.6548742294992,0.0,239.80487422949926,-15.299999952316284,0.0,0.0,36.650001525878906,1.5000000596046448
1944,228.51103932817787,0.0,195.9860393281779,5.5,0.0,0.0,26.42500089108944,0.6000000238418579
1945,86.50991214191478,0.0,74.90991214191479,0.5,-1.5,0.0,12.000000894069672,0.6000000238418579
1946,7.730910118203903,0.0,9.055910118203903,-2.0,0.0,0.0,0.3750000298023224,0.30000001192092896
1947,155.21821595640668,-1.0000001192092896,148.918215986209,-9.0,0.0,0.0,16.300000328570604,0.0
1948,188.08783389240722,-1.0000001192092896,156.28783392220947,10.100000023841858,0.0,0.0,21.800000716000795,0.9000000357627869
1949,424.74783457132514,-1.0000001192092896,400.6478346011271,-18.700000047683716,0.0,0.0,42.30000149831176,1.5000000596046448
1950,122.18859860006899,0.0,101.93859860006897,15.0,-10.5,0.0,14.550000965595245,1.2000000476837158
1951,9.68804931076847,0.0,9.01304931076847,0.0,0.0,0.0,0.3750000298023224,0.30000001192092896
1952,90.81461124345701,0.0,81.614611243457,1.5,-4.5,0.0,11.60000079870224,0.6000000238418579
1953,105.05333326000888,0.0,89.67833326000887,1.7000000476837158,0.0,0.0,13.07500071823597,0.6000000238418579
1954,299.6003790560061,0.0,276.1003790560062,-15.0,0.0,0.0,38.20000159740448,0.30000001192092896
1955,205.07073501456338,0.0,181.22073501456336,0.0,0.0,0.0,23.550000101327896,0.30000001192092896
1956,110.18161145781117,0.0,90.83161145781114,3.0,0.0,0.0,16.35000118613243,0.0
1957,217.929503538385,-1.0000001192092896,209.97950356818725,-14.300000011920929,0.0,0.0,22.95000058785081,0.30000001192092896
1958,198.31040781794445,-1.0000001192092896,161.3354078477468,19.0,0.0,0.0,18.975000996142626,0.0
1959,241.62747728079782,0.0,189.35247728079784,27.100000083446503,0.0,0.0,23.97500093653798,1.2000000476837158
1960,128.61776393757663,0.0,123.04276393757661,-4.300000011920929,0.0,0.0,9.575000494718552,0.30000001192092896
1961,7.7103034225153415,0.0,9.035303422515343,-2.0,0.0,0.0,0.3750000298023224,0.30000001192092896
1962,203.76939771115016,-1.0000001192092896,188.21939774095253,-4.0,0.0,0.0,20.550000924617052,0.0
1963,190.73998065565127,-1.0000001192092896,177.61498068545365,-1.0,0.0,0.0,14.825000617653131,0.30000001192092896
1964,290.0523594603067,0.0,251.3773594603068,16.600000083446503,-10.5,0.0,30.47500092536211,2.1000000834465027
1965,55.71993039426727,0.0,39.59493039426727,9.0,0.0,0.0,7.125000506639481,0.0
1966,176.53862766053112,-1.0000001192092896,159.48862769033346,-0.30000001192092896,0.0,0.0,18.05000050738454,0.30000001192092896
1967,294.7863704333237,-1.0000001192092896,267.986370463126,-7.0,0.0,0.0,34.500001180917025,0.30000001192092896
1968,68.86763011080858,0.0,51.64263011080857,8.5,0.0,0.0,8.425000563263893,0.30000001192092896
1969,193.00811463378452,0.0,168.08311463378456,1.100000023841858,0.0,0.0,22.925000548362732,0.9000000357627869
1970,384.523937190485,0.0,356.64893719048496,-11.299999713897705,0.0,0.0,35.875000439584255,3.3000001311302185
1971,65.89493420990539,0.0,59.3949342099054,-2.0,0.0,0.0,8.200000524520874,0.30000001192092896
1972,226.47356834655184,0.0,214.72356834655199,2.700000047683716,-16.5,0.0,24.650000736117363,0.9000000357627869
1973,314.0410626873924,-1.0000001192092896,269.36606271719484,10.0,0.0,0.0,35.67500013113022,0.0
1974,6.1378104018885,0.0,7.4628104018884995,-2.0,0.0,0.0,0.3750000298023224,0.30000001192092896
1975,171.0929861837973,-1.0000001192092896,143.5679862135996,12.0,0.0,0.0,16.52500044181943,0.0
1976,321.67794350818156,0.0,290.85294350818145,-10.5,0.0,0.0,40.7250015065074,0.6000000238418579
1977,145.07423456492495,0.0,110.99923456492489,17.69999998807907,0.0,0.0,15.775000765919685,0.6000000238418579
1978,17.34029288158203,0.0,20.54029288158203,-5.0,0.0,0.0,1.5000001192092896,0.30000001192092896
1979,206.68943356310692,-1.0000001192092896,176.73943359290914,12.0,-9.0,0.0,27.050001338124275,0.9000000357627869
1980,291.8209373879029,0.0,262.7459373879031,2.0,0.0,0.0,26.775000736117363,0.30000001192092896
1981,367.4087504877491,0.0,336.9837504877491,-15.399999916553497,0.0,0.0,43.42500116303563,2.4000000953674316
1982,175.9123454883311,0.0,156.0623454883311,1.7000000476837158,0.0,0.0,17.850000862032175,0.30000001192092896
1983,265.3725842442849,-1.0000001192092896,236.472584274087,-2.599999964237213,0.0,0.0,31.900001917034388,0.6000000238418579
1984,134.40314460106848,0.0,105.10314460106846,10.0,0.0,0.0,19.300001353025436,0.0
1985,203.16776758422137,0.0,183.46776758422135,-8.0,0.0,0.0,27.10000102967024,0.6000000238418579
1986,355.06625307667406,-1.0000001192092896,368.3162531064764,-30.59999990463257,0.0,0.0,17.750000581145287,0.6000000238418579
1987,6.14069611441421,0.0,7.46569611441421,-2.0,0.0,0.0,0.3750000298023224,0.30000001192092896
1988,142.0812046891904,-1.0000001192092896,142.80620471899275,-8.0,0.0,0.0,7.97500029951334,0.30000001192092896
1989,370.4393101431181,-1.0000001192092896,324.2393101729204,4.5,-1.5,0.0,43.90000196173787,0.30000001192092896
1990,162.54323828271228,-1.0000001192092896,148.8432383125146,-5.0,0.0,0.0,19.70000108331442,0.0
1991,166.4505354086395,0.0,155.17553540863943,-4.5,-1.5,0.0,16.67500039935112,0.6000000238418579
1992,126.21458200251223,1.0000001192092896,97.68958197270989,10.0,0.0,1.0,16.52500119805336,0.0
1993,180.63253600906506,0.0,157.20753600906505,7.899999976158142,0.0,0.0,14.325000517070293,1.2000000476837158
1994,231.1351405212011,-1.0000001192092896,223.16014055100348,-7.899999916553497,0.0,0.0,15.975000757724047,0.9000000357627869
1995,216.6097920180076,0.0,196.50979201800777,-3.0,-1.5,0.0,24.000001452863216,0.6000000238418579
1996,242.82556856644595,0.0,192.62556856644593,14.0,0.0,0.0,35.60000282526016,0.6000000238418579
1997,109.87446228309418,0.0,95.69946228309422,4.700000047683716,0.0,0.0,9.175000488758087,0.30000001192092896
1998,242.3358105802503,0.0,210.13581058025034,13.0,0.0,0.0,19.200000796467066,0.0
1999,235.77344458462048,-1.0000001192092896,202.87344461442288,9.0,0.0,0.0,24.60000090301037,0.30000001192092896
2000,296.49843128098365,0.0,255.99843128098365,5.200000047683716,-4.5,0.0,39.20000195503235,0.6000000238418579
2001,425.4590757845383,-1.0000001192092896,354.08407581434085,32.10000002384186,0.0,0.0,37.275001488626,3.0000001192092896
2002,191.97576449700915,0.0,153.70076449700923,7.699999988079071,0.0,0.0,30.275000512599945,0.30000001192092896
2003,532.0513035391076,-1.0000001192092896,506.8013035689092,-5.199999928474426,-6.0,0.0,35.05000112205744,2.4000000953674316
2004,191.59605045157875,-1.0000001192092896,178.29605048138117,-4.099999666213989,0.0,0.0,16.00000012665987,2.4000000953674316
2005,212.52583047706258,0.0,186.75083047706255,2.5,-1.5,0.0,24.1750012524426,0.6000000238418579
2006,230.35392535894627,-1.0000001192092896,196.12892538874848,-0.2999999523162842,0.0,0.0,34.62500127032399,0.9000000357627869
2007,7.376685094602577,0.0,9.326685094602576,-3.0,0.0,0.0,0.7500000596046448,0.30000001192092896
2008,9.381650671593777,0.0,9.331650671593778,-1.0,0.0,0.0,0.7500000596046448,0.30000001192092896
2009,270.13895193246094,-1.0000001192092896,207.13895196226355,39.40000009536743,0.0,0.0,23.700000975281,0.9000000357627869
2010,538.2407967316602,-1.0000001192092896,461.915796761463,5.400000095367432,-3.0,0.0,73.12500144913793,1.8000000715255737
2011,6.128449513963656,0.0,7.453449513963656,-2.0,0.0,0.0,0.3750000298023224,0.30000001192092896
2012,249.73011391477976,-1.0000001192092896,184.53011394458218,32.5,0.0,0.0,33.40000217035413,0.30000001192092896
2013,188.55779209437188,0.0,162.80779209437173,-8.0,0.0,0.0,33.75000220537186,0.0
2014,199.31868860202067,0.0,175.11868860202077,6.0,-3.0,0.0,20.600001007318497,0.6000000238418579
2015,68.63666136580343,0.0,57.36166136580343,6.5,-3.0,0.0,7.17500039935112,0.6000000238418579
2016,117.98376251456008,0.0,99.30876251456006,5.5,0.0,0.0,12.575000494718552,0.6000000238418579
2017,6.111090449902711,0.0,7.4360904499027125,-2.0,0.0,0.0,0.3750000298023224,0.30000001192092896
2018,242.7892093317738,-1.0000001192092896,194.18920936157625,20.0,0.0,0.0,29.60000155121088,0.0
2019,90.30671422007234,0.0,72.65671422007235,8.0,0.0,0.0,9.350000396370888,0.30000001192092896
2020,288.2170175504879,-1.0000001192092896,242.34201758029045,9.700000047683716,0.0,0.0,36.875001061707735,0.30000001192092896
2021,283.9739232090245,0.0,246.04892320902428,0.0,0.0,0.0,37.02500178664923,0.9000000357627869
2022,123.81930070235725,0.0,126.46930070235727,-7.0,-10.0,0.0,12.850001096725464,1.5000000596046448
2023,146.9165618587293,0.0,125.56656185872924,2.5,0.0,0.0,18.250000685453415,0.6000000238418579
2024,9.718073700582503,0.0,9.0430737005825,0.0,0.0,0.0,0.3750000298023224,0.30000001192092896
2025,114.82599312608373,0.0,116.30099312608371,0.5,-15.0,0.0,11.825000792741776,1.2000000476837158
2026,272.16938462689626,0.0,245.0693846268963,-3.0,0.0,0.0,29.800001114606857,0.30000001192092896
2027,250.61041075832972,0.0,226.76041075832973,-7.0,-1.5,0.0,30.85000206157565,1.5000000596046448
2028,271.7439955043232,-1.0000001192092896,240.76899553412542,3.0,0.0,0.0,28.975001830607653,0.0
2029,84.09973320540858,0.0,67.27473320540858,5.0,0.0,0.0,11.825000762939453,0.0
2030,224.34280747332636,0.0,201.19280747332638,1.699999988079071,0.0,0.0,21.150000136345625,0.30000001192092896
2031,7.358139808398922,0.0,9.308139808398922,-3.0,0.0,0.0,0.7500000596046448,0.30000001192092896
2032,128.46220995924148,0.0,110.11220995924145,3.0,-3.0,0.0,17.75000098347664,0.6000000238418579
2033,116.54113091429986,0.0,119.89113091429986,-14.799999952316284,-1.5,0.0,12.050000093877316,0.9000000357627869
2034,229.2096398816961,-1.0000001192092896,188.08463991149836,15.0,0.0,0.0,26.825000632554293,0.30000001192092896
2035,12.78581471439011,0.0,12.73581471439011,-1.0,0.0,0.0,0.7500000596046448,0.30000001192092896
2036,194.01685811680974,-1.0000001192092896,169.46685814661205,-8.0,0.0,0.0,33.55000065639615,0.0
2037,146.14127389479475,0.0,131.1912738947947,-4.0,0.0,0.0,18.050000995397568,0.9000000357627869
2038,232.72682886046655,-1.0000001192092896,211.30182889026895,-2.0,0.0,0.0,24.42500028759241,0.0
2039,201.90249665286328,0.0,180.62749665286316,2.5,-10.5,0.0,28.675001367926598,0.6000000238418579
2040,236.54355441815918,-1.0000001192092896,200.4185544479615,8.5,0.0,0.0,28.325001794844866,0.30000001192092896
2041,286.9246077132182,-1.0000001192092896,247.3246077430207,7.0,0.0,0.0,33.30000173300505,0.30000001192092896
2042,253.30593417103074,-1.0000001192092896,223.70593420083296,2.400000035762787,0.0,0.0,27.60000044107437,0.6000000238418579
2043,6.1306662014484345,0.0,7.455666201448435,-2.0,0.0,0.0,0.3750000298023224,0.30000001192092896
2044,330.4396937402142,0.0,286.86469374021414,6.699999988079071,-1.5,0.0,37.17500168085098,1.2000000476837158
2045,58.92201815410003,0.0,48.14701815410003,1.0,0.0,0.0,9.775000751018524,0.0
2046,266.27520797995186,0.0,234.47520797995182,5.700000047683716,0.0,0.0,25.80000129342079,0.30000001192092896
2047,218.02772436765107,-1.0000001192092896,179.40272439745337,13.400000035762787,0.0,0.0,25.325000751763582,0.9000000357627869
2048,211.01804408330867,0.0,188.39304408330867,3.400000035762787,0.0,0.0,18.625000350177288,0.6000000238418579
2049,63.809811517383594,0.0,47.0848115173836,7.0,0.0,0.0,9.725000739097595,0.0
2050,356.6816000290742,-1.0000001192092896,313.68160005887677,-2.0,0.0,0.0,46.00000073388219,0.0
2051,6.117922449343435,0.0,7.442922449343435,-2.0,0.0,0.0,0.3750000298023224,0.30000001192092896
2052,251.85091901926955,-1.0000001192092896,217.22591904907188,12.0,0.0,0.0,23.3250003606081,0.30000001192092896
2053,9.713866214923492,0.0,9.038866214923493,0.0,0.0,0.0,0.3750000298023224,0.30000001192092896
2054,215.2058751031667,-1.0000001192092896,175.45587513296903,20.700000047683716,0.0,0.0,19.450000632554293,0.6000000238418579
2055,7.719598793863328,0.0,9.044598793863328,-2.0,0.0,0.0,0.3750000298023224,0.30000001192092896
2056,201.9595107841413,0.0,181.3095107841413,5.0,0.0,0.0,15.350000467151403,0.30000001192092896
2057,273.90442781795707,0.0,225.10442781795666,12.100000083446503,0.0,0.0,35.800001580268145,0.9000000357627869
2058,188.4812956336082,0.0,171.93129563360813,-8.5,0.0,0.0,24.750001430511475,0.30000001192092896
2059,195.90449449381853,0.0,167.22949449381852,10.700000047683716,0.0,0.0,17.375000678002834,0.6000000238418579
2060,199.40183128968573,-1.0000001192092896,172.10183131948807,9.0,0.0,0.0,19.30000065639615,0.0
2061,9.698162009720514,0.0,9.023162009720513,0.0,0.0,0.0,0.3750000298023224,0.30000001192092896
2062,226.50833373037892,0.0,230.508333730379,-4.0,-22.5,0.0,21.60000143572688,0.9000000357627869
2063,160.65120563909466,0.0,155.07620563909467,-9.899999916553497,0.0,0.0,14.2750004529953,1.2000000476837158
2064,231.94782138336797,-1.0000001192092896,202.59782141317027,8.0,0.0,0.0,22.350001100450754,0.0
2065,226.6673204106708,-1.0000001192092896,221.54232044047305,-7.899999976158142,0.0,0.0,12.825000375509262,1.2000000476837158
2066,10.93375522468644,0.0,10.88375522468644,-1.0,0.0,0.0,0.7500000596046448,0.30000001192092896
2067,157.46143494320376,-1.0000001192092896,136.88643497300612,1.0,0.0,0.0,20.275000888854265,0.30000001192092896
2068,231.87180904422897,-1.0000001192092896,216.49680907403135,-5.599999964237213,0.0,0.0,21.075000621378422,0.9000000357627869
2069,410.4951005810337,-1.0000001192092896,349.3951006108359,11.700000047683716,0.0,0.0,50.10000165179372,0.30000001192092896
2070,169.63495530060663,-1.0000001192092896,146.5349553304089,9.5,-3.0,0.0,17.300000682473183,0.30000001192092896
2071,82.87872304406608,0.0,62.22872304406604,9.399999976158142,0.0,0.0,10.650000616908073,0.6000000238418579
2072,265.2392848938346,-1.0000001192092896,231.41428492363707,-2.600000023841858,0.0,0.0,36.525002297014,0.9000000357627869
2073,252.61037835617637,-1.0000001192092896,214.93537838597882,13.0,0.0,0.0,25.675001829862595,0.0
2074,249.64451620635418,-1.0000001192092896,214.14451623615648,8.0,0.0,0.0,28.2000004760921,0.30000001192092896
2075,409.1332389361374,0.0,361.5582389361377,17.700000047683716,-12.0,0.0,40.37500187754631,1.5000000596046448
2076,203.84971114593574,0.0,183.57471114593574,4.5,-10.5,0.0,25.975001633167267,0.30000001192092896
2077,298.1047206583937,-1.0000001192092896,270.0797206881959,-2.1999999284744263,0.0,0.0,30.02500031515956,1.2000000476837158
2078,119.98279623799571,0.0,100.0827962379957,2.0,0.0,0.0,17.90000070631504,0.0
2079,172.41988529451692,-1.0000001192092896,161.34488532431925,-6.0,0.0,0.0,18.075000874698162,0.0
2080,119.23166800311628,0.0,95.80666800311627,5.5,0.0,0.0,17.625000804662704,0.30000001192092896
2081,341.29645069240445,-1.0000001192092896,282.471450722207,22.0,0.0,0.0,37.82500212267041,0.0
2082,8.928279108723768,0.0,10.878279108723767,-3.0,0.0,0.0,0.7500000596046448,0.30000001192092896
2083,127.04141099967593,0.0,117.54141099967599,-2.0,-6.0,0.0,16.900001019239426,0.6000000238418579
2084,357.83265132562224,-1.0000001192092896,351.8576513554246,-28.0,-6.0,0.0,39.47500155493617,1.5000000596046448
2085,266.93145399645846,-1.0000001192092896,232.20645402626084,21.5,-9.0,0.0,22.925001073628664,0.30000001192092896
2086,456.6498352139856,-1.0000001192092896,374.77483524378795,15.0,0.0,0.0,67.87500173225999,0.0
2087,8.892754917133127,0.0,10.842754917133128,-3.0,0.0,0.0,0.7500000596046448,0.30000001192092896
2088,391.84761641969834,-1.0000001192092896,360.9226164495005,-8.299999952316284,0.0,0.0,39.6250016503036,0.6000000238418579
2089,214.1091472682143,-1.0000001192092896,195.80914729801668,-5.5,0.0,0.0,24.500000793486834,0.30000001192092896
2090,301.3583108913085,-1.0000001192092896,281.3083109211108,-17.0,0.0,0.0,37.75000127032399,0.30000001192092896
2091,8.957500203697744,0.0,10.907500203697746,-3.0,0.0,0.0,0.7500000596046448,0.30000001192092896
2092,168.72022272698902,-1.0000001192092896,154.89522275679136,2.0,0.0,0.0,12.525000769644976,0.30000001192092896
2093,213.78000704737767,-1.0000001192092896,207.63000707718,-11.899999976158142,0.0,0.0,17.55000050738454,1.5000000596046448
2094,132.85055453897024,0.0,126.72555453897013,-9.599999904632568,0.0,0.0,15.125000640749931,0.6000000238418579
2095,194.67387294614852,0.0,173.84887294614865,-6.0,0.0,0.0,26.82500136643648,0.0
2096,193.2166398241349,-1.0000001192092896,175.31663985393718,-4.0,0.0,0.0,22.900001138448715,0.0
2097,260.37731825858685,0.0,220.07731825858687,10.0,0.0,0.0,30.300002053380013,0.0
2098,223.57098507856603,-1.0000001192092896,198.14598510836834,3.0,0.0,0.0,23.125001329928637,0.30000001192092896
2099,287.1392814478617,-1.0000001192092896,280.36428147766435,-28.0,0.0,0.0,35.47500127926469,0.30000001192092896
2100,209.5388784138911,0.0,180.93887841389096,1.699999988079071,0.0,0.0,26.600000947713852,0.30000001192092896
2101,124.16621275473275,-1.0000001192092896,126.76621278453507,-17.599999964237213,0.0,0.0,15.10000066831708,0.9000000357627869
2102,201.16972239845725,0.0,182.46972239845726,2.0,0.0,0.0,16.400000266730785,0.30000001192092896
2103,342.6282724934289,-1.0000001192092896,290.65327252323124,2.200000047683716,0.0,0.0,50.17500073462725,0.6000000238418579
2104,6.103041593856553,0.0,7.428041593856553,-2.0,0.0,0.0,0.3750000298023224,0.30000001192092896
2105,7.966851009862264,0.0,9.291851009862265,-2.0,0.0,0.0,0.3750000298023224,0.30000001192092896
2106,266.7694493773061,-1.0000001192092896,257.76944940710854,-25.900000035762787,0.0,0.0,35.000001680105925,0.9000000357627869
2107,164.0459550021074,0.0,138.94595500210735,-0.2999999523162842,0.0,0.0,25.10000193119049,0.30000001192092896
2108,196.18322033159527,-1.0000001192092896,179.13322036139758,-1.899999976158142,0.0,0.0,19.050000686198473,0.9000000357627869
2109,142.13840869580017,0.0,134.9884086958002,-12.0,0.0,0.0,19.150001261383295,0.0
2110,162.3478879805111,0.0,137.22288798051113,2.0,0.0,0.0,23.1250019967556,0.0
2111,509.7361959100332,-1.0000001192092896,459.18619593983544,-26.499999940395355,0.0,0.0,76.55000387504697,1.5000000596046448
2112,239.69440084057433,0.0,217.06940084057425,-1.5999999642372131,0.0,0.0,23.325001027435064,0.9000000357627869
2113,181.6160928613434,-1.0000001192092896,167.8660928911458,-2.899999976158142,0.0,0.0,16.750000681728125,0.9000000357627869
2114,116.02723265879342,-1.0000001192092896,107.25223268859578,-1.0,0.0,0.0,10.775000561028719,0.0
2115,187.98534167156396,-1.0000001192092896,150.13534170136626,14.699999988079071,0.0,0.0,23.85000165179372,0.30000001192092896
2116,215.16180332848,-1.0000001192092896,197.43680335828233,-9.600000023841858,0.0,0.0,27.725001070648432,0.6000000238418579
2117,48.971013967558854,0.0,48.19601396755887,-8.0,0.0,0.0,8.775000482797623,0.0
2118,119.47587948822346,0.0,95.9008794882235,6.5,0.0,0.0,16.77500095963478,0.30000001192092896
2119,10.222801303734828,0.0,12.797801303734829,-4.0,0.0,0.0,1.1250000894069672,0.30000001192092896
2120,7.321139246210087,0.0,9.271139246210087,-3.0,0.0,0.0,0.7500000596046448,0.30000001192092896
2121,8.136400077393937,0.0,7.461400077393938,0.0,0.0,0.0,0.3750000298023224,0.30000001192092896
2122,320.87853269129926,-1.0000001192092896,307.7035327211017,-25.100000023841858,0.0,0.0,38.07500206306577,1.2000000476837158
2123,219.1361847932806,0.0,217.36118479328067,-29.0,0.0,0.0,30.475001215934753,0.30000001192092896
2124,213.10994464922868,0.0,178.88494464922866,8.0,0.0,0.0,25.625001937150955,0.6000000238418579
2125,91.15944387638747,0.0,95.53444387638741,-16.30000001192093,0.0,0.0,11.625000596046448,0.30000001192092896
2126,246.96021935390158,-1.0000001192092896,252.03521938370392,-34.299999952316284,0.0,0.0,29.02500094845891,1.2000000476837158
2127,153.28349121271805,0.0,137.05849121271805,-4.299999952316284,0.0,0.0,19.92500104010105,0.6000000238418579
2128,264.64870204053415,-1.0000001192092896,269.5737020703364,-33.59999996423721,0.0,0.0,28.77500082179904,0.9000000357627869
2129,321.633691272745,-1.0000001192092896,311.35869130254724,-32.299999952316284,0.0,0.0,42.67500187829137,0.9000000357627869
2130,151.48026902835605,0.0,147.55526902835604,-12.299999952316284,0.0,0.0,15.925000697374344,0.30000001192092896
2131,272.69682533061496,0.0,300.29682533061504,-56.60000002384186,0.0,0.0,28.100001126527786,0.9000000357627869
2132,171.62979908363263,-1.0000001192092896,153.004799113435,-11.300000011920929,0.0,0.0,30.625001702457666,0.30000001192092896
2133,105.35379829830697,-1.0000001192092896,105.12879832810931,-8.0,0.0,0.0,8.925000328570604,0.30000001192092896
2134,7.69111763082984,0.0,9.016117630829841,-2.0,0.0,0.0,0.3750000298023224,0.30000001192092896
2135,9.682232866367883,0.0,9.007232866367884,0.0,0.0,0.0,0.3750000298023224,0.30000001192092896
2136,259.6851109544824,-1.0000001192092896,230.83511098428485,-2.0,0.0,0.0,31.850001640617847,0.0
2137,161.46356401930007,0.0,155.43856401930006,-14.599999964237213,0.0,0.0,19.425000928342342,1.2000000476837158
2138,182.69763560891172,0.0,180.52263560891163,-15.300000011920929,0.0,0.0,17.17500051856041,0.30000001192092896
2139,204.69927007726778,0.0,167.09927007726785,5.699999988079071,0.0,0.0,31.600001275539398,0.30000001192092896
2140,173.19335462498046,1.0000001192092896,157.16835459517813,-3.5,-1.5,1.0,18.425000801682472,0.6000000238418579
2141,180.6772692284173,-1.0000001192092896,161.50226925821957,-2.600000023841858,0.0,0.0,22.17500102892518,0.6000000238418579
2142,139.63030125651235,0.0,133.68030125651234,-13.0,0.0,0.0,18.650000721216202,0.30000001192092896
2143,325.24639864172207,0.0,282.471398641722,-0.9000000357627869,0.0,0.0,42.775000005960464,0.9000000357627869
2144,232.41957955624878,-1.0000001192092896,217.5695795860511,-20.30000001192093,0.0,0.0,35.85000063851476,0.30000001192092896
2145,265.62129029780994,-1.0000001192092896,216.49629032761212,15.399999976158142,0.0,0.0,34.12500153854489,0.6000000238418579
2146,177.62698776985013,0.0,173.9769877698501,-17.0,0.0,0.0,20.650000393390656,0.0
2147,179.25603284312317,0.0,169.20603284312324,-4.0,0.0,0.0,12.850000441074371,1.2000000476837158
2148,142.89990457688253,-1.0000001192092896,139.7249046066848,-8.300000011920929,0.0,0.0,12.175000574439764,0.30000001192092896
2149,144.9514487857563,0.0,160.37644878575622,-32.59999996423721,0.0,0.0,16.5750005915761,0.6000000238418579
2150,7.697444256135549,0.0,9.022444256135548,-2.0,0.0,0.0,0.3750000298023224,0.30000001192092896
2151,293.5056885732907,0.0,315.5306885732907,-38.09999996423721,-7.5,0.0,21.175000946968794,2.4000000953674316
2152,65.6867460550128,0.0,59.58674605501278,-3.5,0.0,0.0,9.300000626593828,0.30000001192092896
2153,118.96185658505179,1.0000001192092896,107.93685655524945,-10.0,0.0,1.0,19.02500131726265,0.0
2154,190.1451419501797,-1.0000001192092896,187.495141979982,-25.30000001192093,0.0,0.0,28.650000859051943,0.30000001192092896
2155,7.978616816821606,0.0,9.303616816821606,-2.0,0.0,0.0,0.3750000298023224,0.30000001192092896
2156,183.03628189254388,-1.0000001192092896,190.38628192234614,-16.0,0.0,0.0,9.650000408291817,0.0
2157,282.0396845294624,-1.0000001192092896,282.33968455926447,-28.599999964237213,0.0,0.0,28.400000918656588,0.9000000357627869
2158,78.68987095992233,0.0,79.36487095992231,-13.300000011920929,0.0,0.0,12.325000494718552,0.30000001192092896
2159,18.952608164884218,0.0,20.852608164884217,-6.0,0.0,0.0,4.100000321865082,0.0
2160,9.70734019720723,0.0,9.03234019720723,0.0,0.0,0.0,0.3750000298023224,0.30000001192092896
2161,234.77138435780023,-1.0000001192092896,209.97138438760254,3.0,0.0,0.0,22.500001221895218,0.30000001192092896
2162,10.856912296258823,0.0,12.806912296258822,-3.0,0.0,0.0,0.7500000596046448,0.30000001192092896
2163,145.59772812645764,0.0,140.5477281264576,-6.5,-7.5,0.0,18.450001195073128,0.6000000238418579
2164,27.498646173180635,0.0,24.723646173180633,-2.0,0.0,0.0,4.775000363588333,0.0
2165,210.61717938198186,-1.0000001192092896,204.24217941178415,-13.0,0.0,0.0,19.17500038817525,1.2000000476837158
2166,216.31185687911173,-1.0000001192092896,199.6618569089141,-5.0,0.0,0.0,22.350001771003008,0.30000001192092896
2167,136.60366192649454,0.0,128.10366192649457,-14.0,0.5,0.0,21.400001496076584,0.6000000238418579
2168,267.532483715442,-1.0000001192092896,250.6574837452445,-21.299999952316284,0.0,0.0,38.87500124052167,0.30000001192092896
2169,161.1141901946568,-1.0000001192092896,158.41419022445913,-16.30000001192093,0.0,0.0,19.700000379234552,0.30000001192092896
2170,179.9761427008413,-1.0000001192092896,187.37614273064344,-23.5,-4.0,0.0,20.800001062452793,0.30000001192092896
2171,201.43799983603424,-1.0000001192092896,206.53799986583664,-27.0,0.0,0.0,22.900000635534525,0.0
2172,6.127944970397775,0.0,7.452944970397774,-2.0,0.0,0.0,0.3750000298023224,0.30000001192092896
2173,196.53131911923285,0.0,183.9563191192328,-10.0,0.0,0.0,22.57500071823597,0.0
2174,159.20109204551136,-1.0000001192092896,170.0510920753137,-35.0,0.0,0.0,25.15000181272626,0.0
2175,111.75152248346603,0.0,123.12652248346602,-16.0,-10.0,0.0,13.725000753998756,0.9000000357627869
2176,167.06962983300116,0.0,149.36962983300117,-6.299999952316284,0.0,0.0,23.700001686811447,0.30000001192092896
2177,6.118132452350245,0.0,7.443132452350246,-2.0,0.0,0.0,0.3750000298023224,0.30000001192092896
2178,8.753772102228433,0.0,9.328772102228433,-2.0,0.0,0.0,1.1250000894069672,0.30000001192092896
2179,119.69500026040953,0.0,122.27000026040956,-15.0,-1.5,0.0,13.32500085234642,0.6000000238418579
2180,149.93205851010578,0.0,139.4320585101058,-5.800000011920929,-1.5,0.0,17.200000256299973,0.6000000238418579
2181,9.709627036186438,0.0,9.034627036186437,0.0,0.0,0.0,0.3750000298023224,0.30000001192092896
2182,192.70305922247135,0.0,190.32805922247144,-22.5,0.0,0.0,23.975001484155655,0.9000000357627869
2183,203.33986690609115,0.0,200.93986690609117,-8.0,-13.5,0.0,23.30000129342079,0.6000000238418579
2184,235.59938205009442,-1.0000001192092896,229.9493820798967,-28.5,-1.5,0.0,36.05000292137265,0.6000000238418579
2185,239.77012459747257,0.0,235.1451245974725,-16.299999952316284,0.0,0.0,20.325000450015068,0.6000000238418579
2186,139.0009880314061,-1.0000001192092896,147.77598806120827,-30.899999916553497,0.0,0.0,22.225000727921724,0.9000000357627869
2187,229.479999117807,-1.0000001192092896,212.67999914760935,-11.5,0.5,0.0,28.500001035630703,0.30000001192092896
2188,105.24873511420716,0.0,101.44873511420718,-13.0,0.0,0.0,16.800001174211502,0.0
2189,143.90257569351994,-1.0000001192092896,146.70257572332218,-15.0,0.0,0.0,12.900000635534525,0.30000001192092896
2190,157.14260164813558,0.0,155.36760164813558,-19.0,0.0,0.0,20.475000500679016,0.30000001192092896
2191,9.700699901430905,0.0,9.025699901430905,0.0,0.0,0.0,0.3750000298023224,0.30000001192092896
2192,64.66492823264178,0.0,66.88992823264181,-13.299999952316284,0.0,0.0,10.77500069141388,0.30000001192092896
2193,255.79719706871512,-1.0000001192092896,277.0971970985173,-43.19999980926514,0.0,0.0,20.800000615417957,2.1000000834465027
2194,166.09586226068944,-1.0000001192092896,154.3708622904917,-10.800000011920929,0.0,0.0,22.92500114813447,0.6000000238418579
2195,9.726990324938319,0.0,9.051990324938318,0.0,0.0,0.0,0.3750000298023224,0.30000001192092896
2196,360.9230102579533,0.0,372.29801025795354,-45.5,0.0,0.0,33.52500128373504,0.6000000238418579
2197,133.02898504881256,0.0,144.62898504881255,-29.399999856948853,0.0,0.0,16.600000824779272,1.2000000476837158
2198,6.119285928002344,0.0,7.444285928002343,-2.0,0.0,0.0,0.3750000298023224,0.30000001192092896
2199,46.3714538378656,0.0,37.9464538378656,1.0,0.0,0.0,7.425000578165054,0.0
2200,9.342328116629544,0.0,9.292328116629543,-1.0,0.0,0.0,0.7500000596046448,0.30000001192092896
2201,7.695303867086539,0.0,9.020303867086538,-2.0,0.0,0.0,0.3750000298023224,0.30000001192092896
2202,231.94213685509504,0.0,229.36713685509494,-33.5,0.0,0.0,35.77500230073929,0.30000001192092896
2203,9.318213701948842,0.0,9.268213701948842,-1.0,0.0,0.0,0.7500000596046448,0.30000001192092896
2204,128.77752105043058,0.0,126.2525210504305,-15.0,0.0,0.0,17.525000609457493,0.0
2205,47.89491008001052,0.0,50.49491008001052,-4.0,0.0,0.0,1.1000000834465027,0.30000001192092896
2206,101.6207346769699,0.0,93.04573467696994,0.5,-5.5,0.0,12.675000876188278,0.9000000357627869
2207,104.67319690213061,1.0000001192092896,90.84819687232832,-1.5,-7.5,1.0,20.525000751018524,0.30000001192092896
2208,211.33497262183403,-1.0000001192092896,205.33497265163626,-14.0,-1.0,0.0,21.100000649690628,0.9000000357627869
2209,253.76489647038866,0.0,231.76489647038863,-10.0,0.0,0.0,32.00000147521496,0.0
2210,22.20824250485117,0.0,22.708242504851174,-5.0,0.0,0.0,4.500000357627869,0.0
2211,215.59103994543557,-1.0000001192092896,209.666039975238,-29.0,0.0,0.0,35.925001967698336,0.0
2212,9.703840855947798,0.0,9.028840855947797,0.0,0.0,0.0,0.3750000298023224,0.30000001192092896
2213,79.54030902869175,0.0,84.76530902869176,-17.299999952316284,0.0,0.0,11.77500070631504,0.30000001192092896
2214,135.12896140227252,-1.0000001192092896,146.15396143207482,-26.0,0.0,0.0,15.975000832229853,0.0
2215,8.953225375989625,0.0,10.903225375989624,-3.0,0.0,0.0,0.7500000596046448,0.30000001192092896
2216,279.4049212171032,-1.0000001192092896,255.97992124690552,-15.899999976158142,0.0,0.0,39.42499976977706,0.9000000357627869
2217,113.87649856044311,0.0,108.57649856044311,-10.5,0.0,0.0,15.500000715255737,0.30000001192092896
2218,9.342010093384948,0.0,9.292010093384947,-1.0,0.0,0.0,0.7500000596046448,0.30000001192092896
2219,218.52959570207386,-1.0000001192092896,203.75459573187618,-14.300000011920929,0.0,0.0,29.775001753121614,0.30000001192092896
2220,211.32116233757185,-1.0000001192092896,231.37116236737407,-43.89999997615814,0.0,0.0,23.650000516325235,1.2000000476837158
2221,193.06581163251718,0.0,186.96581163251722,-18.0,0.0,0.0,24.100001208484173,0.0
2222,22.423798877087314,0.0,22.973798877087315,-5.0,0.0,0.0,4.45000034570694,0.0
2223,337.4583034453184,0.0,336.1833034453182,-37.39999985694885,0.0,0.0,37.175001099705696,1.5000000596046448
2224,143.38682793811074,-1.0000001192092896,134.9368279679131,-6.0,0.0,0.0,15.4499999769032,0.0
2225,156.54082432578699,-1.0000001192092896,162.41582435558922,-26.5,-3.0,0.0,24.325001124292612,0.30000001192092896
2226,94.01297065086325,0.0,92.78797065086323,-13.5,-1.5,0.0,15.925001204013824,0.30000001192092896
2227,59.80050972638632,0.0,56.25050972638633,-7.0,0.0,0.0,10.550000786781311,0.0
2228,55.13731119247185,0.0,56.412311192471854,-12.0,0.0,0.0,10.725000828504562,0.0
2229,9.35797438730938,0.0,9.307974387309379,-1.0,0.0,0.0,0.7500000596046448,0.30000001192092896
2230,7.369604064156578,0.0,9.319604064156577,-3.0,0.0,0.0,0.7500000596046448,0.30000001192092896
2231,8.105645719466928,0.0,7.430645719466927,0.0,0.0,0.0,0.3750000298023224,0.30000001192092896
2232,18.777656404092294,0.0,18.727656404092297,-1.0,0.0,0.0,0.7500000596046448,0.30000001192092896
2233,204.4743816353669,0.0,208.17438163536684,-26.799999952316284,0.0,0.0,21.60000106319785,1.5000000596046448
2234,45.77345610173815,0.0,42.19845610173816,-4.0,0.0,0.0,7.575000435113907,0.0
2235,51.128608076811624,0.0,49.55360807681162,-8.5,0.0,0.0,9.775000661611557,0.30000001192092896
2236,172.82652803801432,0.0,163.37652803801438,-17.799999952316284,0.0,0.0,26.650001734495163,0.6000000238418579
2237,136.92741513629534,0.0,148.32741513629531,-35.5,-1.5,0.0,25.3000006377697,0.30000001192092896
2238,113.60450835901852,0.0,112.45450835901853,-12.299999952316284,-3.0,0.0,15.550000853836536,0.9000000357627869
2239,64.95767497516402,0.0,55.282674975164,-1.0,0.0,0.0,10.675000727176666,0.0
2240,60.20537527437557,0.0,57.155375274375565,-4.0,0.0,0.0,6.750000357627869,0.30000001192092896
2241,292.9266403124397,0.0,279.5016403124397,-29.299999952316284,-1.5,0.0,43.32500219345093,0.9000000357627869
2242,103.85869411669827,0.0,98.2836941166983,-7.300000011920929,0.0,0.0,11.675000548362732,1.2000000476837158
2243,5.528104791375532,0.0,7.478104791375531,-3.0,0.0,0.0,0.7500000596046448,0.30000001192092896
2244,110.61461567855439,0.0,123.8896156785544,-32.0,0.0,0.0,18.42500051856041,0.30000001192092896
2245,145.78530267243687,-1.0000001192092896,149.6853027022391,-17.0,0.0,0.0,14.100000489503145,0.0
2246,8.58333851410945,0.0,11.15833851410945,-4.0,0.0,0.0,1.1250000894069672,0.30000001192092896
2247,77.18570808609961,0.0,85.78570808609959,-22.0,0.0,0.0,13.10000079870224,0.30000001192092896
2248,220.51761914713057,-1.0000001192092896,243.34261917693283,-51.8999999165535,0.0,0.0,29.17500114813447,0.9000000357627869
2249,233.83896155655077,0.0,254.9889615565508,-45.0,-1.5,0.0,23.55000127479434,1.8000000715255737
2250,219.73287319599046,-1.0000001192092896,203.3828732257928,-9.0,0.0,0.0,26.350001379847527,0.0
2251,57.120015112386284,0.0,56.44501511238628,-8.0,0.0,0.0,8.375000596046448,0.30000001192092896
2252,139.24141118731782,-1.0000001192092896,154.59141121712028,-31.30000001192093,0.0,0.0,16.650000758469105,0.30000001192092896
2253,71.46897898912462,0.0,78.84397898912461,-19.0,0.0,0.0,11.325000673532486,0.30000001192092896
2254,7.32022256253304,0.0,9.270222562533041,-3.0,0.0,0.0,0.7500000596046448,0.30000001192092896
2255,179.0777250736954,0.0,199.65272507369542,-49.30000001192093,0.0,0.0,28.42500128597021,0.30000001192092896
2256,167.66888783474982,0.0,168.8688878347498,-29.30000001192093,0.0,0.0,27.800001084804535,0.30000001192092896
2257,219.3534363900394,0.0,233.15343639003945,-46.5,-3.0,0.0,34.80000174045563,0.9000000357627869
2258,129.8121919696344,-1.0000001192092896,162.4121919994368,-52.89999997615814,0.0,0.0,20.100000370293856,1.2000000476837158
2259,51.66271334406241,0.0,49.98771334406241,-8.0,0.0,0.0,9.675000637769699,0.0
2260,71.9189847398042,0.0,82.7439847398042,-18.799999952316284,-4.0,0.0,11.375000387430191,0.6000000238418579
2261,7.707385391610135,0.0,9.032385391610134,-2.0,0.0,0.0,0.3750000298023224,0.30000001192092896
2262,87.02590735405568,0.0,101.42590735405568,-32.0,0.0,0.0,17.600000858306885,0.0
2263,196.95900930467286,0.0,205.23400930467258,-38.30000001192093,0.0,0.0,29.725001484155655,0.30000001192092896
2264,222.19432483799747,0.0,216.34432483799756,-16.899999976158142,0.0,0.0,21.850000638514757,0.9000000357627869
2265,68.75934926333905,0.0,60.959349263339035,-1.5,0.5,0.0,8.200000584125519,0.6000000238418579
2266,140.529775800779,0.0,160.679775800779,-33.5,0.0,0.0,12.750000510364771,0.6000000238418579
2267,189.44875579418496,0.0,220.8737557941848,-52.59999990463257,0.0,0.0,19.675000622868538,1.5000000596046448
2268,201.96120414921634,0.0,229.3612041492164,-54.59999990463257,0.0,0.0,26.60000042244792,0.6000000238418579
2269,92.44023671139156,0.0,100.71523671139157,-26.0,0.0,0.0,17.725001126527786,0.0
2270,87.83621866723402,1.0000001192092896,94.2862186374317,-16.5,-6.0,1.0,13.450000643730164,0.6000000238418579
2271,170.37267923567674,0.0,185.52267923567675,-33.799999952316284,0.0,0.0,17.75000089034438,0.9000000357627869
2272,143.02678366375721,0.0,150.9267836637572,-17.0,0.0,0.0,8.800000607967377,0.30000001192092896
2273,82.92007699926339,0.0,83.74507699926338,-13.299999952316284,0.0,0.0,11.875000685453415,0.6000000238418579
2274,61.90379894276806,0.0,55.103798942768044,-3.0,0.0,0.0,9.800000667572021,0.0
2275,161.82532243798795,-1.0000001192092896,160.0503224677902,-22.299999952316284,0.0,0.0,24.775001097470522,0.30000001192092896
2276,37.24248463687145,0.0,41.392484636871465,-12.0,0.0,0.0,7.8500005304813385,0.0
2277,7.497658784379105,0.0,7.447658784379106,-1.0,0.0,0.0,0.7500000596046448,0.30000001192092896
2278,158.56389525684736,-1.0000001192092896,167.5138952866497,-26.0,0.0,0.0,18.0500002540648,0.0
2279,50.88254019437165,0.0,52.58254019437164,-12.0,0.0,0.0,10.300000846385956,0.0
2280,176.5852563030704,0.0,189.7352563030704,-30.899999976158142,0.0,0.0,16.85000044479966,0.9000000357627869
2281,146.8432500092511,-1.0000001192092896,149.39325003905344,-13.299999952316284,0.0,0.0,11.450000517070293,0.30000001192092896
2282,163.24793726877746,-1.0000001192092896,166.92293729857974,-21.299999952316284,0.0,0.0,18.325001019984484,0.30000001192092896
2283,144.58477248258845,-1.0000001192092896,164.3347725123907,-35.0,0.0,0.0,16.250000525265932,0.0
2284,164.20177076928843,0.0,179.57677076928854,-37.0,0.0,0.0,21.325001034885645,0.30000001192092896
2285,186.55031038499175,0.0,200.92531038499175,-33.80000001192093,0.0,0.0,18.525000732392073,0.9000000357627869
2286,250.06269498796559,-1.0000001192092896,280.6126950177682,-68.0,0.0,0.0,38.450001645833254,0.0
2287,186.48680322477375,-1.0000001192092896,195.81180325457606,-32.0,0.0,0.0,23.67500139772892,0.0
2288,6.099240328891206,0.0,7.424240328891206,-2.0,0.0,0.0,0.3750000298023224,0.30000001192092896
2289,81.74842135434476,0.0,85.67342135434474,-18.299999952316284,0.0,0.0,14.075000703334808,0.30000001192092896
2290,191.0204587725548,0.0,193.3204587725547,-22.0,0.0,0.0,19.400000754743814,0.30000001192092896
2291,138.41243125255272,-1.0000001192092896,139.0124312823551,-14.0,0.0,0.0,14.100000631064177,0.30000001192092896
2292,76.47579881711016,0.0,83.87579881711017,-21.0,0.0,0.0,13.300000667572021,0.30000001192092896
2293,9.70102781698098,0.0,9.026027816980982,0.0,0.0,0.0,0.3750000298023224,0.30000001192092896
2294,161.67737401090815,-1.0000001192092896,147.6023740407105,-8.0,0.0,0.0,23.075001139193773,0.0
2295,167.07355728289187,-1.0000001192092896,174.54855731269436,-27.0,0.0,0.0,20.225000996142626,0.30000001192092896
2296,146.23432282025698,-1.0000001192092896,145.0593228500593,-19.0,0.0,0.0,20.875000674277544,0.30000001192092896
2297,170.14057639099755,0.0,197.9405763909976,-61.299999952316284,0.0,0.0,33.200002282857895,0.30000001192092896
2298,325.5706207195717,0.0,333.77062071957164,-43.5,0.0,0.0,34.70000159740448,0.6000000238418579
2299,88.64748766283127,0.0,86.79748766283127,-15.300000011920929,0.0,0.0,16.850001275539398,0.30000001192092896
2300,102.6982104353977,0.0,104.49821043539768,-19.299999952316284,0.0,0.0,17.200000673532486,0.30000001192092896
2301,168.11335476123182,-1.0000001192092896,171.1883547910341,-27.0,0.0,0.0,24.92500163987279,0.0
2302,6.151937586760117,0.0,7.476937586760117,-2.0,0.0,0.0,0.3750000298023224,0.30000001192092896
2303,8.106808324375951,0.0,7.43180832437595,0.0,0.0,0.0,0.3750000298023224,0.30000001192092896
2304,311.9788941362186,-1.0000001192092896,330.528894166021,-56.30000001192093,0.0,0.0,38.45000159740448,0.30000001192092896
2305,9.699544029236593,0.0,9.024544029236592,0.0,0.0,0.0,0.3750000298023224,0.30000001192092896
2306,41.3762875914173,0.0,36.326287591417305,-2.0,0.0,0.0,7.050000548362732,0.0
2307,219.36504746412513,-1.0000001192092896,220.09004749392736,-30.0,0.0,0.0,30.27500145509839,0.0
2308,229.7180641023687,0.0,239.91806410236876,-38.0,0.0,0.0,27.800000678747892,0.0
2309,143.41319668099618,0.0,142.7881966809962,-20.799999952316284,-1.5,0.0,22.325001180171967,0.6000000238418579
2310,7.680959767032197,0.0,9.005959767032197,-2.0,0.0,0.0,0.3750000298023224,0.30000001192092896
2311,82.23883975008692,0.0,88.5388397500869,-20.299999952316284,0.0,0.0,13.700000524520874,0.30000001192092896
2312,7.690169040672532,0.0,9.015169040672532,-2.0,0.0,0.0,0.3750000298023224,0.30000001192092896
2313,132.7292923946983,-1.0000001192092896,124.00429242450065,-5.0,0.0,0.0,14.725000627338886,0.0
2314,6.115139560139338,0.0,7.440139560139339,-2.0,0.0,0.0,0.3750000298023224,0.30000001192092896
2315,333.986067611415,-1.0000001192092896,371.2110676412176,-95.5,-1.5,0.0,60.47500312700868,0.30000001192092896
2316,242.3987202810904,0.0,278.2737202810903,-56.299999952316284,-4.5,0.0,23.725000474601984,1.2000000476837158
2317,7.727887723990313,0.0,9.052887723990313,-2.0,0.0,0.0,0.3750000298023224,0.30000001192092896
2318,10.930931488559565,0.0,10.880931488559565,-1.0,0.0,0.0,0.7500000596046448,0.30000001192092896
2319,260.6323305991266,0.0,268.5573305991268,-43.0,0.0,0.0,35.0750019364059,0.0
2320,163.78183712422697,-1.0000001192092896,186.4568371540293,-41.299999952316284,0.0,0.0,19.325000826269388,0.30000001192092896
2321,6.134904453370426,0.0,7.4599044533704255,-2.0,0.0,0.0,0.3750000298023224,0.30000001192092896
2322,64.13973647181906,0.0,64.13973647181909,-11.0,0.0,0.0,11.000000715255737,0.0
2323,138.57458250681665,0.0,143.57458250681665,-26.30000001192093,0.0,0.0,21.000000476837158,0.30000001192092896
2324,7.725597641920611,0.0,9.050597641920612,-2.0,0.0,0.0,0.3750000298023224,0.30000001192092896
2325,102.17103267070135,0.0,102.92103267070134,-16.5,0.0,0.0,15.450000926852226,0.30000001192092896
2326,87.13945722298524,0.0,92.08945722298527,-18.5,-1.5,0.0,14.750000894069672,0.30000001192092896
2327,74.38523852289742,0.0,77.4852385228974,-17.30000001192093,0.0,0.0,13.60000029206276,0.6000000238418579
2328,106.02718563132402,0.0,111.67718563132402,-26.0,0.0,0.0,20.05000165104866,0.30000001192092896
2329,6.113731735352776,0.0,7.438731735352775,-2.0,0.0,0.0,0.3750000298023224,0.30000001192092896
2330,138.3500627576813,-1.0000001192092896,152.2750627874835,-37.5,0.5,0.0,23.47500154748559,0.6000000238418579
2331,147.85272323807763,-1.0000001192092896,165.22772326787998,-37.0,0.0,0.0,20.625000409781933,0.0
2332,35.12563436661145,0.0,42.42563436661146,-15.0,0.0,0.0,7.700000464916229,0.0
2333,138.7434231463809,-1.0000001192092896,160.94342317618322,-44.199999928474426,0.0,0.0,21.500000897794962,1.5000000596046448
2334,62.7913257584821,0.0,77.64132575848208,-26.299999952316284,0.0,0.0,11.150000512599945,0.30000001192092896
2335,170.6086004021785,-1.0000001192092896,168.95860043198098,-15.299999952316284,0.0,0.0,17.350000828504562,0.6000000238418579
2336,125.01398507484417,0.0,115.78898507484419,-6.0,0.0,0.0,14.625000812113285,0.6000000238418579
2337,59.27534443870833,0.0,79.52534443870832,-21.5,-10.5,0.0,11.450000792741776,0.30000001192092896
2338,170.157694225908,-1.0000001192092896,178.68269425571032,-34.0,0.0,0.0,26.475001636892557,0.0
2339,243.1265240575625,-1.0000001192092896,276.5015240873648,-62.59999996423721,0.0,0.0,29.62500089406967,0.6000000238418579
2340,72.03788934943002,0.0,67.63788934943004,-8.0,0.0,0.0,12.400000751018524,0.0
2341,21.542450729062416,0.0,24.84245072906242,-8.0,0.0,0.0,4.70000034570694,0.0
2342,230.9450719570904,-1.0000001192092896,264.0200719868929,-81.0,0.0,0.0,48.925001580268145,0.0
2343,16.990658221079308,0.0,24.340658221079305,-12.0,0.0,0.0,4.650000274181366,0.0
2344,167.96493409389396,-1.0000001192092896,167.51493412369638,-25.0,0.0,0.0,26.450001638382673,0.0
2345,64.22386076643295,1.0000001192092896,64.87386073663062,-11.0,0.0,1.0,8.050000488758087,0.30000001192092896
2346,78.17096928614373,0.0,85.84596928614377,-21.299999952316284,0.0,0.0,13.325000554323196,0.30000001192092896
2347,103.10033552170738,0.0,105.77533552170739,-18.799999952316284,0.0,0.0,15.525000467896461,0.6000000238418579
2348,383.568732169355,-1.0000001192092896,442.2687321991572,-115.79999995231628,-7.5,0.0,64.70000158250332,0.9000000357627869
2349,49.71106030277509,0.0,45.336060302775095,-2.0,0.0,0.0,6.075000315904617,0.30000001192092896
2350,12.281648397035527,0.0,14.856648397035526,-4.0,0.0,0.0,1.1250000894069672,0.30000001192092896
2351,247.40077305627958,-1.0000001192092896,269.80077308608185,-64.79999995231628,0.0,0.0,42.80000316724181,0.6000000238418579
2352,179.69696379873233,-1.0000001192092896,186.32196382853476,-34.30000001192093,0.0,0.0,28.375001668930054,0.30000001192092896
2353,8.943626120181507,0.0,10.893626120181507,-3.0,0.0,0.0,0.7500000596046448,0.30000001192092896
2354,83.03969130302566,-1.0000001192092896,125.83969133282795,-58.299999952316284,0.0,0.0,16.200000640004873,0.30000001192092896
2355,146.84525580333624,-1.0000001192092896,159.87025583313851,-35.5,0.0,0.0,23.175000924617052,0.30000001192092896
2356,7.707181861423244,0.0,9.032181861423243,-2.0,0.0,0.0,0.3750000298023224,0.30000001192092896
2357,203.10794072328073,-1.0000001192092896,260.1329407530832,-87.59999996423721,0.0,0.0,30.97500042617321,0.6000000238418579
2358,87.19743194748492,-1.0000001192092896,122.64743197728727,-52.0,0.0,0.0,17.55000088363886,0.0
2359,183.85439469993398,0.0,201.5543946999339,-45.59999996423721,0.0,0.0,27.300001114606857,0.6000000238418579
2360,16.571894992695263,0.0,18.521894992695263,-3.0,0.0,0.0,0.7500000596046448,0.30000001192092896
2361,191.4449504371263,-1.0000001192092896,218.8949504669287,-53.59999990463257,0.0,0.0,26.550000693649054,0.6000000238418579
2362,82.09306565884403,0.0,83.36806565884402,-14.0,0.0,0.0,12.725000590085983,0.0
2363,85.21689420453855,1.0000001192092896,84.1918941747362,-19.0,0.0,1.0,18.02500092983246,0.0
2364,7.6775049626420175,0.0,9.002504962642018,-2.0,0.0,0.0,0.3750000298023224,0.30000001192092896
2365,150.4107838353488,0.0,150.78578383534875,-24.799999952316284,-3.0,0.0,26.825000688433647,0.6000000238418579
2366,393.56082096212964,-1.0000001192092896,417.4858209919317,-64.39999997615814,0.0,0.0,40.27500085905194,1.2000000476837158
2367,69.1025555327322,0.0,74.6525555327322,-18.299999952316284,0.0,0.0,12.45000073313713,0.30000001192092896
2368,6.1133377500689186,0.0,7.43833775006892,-2.0,0.0,0.0,0.3750000298023224,0.30000001192092896
2369,160.14371070281518,0.0,193.16871070281522,-51.5,-3.0,0.0,20.875000469386578,0.6000000238418579
2370,144.38132980061147,-1.0000001192092896,146.6313298304138,-15.299999952316284,0.0,0.0,13.750000387430191,0.30000001192092896
2371,36.52638477532458,0.0,32.90138477532459,-1.0,0.0,0.0,4.325000315904617,0.30000001192092896
2372,185.78843059276255,0.0,227.43843059276244,-75.59999990463257,0.0,0.0,33.350001245737076,0.6000000238418579
2373,9.681405089255833,0.0,9.006405089255832,0.0,0.0,0.0,0.3750000298023224,0.30000001192092896
2374,9.660520791239584,0.0,8.985520791239583,0.0,0.0,0.0,0.3750000298023224,0.30000001192092896
2375,167.78895423449296,0.0,173.78895423449305,-31.0,0.0,0.0,24.10000156238675,0.9000000357627869
2376,15.299411657992565,0.0,16.499411657992564,-3.0,0.0,0.0,1.5000001192092896,0.30000001192092896
2377,7.692925680006262,0.0,9.017925680006261,-2.0,0.0,0.0,0.3750000298023224,0.30000001192092896
2378,67.31307022675169,0.0,84.8380702267517,-29.0,0.0,0.0,11.475000366568565,0.0
2379,264.50049817527815,-1.0000001192092896,281.9254982050806,-51.19999986886978,0.0,0.0,33.27500132471323,1.5000000596046448
2380,111.2832306145541,0.0,116.15823061455407,-20.299999952316284,0.0,0.0,15.125000476837158,0.30000001192092896
2381,254.09380588536607,-1.0000001192092896,241.19380591516844,-20.0,0.0,0.0,33.900002527982,0.0
2382,7.710902538028708,0.0,9.035902538028708,-2.0,0.0,0.0,0.3750000298023224,0.30000001192092896
2383,165.202602384865,0.0,195.35260238486507,-48.09999996423721,0.0,0.0,16.750000335276127,1.2000000476837158
2384,218.03281333013405,0.0,222.40781333013402,-33.0,0.0,0.0,28.025001887232065,0.6000000238418579
2385,209.78886606680297,-1.0000001192092896,235.38886609660534,-48.5,-1.5,0.0,24.800000552088022,0.6000000238418579
2386,117.92384250663481,0.0,117.17384250663478,-11.5,-3.0,0.0,14.950000762939453,0.30000001192092896
2387,7.685910939155832,0.0,9.010910939155833,-2.0,0.0,0.0,0.3750000298023224,0.30000001192092896
2388,177.37419091170807,0.0,185.32419091170806,-26.0,-10.5,0.0,27.350001752376556,1.2000000476837158
2389,67.57844346486468,0.0,66.10344346486467,-10.300000011920929,0.0,0.0,11.475000232458115,0.30000001192092896
2390,188.87327096915212,0.0,200.19827096915208,-41.0,0.0,0.0,29.375002205371857,0.30000001192092896
2391,93.01278252077222,0.0,102.3127825207722,-26.0,0.0,0.0,16.700000941753387,0.0
2392,222.1694214966065,-1.0000001192092896,230.04442152640883,-41.5,-3.0,0.0,37.02500267699361,0.6000000238418579
2393,88.43309669515014,0.0,99.25809669515016,-23.5,-3.0,0.0,15.37500074505806,0.30000001192092896
2394,373.42795487341834,0.0,382.0529548734184,-66.29999995231628,0.0,0.0,56.77500206232071,0.9000000357627869
2395,9.858217584687797,0.0,13.058217584687796,-5.0,0.0,0.0,1.5000001192092896,0.30000001192092896
2396,143.00740580083806,-1.0000001192092896,150.98240583064032,-27.0,0.0,0.0,20.025000888854265,0.0
2397,263.40737595806354,-1.0000001192092896,286.43237598786584,-63.0,0.0,0.0,40.67500193789601,0.30000001192092896
2398,133.59181819125968,0.0,152.36681819125968,-49.0,0.0,0.0,30.22500130906701,0.0
2399,16.423559689022653,0.0,18.248559689022652,-4.0,0.0,0.0,1.875000149011612,0.30000001192092896
2400,102.00641522721699,0.0,99.00641522721702,-12.0,0.0,0.0,15.000001013278961,0.0
2401,82.66229195084368,0.0,88.38729195084369,-20.0,0.0,0.0,14.275000661611557,0.0
2402,168.59194730561063,-1.0000001192092896,173.86694733541293,-20.5,-3.0,0.0,18.625000648200512,0.6000000238418579
2403,295.80259683897975,-1.0000001192092896,350.77759686878187,-89.59999990463257,0.0,0.0,34.72500133514404,0.9000000357627869
2404,81.94609453398431,0.0,80.49609453398433,-11.0,0.0,0.0,12.150000810623169,0.30000001192092896
2405,153.52349344846226,-1.0000001192092896,199.72349347826466,-62.89999985694885,0.0,0.0,16.800000596791506,0.9000000357627869
2406,93.21180929974425,0.0,111.88680929974419,-34.299999952316284,0.0,0.0,15.325000986456871,0.30000001192092896
2407,25.35518567037216,0.0,24.355185670372155,-4.0,0.0,0.0,5.000000417232513,0.0
2408,125.49335926067621,0.0,127.0683592606762,-20.299999952316284,0.0,0.0,18.42500075697899,0.30000001192092896
2409,138.72230830054534,0.0,143.12230830054537,-21.0,0.0,0.0,16.600000496953726,0.0
2410,153.1750997206189,-1.0000001192092896,185.5750997504212,-50.89999997615814,0.0,0.0,18.600000850856304,0.9000000357627869
2411,100.40467937527437,0.0,97.32967937527435,-9.299999952316284,0.0,0.0,12.075000613927841,0.30000001192092896
2412,168.12237172593453,0.0,171.67237172593445,-25.299999952316284,0.0,0.0,20.55000075697899,1.2000000476837158
2413,19.24527986125444,0.0,20.44527986125444,-3.0,0.0,0.0,1.5000001192092896,0.30000001192092896
2414,142.5065880811365,-1.0000001192092896,139.00658811093885,-11.0,0.0,0.0,15.500000972300768,0.0
2415,96.38305337375571,-1.0000001192092896,127.68305340355812,-43.30000001192093,0.0,0.0,12.700000572949648,0.30000001192092896
2416,160.6264499457309,0.0,168.55144994573098,-28.0,0.0,0.0,20.07500110939145,0.0
2417,69.0671615758248,0.0,80.04216157582479,-25.59999990463257,0.0,0.0,14.025000661611557,0.6000000238418579
2418,8.144321591184498,0.0,7.4693215911844995,0.0,0.0,0.0,0.3750000298023224,0.30000001192092896
2419,147.9845670070876,0.0,151.10956700708775,-25.0,0.0,0.0,21.875001151114702,0.0
2420,161.69202716627396,-1.0000001192092896,162.04202719607628,-12.299999952316284,0.0,0.0,12.650000493973494,0.30000001192092896
2421,178.4790875953753,-1.0000001192092896,182.32908762517764,-33.0,0.0,0.0,30.150001097470522,0.0
2422,242.14962448049243,0.0,271.14962448049226,-40.5,-12.0,0.0,22.00000088661909,1.5000000596046448
2423,288.8417142314346,0.0,295.5417142314346,-43.799999952316284,-7.5,0.0,43.7000020891428,0.9000000357627869
2424,166.37830897180154,-1.0000001192092896,172.20330900160383,-24.0,0.0,0.0,18.875000908970833,0.30000001192092896
2425,125.0291139372495,-1.0000001192092896,139.37911396705184,-32.0,0.0,0.0,18.65000071004033,0.0
2426,99.60873996123169,0.0,106.90873996123169,-23.299999952316284,0.0,0.0,15.700000762939453,0.30000001192092896
2427,102.1023996783472,-1.0000001192092896,118.65239970814949,-26.0,0.0,0.0,10.450000647455454,0.0
2428,146.85924861294686,0.0,181.98424861294714,-57.0,0.0,0.0,21.87500136718154,0.0
2429,71.43073003728077,0.0,68.4307300372808,-7.0,0.0,0.0,9.700000643730164,0.30000001192092896
2430,141.09822417231936,-1.0000001192092896,158.37322420212172,-40.0,0.0,0.0,23.725001115351915,0.0
2431,161.27755743723864,-1.0000001192092896,162.32755746704098,-16.0,0.0,0.0,15.95000109449029,0.0
2432,251.90032645999275,-1.0000001192092896,282.0503264897949,-56.0,0.0,0.0,26.85000106692314,0.0
2433,221.68189669009018,-1.0000001192092896,252.23189671989252,-63.30000001192093,0.0,0.0,33.450001165270805,0.30000001192092896
2434,177.2192806891959,0.0,194.71928068919584,-52.299999952316284,0.0,0.0,34.20000174641609,0.6000000238418579
2435,132.600555610865,0.0,147.30055561086502,-29.299999952316284,0.0,0.0,14.00000086426735,0.6000000238418579
2436,19.895978201492486,0.0,25.120978201492488,-10.0,0.0,0.0,4.775000363588333,0.0
2437,177.33702417305932,-1.0000001192092896,167.5620242028617,-13.5,0.0,0.0,23.975000593811274,0.30000001192092896
2438,16.587722352399553,0.0,18.537722352399552,-3.0,0.0,0.0,0.7500000596046448,0.30000001192092896
2439,152.6551613269532,0.0,150.63016132695316,-17.799999952316284,0.0,0.0,18.625000834465027,1.2000000476837158
2440,171.34150348198318,0.0,182.54150348198314,-35.0,0.0,0.0,23.200001120567322,0.6000000238418579
2441,180.1258597234787,-1.0000001192092896,178.35085975328101,-26.0,0.0,0.0,28.775000724941492,0.0
2442,12.761301796606162,0.0,12.711301796606161,-1.0,0.0,0.0,0.7500000596046448,0.30000001192092896
2443,162.76870184195195,-1.0000001192092896,183.6687018717542,-36.0,0.0,0.0,15.80000065639615,0.30000001192092896
2444,211.76249170480088,-1.0000001192092896,220.03749173460326,-35.0,0.0,0.0,27.4250014051795,0.30000001192092896
2445,6.10032319705982,0.0,7.42532319705982,-2.0,0.0,0.0,0.3750000298023224,0.30000001192092896
2446,10.574350441426107,0.0,11.149350441426108,-2.0,0.0,0.0,1.1250000894069672,0.30000001192092896
2447,54.93446979600993,0.0,55.20946979600993,-12.0,0.0,0.0,11.725000619888306,0.0
2448,60.64809527566561,0.0,57.1980952756656,-8.0,0.0,0.0,11.450000882148743,0.0
2449,377.46169749666404,-1.0000001192092896,387.0116975264665,-48.0,-1.5,0.0,40.05000202730298,0.9000000357627869
2450,46.988146695747666,0.0,45.71314669574766,-6.0,0.0,0.0,6.9750005304813385,0.30000001192092896
2451,158.6044233748706,0.0,172.9294233748705,-38.0,0.0,0.0,23.67500142008066,0.0
2452,122.09426886797115,0.0,148.44426886797118,-44.299999952316284,0.0,0.0,17.650000989437103,0.30000001192092896
2453,180.98531541107374,-1.0000001192092896,202.33531544087623,-40.5,0.0,0.0,19.5500007905066,0.6000000238418579
2454,49.29162455095697,0.0,47.891624550956976,-8.0,0.0,0.0,9.40000033378601,0.0
2455,7.7038202172955685,0.0,9.028820217295568,-2.0,0.0,0.0,0.3750000298023224,0.30000001192092896
2456,25.273320948369317,0.0,27.09832094836931,-7.0,0.0,0.0,5.17500039935112,0.0
2457,179.0033714543813,0.0,176.9283714543813,-24.80000001192093,0.0,0.0,25.975000590085983,0.9000000357627869
2458,98.45478656354418,-1.0000001192092896,110.3047865933465,-20.299999952316284,0.0,0.0,9.150000397115946,0.30000001192092896
2459,152.91627174636798,-1.0000001192092896,186.66627177617028,-54.8999999165535,0.0,0.0,21.25000127032399,0.9000000357627869
2460,127.34057697064577,-1.0000001192092896,154.99057700044816,-44.0,0.0,0.0,17.3500004298985,0.0
2461,193.8516507181297,-1.0000001192092896,203.50165074793205,-34.0,0.0,0.0,25.35000093653798,0.0
2462,120.24087215236793,1.0000001192092896,133.29087212256562,-33.299999952316284,0.0,1.0,17.65000055730343,0.6000000238418579
2463,8.125392273993217,0.0,7.450392273993217,0.0,0.0,0.0,0.3750000298023224,0.30000001192092896
2464,88.60680766526627,0.0,97.9568076652663,-26.30000001192093,0.0,0.0,16.350000768899918,0.6000000238418579
2465,167.39705257870992,0.0,178.67205257870992,-40.5,-1.5,0.0,30.425001606345177,0.30000001192092896
2466,7.702625745996182,0.0,9.027625745996183,-2.0,0.0,0.0,0.3750000298023224,0.30000001192092896
2467,131.7010318254028,0.0,135.32603182540285,-20.0,0.0,0.0,16.37500099465251,0.0
2468,8.586210446505547,0.0,11.161210446505546,-4.0,0.0,0.0,1.1250000894069672,0.30000001192092896
2469,6.097925233022615,0.0,7.422925233022614,-2.0,0.0,0.0,0.3750000298023224,0.30000001192092896
2470,154.61532867083335,-1.0000001192092896,154.99032870063573,-20.0,0.0,0.0,20.325001131743193,0.30000001192092896
2471,199.5504324207736,0.0,209.8004324207736,-34.0,0.0,0.0,23.750001087784767,0.0
2472,173.2263380953181,0.0,175.05133809531816,-18.599999964237213,0.0,0.0,16.17500054463744,0.6000000238418579
2473,186.31911154262804,-1.0000001192092896,223.3691115724303,-52.0,0.0,0.0,15.350000701844692,0.6000000238418579
2474,175.54638411982467,-1.0000001192092896,176.19638414962702,-27.0,0.0,0.0,27.050001997500658,0.30000001192092896
2475,111.38675226733808,0.0,112.96175226733813,-14.5,-3.0,0.0,15.325000956654549,0.6000000238418579
2476,62.9928725986354,0.0,60.59287259863539,-5.5,-3.0,0.0,10.60000079870224,0.30000001192092896
2477,7.335094884541662,0.0,9.28509488454166,-3.0,0.0,0.0,0.7500000596046448,0.30000001192092896
2478,6.122604890128811,0.0,7.44760489012881,-2.0,0.0,0.0,0.3750000298023224,0.30000001192092896
2479,146.55037615173455,0.0,161.1753761517345,-36.0,0.0,0.0,21.07500097155571,0.30000001192092896
2480,6.1369653097417105,0.0,7.461965309741712,-2.0,0.0,0.0,0.3750000298023224,0.30000001192092896
2481,9.347082343422585,0.0,9.297082343422584,-1.0,0.0,0.0,0.7500000596046448,0.30000001192092896
2482,17.327746445198972,0.0,16.652746445198975,0.0,0.0,0.0,0.3750000298023224,0.30000001192092896
2483,211.4351285782764,0.0,242.86012857827626,-57.59999990463257,0.0,0.0,25.575000669807196,0.6000000238418579
2484,8.095611153637046,0.0,7.420611153637046,0.0,0.0,0.0,0.3750000298023224,0.30000001192092896
2485,60.33450328145479,0.0,65.2595032814548,-14.299999952316284,0.0,0.0,8.775000363588333,0.6000000238418579
2486,206.9323975460677,-1.0000001192092896,226.00739757587007,-52.59999990463257,0.0,0.0,33.92500129342079,0.6000000238418579
2487,88.71611428408451,0.0,96.59111428408451,-21.299999952316284,0.0,0.0,13.125000566244125,0.30000001192092896
2488,65.25163727824629,0.0,73.07663727824627,-20.0,0.0,0.0,12.175000578165054,0.0
2489,7.3392266459300695,0.0,9.289226645930071,-3.0,0.0,0.0,0.7500000596046448,0.30000001192092896
2490,230.17169331703224,-1.0000001192092896,240.69669334683454,-36.0,0.0,0.0,26.475001446902752,0.0
2491,31.4322957329053,0.0,34.00729573290529,-4.0,0.0,0.0,1.1250000894069672,0.30000001192092896
2492,178.6738477021608,-1.0000001192092896,199.22384773196316,-47.299999952316284,0.0,0.0,27.450000930577517,0.30000001192092896
2493,153.65520925144284,-1.0000001192092896,183.10520928124512,-49.299999952316284,0.0,0.0,20.55000089481473,0.30000001192092896
2494,149.5589982554918,0.0,167.1089982554918,-35.799999952316284,-4.5,0.0,21.850000977516174,0.9000000357627869
2495,47.03803327941465,0.0,45.33803327941465,-7.0,0.0,0.0,8.700000554323196,0.0
2496,135.52001211871178,-1.0000001192092896,154.92001214851416,-46.60000002384186,0.0,0.0,27.600000891834497,0.6000000238418579
2497,6.111425691379574,0.0,7.436425691379575,-2.0,0.0,0.0,0.3750000298023224,0.30000001192092896
2498,110.05862666550411,-1.0000001192092896,130.10862669530647,-42.0,0.0,0.0,22.95000122860074,0.0
2499,67.67211405680668,0.0,71.72211405680669,-16.299999952316284,0.0,0.0,11.950000703334808,0.30000001192092896
2500,188.84117945694098,-1.0000001192092896,212.41617948674326,-48.0,0.0,0.0,25.1250008828938,0.30000001192092896
2501,206.84363674463123,-1.0000001192092896,239.7686367744335,-63.0,0.0,0.0,31.07500145584345,0.0
2502,284.9503127341428,-1.0000001192092896,286.3003127639451,-32.0,0.0,0.0,31.650000978261232,0.0
2503,145.89620500307635,0.0,157.07120500307636,-33.0,0.0,0.0,21.52500007674098,0.30000001192092896
2504,54.71142874817812,0.0,57.78642874817811,-13.599999904632568,0.0,0.0,9.925000596791506,0.6000000238418579
2505,238.33905203166552,0.0,290.6640520316659,-95.59999990463257,0.0,0.0,42.375000551342964,0.9000000357627869
2506,97.13498016036951,0.0,117.45998016036948,-33.30000001192093,0.0,0.0,12.375000387430191,0.6000000238418579
2507,8.932922985588103,0.0,10.882922985588102,-3.0,0.0,0.0,0.7500000596046448,0.30000001192092896
2508,223.39201214802006,-1.0000001192092896,273.99201217782223,-72.79999995231628,0.0,0.0,21.40000081434846,1.8000000715255737
2509,155.14089514631127,0.0,176.66589514631127,-48.299999952316284,0.0,0.0,26.47500140964985,0.30000001192092896
2510,173.8297036971738,-1.0000001192092896,191.50470372697617,-32.59999990463257,0.0,0.0,15.325000505894423,0.6000000238418579
2511,91.79756094066275,0.0,96.37256094066277,-17.0,0.0,0.0,12.425000578165054,0.0
2512,6.1271549614588725,0.0,7.452154961458874,-2.0,0.0,0.0,0.3750000298023224,0.30000001192092896
2513,161.2560804389257,-1.0000001192092896,156.30608046872803,-16.0,0.0,0.0,21.95000096037984,0.0
2514,46.44303974553535,0.0,48.74303974553535,-11.5,0.0,0.0,8.900000467896461,0.30000001192092896
2515,176.35974598624148,0.0,204.73474598624156,-53.09999990463257,0.0,0.0,23.825000878423452,0.9000000357627869
2516,9.312416633179614,0.0,9.262416633179614,-1.0,0.0,0.0,0.7500000596046448,0.30000001192092896
2517,132.23658967315376,-1.0000001192092896,156.01158970295606,-43.0,0.0,0.0,19.925000477582216,0.30000001192092896
2518,350.8923406195223,-1.0000001192092896,351.44234064932436,-36.0,0.0,0.0,36.15000246092677,0.30000001192092896
2519,183.1149046837073,-1.0000001192092896,189.21490471350955,-34.0,0.0,0.0,28.90000118687749,0.0
2520,123.18911711212701,0.0,132.61411711212702,-24.5,-4.5,0.0,19.275001138448715,0.30000001192092896
2521,38.547892560088336,0.0,46.097892560088326,-16.0,0.0,0.0,8.450000524520874,0.0
2522,8.531717897799558,0.0,11.106717897799557,-4.0,0.0,0.0,1.1250000894069672,0.30000001192092896
2523,9.293119667520713,0.0,9.243119667520713,-1.0,0.0,0.0,0.7500000596046448,0.30000001192092896
2524,32.850620812927595,0.0,32.55062081292758,-6.0,0.0,0.0,6.300000488758087,0.0
2525,7.702387267056079,0.0,9.02738726705608,-2.0,0.0,0.0,0.3750000298023224,0.30000001192092896
2526,95.97618255030862,0.0,98.57618255030864,-20.299999952316284,0.0,0.0,17.40000107884407,0.30000001192092896
2527,159.99576036034406,0.0,180.64576036034396,-44.59999990463257,0.0,0.0,23.0500009059906,0.9000000357627869
2528,35.60070498359727,0.0,34.30070498359728,-5.0,0.0,0.0,6.300000429153442,0.0
2529,165.95785285806045,-1.0000001192092896,171.6828528878627,-22.299999952316284,0.0,0.0,17.275000732392073,0.30000001192092896
2530,251.84608091579003,0.0,243.07108091578996,-34.0,0.0,0.0,42.775002747774124,0.0
2531,12.10764835440001,0.0,12.682648354400012,-2.0,0.0,0.0,1.1250000894069672,0.30000001192092896
2532,6.118588251582072,0.0,7.443588251582072,-2.0,0.0,0.0,0.3750000298023224,0.30000001192092896
2533,10.962787045654952,0.0,10.912787045654952,-1.0,0.0,0.0,0.7500000596046448,0.30000001192092896
2534,155.96215619066754,-1.0000001192092896,180.48715622046987,-43.0,0.0,0.0,19.175000451505184,0.30000001192092896
2535,126.82476178074849,-1.0000001192092896,134.89976181055084,-20.0,0.0,0.0,12.925000790506601,0.0
2536,65.50091855767823,0.0,67.8509185576782,-14.599999904632568,0.0,0.0,11.350000530481339,0.9000000357627869
2537,6.120863543586504,0.0,7.445863543586503,-2.0,0.0,0.0,0.3750000298023224,0.30000001192092896
2538,137.11167863287605,-1.0000001192092896,152.86167866267837,-33.299999952316284,0.0,0.0,18.250000208616257,0.30000001192092896
2539,9.692303220140714,0.0,9.017303220140715,0.0,0.0,0.0,0.3750000298023224,0.30000001192092896
2540,165.7515484750648,-1.0000001192092896,201.3015485048673,-55.299999952316284,0.0,0.0,20.450001072138548,0.30000001192092896
2541,93.89825584982889,1.0000001192092896,108.02325582002656,-31.0,0.0,1.0,14.875000804662704,0.0
2542,177.56353423798083,-1.0000001192092896,174.76353426778311,-23.299999952316284,0.0,0.0,26.800000704824924,0.30000001192092896
2543,148.28824025343243,-1.0000001192092896,174.7632402832347,-47.0,0.0,0.0,21.525000784546137,0.0
2544,184.5336731603128,-1.0000001192092896,196.55867319011523,-39.0,0.0,0.0,27.675002064555883,0.30000001192092896
2545,150.1648787636674,-1.0000001192092896,154.9898787934697,-22.0,0.0,0.0,18.17500104382634,0.0
2546,212.99545687686341,0.0,222.7454568768635,-45.799999952316284,-1.5,0.0,36.95000338554382,0.6000000238418579
2547,6.11946633604502,0.0,7.44446633604502,-2.0,0.0,0.0,0.3750000298023224,0.30000001192092896
2548,25.57741014872907,0.0,28.15241014872907,-4.0,0.0,0.0,1.1250000894069672,0.30000001192092896
2549,196.77421928321164,-1.0000001192092896,196.17421931301385,-23.0,0.0,0.0,24.300000675022602,0.30000001192092896
2550,9.347045705684927,0.0,9.297045705684926,-1.0,0.0,0.0,0.7500000596046448,0.30000001192092896
2551,143.95264507259793,-1.0000001192092896,163.62764510240024,-40.0,0.0,0.0,21.02500094845891,0.30000001192092896
2552,176.23136869704962,0.0,192.23136869704953,-37.5,0.0,0.0,20.900000866502523,0.6000000238418579
2553,139.51878896559575,-1.0000001192092896,185.2937889953981,-61.30000001192093,0.0,0.0,16.22500053420663,0.30000001192092896
2554,18.474845171890845,0.0,18.424845171890844,-1.0,0.0,0.0,0.7500000596046448,0.30000001192092896
2555,253.91057118051637,0.0,256.5605711805164,-27.79999989271164,0.0,0.0,23.050000727176666,2.1000000834465027
2556,12.545366862455387,0.0,14.495366862455388,-3.0,0.0,0.0,0.7500000596046448,0.30000001192092896
2557,321.7280101170259,0.0,351.55301011702596,-70.3999999165535,0.0,0.0,39.375001057982445,1.2000000476837158
2558,6.105720209286993,0.0,7.430720209286993,-2.0,0.0,0.0,0.3750000298023224,0.30000001192092896
2559,121.33177342392904,0.0,133.53177342392902,-36.299999952316284,0.0,0.0,23.800000842660666,0.30000001192092896
2560,16.65783060286294,0.0,18.607830602862943,-3.0,0.0,0.0,0.7500000596046448,0.30000001192092896
2561,215.88959436583175,-1.0000001192092896,222.06459439563403,-26.5,0.0,0.0,20.725000623613596,0.6000000238418579
2562,175.96903736294112,0.0,188.6440373629411,-35.0,0.0,0.0,22.325000893324614,0.0
2563,221.42725451437343,-1.0000001192092896,255.45225454417584,-55.19999998807907,0.0,0.0,20.975000876933336,1.2000000476837158
2564,608.7916753081453,0.0,666.966675308145,-158.5,0.0,0.0,98.22500087320805,2.1000000834465027
2565,12.61877197741746,0.0,11.193771977417459,0.0,0.0,0.0,1.1250000894069672,0.30000001192092896
2566,147.91324864975377,-1.0000001192092896,160.1632486795561,-29.0,0.0,0.0,17.75000100210309,0.0
2567,7.726705158088622,0.0,9.051705158088621,-2.0,0.0,0.0,0.3750000298023224,0.30000001192092896
2568,7.31650745807053,0.0,9.26650745807053,-3.0,0.0,0.0,0.7500000596046448,0.30000001192092896
2569,202.3559120902102,-1.0000001192092896,220.80591212001244,-42.799999952316284,0.0,0.0,24.750000789761543,0.6000000238418579
2570,11.381715668494637,0.0,9.331715668494638,1.0,0.0,0.0,0.7500000596046448,0.30000001192092896
2571,196.665512938457,-1.0000001192092896,214.51551296825917,-45.0,0.0,0.0,27.850001081824303,0.30000001192092896
2572,188.38110786082632,-1.0000001192092896,238.40610789062885,-84.79999995231628,0.0,0.0,34.875002074986696,0.9000000357627869
2573,72.27124623759174,0.0,73.37124623759173,-13.300000011920929,0.0,0.0,11.900000616908073,0.30000001192092896
2574,247.105523476741,-1.0000001192092896,276.18052350654335,-71.59999996423721,0.0,0.0,42.925000727176666,0.6000000238418579
2575,148.99473547640682,-1.0000001192092896,153.04473550620915,-25.0,0.0,0.0,21.95000120997429,0.0
2576,232.2275222446881,-1.0000001192092896,236.32752227449043,-44.09999990463257,0.0,0.0,40.10000052675605,0.9000000357627869
2577,161.84781925004947,-1.0000001192092896,197.5228192798518,-62.299999952316284,0.0,0.0,27.325000815093517,0.30000001192092896
2578,94.06077881226345,0.0,92.28577881226342,-8.899999976158142,0.0,0.0,9.775000549852848,0.9000000357627869
2579,79.23116119268293,0.0,77.4061611926829,-9.0,0.0,0.0,10.82500085234642,0.0
2580,59.69050725048855,0.0,69.51550725048854,-16.299999952316284,0.0,0.0,5.875000149011612,0.6000000238418579
2581,111.98673249226387,0.0,119.28673249226385,-23.299999952316284,0.0,0.0,15.70000059902668,0.30000001192092896
2582,128.7285390269505,0.0,127.40353902695054,-22.0,0.0,0.0,23.32500070333481,0.0
2583,116.67962201840636,0.0,136.3046220184064,-41.30000001192093,0.0,0.0,21.375001188367605,0.30000001192092896
2584,126.64540064246765,-1.0000001192092896,149.02040067227003,-38.0,0.0,0.0,16.625000674277544,0.0
2585,248.3153262802872,0.0,300.6903262802876,-89.0,0.0,0.0,35.72500120103359,0.9000000357627869
2586,146.7900600154937,0.0,141.29006001549368,-11.0,0.0,0.0,16.500000521540642,0.0
2587,10.915492592265958,0.0,10.865492592265957,-1.0,0.0,0.0,0.7500000596046448,0.30000001192092896
2588,8.108382753044918,0.0,7.433382753044921,0.0,0.0,0.0,0.3750000298023224,0.30000001192092896
2589,63.66935587940557,0.0,67.31935587940559,-12.299999952316284,0.0,0.0,8.050000548362732,0.6000000238418579
2590,167.8795705836881,0.0,183.00457058368804,-45.0,0.0,0.0,29.875000573694706,0.0
2591,147.9724518629754,-1.0000001192092896,158.12245189277772,-30.0,0.0,0.0,20.850000396370888,0.0
2592,200.89656374730413,0.0,214.87156374730418,-38.0,-1.5,0.0,24.625000655651093,0.9000000357627869
2593,206.6678581595831,-1.0000001192092896,200.84285818938542,-7.0,0.0,0.0,13.825001139193773,0.0
2594,183.407786166638,-1.0000001192092896,195.2827861964403,-39.59999990463257,0.0,0.0,28.125000592321157,0.6000000238418579
2595,204.12450055416116,-1.0000001192092896,224.34950058396342,-41.0,0.0,0.0,21.77500031143427,0.0
2596,104.98481400600168,0.0,110.48481400600171,-27.299999952316284,0.0,0.0,21.500000834465027,0.30000001192092896
2597,7.698939326239826,0.0,9.023939326239827,-2.0,0.0,0.0,0.3750000298023224,0.30000001192092896
2598,39.29760300623382,0.0,42.97260300623382,-12.0,0.0,0.0,8.325000494718552,0.0
2599,183.63808900385544,0.0,205.13808900385538,-45.5,-5.5,0.0,28.900001913309097,0.6000000238418579
2600,29.38604946193413,0.0,24.51104946193413,0.0,0.0,0.0,4.875000387430191,0.0
2601,170.27795198067906,0.0,215.12795198067892,-71.59999990463257,0.0,0.0,26.150000765919685,0.6000000238418579
2602,160.23582861128858,-1.0000001192092896,169.31082864109086,-25.0,0.0,0.0,16.92500064522028,0.0
2603,40.96466811674578,0.0,42.43966811674578,-9.0,0.0,0.0,7.5250003933906555,0.0
2604,80.56129527801116,0.0,81.0362952780112,-12.300000011920929,0.0,0.0,11.52500057220459,0.30000001192092896
2605,6.117839998186994,0.0,7.442839998186994,-2.0,0.0,0.0,0.3750000298023224,0.30000001192092896
2606,169.57463701556793,0.0,193.94963701556787,-47.80000001192093,0.0,0.0,22.82500073686242,0.6000000238418579
2607,216.5760785802777,0.0,223.40107858027773,-34.0,0.0,0.0,27.175001047551632,0.0
2608,108.7042361199853,0.0,106.9292361199853,-17.59999990463257,0.0,0.0,18.775001257658005,0.6000000238418579
2609,128.87265649827944,-1.0000001192092896,144.6226565280817,-26.0,0.0,0.0,11.250000733882189,0.0
2610,6.107965091531426,0.0,7.432965091531426,-2.0,0.0,0.0,0.3750000298023224,0.30000001192092896
2611,101.21123883138229,-1.0000001192092896,119.63623886118455,-34.0,0.0,0.0,16.575000625103712,0.0
2612,7.707485755670546,0.0,9.032485755670544,-2.0,0.0,0.0,0.3750000298023224,0.30000001192092896
2613,13.011505075154087,0.0,14.836505075154088,-4.0,0.0,0.0,1.875000149011612,0.30000001192092896
2614,187.3685583285607,0.0,204.71855832856076,-37.0,0.0,0.0,19.65000121667981,0.0
2615,6.119546635169714,0.0,7.444546635169713,-2.0,0.0,0.0,0.3750000298023224,0.30000001192092896
2616,166.14566237953494,0.0,186.59566237953504,-41.59999990463257,0.0,0.0,20.550000946968794,0.6000000238418579
2617,272.6163434846595,-1.0000001192092896,349.9663435144621,-102.89999985694885,0.0,0.0,25.650001224130392,0.9000000357627869
2618,162.1704153898806,0.0,175.82041538988054,-24.0,0.0,0.0,10.050000470131636,0.30000001192092896
2619,160.06884925492795,-1.0000001192092896,180.74384928473026,-48.0,0.0,0.0,28.325001049786806,0.0
2620,6.111084031294134,0.0,7.436084031294134,-2.0,0.0,0.0,0.3750000298023224,0.30000001192092896
2621,168.00686692223007,0.0,197.85686692223007,-55.299999952316284,0.0,0.0,25.150000788271427,0.30000001192092896
2622,54.29846954705812,0.0,58.39846954705813,-15.0,0.0,0.0,10.600000649690628,0.30000001192092896
2623,156.03454908453017,-1.0000001192092896,196.2845491143323,-65.29999995231628,0.0,0.0,25.45000097900629,0.6000000238418579
2624,105.00452252370656,0.0,152.27952252370665,-65.29999995231628,0.0,0.0,17.72500067949295,0.30000001192092896
2625,274.3903255362252,0.0,301.44032553622515,-73.59999996423721,0.0,0.0,45.95000159740448,0.6000000238418579
2626,6.133640802598493,0.0,7.4586408025984925,-2.0,0.0,0.0,0.3750000298023224,0.30000001192092896
2627,146.27901794296125,0.0,184.30401794296145,-69.59999996423721,0.0,0.0,30.97500129044056,0.6000000238418579
2628,132.53238998762853,0.0,148.55738998762837,-40.299999952316284,0.0,0.0,23.675001699477434,0.6000000238418579
2629,87.14195809178268,0.0,82.04195809178269,-5.5,0.0,0.0,10.000000298023224,0.6000000238418579
2630,231.65375239859188,-1.0000001192092896,236.22875242839436,-32.0,0.0,0.0,28.12500100210309,0.30000001192092896
2631,163.33076324131076,-1.0000001192092896,169.4307632711131,-25.0,0.0,0.0,19.90000095963478,0.0
2632,16.55359522575791,0.0,18.503595225757913,-3.0,0.0,0.0,0.7500000596046448,0.30000001192092896
2633,159.69728388048483,-1.0000001192092896,229.64728391028723,-86.29999995231628,0.0,0.0,16.450001049786806,0.9000000357627869
2634,105.70100488936681,0.0,98.65100488936683,-8.5,0.0,0.0,15.250001013278961,0.30000001192092896
2635,6.094860174961189,0.0,7.419860174961189,-2.0,0.0,0.0,0.3750000298023224,0.30000001192092896
2636,6.125688787497652,0.0,7.450688787497652,-2.0,0.0,0.0,0.3750000298023224,0.30000001192092896
2637,70.70548499616378,0.0,71.83048499616375,-8.5,-4.5,0.0,11.57500085234642,0.30000001192092896
2638,173.02680155105935,0.0,176.50180155105932,-33.0,0.0,0.0,29.525001853704453,0.0
2639,83.71850603539364,0.0,96.56850603539365,-22.5,-1.5,0.0,10.550000011920929,0.6000000238418579
2640,74.87827272007146,0.0,65.55327272007145,3.5,-3.5,0.0,9.025000602006912,0.30000001192092896
2641,8.117782741661905,0.0,7.442782741661906,0.0,0.0,0.0,0.3750000298023224,0.30000001192092896
2642,144.34685506361512,0.0,152.69685506361515,-31.899999976158142,0.0,0.0,22.65000081062317,0.9000000357627869
2643,231.74244356984724,-1.0000001192092896,296.6174435996492,-90.30000001192093,0.0,0.0,25.525001104921103,0.9000000357627869
2644,130.98267033397897,-1.0000001192092896,176.05767036378134,-65.0,0.0,0.0,20.925001215189695,0.0
2645,6.130023529457345,0.0,7.455023529457345,-2.0,0.0,0.0,0.3750000298023224,0.30000001192092896
2646,155.47892511742452,-1.0000001192092896,162.07892514722687,-24.0,0.0,0.0,18.400000847876072,0.0
2647,9.712679551091378,0.0,9.03767955109138,0.0,0.0,0.0,0.3750000298023224,0.30000001192092896
2648,49.62753209697645,0.0,43.52753209697646,-2.0,0.0,0.0,8.100000560283661,0.0
2649,165.9017026591341,-1.0000001192092896,171.0767026889364,-29.0,0.0,0.0,24.825001139193773,0.0
2650,100.37621492543082,0.0,89.82621492543083,-4.300000011920929,0.0,0.0,14.55000077188015,0.30000001192092896
2651,290.40220750183977,0.0,320.82720750183984,-64.30000001192093,0.0,0.0,33.5750008225441,0.30000001192092896
2652,74.30622132006404,0.0,67.40622132006403,-4.600000023841858,0.0,0.0,10.900000646710396,0.6000000238418579
2653,126.15202408916062,0.0,139.10202408916066,-26.59999990463257,0.0,0.0,13.050000630319118,0.6000000238418579
2654,60.51834622939928,0.0,62.868346229399286,-14.299999952316284,0.0,0.0,11.650000780820847,0.30000001192092896
2655,255.05334577058446,0.0,289.3533457705846,-65.79999995231628,-6.0,0.0,36.90000140666962,0.6000000238418579
2656,224.83826035957838,0.0,228.56326035957838,-30.5,-4.5,0.0,30.075001895427704,1.2000000476837158
2657,180.02495465400148,0.0,175.34995465400152,-22.0,0.0,0.0,26.375001545995474,0.30000001192092896
2658,200.89880804511773,-1.0000001192092896,227.5738080749199,-48.80000001192093,-6.0,0.0,28.52500155568123,0.6000000238418579
2659,225.76463383500797,-1.0000001192092896,220.18963386481033,-27.0,0.0,0.0,33.5750025101006,0.0
2660,156.43995014025626,-1.0000001192092896,167.46495017005861,-36.0,0.0,0.0,25.675000846385956,0.30000001192092896
2661,45.053210494710974,0.0,46.95321049471098,-7.5,-2.5,0.0,7.800000607967377,0.30000001192092896
2662,108.19393344997593,0.0,108.89393344997592,-12.0,-4.5,0.0,14.90000107884407,0.9000000357627869
2663,115.88616725982236,0.0,116.46116725982235,-11.0,-7.5,0.0,17.32500132918358,0.6000000238418579
2664,9.373912960564095,0.0,9.323912960564094,-1.0,0.0,0.0,0.7500000596046448,0.30000001192092896
2665,150.96667431878697,-1.0000001192092896,158.26667434858933,-29.0,0.0,0.0,22.7000017054379,0.0
2666,54.74130504732717,0.0,52.46630504732719,-8.0,0.0,0.0,10.275000721216202,0.0
2667,212.2702386510694,-1.0000001192092896,261.4452386808719,-80.09999990463257,-3.0,0.0,33.425001442432404,1.5000000596046448
2668,52.24732895639214,0.0,53.897328956392144,-6.5,-4.5,0.0,9.050000667572021,0.30000001192092896
2669,60.16487655392639,1.0000001192092896,60.33987652412408,-13.0,0.0,1.0,10.825000643730164,0.0
2670,108.48849251827983,0.0,124.53849251827981,-28.599999964237213,0.0,0.0,11.350000441074371,1.2000000476837158
2671,166.23111434547448,0.0,165.0561143454746,-20.5,0.0,0.0,21.375000782310963,0.30000001192092896
2672,156.80851286437436,0.0,163.55851286437442,-27.0,0.0,0.0,20.25000110268593,0.0
2673,251.21649201045372,-1.0000001192092896,256.4164920402561,-37.0,0.0,0.0,32.80000172927976,0.0
2674,212.01949115036967,-1.0000001192092896,223.99449118017193,-50.30000001192093,0.0,0.0,39.02500148490071,0.30000001192092896
2675,93.40529831655284,0.0,102.70529831655283,-19.0,-7.5,0.0,16.60000118613243,0.6000000238418579
2676,127.15293076251292,-1.0000001192092896,135.52793079231537,-21.0,0.0,0.0,13.625000793486834,0.0
2677,125.29422665507339,-1.0000001192092896,143.46922668487576,-42.299999952316284,0.0,0.0,24.825001198798418,0.30000001192092896
2678,173.35994256984694,0.0,195.10994256984696,-47.799999952316284,0.0,0.0,25.450001016259193,0.6000000238418579
2679,7.693453054767507,0.0,9.018453054767507,-2.0,0.0,0.0,0.3750000298023224,0.30000001192092896
2680,233.22117667215642,0.0,240.04617667215638,-44.299999952316284,0.0,0.0,37.17500242590904,0.30000001192092896
2681,138.72812591861688,-1.0000001192092896,149.0031259484193,-25.0,0.0,0.0,15.425000611692667,0.30000001192092896
2682,110.75152411872466,1.0000001192092896,110.57652408892237,-15.599999964237213,0.0,1.0,13.175000708550215,0.6000000238418579
2683,134.7910399233309,-1.0000001192092896,155.5160399531333,-38.0,0.0,0.0,18.27500044927001,0.0
2684,99.97621674250402,0.0,115.12621674250404,-27.599999964237213,0.0,0.0,11.850000590085983,0.6000000238418579
2685,360.48359934562677,-1.0000001192092896,391.70859937542934,-81.89999985694885,0.0,0.0,50.47500082477927,1.2000000476837158
2686,101.15797767497969,-1.0000001192092896,128.182977704782,-40.59999990463257,0.0,0.0,13.975000634789467,0.6000000238418579
2687,222.0758251007798,0.0,237.25082510077962,-40.0,-9.0,0.0,33.225001737475395,0.6000000238418579
2688,126.09177449989758,0.0,124.3917744998976,-19.299999952316284,0.0,0.0,20.70000123977661,0.30000001192092896
2689,8.111725915759278,0.0,7.436725915759279,0.0,0.0,0.0,0.3750000298023224,0.30000001192092896
2690,79.28536750606001,0.0,77.16036750606003,-11.300000011920929,0.0,0.0,13.12500050663948,0.30000001192092896
2691,173.82540705510033,-1.0000001192092896,194.55040708490282,-49.5,-1.5,0.0,30.97500203922391,0.30000001192092896
2692,8.92432466764543,0.0,10.874324667645432,-3.0,0.0,0.0,0.7500000596046448,0.30000001192092896
2693,389.7088844417432,-1.0000001192092896,406.5338844715457,-42.0,-13.0,0.0,37.97500170767307,1.2000000476837158
2694,7.358972256561497,0.0,9.308972256561496,-3.0,0.0,0.0,0.7500000596046448,0.30000001192092896
2695,149.80574276503907,-1.0000001192092896,162.98074279484143,-31.0,0.0,0.0,18.825000543147326,0.0
2696,201.844460744495,-1.0000001192092896,205.66946077429736,-32.0,0.0,0.0,29.175001818686724,0.0
2697,8.101575910649004,0.0,7.426575910649006,0.0,0.0,0.0,0.3750000298023224,0.30000001192092896
2698,148.90696153011868,-1.0000001192092896,151.33196155992096,-17.0,0.0,0.0,15.575000826269388,0.0
2699,130.93280483434035,0.0,139.45780483434032,-29.0,0.0,0.0,20.17500077188015,0.30000001192092896
2700,232.43214617702645,-1.0000001192092896,240.75714620682874,-43.0,0.0,0.0,35.675001472234726,0.0
2701,235.71495875682345,-1.0000001192092896,287.8399587866254,-71.59999990463257,0.0,0.0,17.775000777095556,2.7000001072883606
2702,118.05564328315825,1.0000001192092896,104.05564325335591,-8.5,-3.0,1.0,22.90000092983246,0.6000000238418579
2703,237.67544034998934,0.0,272.4754403499896,-71.79999995231628,0.0,0.0,36.400001242756844,0.6000000238418579
2704,57.67462149605969,0.0,65.19962149605966,-18.59999990463257,0.0,0.0,10.475000232458115,0.6000000238418579
2705,266.2654059489753,-1.0000001192092896,290.89040597877755,-67.80000001192093,0.0,0.0,43.57500123605132,0.6000000238418579
2706,197.5628270613061,0.0,191.73782706130615,-21.0,0.0,0.0,26.825001053512096,0.0
2707,140.47142589604167,-1.0000001192092896,183.19642592584387,-71.0,0.0,0.0,29.275000859051943,0.0
2708,7.711547201212891,0.0,9.036547201212892,-2.0,0.0,0.0,0.3750000298023224,0.30000001192092896
2709,194.28019490450293,1.0000001192092896,192.40519487470058,-21.5,-6.0,1.0,26.77500158548355,0.6000000238418579
2710,380.1006804648223,-1.0000001192092896,449.32568049462435,-130.8999999165535,0.0,0.0,61.775001510977745,0.9000000357627869
2711,11.369683203360683,0.0,14.569683203360682,-5.0,0.0,0.0,1.5000001192092896,0.30000001192092896
2712,221.79717329255314,0.0,257.9721732925532,-62.59999996423721,0.0,0.0,25.825000882148743,0.6000000238418579
2713,212.48125888798776,0.0,241.78125888798775,-56.09999996423721,0.0,0.0,25.90000070631504,0.9000000357627869
2714,183.31483079674751,0.0,175.61483079674755,-12.0,0.0,0.0,19.400000628083944,0.30000001192092896
2715,103.87764294019647,0.0,113.37764294019644,-27.0,0.0,0.0,16.60000103712082,0.9000000357627869
2716,8.552745064871178,0.0,11.12774506487118,-4.0,0.0,0.0,1.1250000894069672,0.30000001192092896
2717,9.340102889574252,0.0,9.290102889574253,-1.0,0.0,0.0,0.7500000596046448,0.30000001192092896
2718,10.177855553090579,0.0,12.752855553090578,-4.0,0.0,0.0,1.1250000894069672,0.30000001192092896
2719,6.121195602524373,0.0,7.446195602524372,-2.0,0.0,0.0,0.3750000298023224,0.30000001192092896
2720,15.976059241831216,0.0,18.551059241831215,-4.0,0.0,0.0,1.1250000894069672,0.30000001192092896
2721,7.366011669244545,0.0,9.316011669244544,-3.0,0.0,0.0,0.7500000596046448,0.30000001192092896
2722,149.47974167094648,-1.0000001192092896,154.4547417007488,-17.299999952316284,0.0,0.0,12.725000571459532,0.6000000238418579
2723,155.17158634031276,0.0,169.27158634031267,-34.299999952316284,0.0,0.0,19.300000593066216,0.9000000357627869
2724,208.00190066208899,-1.0000001192092896,247.90190069189123,-55.199999928474426,0.0,0.0,14.800000425428152,1.5000000596046448
2725,7.693839457718757,0.0,9.018839457718759,-2.0,0.0,0.0,0.3750000298023224,0.30000001192092896
2726,10.462786136342627,0.0,13.037786136342628,-4.0,0.0,0.0,1.1250000894069672,0.30000001192092896
2727,123.42500058977267,0.0,127.42500058977268,-23.0,0.0,0.0,19.00000113248825,0.0
2728,36.228336692520976,0.0,37.203336692520985,-8.0,0.0,0.0,7.025000482797623,0.0
2729,149.8463302745806,0.0,152.37133027458066,-16.0,0.0,0.0,13.4750005453825,0.0
2730,214.3023486143292,0.0,193.70234861432914,-13.799999952316284,0.0,0.0,33.80000218749046,0.6000000238418579
2731,134.95906900335345,0.0,140.5090690033535,-23.59999990463257,0.0,0.0,17.450000375509262,0.6000000238418579
2732,204.01872327388202,-1.0000001192092896,226.2687233036844,-50.5,-3.0,0.0,31.95000186935067,0.30000001192092896
2733,140.58096705758032,-1.0000001192092896,162.88096708738271,-39.0,0.0,0.0,17.700000450015068,0.0
2734,158.63882106283035,-1.0000001192092896,179.9888210926328,-39.799999952316284,0.0,0.0,18.55000078305602,0.9000000357627869
2735,100.74150650681531,0.0,95.1415065068153,-8.299999952316284,0.0,0.0,13.60000067949295,0.30000001192092896
2736,160.27847535210591,0.0,166.25347535210588,-26.0,0.0,0.0,20.025001019239426,0.0
2737,70.38329158349379,0.0,84.60829158349377,-28.299999952316284,0.0,0.0,13.77500070631504,0.30000001192092896
2738,211.84685707247002,0.0,235.6468570724701,-57.30000001192093,0.0,0.0,33.200001522898674,0.30000001192092896
2739,151.56707870369357,-1.0000001192092896,161.39207873349594,-31.299999952316284,0.0,0.0,22.175000369548798,0.30000001192092896
2740,157.03489119352616,0.0,158.50989119352624,-19.0,0.0,0.0,17.52500130608678,0.0
2741,170.61043476811162,0.0,166.93543476811163,-14.100000023841858,-1.0,0.0,17.575000546872616,1.2000000476837158
2742,325.93585827669216,-1.0000001192092896,328.5108583064943,-46.299999952316284,0.0,0.0,44.12499940022826,0.6000000238418579
2743,166.7382578505447,0.0,158.86325785054467,-21.19999998807907,0.0,0.0,27.875000208616257,1.2000000476837158
2744,74.11570526421399,0.0,75.040705264214,-10.5,-1.5,0.0,10.475000590085983,0.6000000238418579
2745,190.2045833858784,-1.0000001192092896,212.97958341568076,-41.60000002384186,0.0,0.0,18.92500101402402,0.9000000357627869
2746,140.3495348478902,-1.0000001192092896,155.07453487769257,-26.0,0.0,0.0,11.97500054910779,0.30000001192092896
2747,210.05845122364678,0.0,216.48345122364668,-32.0,0.0,0.0,24.375001147389412,1.2000000476837158
2748,10.910307154677842,0.0,10.860307154677841,-1.0,0.0,0.0,0.7500000596046448,0.30000001192092896
2749,114.95617323827521,0.0,125.43117323827516,-26.0,0.0,0.0,15.225000768899918,0.30000001192092896
2750,280.52473342125506,-1.0000001192092896,377.6747334510577,-136.89999985694885,-1.5,0.0,40.45000069588423,1.8000000715255737
2751,7.712900320904081,0.0,9.03790032090408,-2.0,0.0,0.0,0.3750000298023224,0.30000001192092896
2752,160.3024441185472,-1.0000001192092896,203.42744414834957,-67.0,0.0,0.0,24.875000823289156,0.0
2753,132.84680839782365,-1.0000001192092896,169.721808427626,-50.0,0.0,0.0,13.52500057220459,0.6000000238418579
2754,185.89151484812712,-1.0000001192092896,183.2165148779294,-24.0,0.0,0.0,27.675001446157694,0.0
2755,63.06547308242581,0.0,67.5904730824258,-16.299999952316284,0.0,0.0,11.475000768899918,0.30000001192092896
2756,46.71266426645425,0.0,45.68766426645424,-7.0,0.0,0.0,7.725000649690628,0.30000001192092896
2757,140.35860998309022,-1.0000001192092896,147.4336100128925,-21.0,0.0,0.0,14.9250005222857,0.0
2758,155.35370108531296,0.0,159.128701085313,-21.0,-6.0,0.0,22.02500131726265,1.2000000476837158
2759,17.991153875146743,0.0,18.566153875146743,-2.0,0.0,0.0,1.1250000894069672,0.30000001192092896
2760,114.23244741382766,0.0,132.1824474138277,-32.60000002384186,0.0,0.0,13.750000469386578,0.9000000357627869
2761,174.34572600112966,0.0,165.2707260011296,-15.0,0.0,0.0,24.0750007070601,0.0
2762,166.28078793102267,0.0,180.6807879310227,-42.299999952316284,0.0,0.0,27.60000193119049,0.30000001192092896
2763,12.13606463777112,0.0,12.711064637771122,-2.0,0.0,0.0,1.1250000894069672,0.30000001192092896
2764,254.24348048677646,-1.0000001192092896,268.018480516579,-54.0,0.0,0.0,41.22500168159604,0.0
2765,163.03254476726954,-1.0000001192092896,166.2075447970719,-20.0,0.0,0.0,17.82500085607171,0.0
2766,146.69582938744742,0.0,150.54582938744744,-11.299999952316284,-15.0,0.0,21.250001430511475,1.2000000476837158
2767,301.5066372766457,0.0,295.8566372766457,-35.39999985694885,0.0,0.0,39.550001204013824,1.5000000596046448
2768,284.84027562948,0.0,273.44027562947986,-22.299999952316284,0.0,0.0,33.40000146627426,0.30000001192092896
2769,166.40954555735647,0.0,182.10954555735645,-37.0,0.0,0.0,21.300001055002213,0.0
2770,9.701281905013285,0.0,9.026281905013283,0.0,0.0,0.0,0.3750000298023224,0.30000001192092896
2771,177.80384993044828,-1.0000001192092896,181.4038499602506,-23.0,0.0,0.0,20.40000068023801,0.0
2772,143.04041874395386,0.0,150.31541874395396,-27.299999952316284,0.0,0.0,19.725000869482756,0.30000001192092896
2773,80.88010565364914,0.0,81.35510565364915,-13.0,0.0,0.0,12.52500057220459,0.0
2774,191.95129594320045,-1.0000001192092896,240.75129597300293,-82.29999995231628,0.0,0.0,33.90000146999955,0.6000000238418579
2775,122.97392502580662,1.0000001192092896,120.92392499600429,-7.0,0.0,1.0,7.050000488758087,0.0
2776,45.86473000527798,0.0,49.66473000527797,-11.299999952316284,0.0,0.0,7.200000401586294,0.30000001192092896
2777,12.2929532939369,0.0,12.867953293936901,-2.0,0.0,0.0,1.1250000894069672,0.30000001192092896
2778,343.0138694983252,0.0,367.1138694983251,-52.5,-3.0,0.0,30.800000086426735,0.6000000238418579
2779,18.755940985167413,0.0,22.50594098516741,-7.0,0.0,0.0,2.95000022649765,0.30000001192092896
2780,254.41773142523311,-1.0000001192092896,273.4927314550353,-42.299999952316284,0.0,0.0,23.92500113323331,0.30000001192092896
2781,11.355720982636212,0.0,14.555720982636212,-5.0,0.0,0.0,1.5000001192092896,0.30000001192092896
2782,282.28714637808145,-1.0000001192092896,325.4871464078839,-83.5,-1.5,0.0,42.20000230520964,0.6000000238418579
2783,9.704879292044637,0.0,9.029879292044638,0.0,0.0,0.0,0.3750000298023224,0.30000001192092896
2784,186.6334680580946,-1.0000001192092896,196.90846808789695,-45.0,0.0,0.0,35.72500153258443,0.0
2785,245.16079174050876,-1.0000001192092896,258.28579177031105,-41.0,0.0,0.0,28.875001095235348,0.0
2786,11.498394724776613,0.0,10.823394724776612,0.0,0.0,0.0,0.3750000298023224,0.30000001192092896
2787,157.67404800439888,-1.0000001192092896,176.52404803420117,-42.30000001192093,0.0,0.0,24.15000096708536,0.30000001192092896
2788,187.53393389913398,-1.0000001192092896,201.5089339289362,-36.0,0.0,0.0,23.02500108256936,0.0
2789,95.75756259091114,0.0,104.65756259091114,-23.299999952316284,0.0,0.0,13.799999982118607,0.6000000238418579
2790,9.330565855243071,0.0,9.28056585524307,-1.0,0.0,0.0,0.7500000596046448,0.30000001192092896
2791,9.844650275638543,0.0,13.044650275638544,-5.0,0.0,0.0,1.5000001192092896,0.30000001192092896
2792,373.9677914605645,-1.0000001192092896,403.4927914903668,-72.0,0.0,0.0,43.475002579391,0.0
2793,162.81926654015348,0.0,159.61926654015355,-13.5,-6.0,0.0,22.100001335144043,0.6000000238418579
2794,261.2856606266086,-1.0000001192092896,279.13566065641066,-44.299999952316284,0.0,0.0,27.150000415742397,0.30000001192092896
2795,151.0261965383548,0.0,162.7261965383547,-31.0,0.0,0.0,19.300000835210085,0.0
2796,57.172178456067044,0.0,68.67217845606706,-23.299999952316284,0.0,0.0,11.500000715255737,0.30000001192092896
2797,154.9753685055137,0.0,161.67536850551372,-22.59999990463257,0.0,0.0,15.300000354647636,0.6000000238418579
2798,170.86142268718504,-1.0000001192092896,172.3864227169875,-26.0,0.0,0.0,25.475000452250242,0.0
2799,251.23574950528757,-1.0000001192092896,271.96074953508946,-50.299999952316284,-1.5,0.0,30.57500136271119,1.5000000596046448
2800,249.4612145022575,-1.0000001192092896,250.53621453205966,-25.0,0.0,0.0,24.92500175908208,0.0
2801,223.84877474348187,0.0,270.6737747434816,-65.59999990463257,0.0,0.0,17.575000766664743,1.2000000476837158
2802,199.91398366421765,0.0,210.63898366421768,-50.59999990463257,0.0,0.0,39.275002747774124,0.6000000238418579
2803,98.65103652095343,-1.0000001192092896,124.92603655075577,-43.30000001192093,0.0,0.0,17.725000854581594,0.30000001192092896
2804,194.95999267944708,0.0,198.13499267944707,-23.5,-5.5,0.0,25.52500156313181,0.30000001192092896
2805,171.8548009439871,0.0,150.82980094398715,-1.0,0.0,0.0,22.02500107884407,0.0
2806,168.40074613973513,-1.0000001192092896,179.37574616953762,-36.0,0.0,0.0,26.02500045672059,0.0
2807,265.40737325251297,-1.0000001192092896,313.03237328231523,-81.79999995231628,0.0,0.0,34.275001626461744,0.9000000357627869
2808,18.56918029190369,0.0,16.51918029190369,1.0,0.0,0.0,0.7500000596046448,0.30000001192092896
2809,125.72329499703952,0.0,116.52329499703953,-11.300000011920929,0.0,0.0,19.900000423192978,0.6000000238418579
2810,125.53837559999643,-1.0000001192092896,186.2383756297987,-71.799999833107,0.0,0.0,10.000000406056643,2.1000000834465027
2811,196.32858901217912,0.0,204.7035890121791,-27.0,0.0,0.0,17.7250008136034,0.9000000357627869
2812,137.47309378565066,0.0,134.72309378565063,-15.299999952316284,0.0,0.0,17.75000037252903,0.30000001192092896
2813,153.2336299688555,-1.0000001192092896,154.05862999865778,-22.0,0.0,0.0,22.175000697374344,0.0
2814,60.884371551496805,0.0,52.23437155149681,-1.0,0.0,0.0,9.350000590085983,0.30000001192092896
2815,304.8574565316349,0.0,306.4824565316349,-44.59999996423721,0.0,0.0,42.37500160560012,0.6000000238418579
2816,182.0554162339841,0.0,173.7554162339841,-25.299999952316284,0.0,0.0,33.3000009059906,0.30000001192092896
2817,98.49177034940479,-1.0000001192092896,128.8417703792071,-45.299999952316284,0.0,0.0,15.350000500679016,0.6000000238418579
2818,244.6006990582644,-1.0000001192092896,261.9756990880669,-52.299999952316284,0.0,0.0,35.62500173598528,0.30000001192092896
2819,7.695503792188001,0.0,9.020503792188,-2.0,0.0,0.0,0.3750000298023224,0.30000001192092896
2820,157.21790900249266,0.0,159.76790900249276,-26.599999964237213,0.0,0.0,23.450000263750553,0.6000000238418579
2821,20.02466133752868,0.0,20.59966133752868,-2.0,0.0,0.0,1.1250000894069672,0.30000001192092896
2822,131.0603932978146,-1.0000001192092896,142.76039332761707,-25.899999916553497,0.0,0.0,14.300000350922346,0.9000000357627869
2823,152.0676636894288,0.0,150.06766368942883,-17.0,0.0,0.0,19.000000823289156,0.0
2824,239.96499950250217,-1.0000001192092896,255.4399995323046,-44.0,0.0,0.0,29.525000881403685,0.0
2825,176.1763406428938,-1.0000001192092896,179.3263406726961,-23.59999990463257,0.0,0.0,20.850001126527786,0.6000000238418579
2826,192.3948418028466,-1.0000001192092896,211.81984183264893,-43.10000002384186,0.0,0.0,23.77500082924962,0.9000000357627869
2827,181.1608758623577,-1.0000001192092896,170.51087589216007,-6.0,0.0,0.0,17.65000057592988,0.0
2828,73.80479055594003,0.0,75.35479055594,-14.0,0.0,0.0,12.450000375509262,0.0
2829,206.88288702586283,-1.0000001192092896,223.88288705566512,-45.299999952316284,0.0,0.0,28.40000068023801,0.9000000357627869
2830,10.512768676899205,0.0,11.087768676899207,-2.0,0.0,0.0,1.1250000894069672,0.30000001192092896
2831,165.9723455731597,0.0,176.47234557315966,-23.799999952316284,-9.0,0.0,21.70000073313713,0.6000000238418579
2832,81.09579704622027,0.0,77.64579704622025,-11.300000011920929,0.0,0.0,14.450000911951065,0.30000001192092896
2833,8.105097971484032,0.0,7.430097971484032,0.0,0.0,0.0,0.3750000298023224,0.30000001192092896
2834,8.89726734305149,0.0,10.847267343051492,-3.0,0.0,0.0,0.7500000596046448,0.30000001192092896
2835,142.78676518753377,-1.0000001192092896,140.5117652173363,-17.0,0.0,0.0,20.275000881403685,0.0
2836,9.34415907248363,0.0,9.294159072483628,-1.0,0.0,0.0,0.7500000596046448,0.30000001192092896
2837,64.33274103341458,1.0000001192092896,60.80774100361225,-15.0,0.0,1.0,16.225000649690628,0.30000001192092896
2838,144.4176092258991,0.0,149.54260922589907,-24.0,0.0,0.0,18.575000695884228,0.30000001192092896
2839,10.89226424580318,0.0,10.84226424580318,-1.0,0.0,0.0,0.7500000596046448,0.30000001192092896
2840,52.75994522816652,0.0,56.309945228166534,-8.5,-4.5,0.0,9.150000631809235,0.30000001192092896
2841,8.606908874391523,0.0,11.181908874391523,-4.0,0.0,0.0,1.1250000894069672,0.30000001192092896
2842,204.52855779798762,0.0,201.17855779798762,-27.0,0.0,0.0,30.350001648068428,0.0
2843,7.333022242030868,0.0,9.283022242030865,-3.0,0.0,0.0,0.7500000596046448,0.30000001192092896
2844,73.09221266701007,1.0000001192092896,67.51721263720775,-5.0,0.0,1.0,8.575000256299973,0.0
2845,194.12571363936064,0.0,192.12571363936095,-33.0,0.0,0.0,35.00000162795186,0.0
2846,135.8951756924761,0.0,128.22017569247612,-13.0,0.0,0.0,20.67500140145421,0.0
2847,190.6420713751072,0.0,185.3670713751073,-20.0,0.0,0.0,24.97500056028366,0.30000001192092896
2848,273.7018640602609,-1.0000001192092896,295.57686409006317,-62.30000001192093,0.0,0.0,41.12500147521496,0.30000001192092896
2849,200.56844757143185,0.0,215.04344757143164,-51.299999952316284,0.0,0.0,36.5250019133091,0.30000001192092896
2850,149.8571368509724,0.0,158.50713685097233,-26.0,0.0,0.0,17.050000071525574,0.30000001192092896
2851,9.709342013082187,0.0,9.034342013082187,0.0,0.0,0.0,0.3750000298023224,0.30000001192092896
2852,127.71405396627881,0.0,117.46405396627881,-11.300000011920929,-2.5,0.0,23.15000057220459,0.9000000357627869
2853,166.0010870773198,0.0,171.80108707731983,-24.299999952316284,0.0,0.0,18.20000072568655,0.30000001192092896
2854,184.83628561500433,-1.0000001192092896,163.1862856448067,-5.0,0.0,0.0,27.650001723319292,0.0
2855,148.24591175621708,-1.0000001192092896,144.6709117860194,-12.0,0.0,0.0,16.575000654906034,0.0
2856,293.7954759661311,-1.0000001192092896,333.5204759959333,-72.0,-7.5,0.0,39.57500113919377,1.2000000476837158
2857,190.31242373040666,0.0,222.76242373040682,-62.0,0.0,0.0,29.550001323223114,0.0
2858,79.23046887027587,0.0,79.6804688702759,-14.0,0.0,0.0,13.550000965595245,0.0
2859,81.63343026906817,0.0,103.83343026906817,-34.299999952316284,0.0,0.0,11.800000458955765,0.30000001192092896
2860,56.605926019352914,0.0,52.205926019352916,-4.0,0.0,0.0,8.100000560283661,0.30000001192092896
2861,148.13119923390576,-1.0000001192092896,155.35619926370813,-27.0,0.0,0.0,20.475000638514757,0.30000001192092896
2862,168.00301243799814,-1.0000001192092896,170.67801246780047,-29.299999952316284,0.0,0.0,27.325000513345003,0.30000001192092896
2863,192.39623609640867,0.0,187.7712360964086,-16.30000001192093,0.0,0.0,20.325000923126936,0.6000000238418579
2864,198.93364051492668,-1.0000001192092896,204.98364054472898,-28.599999964237213,0.0,0.0,22.95000045374036,0.6000000238418579
2865,126.06369648901983,0.0,139.51369648901994,-32.30000001192093,0.0,0.0,18.550000473856926,0.30000001192092896
2866,190.3348221392834,0.0,179.45982213928335,-14.0,0.0,0.0,24.875001180917025,0.0
2867,156.20056162398708,-1.0000001192092896,166.97556165378947,-26.59999990463257,0.0,0.0,16.225000966340303,0.6000000238418579
2868,13.249171296835108,0.0,16.44917129683511,-5.0,0.0,0.0,1.5000001192092896,0.30000001192092896
2869,50.50628898341881,0.0,52.88128898341881,-11.0,0.0,0.0,8.625000387430191,0.0
2870,21.446759878413385,0.0,24.646759878413388,-8.0,0.0,0.0,4.800000369548798,0.0
2871,116.13464885936747,0.0,133.5846488593675,-40.0,0.0,0.0,22.55000114813447,0.0
2872,181.37749701438145,0.0,185.65249701438154,-27.799999952316284,0.0,0.0,22.62500048056245,0.9000000357627869
2873,171.11599820527948,-1.0000001192092896,176.3409982350818,-20.30000001192093,0.0,0.0,15.475000537931919,0.6000000238418579
2874,39.44035894890685,0.0,41.01535894890685,-9.0,0.0,0.0,7.42500039935112,0.0
2875,172.70190030882472,-1.0000001192092896,190.20190033862707,-36.0,0.0,0.0,19.500000547617674,0.0
2876,7.308234498640099,0.0,9.258234498640098,-3.0,0.0,0.0,0.7500000596046448,0.30000001192092896
2877,152.7063857625854,0.0,141.00638576258527,-9.299999952316284,0.0,0.0,20.700000666081905,0.30000001192092896
2878,195.27231307310117,0.0,209.7473130731011,-33.0,0.0,0.0,18.525000605732203,0.0
2879,127.34479123277502,-1.0000001192092896,138.2947912625773,-23.299999952316284,0.0,0.0,13.050000697374344,0.30000001192092896
2880,91.35772254543636,0.0,97.48272254543639,-19.0,0.0,0.0,12.875000566244125,0.0
2881,44.99962690158166,1.0000001192092896,48.04962687177933,-14.0,0.0,1.0,8.950000613927841,0.0
2882,185.21709494932975,-1.0000001192092896,187.41709497913214,-24.30000001192093,0.0,0.0,22.80000104382634,0.30000001192092896
2883,233.88319523521463,-1.0000001192092896,220.98319526501695,-14.300000011920929,0.0,0.0,27.900001164525747,0.30000001192092896
2884,132.1437498245024,-1.0000001192092896,131.09374985430475,-21.0,0.0,0.0,23.0500010214746,0.0
2885,73.25567107716213,0.0,69.00567107716216,-8.0,0.0,0.0,12.250000715255737,0.0
2886,8.55983083316029,0.0,11.134830833160292,-4.0,0.0,0.0,1.1250000894069672,0.30000001192092896
2887,128.5356645655753,0.0,122.51066456557531,-6.299999952316284,0.0,0.0,12.025000423192978,0.30000001192092896
2888,166.4057609180404,-1.0000001192092896,151.53076094784285,-4.0,0.0,0.0,19.875001225620508,0.0
2889,66.42758829593119,0.0,65.65258829593118,-11.300000011920929,0.0,0.0,11.775000393390656,0.30000001192092896
2890,318.06612102426,-1.0000001192092896,317.79112105406233,-36.5,-3.0,0.0,40.47500165179372,0.30000001192092896
2891,9.321769974425981,0.0,9.27176997442598,-1.0,0.0,0.0,0.7500000596046448,0.30000001192092896
2892,268.6487808810544,0.0,257.0487808810543,-20.30000001192093,0.0,0.0,31.60000142455101,0.30000001192092896
2893,163.85711446474795,-1.0000001192092896,165.10711449455025,-23.299999952316284,0.0,0.0,22.450001198798418,0.6000000238418579
2894,149.78369604388394,0.0,156.208696043884,-30.799999952316284,-1.5,0.0,24.97500178217888,0.9000000357627869
2895,98.52936257225501,0.0,102.07936257225495,-20.299999952316284,0.0,0.0,16.450000941753387,0.30000001192092896
2896,125.09608199085365,1.0000001192092896,129.49608196105132,-25.0,0.0,1.0,18.30000078678131,0.30000001192092896
2897,251.4259823735068,-1.0000001192092896,268.4259824033093,-47.299999952316284,0.0,0.0,31.00000148266554,0.30000001192092896
2898,71.97486697435968,0.0,77.44986697435972,-16.600000023841858,0.0,0.0,10.525000546127558,0.6000000238418579
2899,101.12184491158,0.0,107.07184491157997,-22.0,0.0,0.0,16.05000078678131,0.0
2900,59.10944425872346,0.0,59.48444425872346,-10.0,0.0,0.0,9.625000357627869,0.0
2901,169.3777705744419,-1.0000001192092896,159.00277060424426,-11.0,0.0,0.0,22.375001151114702,0.0
2902,160.75457541162498,0.0,152.07957541162494,-10.800000011920929,-4.5,0.0,23.375001475214958,0.6000000238418579
2903,142.10008616156148,0.0,139.40008616156152,-22.299999952316284,0.0,0.0,24.70000085234642,0.30000001192092896
2904,213.91328057473723,-1.0000001192092896,210.96328060453953,-15.0,0.0,0.0,18.950000878423452,0.0
2905,199.05202326955884,0.0,177.00202326955878,-5.800000011920929,-1.5,0.0,28.7500019967556,0.6000000238418579
2906,95.30031311605784,0.0,85.57531311605781,-2.300000011920929,0.0,0.0,11.725000590085983,0.30000001192092896
2907,308.76436428159457,-1.0000001192092896,286.3143643113971,-27.5,0.0,0.0,50.65000096708536,0.30000001192092896
2908,180.8680378940533,-1.0000001192092896,213.5180379238555,-57.299999952316284,0.0,0.0,25.350000947713852,0.30000001192092896
2909,232.58626356779834,0.0,228.11126356779832,-28.5,-3.0,0.0,35.67500177025795,0.30000001192092896
2910,127.42318911750996,-1.0000001192092896,132.87318914731225,-18.0,0.0,0.0,13.55000064149499,0.0
2911,8.920404909463505,0.0,10.870404909463506,-3.0,0.0,0.0,0.7500000596046448,0.30000001192092896
2912,6.118640946010277,0.0,7.443640946010277,-2.0,0.0,0.0,0.3750000298023224,0.30000001192092896
2913,248.59411048710197,-1.0000001192092896,269.994110516904,-43.0,-16.0,0.0,37.400001753121614,1.2000000476837158
2914,151.1642239730505,0.0,157.1642239730505,-20.299999952316284,-6.0,0.0,19.100000470876694,1.2000000476837158
2915,285.1864555057214,-1.0000001192092896,273.43645553552375,-17.0,0.0,0.0,29.75000176951289,0.0
2916,104.94500698263356,1.0000001192092896,102.1200069528312,-15.5,-1.5,1.0,17.525001049041748,0.30000001192092896
2917,259.73862662610753,-1.0000001192092896,276.2136266559099,-55.0,0.0,0.0,39.52500170469284,0.0
2918,8.114480304525738,0.0,7.4394803045257385,0.0,0.0,0.0,0.3750000298023224,0.30000001192092896
2919,160.03553155220652,-1.0000001192092896,172.71053158200894,-32.0,0.0,0.0,20.02500082924962,0.30000001192092896
2920,85.74612117393325,0.0,102.79612117393329,-29.299999952316284,0.0,0.0,11.650000408291817,0.6000000238418579
2921,333.08727455376345,-1.0000001192092896,336.43727458356557,-47.60000002384186,0.0,0.0,44.65000123903155,0.6000000238418579
2922,140.24451129280746,0.0,134.51951129280744,-20.599999964237213,0.0,0.0,25.725000232458115,0.6000000238418579
2923,124.83911470141926,-1.0000001192092896,140.2891147312215,-34.30000001192093,0.0,0.0,19.550000730901957,0.30000001192092896
2924,9.951143376709114,0.0,9.276143376709115,0.0,0.0,0.0,0.3750000298023224,0.30000001192092896
2925,224.65651687603446,-1.0000001192092896,229.60651690583686,-29.0,0.0,0.0,25.050001099705696,0.0
2926,59.66035773831033,0.0,54.460357738310336,-3.5,0.0,0.0,8.400000303983688,0.30000001192092896
2927,264.15156090332613,-1.0000001192092896,247.87656093312842,-13.899999976158142,0.0,0.0,30.27500146627426,0.9000000357627869
2928,195.2822654475668,0.0,185.23226544756682,-18.0,0.0,0.0,28.050001438707113,0.0
2929,18.633277063528453,0.0,18.583277063528453,-1.0,0.0,0.0,0.7500000596046448,0.30000001192092896
2930,172.61556974630366,-1.0000001192092896,190.29056977610594,-42.0,0.0,0.0,25.0250010676682,0.30000001192092896
2931,8.100601933561144,0.0,7.425601933561147,0.0,0.0,0.0,0.3750000298023224,0.30000001192092896
2932,139.19359961160728,0.0,131.2935996116073,-5.0,0.0,0.0,12.9000004529953,0.0
2933,260.40146522895105,0.0,293.85146522895104,-57.3999999165535,-3.0,0.0,25.75000110641122,1.2000000476837158
2934,8.86551239354235,0.0,10.815512393542349,-3.0,0.0,0.0,0.7500000596046448,0.30000001192092896
2935,170.55074739036476,0.0,177.67574739036473,-23.899999976158142,0.0,0.0,15.875000562518835,0.9000000357627869
2936,225.91546986249423,0.0,236.3154698624941,-43.799999952316284,0.0,0.0,32.200000792741776,1.2000000476837158
2937,10.93349687761202,0.0,10.88349687761202,-1.0,0.0,0.0,0.7500000596046448,0.30000001192092896
2938,6.135661363101783,0.0,7.460661363101784,-2.0,0.0,0.0,0.3750000298023224,0.30000001192092896
2939,254.46873497007746,-1.0000001192092896,259.64373499988,-29.0,0.0,0.0,24.82500122860074,0.0
2940,83.9611152527695,-1.0000001192092896,105.33611528257171,-33.59999990463257,0.0,0.0,12.62500062212348,0.6000000238418579
2941,187.97482531418243,-1.0000001192092896,232.3748253439846,-58.09999996423721,0.0,0.0,13.500000525265932,1.2000000476837158
2942,156.18001583704572,-1.0000001192092896,168.0800158668481,-32.0,0.0,0.0,21.100000880658627,0.0
2943,9.198722559901679,0.0,11.14872255990168,-3.0,0.0,0.0,0.7500000596046448,0.30000001192092896
2944,120.07144810044626,0.0,114.84644810044627,-13.0,0.0,0.0,17.925001233816147,0.30000001192092896
2945,120.23017460173519,0.0,111.65517460173514,-10.0,0.0,0.0,18.27500107884407,0.30000001192092896
2946,117.21524892425639,-1.0000001192092896,108.86524895405874,-1.2999999523162842,0.0,0.0,10.050000384449959,0.6000000238418579
2947,293.1896396142566,-1.0000001192092896,299.7146396440587,-35.0,0.0,0.0,29.47500031068921,0.0
2948,159.5684452159148,0.0,154.59344521591495,-23.59999990463257,0.0,0.0,27.97500106692314,0.6000000238418579
2949,66.21991696358731,0.0,66.86991696358733,-11.299999952316284,0.0,0.0,10.350000455975533,0.30000001192092896
2950,49.429126243386094,0.0,50.679126243386094,-10.0,0.0,0.0,8.750000476837158,0.0
2951,67.88572913357304,0.0,63.48572913357303,-6.5,0.0,0.0,10.600000768899918,0.30000001192092896
2952,175.10804610492565,0.0,175.5080461049258,-22.299999952316284,0.0,0.0,21.60000117123127,0.30000001192092896
2953,81.48701808745189,0.0,71.76201808745189,-2.299999952316284,0.0,0.0,11.725000947713852,0.30000001192092896
2954,7.7234766442192315,0.0,9.048476644219232,-2.0,0.0,0.0,0.3750000298023224,0.30000001192092896
2955,172.2136875683434,-1.0000001192092896,169.03868759814566,-23.0,0.0,0.0,27.17500126734376,0.0
2956,190.14489163631458,-1.0000001192092896,222.9448916661169,-56.59999990463257,0.0,0.0,24.200001154094934,0.6000000238418579
2957,137.84924618218713,0.0,124.24924618218712,1.0,0.0,0.0,12.60000054165721,0.0
2958,58.099983244660095,0.0,48.524983244660085,0.0,0.0,0.0,9.575000584125519,0.0
2959,146.36392260252848,0.0,154.68892260252832,-26.299999952316284,0.0,0.0,17.375000916421413,0.6000000238418579
2960,134.09171220290565,0.0,134.6167122029057,-17.0,-4.5,0.0,20.07500159740448,0.9000000357627869
2961,119.58274253517554,-1.0000001192092896,142.25774256497783,-40.0,0.0,0.0,18.325000509619713,0.0
2962,215.8673009683961,-1.0000001192092896,199.91730099819839,-3.0,0.0,0.0,19.65000084042549,0.30000001192092896
2963,154.4071003606976,-1.0000001192092896,142.8321003905,-3.300000011920929,0.0,0.0,15.575000438839197,0.30000001192092896
2964,6.101635176423565,0.0,7.426635176423564,-2.0,0.0,0.0,0.3750000298023224,0.30000001192092896
2965,55.73750134249506,0.0,52.96250134249506,-7.0,0.0,0.0,9.775000661611557,0.0
2966,90.26408001313001,0.0,95.61408001312998,-17.799999952316284,0.0,0.0,11.85000042617321,0.6000000238418579
2967,216.72082385347596,-1.0000001192092896,214.8458238832783,-19.299999952316284,0.0,0.0,21.575000647455454,0.6000000238418579
2968,197.77314856358765,0.0,201.54814856358777,-25.599999964237213,0.0,0.0,21.225000616163015,0.6000000238418579
2969,6.133740353080048,0.0,7.4587403530800485,-2.0,0.0,0.0,0.3750000298023224,0.30000001192092896
2970,211.63304097243724,1.0000001192092896,202.33304094263494,-19.5,-1.5,1.0,27.400001853704453,0.9000000357627869
2971,174.63614062697664,-1.0000001192092896,171.53614065677897,-15.0,0.0,0.0,18.80000076070428,0.30000001192092896
2972,7.30618291732891,0.0,9.256182917328912,-3.0,0.0,0.0,0.7500000596046448,0.30000001192092896
2973,27.665521015199253,0.0,24.840521015199258,-2.0,0.0,0.0,4.825000375509262,0.0
2974,133.28175664587067,0.0,136.83175664587074,-23.299999952316284,0.0,0.0,19.450000569224358,0.30000001192092896
2975,245.08864545295052,-1.0000001192092896,234.81364548275283,-9.0,0.0,0.0,19.975001472979784,0.30000001192092896
2976,89.24944814076761,0.0,96.52444814076762,-11.5,-10.5,0.0,13.82500097155571,0.9000000357627869
2977,165.22833907957994,0.0,158.27833907957992,-11.599999964237213,0.0,0.0,17.950000762939453,0.6000000238418579
2978,139.0857257548134,0.0,131.26072575481342,-11.300000011920929,0.0,0.0,18.825000405311584,0.30000001192092896
2979,324.7566845616227,0.0,330.6566845616229,-46.09999990463257,0.0,0.0,39.300001099705696,0.9000000357627869
2980,385.10082747374264,-1.0000001192092896,391.950827503545,-38.299999952316284,0.0,0.0,32.15000078454614,0.30000001192092896
2981,94.89715161106417,-1.0000001192092896,108.32215164086652,-27.0,0.0,0.0,14.575000260025263,0.0
2982,140.69260121954085,0.0,118.41760121954088,2.0,0.0,0.0,20.275001347064972,0.0
2983,228.89859633494854,-1.0000001192092896,236.79859636475075,-28.0,-14.5,0.0,35.00000147894025,0.6000000238418579
2984,178.90258318841188,-1.0000001192092896,179.12758321821426,-23.0,0.0,0.0,23.47500129416585,0.30000001192092896
2985,183.20487149121294,-1.0000001192092896,168.87987152101545,-9.0,0.0,0.0,24.325001154094934,0.0
2986,179.74172810332396,0.0,176.141728103324,-17.0,0.0,0.0,20.300000708550215,0.30000001192092896
2987,152.56618811332496,-1.0000001192092896,147.84118814312737,-9.300000011920929,0.0,0.0,14.425000254064798,0.6000000238418579
2988,9.364237397306093,0.0,9.314237397306094,-1.0,0.0,0.0,0.7500000596046448,0.30000001192092896
2989,184.3761848973143,-1.0000001192092896,189.5011849271166,-29.0,0.0,0.0,24.875001225620508,0.0
2990,147.8567038088827,0.0,145.40670380888275,-12.0,0.0,0.0,14.150000263005495,0.30000001192092896
2991,167.2703204969283,0.0,164.32032049692833,-19.0,0.0,0.0,21.350000962615013,0.6000000238418579
2992,233.36874636030646,-1.0000001192092896,218.39374639010865,-7.300000011920929,0.0,0.0,22.975000832229853,0.30000001192092896
2993,236.20509228854604,0.0,226.98009228854607,-9.599999964237213,0.0,0.0,17.925000980496407,0.9000000357627869
2994,179.00246876166088,-1.0000001192092896,182.2774687914632,-21.0,0.0,0.0,18.42500054091215,0.30000001192092896
2995,85.84710858078634,0.0,91.62210858078635,-16.299999952316284,0.0,0.0,9.925000302493572,0.6000000238418579
2996,376.69240130684403,-1.0000001192092896,465.2174013366464,-120.30000001192093,-6.0,0.0,36.97500093653798,1.8000000715255737
2997,105.11377972466805,0.0,100.71377972466804,-9.0,0.0,0.0,13.100000441074371,0.30000001192092896
2998,185.8544215442488,0.0,182.12942154424897,-14.0,0.0,0.0,17.725000772625208,0.0
2999,180.32644251437725,0.0,182.92644251437721,-28.299999952316284,0.0,0.0,25.400001272559166,0.30000001192092896
3000,18.74135111033233,0.0,16.69135111033233,1.0,0.0,0.0,0.7500000596046448,0.30000001192092896
3001,156.53315855113777,-1.0000001192092896,151.68315858094013,-10.0,0.0,0.0,15.850000742822886,0.0
3002,252.74278307297098,0.0,224.017783072971,3.5,0.0,0.0,24.625000532716513,0.6000000238418579
3003,221.20474931544635,-1.0000001192092896,197.8797493452487,-4.0,0.0,0.0,28.32500183209777,0.0
3004,223.40753576699393,-1.0000001192092896,194.0325357967962,7.5,0.0,0.0,22.275001503527164,0.6000000238418579
3005,422.48142777216765,-1.0000001192092896,389.93142780197036,-10.800000011920929,-6.0,0.0,49.150002747774124,1.2000000476837158
3006,169.52140084248802,-1.0000001192092896,190.22140087229036,-39.59999996423721,0.0,0.0,19.300000566989183,0.6000000238418579
3007,202.43354059041815,-1.0000001192092896,191.6335406202205,-7.599999904632568,0.0,0.0,18.800000496208668,0.6000000238418579
3008,231.16272021669062,-1.0000001192092896,233.38772024649288,-22.599999964237213,0.0,0.0,20.775000523775816,0.6000000238418579
3009,16.94237669868583,0.0,16.892376698685833,-1.0,0.0,0.0,0.7500000596046448,0.30000001192092896
3010,53.64326220596284,0.0,47.568262205962846,-3.0,0.0,0.0,9.07500073313713,0.0
3011,229.6199458679242,-1.0000001192092896,219.74494589772632,-23.899999976158142,0.0,0.0,33.87500170990825,0.9000000357627869
3012,175.79143487257224,0.0,172.06643487257224,-17.0,0.0,0.0,20.425000824034214,0.30000001192092896
3013,147.59094961273834,0.0,150.66594961273827,-19.299999952316284,0.0,0.0,15.925000708550215,0.30000001192092896
3014,197.05624259732033,0.0,187.4562425973203,-20.30000001192093,0.0,0.0,29.60000067949295,0.30000001192092896
3015,248.0106478912212,-1.0000001192092896,239.73564792102346,-8.0,0.0,0.0,16.9750006608665,0.30000001192092896
3016,9.555622698401333,0.0,10.880622698401332,-2.0,0.0,0.0,0.3750000298023224,0.30000001192092896
3017,114.71833923600695,1.0000001192092896,116.64333920620466,-16.80000001192093,0.0,1.0,11.975000202655792,0.9000000357627869
3018,131.2571937071122,-1.0000001192092896,122.75719373691457,-3.0,0.0,0.0,12.500000808387995,0.0
3019,10.172209013135774,0.0,12.747209013135773,-4.0,0.0,0.0,1.1250000894069672,0.30000001192092896
3020,8.111923744935488,0.0,7.436923744935488,0.0,0.0,0.0,0.3750000298023224,0.30000001192092896
3021,8.93020774132275,0.0,10.88020774132275,-3.0,0.0,0.0,0.7500000596046448,0.30000001192092896
3022,7.696886454553955,0.0,9.021886454553954,-2.0,0.0,0.0,0.3750000298023224,0.30000001192092896
3023,190.10199615440425,0.0,197.50199615440428,-27.299999952316284,0.0,0.0,19.300000444054604,0.6000000238418579
3024,60.18520638504144,0.0,58.46020638504145,-10.0,0.0,0.0,11.725000709295273,0.0
3025,157.2301890875243,0.0,139.48018908752428,2.200000047683716,0.0,0.0,14.950000494718552,0.6000000238418579
3026,237.82045487724196,0.0,222.92045487724198,-14.0,0.0,0.0,28.900000497698784,0.0
3027,366.0256588910123,0.0,336.4256588910127,-23.0,0.0,0.0,52.60000430420041,0.0
3028,164.43201506905004,-1.0000001192092896,156.7570150988524,-7.0,0.0,0.0,15.675001345574856,0.0
3029,196.90732400830203,-1.0000001192092896,205.4573240381043,-28.0,0.0,0.0,20.150000471621752,0.30000001192092896
3030,195.23965616861426,-1.0000001192092896,182.7896561984167,-12.5,0.0,0.0,25.35000090673566,0.6000000238418579
3031,102.07863796812727,0.0,98.02863796812727,-10.0,0.0,0.0,14.05000102519989,0.0
3032,8.095430624813234,0.0,7.420430624813235,0.0,0.0,0.0,0.3750000298023224,0.30000001192092896
3033,167.1376443389137,-1.0000001192092896,171.662644368716,-19.899999916553497,0.0,0.0,15.17500066012144,1.2000000476837158
3034,197.6684805547498,0.0,177.1184805547499,-5.299999952316284,0.0,0.0,25.550001375377178,0.30000001192092896
3035,55.34451165181914,0.0,54.94451165181914,-7.0,0.0,0.0,7.100000023841858,0.30000001192092896
3036,122.27081528170265,0.0,133.84581528170267,-27.30000001192093,0.0,0.0,15.425000667572021,0.30000001192092896
3037,366.2410550251382,-1.0000001192092896,341.6160550549406,-27.599999964237213,0.0,0.0,52.62500112131238,0.6000000238418579
3038,169.05326484215138,0.0,158.82826484215144,-6.0,0.0,0.0,16.22500092163682,0.0
3039,50.666500872551744,0.0,40.79150087255176,2.0,0.0,0.0,7.875000566244125,0.0
3040,130.02224170738418,0.0,120.1472417073842,-11.099999964237213,0.0,0.0,20.07500085234642,0.9000000357627869
3041,117.17794753325002,0.0,98.30294753324999,6.0,-1.5,0.0,13.475000590085983,0.9000000357627869
3042,253.76976185796227,-1.0000001192092896,242.84476188776463,-32.199999928474426,0.0,0.0,42.92500077188015,1.2000000476837158
3043,151.15109960396072,-1.0000001192092896,135.00109963376312,0.7000000476837158,0.0,0.0,16.15000056102872,0.30000001192092896
3044,72.02393936821736,0.0,72.67393936821735,-11.0,0.0,0.0,10.350000530481339,0.0
3045,75.04593076160968,0.0,68.89593076160966,-6.300000011920929,0.0,0.0,11.850000560283661,0.6000000238418579
3046,109.68362517624081,0.0,101.88362517624081,-6.0,0.0,0.0,13.500000417232513,0.30000001192092896
3047,337.2638959273988,0.0,335.63889592739866,-52.0,0.0,0.0,53.32500180602074,0.30000001192092896
3048,126.7126315268952,-1.0000001192092896,138.0626315566976,-24.599999964237213,0.0,0.0,13.650000404566526,0.6000000238418579
3049,228.49454381973968,0.0,218.0445438197396,-19.299999952316284,0.0,0.0,29.15000106394291,0.6000000238418579
3050,136.82871449856688,0.0,127.82871449856694,-9.600000023841858,0.0,0.0,18.000000771135092,0.6000000238418579
3051,183.70012658836538,0.0,173.37512658836536,-15.399999916553497,0.0,0.0,24.225000485777855,1.5000000596046448
3052,198.12252776859478,0.0,181.87252776859475,-6.0,0.0,0.0,22.250000845640898,0.0
3053,288.66842318365957,-1.0000001192092896,255.243423213462,-1.5,0.0,0.0,35.32500133290887,0.6000000238418579
3054,152.7956923805077,-1.0000001192092896,146.19569241031,-8.499999940395355,0.0,0.0,14.600000251084566,1.5000000596046448
3055,301.9792350972608,0.0,258.3542350972607,13.800000190734863,0.0,0.0,28.325001247227192,1.5000000596046448
3056,296.2112778734499,-1.0000001192092896,274.2612779032523,-16.0,0.0,0.0,38.950001657009125,0.0
3057,159.0551179664733,0.0,150.63011796647336,-15.299999952316284,0.0,0.0,23.425000429153442,0.30000001192092896
3058,8.138132097712118,0.0,7.463132097712119,0.0,0.0,0.0,0.3750000298023224,0.30000001192092896
3059,7.708131855889666,0.0,9.033131855889664,-2.0,0.0,0.0,0.3750000298023224,0.30000001192092896
3060,49.5840693546219,0.0,49.25906935462191,-8.0,0.0,0.0,8.02500057220459,0.30000001192092896
3061,306.2434529267968,0.0,280.69345292679685,-11.299999952316284,0.0,0.0,35.950001396238804,0.9000000357627869
3062,26.012855331081848,0.0,22.61285533108185,-1.0,0.0,0.0,4.400000333786011,0.0
3063,207.60597376945194,0.0,185.65597376945195,-3.0,0.0,0.0,24.950001090765,0.0
3064,8.15304904849804,0.0,7.4780490484980415,0.0,0.0,0.0,0.3750000298023224,0.30000001192092896
3065,165.13783682329736,-1.0000001192092896,156.1128368530996,-3.0,0.0,0.0,12.725000310689211,0.30000001192092896
3066,191.3609519379632,0.0,174.11095193796328,-4.0,0.0,0.0,21.250000793486834,0.0
3067,212.55420028771195,0.0,196.12920028771185,-18.299999952316284,0.0,0.0,33.82500118017197,0.9000000357627869
3068,61.06579460539879,0.0,50.96579460539878,1.0,0.0,0.0,9.100000500679016,0.0
3069,70.43640130046175,0.0,64.56140130046175,-4.5,0.0,0.0,10.075000613927841,0.30000001192092896
3070,200.5914612603365,-1.0000001192092896,171.7914612901389,-1.0,0.0,0.0,30.800001088529825,0.0
3071,120.83939057246114,-1.0000001192092896,115.91439060226347,-7.0,0.0,0.0,12.925000924617052,0.0
3072,196.12764287194113,0.0,213.9276428719411,-40.5,0.0,0.0,22.10000104084611,0.6000000238418579
3073,21.661918056453043,0.0,24.236918056453042,-4.0,0.0,0.0,1.1250000894069672,0.30000001192092896
3074,67.7176664322701,0.0,66.34266643227008,-8.300000011920929,0.0,0.0,9.375000461935997,0.30000001192092896
3075,192.96773781214029,0.0,163.04273781214027,11.5,-7.5,0.0,25.325001873075962,0.6000000238418579
3076,245.06019298657077,0.0,240.7101929865707,-25.30000001192093,0.0,0.0,29.35000127926469,0.30000001192092896
3077,189.65561020143062,0.0,187.88061020143058,-25.599999964237213,0.0,0.0,26.775000110268593,0.6000000238418579
3078,114.60548052523319,1.0000001192092896,102.50548049543089,-4.299999952316284,0.0,1.0,14.10000067949295,0.30000001192092896
3079,78.8194815377844,0.0,85.14448153778442,-19.299999952316284,0.0,0.0,12.375000238418579,0.6000000238418579
3080,134.6702295295002,0.0,151.27022952950017,-34.5,2.5,0.0,15.100000731647015,0.30000001192092896
3081,181.91674038362052,0.0,177.46674038362053,-16.19999986886978,0.0,0.0,19.450001418590546,1.2000000476837158
3082,45.729844861841634,0.0,37.729844861841634,1.0,0.0,0.0,7.000000357627869,0.0
3083,217.7966996390199,-1.0000001192092896,208.67169966882233,-22.0,0.0,0.0,31.82500161603093,0.30000001192092896
3084,9.322318570673827,0.0,9.272318570673827,-1.0,0.0,0.0,0.7500000596046448,0.30000001192092896
3085,227.48978034181826,-1.0000001192092896,215.96478037162063,-24.0,0.0,0.0,36.525001015514135,0.0
3086,169.57012941141065,-1.0000001192092896,172.97012944121283,-27.0,0.0,0.0,24.600000832229853,0.0
3087,7.943781115541402,0.0,9.268781115541403,-2.0,0.0,0.0,0.3750000298023224,0.30000001192092896
3088,112.04649421084167,1.0000001192092896,105.8714941810393,-16.0,0.0,1.0,20.175000816583633,0.0
3089,151.85073495424982,0.0,140.22573495424976,-10.0,0.0,0.0,21.625001162290573,0.0
3090,131.88114318345546,0.0,109.90614318345541,-0.6000000238418579,0.0,0.0,21.975001722574234,0.6000000238418579
3091,276.9497548830345,-1.0000001192092896,270.5747549128366,-31.5,0.5,0.0,38.07500213384628,0.30000001192092896
3092,215.0714052585303,-1.0000001192092896,188.1714052883326,9.0,0.0,0.0,18.600000742822886,0.30000001192092896
3093,136.45649448627876,0.0,131.80649448627875,-9.300000011920929,0.0,0.0,13.350000470876694,0.6000000238418579
3094,369.23874425342734,-1.0000001192092896,399.1137442832297,-54.799999952316284,-1.5,0.0,26.52500107511878,0.9000000357627869
3095,10.942756258356741,0.0,10.892756258356743,-1.0,0.0,0.0,0.7500000596046448,0.30000001192092896
3096,255.706047781311,0.0,240.83104778131116,-21.5,0.5,0.0,35.27500177919865,0.6000000238418579
3097,209.6270640496658,-1.0000001192092896,199.9270640794681,-7.299999952316284,0.0,0.0,17.700001019984484,0.30000001192092896
3098,114.69204527322383,0.0,93.81704527322377,3.699999988079071,0.0,0.0,16.875001050531864,0.30000001192092896
3099,316.69018785706635,-1.0000001192092896,304.61518788686857,-33.30000001192093,0.0,0.0,46.0750003606081,0.30000001192092896
3100,283.229736924238,-1.0000001192092896,256.4797369540404,-17.0,0.0,0.0,44.45000233128667,0.30000001192092896
3101,62.596053239586176,0.0,58.79605323958618,-3.5,-3.0,0.0,10.000000655651093,0.30000001192092896
3102,157.65935926326307,-1.0000001192092896,145.35935929306532,-3.0,0.0,0.0,16.30000088363886,0.0
3103,178.00932993874957,0.0,192.0343299387494,-30.0,0.0,0.0,15.975000575184822,0.0
3104,7.699864200499757,0.0,9.024864200499756,-2.0,0.0,0.0,0.3750000298023224,0.30000001192092896
3105,141.27490621133003,-1.0000001192092896,123.49990624113236,5.800000071525574,0.0,0.0,11.775000732392073,1.2000000476837158
3106,233.97916402277795,-1.0000001192092896,240.1541640525802,-15.199999988079071,0.0,0.0,8.825000531971455,1.2000000476837158
3107,175.64613896647236,-1.0000001192092896,169.62113899627477,-15.0,0.0,0.0,22.025000724941492,0.0
3108,144.40052459396497,-1.0000001192092896,136.22552462376734,-5.0,0.0,0.0,14.175000566989183,0.0
3109,291.83503322172123,-1.0000001192092896,285.88503325152357,-16.5,-6.0,0.0,28.850000884383917,0.6000000238418579
3110,131.20409471952738,-1.0000001192092896,127.55409474932962,-6.0,0.0,0.0,10.6500004529953,0.0
3111,151.68952695400446,0.0,150.4895269540045,-14.599999904632568,0.0,0.0,15.200000554323196,0.6000000238418579
3112,7.694350471690697,0.0,9.019350471690696,-2.0,0.0,0.0,0.3750000298023224,0.30000001192092896
3113,103.19301560453188,0.0,89.39301560453191,-0.30000001192092896,0.0,0.0,13.800000846385956,0.30000001192092896
3114,7.505973839115639,0.0,7.45597383911564,-1.0,0.0,0.0,0.7500000596046448,0.30000001192092896
3115,167.71974256011515,0.0,157.56974256011515,-2.599999964237213,0.0,0.0,12.150000475347042,0.6000000238418579
3116,293.64063496932135,0.0,272.2156349693211,-17.899999976158142,0.0,0.0,37.5250017978251,1.8000000715255737
3117,8.934948386174383,0.0,10.884948386174383,-3.0,0.0,0.0,0.7500000596046448,0.30000001192092896
3118,63.03195867708031,0.0,54.80695867708031,-2.299999952316284,0.0,0.0,10.225000709295273,0.30000001192092896
3119,140.31865361905037,0.0,125.84365361905037,-2.300000011920929,0.0,0.0,16.475001126527786,0.30000001192092896
3120,205.5866996686117,0.0,215.0116996686118,-35.59999996423721,0.0,0.0,25.27500046417117,0.9000000357627869
3121,79.00502420255668,0.0,68.6300242025567,1.7000000476837158,0.0,0.0,8.07500034198165,0.6000000238418579
3122,136.89712554714941,0.0,124.22212554714945,-3.600000023841858,0.0,0.0,15.375000670552254,0.9000000357627869
3123,242.73916034673422,-1.0000001192092896,231.1641603765365,-17.0,0.0,0.0,29.575001377612352,0.0
3124,88.95234161442671,0.0,82.12734161442674,-4.5,-1.5,0.0,12.225000709295273,0.6000000238418579
3125,187.75403418799866,0.0,190.7790341879986,-26.09999990463257,0.0,0.0,21.875000938773155,1.2000000476837158
3126,6.116057361510996,0.0,7.441057361510995,-2.0,0.0,0.0,0.3750000298023224,0.30000001192092896
3127,6.119341248765325,0.0,7.444341248765325,-2.0,0.0,0.0,0.3750000298023224,0.30000001192092896
3128,137.12555298346962,0.0,127.92555298346967,-10.0,0.0,0.0,18.90000106394291,0.30000001192092896
3129,7.3842272833249405,0.0,9.33422728332494,-3.0,0.0,0.0,0.7500000596046448,0.30000001192092896
3130,7.3172003601210385,0.0,9.267200360121038,-3.0,0.0,0.0,0.7500000596046448,0.30000001192092896
3131,194.62792455743772,0.0,181.5529245574377,-9.5,0.0,0.0,21.075000539422035,1.5000000596046448
3132,202.54570574486925,0.0,184.34570574486932,-2.0,0.0,0.0,20.20000110194087,0.0
3133,194.69198606884677,0.0,188.29198606884668,-15.5,0.0,0.0,21.600001145154238,0.30000001192092896
3134,110.5071838447218,1.0000001192092896,98.63218381491947,3.5,-7.5,1.0,12.675000846385956,1.2000000476837158
3135,9.712727577333581,0.0,9.03772757733358,0.0,0.0,0.0,0.3750000298023224,0.30000001192092896
3136,171.48433458671258,-1.0000001192092896,150.90933461651488,1.0,0.0,0.0,20.57500158622861,0.0
3137,187.67947327552275,0.0,170.77947327552266,-3.0,0.0,0.0,19.600000005215406,0.30000001192092896
3138,55.90357596100498,0.0,42.72857596100497,5.0,0.0,0.0,8.175000578165054,0.0
3139,166.84918519383416,0.0,151.62418519383417,-5.5,-4.5,0.0,24.92500177025795,0.30000001192092896
3140,167.31372188058694,0.0,152.03872188058688,-4.5,0.0,0.0,19.47500142455101,0.30000001192092896
3141,100.79565333635475,0.0,91.29565333635477,-4.0,0.0,0.0,12.900000810623169,0.6000000238418579
3142,106.28900941242482,0.0,92.23900941242486,0.0,0.0,0.0,13.750000730156898,0.30000001192092896
3143,192.30820320421776,0.0,168.0332032042179,-5.299999952316284,0.0,0.0,28.975001446902752,0.6000000238418579
3144,49.568731636890114,0.0,47.14373163689012,-5.0,0.0,0.0,7.125000506639481,0.30000001192092896
3145,131.37713310627782,-1.0000001192092896,129.3021331360801,-10.599999964237213,0.0,0.0,12.775000587105751,0.9000000357627869
3146,24.44199801055099,0.0,30.016998010550992,-11.0,0.0,0.0,5.42500039935112,0.0
3147,191.58294206263002,-1.0000001192092896,177.4079420924322,-4.899999916553497,0.0,0.0,19.17500051110983,0.9000000357627869
3148,181.54010057247328,-1.0000001192092896,161.39010060227557,3.5,-4.5,0.0,21.850000623613596,0.30000001192092896
3149,8.122073414945971,0.0,7.4470734149459705,0.0,0.0,0.0,0.3750000298023224,0.30000001192092896
3150,178.9284019494464,0.0,169.40340194944648,-8.0,0.0,0.0,17.225000511854887,0.30000001192092896
3151,81.98150948338716,0.0,69.58150948338714,-1.2999999523162842,0.0,0.0,13.400000929832458,0.30000001192092896
3152,5.488877059445118,0.0,7.438877059445118,-3.0,0.0,0.0,0.7500000596046448,0.30000001192092896
3153,228.57354485026005,0.0,191.77354485026004,9.0,0.0,0.0,26.900001019239426,0.9000000357627869
3154,206.07458131723118,0.0,179.57458131723115,7.5,-1.0,0.0,19.700001064687967,0.30000001192092896
3155,7.97730852297246,0.0,9.30230852297246,-2.0,0.0,0.0,0.3750000298023224,0.30000001192092896
3156,36.989212234803404,0.0,37.96421223480342,-8.0,0.0,0.0,7.025000423192978,0.0
3157,294.7473413725998,-1.0000001192092896,248.72234140240232,12.700000047683716,-1.5,0.0,34.92500217631459,0.9000000357627869
3158,180.58762296828758,0.0,170.88762296828767,-20.099999964237213,0.0,0.0,28.900000244379044,0.9000000357627869
3159,216.5125062431284,-1.0000001192092896,204.86250627293074,-10.0,0.0,0.0,22.650001246482134,0.0
3160,69.2103461904657,0.0,61.910346190465695,-3.0,0.0,0.0,10.000000834465027,0.30000001192092896
3161,230.61142048932876,0.0,212.56142048932873,-10.0,0.0,0.0,28.05000114068389,0.0
3162,54.94076036775358,0.0,49.26576036775357,-3.0,0.0,0.0,8.67500028014183,0.0
3163,69.02320546896216,0.0,65.62320546896215,-6.299999952316284,0.0,0.0,9.400000348687172,0.30000001192092896
3164,14.79051859186129,0.0,16.74051859186129,-3.0,0.0,0.0,0.7500000596046448,0.30000001192092896
3165,111.28199536128896,-1.0000001192092896,97.93199539109132,2.0,0.0,0.0,12.350000787526369,0.0
3166,196.48939558922132,0.0,199.51439558922144,-36.80000001192093,-1.5,0.0,34.37500178813934,0.9000000357627869
3167,10.106007854489958,0.0,12.681007854489959,-4.0,0.0,0.0,1.1250000894069672,0.30000001192092896
3168,221.00296469266152,-1.0000001192092896,208.10296472246355,-4.299999952316284,0.0,0.0,17.900000769644976,0.30000001192092896
3169,129.64907990068014,0.0,103.69907990068015,8.700000047683716,0.0,0.0,16.950000911951065,0.30000001192092896
3170,306.65301964389454,0.0,339.52801964389437,-79.09999990463257,-1.5,0.0,46.525001991540194,1.2000000476837158
3171,149.9380368063055,-1.0000001192092896,145.68803683610778,-8.0,0.0,0.0,13.250000450760126,0.0
3172,244.20984748591064,0.0,246.53484748591066,-35.59999996423721,0.0,0.0,32.375000923871994,0.9000000357627869
3173,123.0932418084268,0.0,101.2432418084268,7.699999988079071,0.0,0.0,13.850000619888306,0.30000001192092896
3174,212.9676747082133,-1.0000001192092896,176.4676747380157,21.69999998807907,0.0,0.0,15.500000588595867,0.30000001192092896
3175,15.468401717347012,0.0,16.793401717347017,-2.0,0.0,0.0,0.3750000298023224,0.30000001192092896
3176,7.699763327212929,0.0,9.024763327212929,-2.0,0.0,0.0,0.3750000298023224,0.30000001192092896
3177,190.20465625005843,0.0,196.3546562500584,-30.0,0.0,0.0,23.850001469254494,0.0
3178,54.45086816746718,0.0,46.250868167467175,-1.0,0.0,0.0,9.200000673532486,0.0
3179,551.9250593734539,-1.0000001192092896,513.0750594032555,-19.599999964237213,0.0,0.0,57.65000241622329,1.8000000715255737
3180,90.18377405128793,0.0,81.40877405128799,-1.0,0.0,0.0,9.775000467896461,0.0
3181,82.76279303014738,0.0,75.21279303014737,-5.0,0.0,0.0,12.550000727176666,0.0
3182,160.0278985411383,-1.0000001192092896,141.37789857094052,4.0,0.0,0.0,15.650000635534525,0.0
3183,422.8712835634011,0.0,448.471283563401,-86.09999996423721,0.0,0.0,59.60000207275152,0.9000000357627869
3184,153.96758523355274,-1.0000001192092896,141.8675852633551,-2.299999952316284,0.0,0.0,15.100000370293856,0.30000001192092896
3185,171.31343592817305,1.0000001192092896,151.06343589837059,2.200000047683716,-4.5,1.0,19.950000911951065,0.6000000238418579
3186,119.94393553457854,1.0000001192092896,106.3689355047762,0.0,-4.5,1.0,15.475000709295273,0.6000000238418579
3187,207.50971408487862,0.0,187.65971408487854,-2.5999999046325684,0.0,0.0,21.550000101327896,0.9000000357627869
3188,156.07598356031207,-1.0000001192092896,135.67598359011444,0.0,0.0,0.0,21.10000144317746,0.30000001192092896
3189,200.29457882197892,-1.0000001192092896,181.69457885178127,-6.5,-1.5,0.0,27.300001461058855,0.30000001192092896
3190,7.678054784045486,0.0,9.003054784045485,-2.0,0.0,0.0,0.3750000298023224,0.30000001192092896
3191,105.88159561026846,0.0,96.98159561026847,-4.0,0.0,0.0,12.60000079870224,0.30000001192092896
3192,181.5591695814557,-1.0000001192092896,185.63416961125802,-23.0,0.0,0.0,19.625000778585672,0.30000001192092896
3193,72.36483009472182,0.0,64.06483009472184,2.5,-2.5,0.0,7.700000464916229,0.6000000238418579
3194,8.129377554402328,0.0,7.4543775544023285,0.0,0.0,0.0,0.3750000298023224,0.30000001192092896
3195,175.76518868945388,0.0,159.44018868945395,0.5,0.0,0.0,15.225000869482756,0.6000000238418579
3196,280.1354703451139,-1.0000001192092896,316.7104703749164,-63.80000001192093,0.0,0.0,27.325001046061516,0.9000000357627869
3197,94.83317327010877,0.0,77.68317327010874,4.0,0.0,0.0,12.850000947713852,0.30000001192092896
3198,130.64257930220384,0.0,123.3925793022038,-13.800000011920929,0.0,0.0,20.450001314282417,0.6000000238418579
3199,255.8558502957703,0.0,223.90585029577036,-1.100000023841858,-1.5,0.0,33.350002229213715,1.2000000476837158
3200,506.1506968747238,0.0,460.85069687472367,11.700000047683716,-9.0,0.0,39.900001119822264,2.7000001072883606
3201,234.94355476706076,-1.0000001192092896,217.96855479686306,-18.899999976158142,0.0,0.0,35.97500165179372,0.9000000357627869
3202,196.23643615104405,0.0,181.1364361510441,-14.800000011920929,0.0,0.0,29.300001937896013,0.6000000238418579
3203,201.85640325173742,-1.0000001192092896,183.33140328153976,-13.0,0.0,0.0,32.52500220015645,0.0
3204,188.02485047070508,0.0,166.02485047070513,3.0,0.0,0.0,19.00000098720193,0.0
3205,310.55357674356605,0.0,277.10357674356624,0.0,0.0,0.0,33.150001380592585,0.30000001192092896
3206,122.0094675470912,0.0,106.00946754709126,-2.0,0.0,0.0,17.70000049471855,0.30000001192092896
3207,63.70629997789566,0.0,53.58129997789564,-1.5,0.0,0.0,11.325000315904617,0.30000001192092896
3208,278.4628859458628,-1.0000001192092896,263.91288597566523,-28.0,0.0,0.0,43.55000327527523,0.0
3209,232.63837038273726,0.0,202.86337038273732,1.7000000476837158,0.0,0.0,27.77500170469284,0.30000001192092896
3210,224.5273159479988,-1.0000001192092896,214.3023159778012,-15.800000011920929,-1.0,0.0,27.425000991672277,0.6000000238418579
3211,241.52750954357896,-1.0000001192092896,191.75250957338133,18.0,0.0,0.0,32.77500190958381,0.0
3212,95.23513031727737,0.0,97.21013031727736,-14.0,-1.5,0.0,12.62500062584877,0.9000000357627869
3213,18.792065372898136,0.0,18.74206537289814,-1.0,0.0,0.0,0.7500000596046448,0.30000001192092896
3214,66.13781235666141,0.0,65.73781235666141,-8.5,-3.0,0.0,11.600000530481339,0.30000001192092896
3215,104.99355579848437,0.0,101.7685557984844,-4.5,-7.5,0.0,14.925000816583633,0.30000001192092896
3216,125.48032035409041,0.0,110.18032035409043,1.4000000357627869,0.0,0.0,13.300000309944153,0.6000000238418579
3217,85.84068404282169,0.0,72.4156840428217,1.399999976158142,0.0,0.0,11.425000607967377,0.6000000238418579
3218,7.675240529055496,0.0,9.000240529055496,-2.0,0.0,0.0,0.3750000298023224,0.30000001192092896
3219,191.92140810334993,0.0,197.94640810334994,-27.899999916553497,0.0,0.0,20.37500023841858,1.5000000596046448
3220,219.81346052490898,-1.0000001192092896,193.2384605547112,8.400000035762787,0.0,0.0,18.57500061765313,0.6000000238418579
3221,163.55685333518232,0.0,136.08185333518233,1.199999988079071,2.0,0.0,23.67500165104866,0.6000000238418579
3222,64.63053177332797,0.0,62.080531773327984,-9.299999952316284,0.0,0.0,11.550000846385956,0.30000001192092896
3223,49.328904838961286,0.0,42.303904838961294,-1.0,0.0,0.0,8.025000602006912,0.0
3224,184.81398020978475,-1.0000001192092896,163.81398023958698,1.0,0.0,0.0,21.000000808387995,0.0
3225,197.57084703901884,0.0,190.19584703901893,-12.300000011920929,0.0,0.0,19.375000905245543,0.30000001192092896
3226,212.70594748714996,-1.0000001192092896,194.90594751695238,-6.300000011920929,0.0,0.0,24.500001076608896,0.6000000238418579
3227,221.44802095780724,-1.0000001192092896,233.54802098760956,-33.30000001192093,0.0,0.0,20.700000826269388,1.5000000596046448
3228,313.56470978642085,-1.0000001192092896,302.5897098162231,-20.5,-6.0,0.0,38.17500177770853,0.30000001192092896
3229,85.72854014508992,0.0,79.30354014508994,-0.5,-6.0,0.0,12.62500086426735,0.30000001192092896
3230,200.2423573409721,0.0,223.49235734097206,-48.19999980926514,0.0,0.0,22.850000895559788,2.1000000834465027
3231,232.85372791732115,0.0,211.5287279173212,-11.0,0.0,0.0,32.325001042336226,0.0
3232,224.01875809214837,-1.0000001192092896,204.1687581219505,2.699999988079071,-6.0,0.0,23.250000435858965,0.9000000357627869
3233,130.45166440751797,-1.0000001192092896,116.80166443732024,-2.300000011920929,0.0,0.0,16.650000989437103,0.30000001192092896
3234,212.32449536774334,-1.0000001192092896,181.47449539754572,7.700000047683716,0.0,0.0,23.850001323968172,0.30000001192092896
3235,196.09132235149133,-1.0000001192092896,166.84132238129362,2.699999988079071,0.0,0.0,26.9500013589859,0.6000000238418579
3236,78.22140222806377,0.0,78.99640222806379,-10.5,-3.0,0.0,12.425000697374344,0.30000001192092896
3237,182.54708762347283,0.0,165.87208762347282,-0.30000001192092896,0.0,0.0,16.375000331550837,0.6000000238418579
3238,433.23208961343664,0.0,393.60708961343624,-16.0,-3.0,0.0,57.72500241547823,0.9000000357627869
3239,226.56136257966077,-1.0000001192092896,230.56136260946312,-33.59999996423721,0.0,0.0,29.70000085607171,0.9000000357627869
3240,137.88184934407528,0.0,115.65684934407525,-0.5,0.0,0.0,22.425001174211502,0.30000001192092896
3241,59.07788257560202,0.0,53.852882575602,-4.299999952316284,0.0,0.0,9.225000590085983,0.30000001192092896
3242,151.8901970434436,0.0,144.71519704344365,-10.599999964237213,0.0,0.0,17.17500053346157,0.6000000238418579
3243,9.730251006752258,0.0,9.055251006752258,0.0,0.0,0.0,0.3750000298023224,0.30000001192092896
3244,215.20161726945778,0.0,193.50161726945777,-5.0,0.0,0.0,26.400001376867294,0.30000001192092896
3245,192.96802207023242,0.0,182.61802207023254,-13.300000011920929,0.0,0.0,23.050000458955765,0.6000000238418579
3246,206.71906821038212,-1.0000001192092896,181.94406824018444,8.5,0.0,0.0,16.675000581890345,0.6000000238418579
3247,239.69582235605432,-1.0000001192092896,218.67082238585675,-5.300000011920929,0.0,0.0,27.025000751018524,0.30000001192092896
3248,9.71030651147747,0.0,9.03530651147747,0.0,0.0,0.0,0.3750000298023224,0.30000001192092896
3249,240.029289225224,-1.0000001192092896,229.52928925502636,1.0999999642372131,0.0,0.0,9.200000513345003,1.2000000476837158
3250,10.879941463107617,0.0,10.829941463107616,-1.0,0.0,0.0,0.7500000596046448,0.30000001192092896
3251,282.2508162514743,0.0,254.85081625147407,-11.0,0.0,0.0,38.40000190958381,0.0
3252,223.74259789662878,0.0,268.44259789662885,-65.49999982118607,0.0,0.0,19.00000048801303,1.8000000715255737
3253,182.85898279945044,-1.0000001192092896,162.88398282925272,4.0,0.0,0.0,16.675000313669443,0.30000001192092896
3254,139.39827437219023,0.0,140.77327437219023,-10.899999976158142,0.0,0.0,8.025000423192978,1.5000000596046448
3255,231.08311785886883,-1.0000001192092896,284.08311788867127,-74.79999995231628,0.0,0.0,22.200000662356615,0.6000000238418579
3256,249.6505684569683,-1.0000001192092896,220.10056848677073,0.0,0.0,0.0,30.550001729279757,0.0
3257,151.6339653330684,-1.0000001192092896,141.78396536287073,-2.0,0.0,0.0,12.85000054910779,0.0
3258,114.58395510166143,0.0,107.03395510166142,-7.599999964237213,0.0,0.0,14.550000607967377,0.6000000238418579
3259,106.12800976643153,0.0,79.55300976643154,17.5,-3.0,0.0,11.175000756978989,0.9000000357627869
3260,193.53421985545558,-1.0000001192092896,181.68421988525776,-12.0,0.0,0.0,24.850001323968172,0.0
3261,58.15826097757701,0.0,49.68326097757701,0.0,0.0,0.0,8.475000232458115,0.0
3262,304.9407308619573,-1.0000001192092896,280.8157308917594,-7.599999964237213,0.0,0.0,32.125001072883606,0.6000000238418579
3263,6.097839364418712,0.0,7.422839364418712,-2.0,0.0,0.0,0.3750000298023224,0.30000001192092896
3264,143.3613343593443,0.0,146.4113343593443,-21.299999952316284,0.0,0.0,17.650000900030136,0.6000000238418579
3265,93.00425440956506,0.0,80.87925440956505,-1.0,0.0,0.0,13.12500074505806,0.0
3266,105.60159678999943,0.0,100.07659678999944,-8.300000011920929,0.0,0.0,13.525000184774399,0.30000001192092896
3267,227.95682366771192,0.0,194.80682366771202,2.199999988079071,-3.0,0.0,33.350002497434616,0.6000000238418579
3268,304.22503355089026,-1.0000001192092896,259.62503358069273,11.5,-7.0,0.0,40.20000286772847,0.9000000357627869
3269,46.10896365175655,0.0,44.108963651756554,-6.0,0.0,0.0,8.000000536441803,0.0
3270,100.93813833756626,0.0,97.26313833756623,-11.0,0.0,0.0,14.675000298768282,0.0
3271,228.14986544719102,-1.0000001192092896,215.04986547699335,-13.600000023841858,0.0,0.0,27.100001342594624,0.6000000238418579
3272,22.25403736448394,0.0,22.20403736448394,-1.0,0.0,0.0,0.7500000596046448,0.30000001192092896
3273,8.114840277293863,0.0,7.439840277293864,0.0,0.0,0.0,0.3750000298023224,0.30000001192092896
3274,279.12689148750866,0.0,270.0768914875087,-19.599999964237213,0.0,0.0,27.750000715255737,0.9000000357627869
3275,12.052330583259867,0.0,14.627330583259866,-4.0,0.0,0.0,1.1250000894069672,0.30000001192092896
3276,7.698556644936153,0.0,9.023556644936154,-2.0,0.0,0.0,0.3750000298023224,0.30000001192092896
3277,382.05410006463256,-1.0000001192092896,336.5041000944349,8.0,0.0,0.0,38.550002593547106,0.0
3278,247.8218663150947,0.0,211.22186631509473,6.5,0.0,0.0,29.800001613795757,0.30000001192092896
3279,8.12201920748344,0.0,7.447019207483439,0.0,0.0,0.0,0.3750000298023224,0.30000001192092896
3280,68.81707700642545,0.0,61.34207700642544,-2.299999952316284,0.0,0.0,9.475000381469727,0.30000001192092896
3281,7.703117681944239,0.0,9.02811768194424,-2.0,0.0,0.0,0.3750000298023224,0.30000001192092896
3282,107.44114003654406,0.0,94.66614003654409,0.0,0.0,0.0,12.475000709295273,0.30000001192092896
3283,9.70851833066964,0.0,9.03351833066964,0.0,0.0,0.0,0.3750000298023224,0.30000001192092896
3284,190.64611741346496,-1.0000001192092896,168.69611744326733,9.0,0.0,0.0,13.650000177323818,0.30000001192092896
3285,227.07495237533615,-1.0000001192092896,222.5999524051384,-21.0,0.0,0.0,26.175000671297312,0.30000001192092896
3286,202.69482518656827,-1.0000001192092896,177.26982521637058,2.0,0.0,0.0,24.425000209361315,0.0
3287,166.75243655134807,0.0,158.35243655134806,-5.0,0.0,0.0,13.100001018494368,0.30000001192092896
3288,216.48661439324468,-1.0000001192092896,183.96161442304705,6.0,0.0,0.0,27.2250014282763,0.30000001192092896
3289,250.60113460349552,0.0,229.00113460349544,7.0,0.0,0.0,14.300000309944153,0.30000001192092896
3290,209.81851048785464,0.0,196.19351048785478,2.899999976158142,-11.5,0.0,21.325000915676355,0.9000000357627869
3291,166.88287269182814,-1.0000001192092896,161.40787272163047,-11.0,0.0,0.0,17.475000116974115,0.0
3292,279.1977761814676,0.0,325.29777618146755,-75.80000001192093,0.0,0.0,28.80000102519989,0.9000000357627869
3293,130.76074788762568,0.0,118.5357478876257,-4.599999964237213,0.0,0.0,16.22500053793192,0.6000000238418579
3294,203.8722175281232,0.0,168.22221752812325,8.399999976158142,0.0,0.0,26.350001454353333,0.9000000357627869
3295,8.130413123783374,0.0,7.455413123783374,0.0,0.0,0.0,0.3750000298023224,0.30000001192092896
3296,82.71178930012624,0.0,65.28678930012626,7.5,0.5,0.0,8.825000554323196,0.6000000238418579
3297,210.58667477693496,0.0,174.76167477693505,14.0,0.0,0.0,21.82500145584345,0.0
3298,196.386852843805,0.0,172.86185284380497,-4.599999964237213,0.0,0.0,27.525001034140587,0.6000000238418579
3299,174.6488625431846,-1.0000001192092896,160.27386257298696,-3.300000011920929,0.0,0.0,18.075000811368227,0.6000000238418579
3300,13.96479017526241,0.0,14.53979017526241,-2.0,0.0,0.0,1.1250000894069672,0.30000001192092896
3301,176.33908416090034,0.0,187.41408416090025,-26.0,0.0,0.0,14.625000718981028,0.30000001192092896
3302,54.92448231377303,0.0,43.59948231377304,3.0,0.0,0.0,8.325000494718552,0.0
3303,17.99178135649397,0.0,18.566781356493973,-2.0,0.0,0.0,1.1250000894069672,0.30000001192092896
3304,206.05238962702705,-1.0000001192092896,160.65238965682943,21.69999998807907,0.0,0.0,24.40000193193555,0.30000001192092896
3305,239.25185737595007,-1.0000001192092896,214.25185740575245,-4.0,0.0,0.0,30.000001523643732,0.0
3306,189.48681928745023,0.0,170.5118192874502,-6.0,0.0,0.0,24.975000828504562,0.0
3307,155.1142872279867,0.0,159.83928722798666,-22.80000001192093,0.0,0.0,17.47500080615282,0.6000000238418579
3308,161.66461998837286,0.0,162.88961998837297,-19.5,-4.5,0.0,22.175000965595245,0.6000000238418579
3309,240.95592096230234,0.0,225.35592096230224,-5.0,0.0,0.0,20.300001092255116,0.30000001192092896
3310,88.85451029902401,1.0000001192092896,72.20451026922171,3.0,0.0,1.0,11.650000751018524,0.0
3311,73.15092236084364,0.0,61.05092236084361,1.0,0.0,0.0,10.8000009059906,0.30000001192092896
3312,166.980733035203,0.0,137.90573303520296,7.0,0.0,0.0,21.77500107884407,0.30000001192092896
3313,213.64251524534313,0.0,214.4925152453432,-25.5,-1.5,0.0,24.65000095963478,1.5000000596046448
3314,101.03649280791458,0.0,85.51149280791458,5.5,0.0,0.0,9.725000590085983,0.30000001192092896
3315,8.940425886500233,0.0,10.890425886500232,-3.0,0.0,0.0,0.7500000596046448,0.30000001192092896
3316,276.59673394375864,-1.0000001192092896,227.99673397356094,12.400000095367432,0.0,0.0,36.30000114813447,0.9000000357627869
3317,55.00765375944248,0.0,49.03265375944248,-4.0,0.0,0.0,9.975000590085983,0.0
3318,157.9053574425709,-1.0000001192092896,148.2303574723731,-2.0,0.0,0.0,12.675000622868538,0.0
3319,8.130264992721393,0.0,7.455264992721393,0.0,0.0,0.0,0.3750000298023224,0.30000001192092896
3320,150.81042692392393,0.0,136.760426923924,-4.300000011920929,0.0,0.0,17.750000700354576,0.6000000238418579
3321,210.68942880648967,0.0,177.51442880648975,6.699999988079071,0.0,0.0,26.175000958144665,0.30000001192092896
3322,6.128335536548102,0.0,7.453335536548102,-2.0,0.0,0.0,0.3750000298023224,0.30000001192092896
3323,59.67217052716458,0.0,58.5471705271646,-6.299999952316284,0.0,0.0,6.825000286102295,0.6000000238418579
3324,58.727255445927,0.0,52.277255445927004,-4.0,0.0,0.0,10.45000085234642,0.0
3325,284.1215780632964,0.0,237.12157806329648,16.0,0.0,0.0,30.700001269578934,0.30000001192092896
3326,204.34147962467858,-1.0000001192092896,192.71647965448093,-3.0,0.0,0.0,15.625000443309546,0.0
3327,178.07444391065184,0.0,161.9744439106517,-5.299999952316284,0.0,0.0,21.10000031813979,0.30000001192092896
3328,117.42996427829074,0.0,101.70496427829075,-0.30000001192092896,0.0,0.0,15.725000858306885,0.30000001192092896
3329,77.34270839653102,0.0,57.94270839653104,10.0,0.0,0.0,9.10000067949295,0.30000001192092896
3330,6.110845533668872,0.0,7.435845533668873,-2.0,0.0,0.0,0.3750000298023224,0.30000001192092896
3331,262.5901866136746,-1.0000001192092896,215.89018664347694,21.0,0.0,0.0,26.700001258403063,0.0
3332,244.7082924846247,0.0,213.1082924846246,5.200000047683716,0.0,0.0,25.50000123679638,0.9000000357627869
3333,122.5457099290406,0.0,108.07070992904059,-2.300000011920929,0.0,0.0,16.47500090301037,0.30000001192092896
3334,274.72583085664377,-1.0000001192092896,295.5008308864462,-58.0,-1.5,0.0,39.125001806765795,0.6000000238418579
3335,176.1562186475828,-1.0000001192092896,159.68121867738517,1.0,0.0,0.0,16.175000566989183,0.30000001192092896
3336,189.18367543696965,-1.0000001192092896,160.608675466772,15.5,-5.5,0.0,19.2750003375113,0.30000001192092896
3337,203.86950207567133,0.0,211.74450207567116,-23.799999952316284,0.0,0.0,14.125000465661287,1.8000000715255737
3338,121.22467307245917,0.0,97.27467307245918,10.0,0.0,0.0,13.950000643730164,0.0
3339,194.89025837790678,-1.0000001192092896,167.86525840770904,8.0,0.0,0.0,19.725000575184822,0.30000001192092896
3340,177.6193504197606,0.0,143.81935041976064,16.69999998807907,0.0,0.0,16.80000051110983,0.30000001192092896
3341,6.1234508908795675,0.0,7.448450890879567,-2.0,0.0,0.0,0.3750000298023224,0.30000001192092896
3342,7.326715734683538,0.0,9.276715734683538,-3.0,0.0,0.0,0.7500000596046448,0.30000001192092896
3343,370.0377360695485,-1.0000001192092896,310.087736099351,15.0,0.0,0.0,45.950002528727055,0.0
3344,140.83568540960212,0.0,128.41068540960214,-8.300000011920929,0.0,0.0,20.425001446157694,0.30000001192092896
3345,120.91476361917829,0.0,115.4647636191783,-8.0,0.0,0.0,12.55000051483512,0.9000000357627869
3346,324.73807712827727,-1.0000001192092896,308.71307715807967,-5.5,-9.0,0.0,31.225000899285078,0.30000001192092896
3347,168.3307659768377,0.0,144.7557659768377,-0.7999999523162842,0.0,0.0,23.775001496076584,0.6000000238418579
3348,69.72926860403467,0.0,52.329268604034674,8.400000035762787,0.0,0.0,8.4000004529953,0.6000000238418579
3349,6.1056987438552115,0.0,7.430698743855211,-2.0,0.0,0.0,0.3750000298023224,0.30000001192092896
3350,219.5563540365174,0.0,196.68135403651746,-2.0,0.0,0.0,24.875001206994057,0.0
3351,224.13884338398745,-1.0000001192092896,203.58884341378982,0.0,0.0,0.0,21.55000001564622,0.0
3352,340.36846833614237,0.0,281.0684683361425,17.300000071525574,-3.0,0.0,43.20000211894512,1.8000000715255737
3353,181.16079747805324,-1.0000001192092896,163.66079750785556,-3.599999964237213,0.0,0.0,21.50000085309148,0.6000000238418579
3354,167.1896042304693,-1.0000001192092896,156.2396042602716,-4.0,0.0,0.0,15.950000617653131,0.0
3355,117.81025208436094,0.0,91.03525208436096,10.700000047683716,0.0,0.0,15.475001007318497,0.6000000238418579
3356,163.5910581183863,-1.0000001192092896,160.24105814818867,-16.299999952316284,0.0,0.0,20.35000065341592,0.30000001192092896
3357,231.79306363121998,0.0,191.4930636312199,13.0,0.0,0.0,27.00000110268593,0.30000001192092896
3358,7.369232883652949,0.0,9.319232883652951,-3.0,0.0,0.0,0.7500000596046448,0.30000001192092896
3359,109.29284946947915,0.0,89.54284946947914,6.699999988079071,0.0,0.0,12.750000774860382,0.30000001192092896
3360,7.708583651855866,0.0,9.033583651855867,-2.0,0.0,0.0,0.3750000298023224,0.30000001192092896
3361,163.0789840374922,0.0,149.67898403749217,-4.299999952316284,0.0,0.0,17.100000716745853,0.6000000238418579
3362,55.38970355347595,0.0,47.16470355347595,-1.0,0.0,0.0,9.225000321865082,0.0
3363,515.1720270481294,-1.0000001192092896,435.6970270779316,28.0,-3.0,0.0,54.875002700835466,0.6000000238418579
3364,29.83025990516741,0.0,24.980259905167408,0.0,0.0,0.0,4.850000351667404,0.0
3365,223.4591143509356,-1.0000001192092896,189.20911438073784,18.0,0.0,0.0,17.250000786036253,0.0
3366,164.99872126909986,0.0,147.7987212690998,2.0,0.0,0.0,15.200000654906034,0.0
3367,9.697396423605527,0.0,9.022396423605528,0.0,0.0,0.0,0.3750000298023224,0.30000001192092896
3368,206.21591489276054,-1.0000001192092896,189.74091492256287,-11.5,0.0,0.0,28.37500186637044,0.6000000238418579
3369,54.192959398598845,0.0,51.267959398598826,-7.0,0.0,0.0,9.925000637769699,0.0
3370,204.84046253889792,-1.0000001192092896,189.2404625687002,-5.299999952316284,0.0,0.0,21.600000582635403,0.30000001192092896
3371,301.27972185225855,-1.0000001192092896,280.0297218820611,-11.0,0.0,0.0,32.950001657009125,0.30000001192092896
3372,43.22151423684841,0.0,38.17151423684842,-2.0,0.0,0.0,7.050000548362732,0.0
3373,131.01680291404,0.0,117.39180291404004,-1.300000011920929,0.0,0.0,14.325000554323196,0.6000000238418579
3374,140.01755226921642,-1.0000001192092896,125.04255229901882,3.0,0.0,0.0,12.975000619888306,0.0
3375,332.15122930723146,0.0,292.47622930723156,2.0,-3.0,0.0,39.775001119822264,0.9000000357627869
3376,184.69742665151213,0.0,153.99742665151217,13.5,0.0,0.0,16.600001145154238,0.6000000238418579
3377,214.26297186494557,-1.0000001192092896,178.13797189474778,17.0,-4.5,0.0,23.725001249462366,0.9000000357627869
3378,193.05266160716099,0.0,175.92766160716104,-1.5,-10.5,0.0,27.925000816583633,1.2000000476837158
3379,299.3736871148186,-1.0000001192092896,251.44868714462095,9.699999988079071,0.0,0.0,38.92500199750066,0.30000001192092896
3380,162.98127901820715,-1.0000001192092896,140.60627904800955,10.0,0.0,0.0,13.37500025704503,0.0
3381,9.718970825567373,0.0,9.043970825567374,0.0,0.0,0.0,0.3750000298023224,0.30000001192092896
3382,225.41712268060857,-1.0000001192092896,195.69212271041093,6.0,0.0,0.0,24.425000492483377,0.30000001192092896
3383,215.67873509803465,0.0,207.97873509803458,-12.799999952316284,0.0,0.0,19.60000105947256,0.9000000357627869
3384,209.01105188735855,-1.0000001192092896,193.71105191716092,-1.300000011920929,0.0,0.0,16.700000505894423,0.9000000357627869
3385,322.21739280452204,0.0,272.91739280452214,6.199999988079071,0.0,0.0,41.90000256896019,1.2000000476837158
3386,7.360828709173035,0.0,9.310828709173036,-3.0,0.0,0.0,0.7500000596046448,0.30000001192092896
3387,158.71052984190703,-1.0000001192092896,137.61052987170942,6.699999988079071,0.0,0.0,15.100000381469727,0.30000001192092896
3388,194.53183009278567,-1.0000001192092896,171.05683012258788,5.699999988079071,0.0,0.0,17.875000935047865,0.9000000357627869
3389,6.120143593134622,0.0,7.445143593134623,-2.0,0.0,0.0,0.3750000298023224,0.30000001192092896
3390,53.423997779606374,0.0,45.32399777960639,0.0,0.0,0.0,8.100000441074371,0.0
3391,162.77190920509906,0.0,138.04690920509913,5.699999988079071,0.0,0.0,18.42500051856041,0.6000000238418579
3392,41.82838117769754,0.0,34.20338117769755,1.0,0.0,0.0,6.625000506639481,0.0
3393,239.53502246772226,-1.0000001192092896,222.88502249752457,-1.5999999642372131,0.0,0.0,18.35000042617321,0.9000000357627869
3394,125.83514900399621,0.0,109.68514900399626,2.699999988079071,0.0,0.0,12.250000342726707,1.2000000476837158
3395,248.24721478361536,0.0,230.54721478361526,2.5,-15.0,0.0,29.600001752376556,0.6000000238418579
3396,73.83740422203954,0.0,67.21240422203954,-5.300000011920929,0.0,0.0,11.62500086426735,0.30000001192092896
3397,227.81045660748384,-1.0000001192092896,201.41045663728616,3.699999988079071,0.0,0.0,23.400000978261232,0.30000001192092896
3398,248.87936992120234,1.0000001192092896,249.95436989139995,-35.0,0.0,1.0,31.625001177191734,0.30000001192092896
3399,131.8260056881595,0.0,134.80100568815953,-16.0,0.0,0.0,13.02500057592988,0.0
3400,141.15934946098523,0.0,117.88434946098515,6.700000047683716,0.0,0.0,16.2750001847744,0.30000001192092896
3401,174.57238806694505,-1.0000001192092896,150.57238809674735,7.199999988079071,0.0,0.0,17.200000654906034,0.6000000238418579
3402,187.5491646075545,0.0,134.32416460755454,30.0,0.0,0.0,23.225001014769077,0.0
3403,208.569768337439,0.0,202.14476833743893,-6.5,-9.0,0.0,21.625001221895218,0.30000001192092896
3404,192.52213364689038,-1.0000001192092896,161.5471336766928,14.0,0.0,0.0,17.975000597536564,0.0
3405,170.653378527341,0.0,144.87837852734094,12.700000047683716,0.0,0.0,12.475000470876694,0.6000000238418579
3406,183.38986881408886,-1.0000001192092896,158.53986884389118,7.0,0.0,0.0,18.550000596791506,0.30000001192092896
3407,224.65708145168017,0.0,193.08208145168007,11.0,0.0,0.0,20.575000561773777,0.0
3408,9.710595483783038,0.0,9.035595483783037,0.0,0.0,0.0,0.3750000298023224,0.30000001192092896
3409,142.63440870489242,1.0000001192092896,111.6594086750901,11.0,0.0,1.0,17.975001096725464,0.0
3410,63.025768812761434,0.0,49.87576881276142,4.5,0.0,0.0,8.350000351667404,0.30000001192092896
3411,245.74053463035338,1.0000001192092896,232.01553460055112,-5.099999904632568,-4.5,1.0,20.125000681728125,1.2000000476837158
3412,208.88020950586898,-1.0000001192092896,175.43020953567128,14.5,-4.5,0.0,24.150001425296068,0.30000001192092896
3413,235.3470557627605,0.0,204.37205576276048,2.899999976158142,-3.0,0.0,30.175000578165054,0.9000000357627869
3414,118.50164443528287,0.0,93.65164443528289,12.0,0.0,0.0,12.850000515580177,0.0
3415,200.21036687043843,0.0,170.7103668704384,10.399999976158142,0.0,0.0,18.2000007070601,0.9000000357627869
3416,86.40094846121268,0.0,65.72594846121268,10.0,0.0,0.0,10.375000804662704,0.30000001192092896
3417,213.82845710809696,-1.0000001192092896,191.87845713789923,3.699999988079071,0.0,0.0,18.950000625103712,0.30000001192092896
3418,363.19612700261246,0.0,437.1711270026125,-76.99999988079071,-30.0,0.0,29.725000582635403,3.3000001311302185
3419,146.3636081358183,0.0,135.76360813581823,0.0,-7.5,0.0,16.90000069141388,1.2000000476837158
3420,9.35603240595565,0.0,9.30603240595565,-1.0,0.0,0.0,0.7500000596046448,0.30000001192092896
3421,17.48682831488773,0.0,16.81182831488773,0.0,0.0,0.0,0.3750000298023224,0.30000001192092896
3422,54.62860213803929,0.0,40.4036021380393,7.0,0.0,0.0,7.2250005304813385,0.0
3423,218.2806309932995,-1.0000001192092896,198.20563102310174,5.0,0.0,0.0,16.075000531971455,0.0
3424,210.51886869801532,0.0,188.84386869801526,-3.0,0.0,0.0,24.37500113248825,0.30000001192092896
3425,274.77750529984024,-1.0000001192092896,265.15250532964257,-12.299999952316284,0.0,0.0,22.325000636279583,0.6000000238418579
3426,9.113846484060302,0.0,11.063846484060301,-3.0,0.0,0.0,0.7500000596046448,0.30000001192092896
3427,216.261530919365,0.0,186.66153091936496,-2.5,-1.5,0.0,33.00000211596489,0.6000000238418579
3428,172.81513212341332,0.0,157.01513212341337,-7.300000011920929,0.0,0.0,22.50000111758709,0.6000000238418579
3429,155.9984761189476,0.0,141.5734761189476,1.5,-6.0,0.0,18.02500107884407,0.9000000357627869
3430,160.61211291105207,0.0,168.56211291105205,-25.0,0.0,0.0,16.15000056475401,0.9000000357627869
3431,6.098312806304416,0.0,7.423312806304415,-2.0,0.0,0.0,0.3750000298023224,0.30000001192092896
3432,259.9184319309792,-1.0000001192092896,230.49343196078124,1.699999988079071,0.0,0.0,28.125001072883606,0.6000000238418579
3433,371.65107717159634,-1.0000001192092896,316.42607720139864,16.0,0.0,0.0,40.225002229213715,0.0
3434,6.121441949058116,0.0,7.446441949058116,-2.0,0.0,0.0,0.3750000298023224,0.30000001192092896
3435,157.59308051673227,0.0,133.46808051673233,2.400000035762787,0.0,0.0,21.125000711530447,0.6000000238418579
3436,283.75022661835334,-1.0000001192092896,269.0252266481556,-5.300000011920929,0.0,0.0,20.72500105574727,0.30000001192092896
3437,73.00907157953651,0.0,76.80907157953649,3.0,-16.5,0.0,9.100000590085983,0.6000000238418579
3438,122.90669367689605,0.0,108.58169367689608,0.19999998807907104,-4.5,0.0,18.02500095963478,0.6000000238418579
3439,229.3680230264468,-1.0000001192092896,208.81802305624905,-4.5,0.0,0.0,25.450000926852226,0.6000000238418579
3440,232.1821808449019,0.0,215.35718084490185,2.5,-14.5,0.0,27.925001457333565,0.9000000357627869
3441,100.07039963122519,0.0,88.69539963122516,-1.0,0.0,0.0,12.375000193715096,0.0
3442,190.44890830187353,-1.0000001192092896,159.82390833167585,18.400000035762787,0.0,0.0,12.62500037625432,0.6000000238418579
3443,7.692118899843216,0.0,9.017118899843217,-2.0,0.0,0.0,0.3750000298023224,0.30000001192092896
3444,142.85046394163885,0.0,141.12546394163886,-18.5,0.0,0.0,19.925000861287117,0.30000001192092896
3445,13.946744307924314,0.0,14.521744307924314,-2.0,0.0,0.0,1.1250000894069672,0.30000001192092896
3446,73.03735091837264,0.0,57.71235091837262,4.5,0.0,0.0,10.525000542402267,0.30000001192092896
3447,258.9969875641266,0.0,237.42198756412677,-2.900000035762787,0.0,0.0,23.575000636279583,0.9000000357627869
3448,19.426887955260845,0.0,18.751887955260848,0.0,0.0,0.0,0.3750000298023224,0.30000001192092896
3449,10.199477680240228,0.0,12.774477680240228,-4.0,0.0,0.0,1.1250000894069672,0.30000001192092896
3450,199.86378836103873,0.0,184.6637883610388,-7.5,0.0,0.0,22.10000079870224,0.6000000238418579
3451,109.84595806783503,1.0000001192092896,99.59595803803266,8.0,-13.5,1.0,13.150000870227814,0.6000000238418579
3452,277.09160458654685,-1.0000001192092896,205.2666046163492,51.69999998807907,0.0,0.0,20.825000520795584,0.30000001192092896
3453,194.33594010958137,1.0000001192092896,158.18594007977913,8.700000047683716,0.0,1.0,24.850001126527786,0.6000000238418579
3454,151.4759092808311,-1.0000001192092896,142.52590931063347,-3.300000011920929,0.0,0.0,12.950000382959843,0.30000001192092896
3455,327.4609437104349,0.0,297.81094371043525,-11.299999952316284,0.0,0.0,40.350001592189074,0.6000000238418579
3456,302.30809164813707,-1.0000001192092896,264.1580916779394,17.100000083446503,0.0,0.0,21.150000635534525,0.9000000357627869
3457,264.4633857030317,-1.0000001192092896,221.31338573283404,8.5,-1.5,0.0,36.250003073364496,0.9000000357627869
3458,247.08666496237484,-1.0000001192092896,231.561664992177,2.0,0.0,0.0,14.225000690668821,0.30000001192092896
3459,212.80026221136112,-1.0000001192092896,198.72526224116342,-4.0,0.0,0.0,19.075000423938036,0.0
3460,193.92262823689782,0.0,163.57262823689786,15.400000035762787,0.0,0.0,14.350000657141209,0.6000000238418579
3461,213.42517152019613,-1.0000001192092896,176.62517154999856,16.0,0.0,0.0,21.50000064447522,0.30000001192092896
3462,257.9629573769318,0.0,195.98795737693175,32.0,0.0,0.0,29.97500116750598,0.0
3463,124.42076769270173,0.0,103.17076769270169,0.0,0.0,0.0,21.250000834465027,0.0
3464,347.37082319402714,0.0,296.17082319402715,25.19999998807907,-1.5,0.0,26.00000099092722,1.5000000596046448
3465,9.692389521667646,0.0,9.017389521667646,0.0,0.0,0.0,0.3750000298023224,0.30000001192092896
3466,67.77018678667586,0.0,59.1701867866759,-3.0,0.0,0.0,11.600000470876694,0.0
3467,153.5072791562487,-1.0000001192092896,125.4822791860511,17.0,0.0,0.0,12.025000412017107,0.0
3468,72.78510400172445,0.0,51.235104001724466,13.0,0.0,0.0,8.250000655651093,0.30000001192092896
3469,139.38501329198328,0.0,106.38501329198328,18.5,0.0,0.0,13.900000914931297,0.6000000238418579
3470,177.4522227499753,-1.0000001192092896,142.90222277977767,22.100000023841858,0.0,0.0,12.250000409781933,1.2000000476837158
3471,247.16700823273843,0.0,302.71700823273846,-85.59999990463257,0.0,0.0,29.15000094473362,0.9000000357627869
3472,241.8093222378536,0.0,202.58432223785354,14.199999988079071,0.0,0.0,24.425001323223114,0.6000000238418579
3473,209.68911317745042,0.0,179.0641131774505,11.700000047683716,0.0,0.0,18.625000528991222,0.30000001192092896
3474,421.03148042317514,-1.0000001192092896,360.9064804529775,27.5,0.0,0.0,33.32500148192048,0.30000001192092896
3475,199.1557989210549,0.0,146.63079892105478,32.40000003576279,0.0,0.0,19.225000753998756,0.9000000357627869
3476,229.98685833705514,-1.0000001192092896,190.11185836685758,16.5,-1.5,0.0,25.57500147074461,0.30000001192092896
3477,413.0649758226855,0.0,350.7149758226856,6.300000011920929,-1.5,0.0,55.4500028192997,2.1000000834465027
3478,151.26363595916428,0.0,144.43863595916426,7.5,-18.0,0.0,16.425001233816147,0.9000000357627869
3479,114.65893472217431,0.0,87.3589347221743,11.0,0.0,0.0,16.000000417232513,0.30000001192092896
3480,212.0071160037321,0.0,193.8571160037322,-4.099999964237213,0.0,0.0,21.05000028014183,1.2000000476837158
3481,185.05059857184906,-1.0000001192092896,142.65059860165147,26.0,0.0,0.0,17.40000081062317,0.0
3482,292.5806588126461,-1.0000001192092896,271.6306588424484,-6.0,0.0,0.0,27.95000096783042,0.0
3483,152.1933425072633,0.0,151.8183425072633,-14.899999916553497,0.0,0.0,14.37500074878335,0.9000000357627869
3484,183.64671890528933,0.0,153.89671890528936,8.400000035762787,0.0,0.0,20.750000581145287,0.6000000238418579
3485,248.89610480177384,0.0,214.5961048017741,10.5,-1.5,0.0,25.000001166015863,0.30000001192092896
3486,134.26807069785104,-1.0000001192092896,116.14307072765337,7.0,0.0,0.0,12.125000718981028,0.0
3487,64.98501372442306,0.0,52.03501372442306,3.0,0.0,0.0,9.950000584125519,0.0
3488,7.68357186340876,0.0,9.008571863408761,-2.0,0.0,0.0,0.3750000298023224,0.30000001192092896
3489,112.5150515316152,0.0,92.9150515316152,6.700000047683716,0.0,0.0,12.000000208616257,0.9000000357627869
3490,535.7044554337956,0.0,448.7044554337964,23.100000083446503,0.0,0.0,62.700002294033766,1.2000000476837158
3491,109.07055314325859,0.0,83.0955531432586,12.0,0.0,0.0,13.974999994039536,0.0
3492,198.95304408020456,0.0,171.2280440802046,13.5,-7.5,0.0,20.82500135153532,0.9000000357627869
3493,84.63231079527621,0.0,65.80731079527621,9.0,0.0,0.0,9.525000482797623,0.30000001192092896
3494,56.11370902908656,0.0,50.33870902908656,-3.0,0.0,0.0,8.775000274181366,0.0
3495,193.12379973666378,0.0,163.54879973666365,6.700000047683716,0.0,0.0,22.57500133663416,0.30000001192092896
3496,302.1420071951656,0.0,249.1420071951653,18.900000035762787,0.0,0.0,33.20000109449029,0.9000000357627869
3497,222.2094382556188,0.0,235.58443825561878,-53.299999952316284,0.0,0.0,39.32500199973583,0.6000000238418579
3498,164.62493296372602,-1.0000001192092896,136.84993299352828,16.700000047683716,0.0,0.0,11.775000635534525,0.30000001192092896
3499,260.8484958144465,-1.0000001192092896,229.47349584424876,8.0,0.0,0.0,24.375001210719347,0.0
3500,231.13838622536167,0.0,177.0133862253615,30.0,0.0,0.0,24.1250006146729,0.0
3501,191.53360833003484,0.0,162.45860833003488,11.499999940395355,0.0,0.0,15.775000557303429,1.8000000715255737
3502,287.67784491558564,-1.0000001192092896,233.2028449453879,19.400000035762787,0.0,0.0,35.4750018902123,0.6000000238418579
3503,277.50078739767554,-1.0000001192092896,210.9507874274777,38.0,0.0,0.0,29.25000124797225,0.30000001192092896
3504,7.95433338880561,0.0,9.279333388805611,-2.0,0.0,0.0,0.3750000298023224,0.30000001192092896
3505,191.77611407614566,-1.0000001192092896,165.97611410594786,6.699999988079071,0.0,0.0,19.800000671297312,0.30000001192092896
3506,177.76941849787,0.0,145.46941849786995,9.0,0.0,0.0,23.300001069903374,0.0
3507,176.25779087797713,0.0,174.6077908779771,-15.899999976158142,0.0,0.0,16.350000709295273,1.2000000476837158
3508,98.80867884749955,0.0,96.63367884749952,-7.0,0.0,0.0,9.175000488758087,0.0
3509,120.7035262375794,0.0,105.12852623757945,7.0,0.0,0.0,8.575000539422035,0.0
3510,77.2774803973628,0.0,64.80248039736277,2.699999988079071,0.0,0.0,9.475000515580177,0.30000001192092896
3511,285.47094127551503,0.0,261.4459412755152,3.5,-7.5,0.0,27.725000821053982,0.30000001192092896
3512,188.23004389921047,0.0,160.68004389921043,4.699999988079071,0.0,0.0,22.550001073628664,0.30000001192092896
3513,285.3218333702852,-1.0000001192092896,217.87183340008767,39.39999997615814,0.0,0.0,28.450001552700996,0.6000000238418579
3514,133.27055763289437,0.0,115.0205576328944,-0.2999999523162842,0.0,0.0,18.25000098347664,0.30000001192092896
3515,188.02525260782693,0.0,188.30025260782688,-22.599999964237213,0.0,0.0,21.72500041127205,0.6000000238418579
3516,169.1774443676373,0.0,136.47744436763728,11.0,0.0,0.0,21.40000046789646,0.30000001192092896
3517,116.07877591188753,0.0,104.9287759118875,-1.0,0.0,0.0,11.55000053346157,0.6000000238418579
3518,110.32342836115905,0.0,93.34842836115907,-0.30000001192092896,0.0,0.0,16.975000977516174,0.30000001192092896
3519,62.057894294555304,0.0,49.732894294555315,3.699999988079071,0.0,0.0,8.325000494718552,0.30000001192092896
3520,190.0772113934928,-1.0000001192092896,157.90221142329514,13.0,0.0,0.0,19.87500111013651,0.30000001192092896
3521,202.22172972985663,-1.0000001192092896,183.671729759659,3.0,0.0,0.0,16.250000428408384,0.30000001192092896
3522,134.01020201605408,0.0,116.1602020160541,2.700000047683716,0.0,0.0,14.550000637769699,0.6000000238418579
3523,128.94063571522463,0.0,104.44063571522462,11.0,0.0,0.0,13.200000360608101,0.30000001192092896
3524,165.35806188136388,-1.0000001192092896,132.58306191116617,20.0,0.0,0.0,13.775000635534525,0.0
3525,122.40515535715164,0.0,105.83015535715163,5.0,0.0,0.0,10.975000627338886,0.6000000238418579
3526,50.18514199637796,0.0,49.63514199637795,-7.300000011920929,0.0,0.0,7.550000488758087,0.30000001192092896
3527,179.4765705862749,0.0,158.67657058627486,-6.300000011920929,0.0,0.0,26.800001680850983,0.30000001192092896
3528,417.851070853832,-1.0000001192092896,357.42607088363457,25.80000001192093,0.0,0.0,34.42500116303563,1.2000000476837158
3529,224.10613076734631,-1.0000001192092896,198.23113079714852,-2.0,0.0,0.0,28.57500185444951,0.30000001192092896
3530,105.2106202685843,0.0,89.1606202685843,6.5,-1.5,0.0,10.450000584125519,0.6000000238418579
3531,264.2838262418253,-1.0000001192092896,234.85882627162803,13.0,0.0,0.0,17.425000701099634,0.0
3532,178.93722438333182,-1.0000001192092896,147.1622244131342,18.0,0.0,0.0,14.775000888854265,0.0
3533,326.4909693948154,0.0,255.89096939481556,24.200000047683716,0.0,0.0,45.80000364780426,0.6000000238418579
3534,236.5339335149154,-1.0000001192092896,206.35893354471762,5.0,0.0,0.0,26.175001434981823,0.0
3535,219.34767673283318,-1.0000001192092896,188.42267676263552,6.0,0.0,0.0,25.92500125616789,0.0
3536,238.19239393189287,0.0,203.66739393189272,15.0,0.0,0.0,19.525000359863043,0.0
3537,155.13270362511932,0.0,121.25770362511928,11.0,0.0,0.0,22.875001274049282,0.0
3538,211.89081293551953,-1.0000001192092896,183.99081296532182,16.0,0.0,0.0,12.90000045672059,0.0
3539,175.49173409949591,0.0,155.69173409949607,-6.299999952316284,0.0,0.0,25.80000028014183,0.30000001192092896
3540,86.67628241064888,0.0,73.9012824106489,2.0,0.0,0.0,10.475000530481339,0.30000001192092896
3541,213.43218124592238,0.0,169.7071812459224,27.0,0.0,0.0,16.725000731647015,0.0
3542,211.0297363910471,0.0,166.82973639104713,18.19999998807907,0.0,0.0,25.40000146627426,0.6000000238418579
3543,220.48386129224647,-1.0000001192092896,178.08386132204882,21.69999998807907,0.0,0.0,21.100000623613596,0.6000000238418579
3544,20.675632700391848,0.0,18.625632700391847,1.0,0.0,0.0,0.7500000596046448,0.30000001192092896
3545,204.08115255456647,-1.0000001192092896,184.0811525843688,-3.0,0.0,0.0,24.000000704079866,0.0
3546,69.20530726450313,0.0,60.380307264503124,0.0,0.0,0.0,8.825000673532486,0.0
3547,94.52391770328862,0.0,79.79891770328861,2.0,0.0,0.0,12.425000995397568,0.30000001192092896
3548,186.81210033914223,-1.0000001192092896,134.86210036894462,34.0,0.0,0.0,18.650001008063555,0.30000001192092896
3549,6.112371938383479,0.0,7.437371938383478,-2.0,0.0,0.0,0.3750000298023224,0.30000001192092896
3550,149.98458175162614,0.0,117.03458175162616,15.0,0.0,0.0,17.95000071823597,0.0
3551,231.84638738009647,0.0,201.94638738009658,7.600000023841858,-3.0,0.0,24.100000970065594,1.2000000476837158
3552,162.6796707903673,0.0,128.0296707903674,24.0,0.0,0.0,10.350000400096178,0.30000001192092896
3553,169.33581191268155,-1.0000001192092896,146.11081194248388,12.0,0.0,0.0,11.925000574439764,0.30000001192092896
3554,314.4641457354276,-1.0000001192092896,211.36414576523023,62.19999998807907,0.0,0.0,41.30000128224492,0.6000000238418579
3555,152.16615088114304,0.0,140.1661508811431,-2.899999976158142,0.0,0.0,13.700000822544098,1.2000000476837158
3556,52.77179284220974,0.0,46.69679284220975,8.5,-9.0,0.0,6.275000471621752,0.30000001192092896
3557,236.85067990512945,-1.0000001192092896,198.4506799349318,11.0,0.0,0.0,27.800001550465822,0.6000000238418579
3558,186.80023523776953,0.0,146.45023523776953,13.699999988079071,0.0,0.0,26.35000130534172,0.30000001192092896
3559,142.79454756445222,0.0,126.31954756445221,6.0,-7.5,0.0,17.375001400709152,0.6000000238418579
3560,115.71898349934918,1.0000001192092896,93.89398346954687,6.5,0.0,1.0,13.025000661611557,0.30000001192092896
3561,164.87390740224797,-1.0000001192092896,137.0739074320502,15.0,0.0,0.0,13.800000663846731,0.0
3562,254.82261070670268,0.0,241.54761070670276,-7.599999964237213,0.0,0.0,20.275000602006912,0.6000000238418579
3563,215.84980159049366,-1.0000001192092896,170.47480162029603,17.0,0.0,0.0,29.375001847743988,0.0
3564,211.62642167426375,-1.0000001192092896,165.85142170406618,29.69999998807907,0.0,0.0,16.17500076815486,0.9000000357627869
3565,83.84046621483266,0.0,69.99046621483265,2.0,0.0,0.0,11.550000786781311,0.30000001192092896
3566,327.7439147016444,-1.0000001192092896,273.69391473144685,24.5,-1.5,0.0,31.750001296401024,0.30000001192092896
3567,190.55629001482245,0.0,166.43129001482237,2.700000047683716,0.0,0.0,20.52500058710575,0.9000000357627869
3568,256.9538822712282,-1.0000001192092896,232.9288823010306,6.300000071525574,0.0,0.0,16.02500069513917,2.7000001072883606
3569,8.109668619758942,0.0,7.4346686197589404,0.0,0.0,0.0,0.3750000298023224,0.30000001192092896
3570,65.84623836147053,0.0,46.34623836147054,11.0,0.0,0.0,8.500000596046448,0.0
3571,71.24865307018865,0.0,60.67365307018864,3.5,-3.0,0.0,9.775000661611557,0.30000001192092896
3572,182.13665288242817,-1.0000001192092896,148.61165291223048,13.0,0.0,0.0,21.5250010676682,0.0
3573,173.2737256832322,-1.0000001192092896,138.54872571303457,17.69999998807907,0.0,0.0,17.42500053346157,0.6000000238418579
3574,12.42101734913254,0.0,12.99601734913254,-2.0,0.0,0.0,1.1250000894069672,0.30000001192092896
3575,81.84451073079521,0.0,61.39451073079522,11.0,0.0,0.0,9.150000661611557,0.30000001192092896
3576,204.87270200226314,-1.0000001192092896,155.79770203206544,29.0,0.0,0.0,21.075001154094934,0.0
3577,233.78231785659372,-1.0000001192092896,187.28231788639596,23.0,0.0,0.0,24.500000778585672,0.0
3578,287.3593522984793,0.0,288.2593522984792,-32.799999952316284,-6.0,0.0,36.40000144764781,1.5000000596046448
3579,196.671601239565,0.0,169.77160123956483,11.0,0.0,0.0,15.900000926107168,0.0
3580,176.36173122752285,0.0,165.38673122752286,-5.5,-4.5,0.0,20.67500051856041,0.30000001192092896
3581,141.601628424316,0.0,111.17662842431604,14.699999988079071,0.0,0.0,15.125001024454832,0.6000000238418579
3582,318.11743125394895,1.0000001192092896,254.4674312241466,26.5,-6.0,1.0,40.85000252723694,0.30000001192092896
3583,162.21590171713206,0.0,126.5659017171321,17.19999998807907,0.0,0.0,17.550000876188278,0.9000000357627869
3584,106.42003909972654,0.0,84.62003909972651,5.0,0.0,0.0,16.80000066757202,0.0
3585,9.353314521715843,0.0,9.303314521715842,-1.0,0.0,0.0,0.7500000596046448,0.30000001192092896
3586,177.82648185045198,-1.0000001192092896,153.5514818802542,6.0,0.0,0.0,19.275000624358654,0.0
3587,108.6944899548436,0.0,87.3944899548436,4.699999988079071,0.0,0.0,16.300000727176666,0.30000001192092896
3588,82.05955529894213,0.0,70.40955529894212,0.7000000476837158,0.0,0.0,10.35000079870224,0.6000000238418579
3589,224.52853477521649,-1.0000001192092896,176.72853480501882,26.700000047683716,0.0,0.0,21.500000432133675,0.6000000238418579
3590,176.0236250015923,-1.0000001192092896,151.2986250313947,9.699999988079071,0.0,0.0,15.725000608712435,0.30000001192092896
3591,94.14490401509575,0.0,82.06990401509577,0.5,0.0,0.0,10.975000590085983,0.6000000238418579
3592,166.22365228063768,0.0,138.39865228063775,9.699999988079071,0.0,0.0,17.525001153349876,0.6000000238418579
3593,162.54640872663393,-1.0000001192092896,133.04640875643634,13.0,0.0,0.0,17.500000715255737,0.0
3594,188.94516585397182,0.0,146.94516585397182,20.0,0.0,0.0,21.700001299381256,0.30000001192092896
3595,260.3597633639284,0.0,229.8847633639283,21.0,-18.0,0.0,26.87500151991844,0.6000000238418579
3596,192.01247115187968,0.0,160.43747115187972,6.700000047683716,0.0,0.0,24.27500055730343,0.6000000238418579
3597,93.34156931097198,0.0,77.54156931097197,0.699999988079071,0.0,0.0,14.800000876188278,0.30000001192092896
3598,112.7848570127254,0.0,90.13485701272546,9.0,0.0,0.0,13.650000616908073,0.0
3599,160.99080714690376,0.0,152.46580714690378,-10.300000011920929,0.0,0.0,18.225000619888306,0.6000000238418579
3600,137.92239861953496,0.0,121.04739861953492,-2.0,0.0,0.0,18.875001057982445,0.0
3601,183.25671665929912,-1.0000001192092896,139.98171668910143,30.0,0.0,0.0,14.275000479072332,0.0
3602,92.73486150677412,0.0,73.00986150677416,6.0,0.0,0.0,13.72500093281269,0.0
3603,168.02946606142353,0.0,140.12946606142356,11.0,-4.5,0.0,20.800001114606857,0.6000000238418579
3604,199.99359957092605,-1.0000001192092896,168.54359960072833,13.0,0.0,0.0,19.450000450015068,0.0
3605,182.37631198797328,0.0,137.82631198797327,22.700000047683716,0.0,0.0,21.550001233816147,0.30000001192092896
3606,154.6170340704201,0.0,122.21703407042007,12.700000047683716,0.0,0.0,19.40000081062317,0.30000001192092896
3607,264.7711485077709,-1.0000001192092896,224.64614853757305,17.0,0.0,0.0,24.125001326203346,0.0
3608,219.7733886243971,0.0,181.59838862439724,18.69999998807907,0.0,0.0,19.175000604242086,0.30000001192092896
3609,178.89657975822274,0.0,141.6465797582227,21.69999998807907,0.0,0.0,14.950000375509262,0.6000000238418579
3610,188.8579185219166,0.0,151.38291852191657,18.700000047683716,0.0,0.0,17.8750002682209,0.9000000357627869
3611,570.7702042283881,-1.0000001192092896,548.8702042581907,-13.5,-18.0,0.0,53.20000280812383,1.2000000476837158
3612,192.06720053553823,0.0,152.51720053553825,20.50000011920929,0.0,0.0,17.550000552088022,1.5000000596046448
3613,161.36375259469733,-1.0000001192092896,118.41375262449955,27.69999998807907,0.0,0.0,15.950000632554293,0.30000001192092896
3614,130.15349743313058,0.0,111.95349743313052,6.400000035762787,0.0,0.0,11.2000005915761,0.6000000238418579
3615,170.39245162821103,0.0,136.21745162821108,15.700000047683716,0.0,0.0,17.57500046491623,0.9000000357627869
3616,211.64103734858125,0.0,175.06603734858143,17.19999998807907,0.0,0.0,18.775000885128975,0.6000000238418579
3617,264.6294169379781,-1.0000001192092896,214.72941696778017,25.0,0.0,0.0,25.60000105574727,0.30000001192092896
3618,7.711103590839145,0.0,9.036103590839145,-2.0,0.0,0.0,0.3750000298023224,0.30000001192092896
3619,314.350311167473,-1.0000001192092896,241.5003111972751,42.69999998807907,0.0,0.0,30.250001020729542,0.9000000357627869
3620,11.211179339380282,0.0,11.161179339380281,-1.0,0.0,0.0,0.7500000596046448,0.30000001192092896
3621,180.4471368463796,-1.0000001192092896,125.72213687618186,36.700000047683716,0.0,0.0,18.425001066178083,0.6000000238418579
3622,178.82551963123004,0.0,134.77551963123005,17.69999998807907,0.0,0.0,26.050000358372927,0.30000001192092896
3623,76.37815333062618,0.0,63.92815333062617,3.699999988079071,0.0,0.0,8.450000330805779,0.30000001192092896
3624,211.46137139081947,0.0,175.6863713908195,14.699999988079071,0.0,0.0,20.47500056028366,0.6000000238418579
3625,213.4299707414873,-1.0000001192092896,172.15497077128967,17.69999998807907,0.0,0.0,23.975001122802496,0.6000000238418579
3626,220.6161440397201,-1.0000001192092896,181.26614406952243,15.400000035762787,0.0,0.0,24.050000302493572,0.9000000357627869
3627,215.48176622514782,-1.0000001192092896,163.6317662549502,32.0,0.0,0.0,20.550000492483377,0.30000001192092896
3628,173.08189620271096,-1.0000001192092896,149.2568962325133,10.0,0.0,0.0,14.825000572949648,0.0
3629,160.24968269808983,0.0,137.4746826980898,2.5,0.0,0.0,19.675000876188278,0.6000000238418579
3630,195.80717829435588,-1.0000001192092896,169.25717832415822,4.699999988079071,0.0,0.0,22.55000175908208,0.30000001192092896
3631,218.81942686261573,-1.0000001192092896,196.04442689241802,7.5,0.0,0.0,15.675000499933958,0.6000000238418579
3632,162.33319802026853,0.0,135.08319802026855,10.099999964237213,0.0,0.0,16.25000062584877,0.9000000357627869
3633,85.79361394744797,0.0,64.71861394744799,11.699999988079071,0.0,0.0,9.075000494718552,0.30000001192092896
3634,283.52654831743837,-1.0000001192092896,222.45154834724053,32.700000047683716,0.0,0.0,28.775000676512718,0.6000000238418579
3635,6.128330558656675,0.0,7.453330558656676,-2.0,0.0,0.0,0.3750000298023224,0.30000001192092896
3636,154.55048632914077,0.0,121.87548632914077,18.700000047683716,0.0,0.0,13.675000473856926,0.30000001192092896
3637,94.45624564107683,0.0,73.15624564107684,14.5,-3.0,0.0,9.200000584125519,0.6000000238418579
3638,229.10063538863665,0.0,226.5006353886367,-15.99999988079071,0.0,0.0,16.500000916421413,2.1000000834465027
3639,186.7949671480967,0.0,152.1699671480967,16.0,0.0,0.0,18.325000792741776,0.30000001192092896
3640,166.6769338966593,-1.0000001192092896,130.00193392646162,19.0,0.0,0.0,18.675000987946987,0.0
3641,135.94528232327374,0.0,100.62028232327381,21.700000047683716,0.0,0.0,13.325000584125519,0.30000001192092896
3642,80.78622805704958,0.0,58.761228057049586,12.5,0.0,0.0,9.225000470876694,0.30000001192092896
3643,377.43778179915546,-1.0000001192092896,334.4877818289577,9.5,0.0,0.0,34.15000041201711,0.30000001192092896
3644,90.20189205162285,0.0,66.72689205162284,15.700000047683716,0.0,0.0,7.175000220537186,0.6000000238418579
3645,9.518107643606564,0.0,7.468107643606564,1.0,0.0,0.0,0.7500000596046448,0.30000001192092896
3646,240.86353091264272,0.0,213.73853091264277,5.399999976158142,0.0,0.0,20.825000688433647,0.9000000357627869
3647,207.63283261541832,-1.0000001192092896,174.83283264522078,16.5,-5.5,0.0,22.50000137835741,0.30000001192092896
3648,92.45091907197823,0.0,61.55091907197823,21.0,0.0,0.0,9.600000619888306,0.30000001192092896
3649,11.368845886641047,0.0,9.318845886641045,1.0,0.0,0.0,0.7500000596046448,0.30000001192092896
3650,192.179098348511,-1.0000001192092896,149.5290983783135,24.0,0.0,0.0,19.650001041591167,0.0
3651,117.93262749753573,0.0,95.15762749753573,11.400000095367432,0.0,0.0,10.775000348687172,0.6000000238418579
3652,242.38222789690917,-1.0000001192092896,180.35722792671154,34.0,0.0,0.0,29.025001261383295,0.0
3653,576.5605778664506,-1.0000001192092896,546.1605778962526,-4.900000035762787,0.0,0.0,34.80000135675073,1.5000000596046448
3654,64.6126358820137,0.0,52.312635882013716,3.5,0.0,0.0,8.500000476837158,0.30000001192092896
3655,157.9277900895341,0.0,112.40279008953414,21.69999998807907,0.0,0.0,23.225000739097595,0.6000000238418579
3656,159.07187083848285,0.0,123.49687083848279,18.400000035762787,0.0,0.0,15.975000947713852,1.2000000476837158
3657,216.26586948928127,-1.0000001192092896,164.9158695190836,33.0,0.0,0.0,19.35000080242753,0.0
3658,187.56873001446087,-1.0000001192092896,139.56873004426328,30.0,0.0,0.0,18.70000110939145,0.30000001192092896
3659,227.68007197917458,0.0,177.98007197917462,34.0,0.0,0.0,15.400000531226397,0.30000001192092896
3660,183.95570066774474,0.0,157.23070066774474,9.0,0.0,0.0,16.825000651180744,0.9000000357627869
3661,148.29063450947902,0.0,119.46563450947907,12.699999988079071,0.0,0.0,15.825001150369644,0.30000001192092896
3662,210.4433264471791,-1.0000001192092896,176.76832647698143,18.5,-1.5,0.0,17.075000781565905,0.6000000238418579
3663,63.45959850764561,0.0,55.384598507645606,-1.0,0.0,0.0,8.77500057220459,0.30000001192092896
3664,239.60928102621992,0.0,177.75928102621995,33.0,0.0,0.0,28.55000175908208,0.30000001192092896
3665,64.11175641795107,0.0,52.26175641795108,3.0,0.0,0.0,8.850000560283661,0.0
3666,153.13578879609514,0.0,127.16078879609509,13.0,0.0,0.0,12.075000435113907,0.9000000357627869
3667,226.69140262485965,-1.0000001192092896,168.96640265466183,39.0,0.0,0.0,19.42500038072467,0.30000001192092896
3668,214.02106264401783,0.0,170.97106264401788,18.19999998807907,-1.5,0.0,25.750001907348633,0.6000000238418579
3669,163.2712370344164,0.0,112.69623703441633,30.0,0.0,0.0,20.575001250952482,0.0
3670,309.83686066648585,-1.0000001192092896,250.73686069628832,37.0,0.0,0.0,22.800000563263893,0.30000001192092896
3671,48.5588579643964,0.0,42.183857964396395,-1.0,0.0,0.0,7.375000357627869,0.0
3672,290.05294899149385,-1.0000001192092896,203.7529490212963,55.69999998807907,0.0,0.0,31.00000124797225,0.6000000238418579
3673,272.82901843026383,0.0,208.32901843026383,32.69999998807907,0.0,0.0,31.200000673532486,0.6000000238418579
3674,269.3857346054192,0.0,208.8857346054193,31.099999964237213,0.0,0.0,28.500001218169928,0.9000000357627869
3675,195.13379592701278,0.0,156.53379592701287,14.899999976158142,0.0,0.0,22.800000622868538,0.9000000357627869
3676,90.39299291861226,0.0,75.56799291861229,2.0,0.0,0.0,12.82500034570694,0.0
3677,68.02740600086887,0.0,47.47740600086885,11.400000035762787,0.0,0.0,8.550000607967377,0.6000000238418579
3678,199.8852387920527,0.0,159.7852387920528,17.400000035762787,0.0,0.0,22.10000056773424,0.6000000238418579
3679,232.959589832064,0.0,161.18458983206415,50.09999996423721,0.0,0.0,20.475000400096178,1.2000000476837158
3680,161.58186625822347,-1.0000001192092896,115.70686628802582,32.40000003576279,0.0,0.0,13.575000450015068,0.9000000357627869
3681,74.32468236349409,0.0,55.0996823634941,9.5,0.0,0.0,9.425000578165054,0.30000001192092896
3682,260.58246726362717,0.0,246.38246726362712,-10.299999952316284,0.0,0.0,23.600000981241465,0.9000000357627869
3683,222.71976827821553,-1.0000001192092896,166.41976830801778,36.69999998807907,0.0,0.0,20.00000075250864,0.6000000238418579
3684,143.5428149514178,0.0,123.44281495141783,6.700000047683716,0.0,0.0,12.2000005915761,1.2000000476837158
3685,271.33606820626426,-1.0000001192092896,191.23606823606633,52.700000047683716,0.0,0.0,28.100000221282244,0.30000001192092896
3686,309.1690229384418,-1.0000001192092896,268.369022968244,16.5,-1.5,0.0,26.200001273304224,0.6000000238418579
3687,150.26454355157284,0.0,135.36454355157286,2.199999988079071,-7.5,0.0,19.300001353025436,0.9000000357627869
3688,11.255425455326446,0.0,11.205425455326445,-1.0,0.0,0.0,0.7500000596046448,0.30000001192092896
3689,239.23813738478515,0.0,204.51313738478513,6.400000035762787,0.0,0.0,27.42500077188015,0.9000000357627869
3690,386.6273023368125,-1.0000001192092896,320.07730236661433,32.39999997615814,0.0,0.0,34.55000127479434,0.6000000238418579
3691,130.21268192246072,0.0,99.36268192246072,12.699999988079071,0.0,0.0,17.850000500679016,0.30000001192092896
3692,171.63745829784378,0.0,139.53745829784376,20.700000047683716,0.0,0.0,11.100000407546759,0.30000001192092896
3693,429.3730794966597,-1.0000001192092896,369.073079526462,12.0,0.0,0.0,49.00000311806798,0.30000001192092896
3694,165.74578511675332,0.0,128.82078511675326,20.0,0.0,0.0,16.625000659376383,0.30000001192092896
3695,327.7531986579064,-1.0000001192092896,301.55319868770886,-7.800000011920929,0.0,0.0,34.10000095888972,0.9000000357627869
3696,70.69359332979379,0.0,54.6185933297938,7.0,0.0,0.0,9.075000554323196,0.0
3697,71.58929244534376,0.0,55.489292445343764,8.699999988079071,0.0,0.0,6.800000309944153,0.6000000238418579
3698,220.6402767047618,-1.0000001192092896,197.19027673456398,2.700000047683716,0.0,0.0,21.450001019984484,0.30000001192092896
3699,123.81372634969831,0.0,119.68872634969829,-3.0,0.0,0.0,7.12500037252903,0.0
3700,171.87062259202557,0.0,108.99562259202571,49.5,0.0,0.0,12.775000721216202,0.6000000238418579
3701,184.78446300104386,0.0,180.38446300104386,-4.5,-14.5,0.0,22.200001776218414,1.2000000476837158
3702,64.4085067949999,0.0,49.05850679499991,6.0,0.0,0.0,9.35000067949295,0.0
3703,287.57944936132407,0.0,256.07944936132407,14.400000035762787,-6.0,0.0,21.00000125169754,2.1000000834465027
3704,8.133746945148046,0.0,7.458746945148047,0.0,0.0,0.0,0.3750000298023224,0.30000001192092896
3705,269.57584925691805,0.0,219.8508492569182,26.69999998807907,0.0,0.0,22.425000429153442,0.6000000238418579
3706,8.11522285658232,0.0,7.440222856582322,0.0,0.0,0.0,0.3750000298023224,0.30000001192092896
3707,8.154610105060122,0.0,7.4796101050601225,0.0,0.0,0.0,0.3750000298023224,0.30000001192092896
3708,195.48931586119647,0.0,162.91431586119634,6.699999988079071,0.0,0.0,25.275001734495163,0.6000000238418579
3709,64.10121842960693,0.0,52.901218429606914,2.0,0.0,0.0,9.200000494718552,0.0
3710,187.3583425961597,-1.0000001192092896,151.08334262596202,17.69999998807907,0.0,0.0,19.27500084415078,0.30000001192092896
3711,123.98722488889301,0.0,99.76222488889304,5.699999988079071,0.0,0.0,18.22500142455101,0.30000001192092896
3712,312.25536041965967,0.0,283.38036041965984,2.399999976158142,0.0,0.0,25.8750011138618,0.6000000238418579
3713,201.3047829189181,-1.0000001192092896,164.05478294872037,22.0,0.0,0.0,16.250000678002834,0.0
3714,370.81232121434715,0.0,371.78732121434706,-22.799999952316284,-22.5,0.0,42.22500244528055,2.1000000834465027
3715,10.902457165251711,0.0,10.852457165251714,-1.0,0.0,0.0,0.7500000596046448,0.30000001192092896
3716,66.21659640251255,0.0,50.14159640251256,8.0,0.0,0.0,8.075000315904617,0.0
3717,226.98317110177496,-1.0000001192092896,163.15817113157738,40.0,0.0,0.0,24.525000531226397,0.30000001192092896
3718,195.76724240579017,-1.0000001192092896,145.81724243559248,37.5,0.0,0.0,13.150000367313623,0.30000001192092896
3719,7.318373729851807,0.0,9.268373729851806,-3.0,0.0,0.0,0.7500000596046448,0.30000001192092896
3720,80.78792990212352,0.0,67.96292990212353,2.5,0.0,0.0,9.725000500679016,0.6000000238418579
3721,182.2540925710861,-1.0000001192092896,141.12909260088855,28.0,0.0,0.0,14.1250006146729,0.0
3722,8.106511623558696,0.0,7.431511623558696,0.0,0.0,0.0,0.3750000298023224,0.30000001192092896
3723,257.76255589826985,-1.0000001192092896,198.83755592807213,41.0,0.0,0.0,18.625000599771738,0.30000001192092896
3724,9.709472573620594,0.0,9.034472573620594,0.0,0.0,0.0,0.3750000298023224,0.30000001192092896
3725,281.23459810166105,-1.0000001192092896,238.20959813146348,17.0,0.0,0.0,26.72500093653798,0.30000001192092896
3726,233.38307642784562,-1.0000001192092896,186.18307645764807,23.0,0.0,0.0,25.200000882148743,0.0
3727,72.21609626631403,0.0,55.91609626631403,8.5,-1.5,0.0,9.000000536441803,0.30000001192092896
3728,111.9962068269204,0.0,92.92120682692038,4.0,0.0,0.0,14.77500094473362,0.30000001192092896
3729,301.8847072277725,-1.0000001192092896,266.9847072575747,11.100000023841858,0.0,0.0,23.600000888109207,1.2000000476837158
3730,9.948496182683833,0.0,9.273496182683832,0.0,0.0,0.0,0.3750000298023224,0.30000001192092896
3731,97.17918106215706,0.0,73.92918106215707,13.0,0.0,0.0,10.250000536441803,0.0
3732,165.1442712593465,0.0,143.4692712593465,1.7000000476837158,0.0,0.0,19.675000473856926,0.30000001192092896
3733,298.6688235707407,-1.0000001192092896,226.543823600543,41.0,0.0,0.0,31.825000628829002,0.30000001192092896
3734,200.16647225563062,0.0,145.7164722556306,33.0,0.0,0.0,21.150001276284456,0.30000001192092896
3735,110.07082105166867,1.0000001192092896,93.29582102186633,4.5,-1.5,1.0,11.175000578165054,0.6000000238418579
3736,86.63349707375585,0.0,62.45849707375588,13.0,0.0,0.0,10.875000387430191,0.30000001192092896
3737,239.4935678782373,-1.0000001192092896,191.31856790803963,28.100000023841858,0.0,0.0,20.175000704824924,0.9000000357627869
3738,9.33337249957797,0.0,9.28337249957797,-1.0,0.0,0.0,0.7500000596046448,0.30000001192092896
3739,189.44407313350888,0.0,147.84407313350889,20.19999998807907,-1.5,0.0,22.30000102519989,0.6000000238418579
3740,108.68378982032829,1.0000001192092896,86.78378979052597,21.0,-12.0,1.0,10.000000774860382,0.9000000357627869
3741,87.01670958368834,0.0,74.74170958368838,0.7000000476837158,0.0,0.0,11.275000438094139,0.30000001192092896
3742,143.00246688188673,0.0,114.17746688188676,13.700000047683716,0.0,0.0,14.525000527501106,0.6000000238418579
3743,148.35586753889413,0.0,120.88086753889412,13.700000047683716,0.0,0.0,13.175000712275505,0.6000000238418579
3744,206.689822338579,-1.0000001192092896,181.53982236838127,5.0,0.0,0.0,21.150001142174006,0.0
3745,408.18251946320817,0.0,354.2575194632079,27.099999964237213,0.0,0.0,25.625000294297934,1.2000000476837158
3746,203.94882854613215,-1.0000001192092896,164.1738285759345,24.0,0.0,0.0,16.47500067576766,0.30000001192092896
3747,306.2759901814006,0.0,267.42599018140083,13.0,0.0,0.0,25.55000102519989,0.30000001192092896
3748,69.7810760846024,0.0,67.93107608460242,2.5,-9.0,0.0,7.750000432133675,0.6000000238418579
3749,153.76392579247803,0.0,121.06392579247807,14.699999988079071,0.0,0.0,17.70000070333481,0.30000001192092896
3750,152.3682204425153,0.0,119.09322044251532,15.699999988079071,0.0,0.0,17.275001008063555,0.30000001192092896
3751,297.7023144191335,0.0,228.22731441913334,32.700000047683716,0.0,0.0,35.87500149011612,0.9000000357627869
3752,491.40031146253244,0.0,403.80031146253225,26.400000035762787,0.0,0.0,60.60000358521938,0.6000000238418579
3753,180.00678974230965,-1.0000001192092896,152.35678977211194,15.0,0.0,0.0,13.350000448524952,0.30000001192092896
3754,70.53156984619685,0.0,49.75656984619685,12.0,0.0,0.0,8.775000602006912,0.0
3755,335.05703545527126,-1.0000001192092896,284.7820354850735,21.0,-7.5,0.0,37.17500151321292,0.6000000238418579
3756,73.09340098159488,0.0,50.9684009815949,15.0,0.0,0.0,6.825000435113907,0.30000001192092896
3757,190.16714253440762,-1.0000001192092896,148.31714256420992,25.800000071525574,0.0,0.0,15.850000817328691,1.2000000476837158
3758,173.6559225344541,-1.0000001192092896,142.73092256425636,15.0,0.0,0.0,16.625000152736902,0.30000001192092896
3759,187.46778247049315,-1.0000001192092896,164.99278250029545,1.0,0.0,0.0,22.17500116303563,0.30000001192092896
3760,152.67371941676964,-1.0000001192092896,98.69871944657204,42.69999998807907,0.0,0.0,11.675000585615635,0.6000000238418579
3761,230.85988497699194,-1.0000001192092896,182.9098850067941,23.0,0.0,0.0,25.95000110939145,0.0
3762,61.30925515680249,0.0,42.68425515680249,10.0,0.0,0.0,8.625000447034836,0.0
3763,239.29140469158872,-1.0000001192092896,171.46640472139111,45.69999998807907,0.0,0.0,22.825000766664743,0.30000001192092896
3764,58.67995086492212,0.0,47.029950864922135,4.0,0.0,0.0,7.650000333786011,0.0
3765,72.90889584199934,1.0000001192092896,56.38389581219704,6.0,0.0,1.0,8.225000590085983,0.30000001192092896
3766,301.2859464525663,0.0,241.93594645256638,35.0,0.0,0.0,23.75000035390258,0.6000000238418579
3767,287.93440060677096,0.0,295.60940060677075,-35.499999940395355,0.0,0.0,25.42500063404441,2.4000000953674316
3768,225.6475552610453,-1.0000001192092896,190.54755529084764,12.699999988079071,0.0,0.0,22.80000139400363,0.6000000238418579
3769,144.10969305378092,0.0,114.08469305378088,16.0,0.0,0.0,14.025000602006912,0.0
3770,252.63778869610297,-1.0000001192092896,200.0877887259053,25.0,0.0,0.0,28.550001803785563,0.0
3771,164.67448786045097,-1.0000001192092896,105.12448789025316,46.700000047683716,0.0,0.0,13.250000797212124,0.6000000238418579
3772,182.55763495320033,-1.0000001192092896,150.7076349830027,17.0,0.0,0.0,15.550000309944153,0.30000001192092896
3773,124.28330698616885,0.0,91.03330698616885,20.5,-1.5,0.0,13.650001019239426,0.6000000238418579
3774,341.44354282411666,-1.0000001192092896,264.693542853919,41.09999996423721,0.0,0.0,35.75000146403909,0.9000000357627869
3775,8.13581913719708,0.0,7.460819137197079,0.0,0.0,0.0,0.3750000298023224,0.30000001192092896
3776,245.09397286070686,0.0,194.9439728607068,29.19999998807907,0.0,0.0,20.35000041499734,0.6000000238418579
3777,247.31515475304468,0.0,208.2651547530446,14.699999988079071,0.0,0.0,24.050001215189695,0.30000001192092896
3778,164.60397452628862,0.0,128.55397452628864,17.0,0.0,0.0,18.750001043081284,0.30000001192092896
3779,134.25080692611695,0.0,105.92580692611698,19.0,-7.5,0.0,16.225001022219658,0.6000000238418579
3780,7.381161147016002,0.0,9.331161147016001,-3.0,0.0,0.0,0.7500000596046448,0.30000001192092896
3781,73.83829926584713,0.0,54.638299265847124,9.0,0.0,0.0,10.200000554323196,0.0
3782,251.18459763067642,1.0000001192092896,192.75959760087403,32.5,-1.5,1.0,24.82500083744526,0.6000000238418579
3783,182.6173370422847,-1.0000001192092896,140.11733707208697,29.0,0.0,0.0,14.50000049546361,0.0
3784,247.82522439603483,-1.0000001192092896,212.55022442583711,14.0,0.0,0.0,22.275000922381878,0.0
3785,278.2228002002603,-1.0000001192092896,195.77280023006273,57.0,0.0,0.0,26.150000859051943,0.30000001192092896
3786,165.0535483964946,-1.0000001192092896,137.153548426297,18.0,0.0,0.0,10.900000680238008,0.0
3787,138.96874848761743,0.0,115.09374848761742,8.700000047683716,0.0,0.0,14.575000569224358,0.6000000238418579
3788,169.4620735361957,0.0,154.98707353619577,2.700000047683716,0.0,0.0,11.47500042617321,0.30000001192092896
3789,303.55103680669725,-1.0000001192092896,237.57603683649972,41.0,0.0,0.0,25.97500105574727,0.0
3790,225.67246541234204,-1.0000001192092896,189.64746544214444,20.5,-7.5,0.0,23.725001383572817,0.30000001192092896
3791,200.7821010583128,-1.0000001192092896,183.43210108811522,10.5,-6.0,0.0,13.550000637769699,0.30000001192092896
3792,168.35196527855635,-1.0000001192092896,127.25196530835865,28.0,0.0,0.0,13.800000492483377,0.30000001192092896
3793,9.34118083951093,0.0,9.29118083951093,-1.0,0.0,0.0,0.7500000596046448,0.30000001192092896
3794,72.20656030524073,0.0,51.25656030524072,11.0,0.0,0.0,9.950000703334808,0.0
3795,172.0606085712561,-1.0000001192092896,139.63560860105846,21.0,0.0,0.0,12.425000425428152,0.0
3796,225.6917044773275,-1.0000001192092896,184.46670450712986,19.0,0.0,0.0,23.22500093653798,0.0
3797,154.37483767008933,-1.0000001192092896,124.9998376998917,18.0,0.0,0.0,12.075000781565905,0.30000001192092896
3798,333.120780552648,0.0,259.9457805526484,41.0,0.0,0.0,32.17500093579292,0.0
3799,68.41996118804195,0.0,47.04496118804196,12.0,0.0,0.0,9.37500074505806,0.0
3800,155.40596167026527,0.0,130.80596167026522,15.0,-6.0,0.0,15.00000049173832,0.6000000238418579
3801,79.37172605191941,0.0,62.8967260519194,8.5,-1.5,0.0,8.875000521540642,0.6000000238418579
3802,331.24816797987245,-1.0000001192092896,295.5481680096745,8.399999976158142,0.0,0.0,27.40000094845891,0.9000000357627869
3803,82.75681819239873,0.0,64.83181819239874,13.5,-5.5,0.0,9.62500062584877,0.30000001192092896
3804,227.74249437216093,-1.0000001192092896,190.31749440196336,23.0,0.0,0.0,15.425000596791506,0.0
3805,446.4445141743566,-1.0000001192092896,416.54451420415876,-23.30000001192093,0.0,0.0,53.600001219660044,0.6000000238418579
3806,168.81546792357477,-1.0000001192092896,133.99046795337702,20.0,0.0,0.0,15.525000806897879,0.30000001192092896
3807,230.36735907659477,-1.0000001192092896,207.04235910639704,5.0,0.0,0.0,19.025000505149364,0.30000001192092896
3808,202.23071116102267,0.0,170.25571116102262,2.700000047683716,0.0,0.0,28.975001335144043,0.30000001192092896
3809,429.05316981801207,-1.0000001192092896,291.6281698478141,108.70000004768372,0.0,0.0,29.12500113248825,0.6000000238418579
3810,292.0411493718431,0.0,218.34114937184307,45.19999998807907,0.0,0.0,27.60000132024288,0.9000000357627869
3811,250.59624618168297,-1.0000001192092896,190.62124621148527,30.0,0.0,0.0,30.975001830607653,0.0
3812,361.82474515444426,0.0,271.6747451544439,59.0,0.0,0.0,30.850001458078623,0.30000001192092896
3813,199.87190152350635,0.0,206.29690152350634,-18.5,-4.5,0.0,15.675000734627247,0.9000000357627869
3814,256.9420117435145,0.0,203.4920117435146,23.200000047683716,-1.5,0.0,31.150001645088196,0.6000000238418579
3815,242.8245503886225,0.0,205.77455038862246,17.0,0.0,0.0,20.050000566989183,0.0
3816,284.0929754349854,0.0,208.59297543498542,39.19999998807907,0.0,0.0,35.7000005915761,0.6000000238418579
3817,86.48012653384383,0.0,69.15512653384383,6.0,0.0,0.0,11.325000673532486,0.0
3818,63.91793499137803,0.0,45.567934991378024,12.0,0.0,0.0,6.050000324845314,0.30000001192092896
3819,128.6199090473661,-1.0000001192092896,110.94490907716845,5.699999988079071,0.0,0.0,12.675000552088022,0.30000001192092896
3820,189.72684807211357,-1.0000001192092896,143.45184810191577,34.0,0.0,0.0,12.97500054910779,0.30000001192092896
3821,120.9624650965465,0.0,117.6124650965465,16.200000047683716,-25.5,0.0,11.150000557303429,1.5000000596046448
3822,179.4340448307945,-1.0000001192092896,133.15904486059688,28.0,0.0,0.0,19.27500080689788,0.0
3823,197.68848681124888,-1.0000001192092896,162.76348684105128,18.0,0.0,0.0,17.625000912696123,0.30000001192092896
3824,158.15183308109553,-1.0000001192092896,140.25183311089776,5.0,0.0,0.0,13.900000546127558,0.0
3825,148.49268962072654,0.0,114.16768962072655,18.400000035762787,0.0,0.0,15.325000338256359,0.6000000238418579
3826,168.70430903798308,0.0,159.87930903798312,5.5,-16.5,0.0,18.62500098347664,1.2000000476837158
3827,87.91985627201569,0.0,76.66985627201569,-1.0,0.0,0.0,11.95000085234642,0.30000001192092896
3828,217.49724034873563,0.0,199.3472403487356,-0.8999999165534973,0.0,0.0,16.9500003606081,2.1000000834465027
3829,217.39758853397592,-1.0000001192092896,187.02258856377824,15.5,-4.5,0.0,20.07500099018216,0.30000001192092896
3830,66.2135550109401,0.0,49.13855501094008,8.0,0.0,0.0,9.075000554323196,0.0
3831,122.86677783750991,0.0,110.04177783750984,12.0,-13.5,0.0,13.725000828504562,0.6000000238418579
3832,220.50649399586206,-1.0000001192092896,193.85649402566446,17.5,-6.0,0.0,15.850000690668821,0.30000001192092896
3833,9.996793345481915,0.0,9.321793345481916,0.0,0.0,0.0,0.3750000298023224,0.30000001192092896
3834,142.3312835710735,-1.0000001192092896,125.30628360087582,8.0,0.0,0.0,9.725000377744436,0.30000001192092896
3835,200.50242387227857,-1.0000001192092896,184.90242390208087,-0.30000001192092896,0.0,0.0,16.600000854581594,0.30000001192092896
3836,290.68691243195235,0.0,263.53691243195226,13.5,-18.0,0.0,31.050001174211502,0.6000000238418579
3837,312.23233160034647,0.0,295.9823316003467,-7.599999904632568,-9.0,0.0,31.65000146627426,1.2000000476837158
3838,191.4531142820635,-1.0000001192092896,141.07811431186576,33.0,0.0,0.0,18.07500070333481,0.30000001192092896
3839,192.40929476232773,0.0,159.43429476232774,14.5,-3.0,0.0,21.175000935792923,0.30000001192092896
3840,181.0543124530126,0.0,154.07931245301268,8.0,0.0,0.0,18.67500053346157,0.30000001192092896
3841,65.49761301208525,0.0,54.947613012085256,2.0,0.0,0.0,8.550000339746475,0.0
3842,271.1544944274591,-1.0000001192092896,183.75449445726136,59.0,0.0,0.0,29.400001849979162,0.0
3843,200.98893363031266,0.0,175.53893363031264,7.099999964237213,0.0,0.0,17.15000069886446,1.2000000476837158
3844,309.47295566378324,-1.0000001192092896,268.4479556935855,21.0,0.0,0.0,20.725000582635403,0.30000001192092896
3845,75.32074120240529,0.0,52.370741202405256,13.5,0.0,0.0,9.1500004529953,0.30000001192092896
3846,217.6955452080141,0.0,188.02054520801414,2.700000047683716,0.0,0.0,26.3750008828938,0.6000000238418579
3847,70.25333629293522,0.0,53.75333629293522,7.0,0.0,0.0,9.500000596046448,0.0
3848,191.4363888871562,-1.0000001192092896,149.0613889169584,24.0,0.0,0.0,19.37500051036477,0.0
3849,158.66677155340344,-1.0000001192092896,113.64177158320582,34.69999998807907,0.0,0.0,11.025000680238008,0.30000001192092896
3850,185.50996699800461,0.0,147.35996699800455,21.19999998807907,-3.0,0.0,19.050000816583633,0.9000000357627869
3851,112.66418273715045,0.0,89.56418273715046,9.0,0.0,0.0,13.800000965595245,0.30000001192092896
3852,8.122001263969993,0.0,7.447001263969992,0.0,0.0,0.0,0.3750000298023224,0.30000001192092896
3853,141.31822042866654,-1.0000001192092896,128.9182204584689,1.0,0.0,0.0,12.400000516325235,0.0
3854,151.2963954269295,0.0,132.19639542692946,3.5,0.0,0.0,14.700000882148743,0.9000000357627869
3855,263.02053384182847,0.0,205.34553384182834,30.900000035762787,-1.5,0.0,27.075000882148743,1.2000000476837158
3856,177.23370079918575,-1.0000001192092896,131.30870082898792,32.0,0.0,0.0,14.625000197440386,0.30000001192092896
3857,193.56024735499648,1.0000001192092896,149.43524732519415,29.5,-10.0,1.0,21.12500163912773,1.5000000596046448
3858,94.33358084621447,0.0,67.75858084621444,15.0,0.0,0.0,11.57500073313713,0.0
3859,131.56846709708984,0.0,115.16846709708985,6.5,-6.0,0.0,15.600000947713852,0.30000001192092896
3860,111.56103782050043,0.0,91.33603782050044,6.0,0.0,0.0,14.22500067949295,0.0
3861,71.51205981810523,0.0,55.41205981810522,6.5,0.0,0.0,9.300000548362732,0.30000001192092896
3862,277.85865419709336,0.0,275.30865419709323,-21.80000001192093,0.0,0.0,23.150000751018524,1.2000000476837158
3863,107.70306324274208,0.0,84.02806324274205,10.0,0.0,0.0,13.675000816583633,0.0
3864,103.47882370818681,0.0,81.17882370818683,11.0,0.0,0.0,11.300000384449959,0.0
3865,189.65863811701922,-1.0000001192092896,163.43363814682152,8.700000047683716,0.0,0.0,17.925000492483377,0.6000000238418579
3866,118.49862018461494,0.0,100.72362018461496,6.5,-1.5,0.0,12.175000727176666,0.6000000238418579
3867,117.672228846544,0.0,95.44722884654402,10.0,-3.0,0.0,14.625000968575478,0.6000000238418579
3868,60.362790667628005,0.0,49.137790667627996,2.0,0.0,0.0,9.22500067949295,0.0
3869,176.21958865067555,0.0,132.06958865067554,23.0,0.0,0.0,20.850001126527786,0.30000001192092896
3870,196.3237869145228,0.0,146.94878691452274,33.09999996423721,0.0,0.0,15.375000461935997,0.9000000357627869
3871,200.8603699878708,0.0,197.4353699878706,-17.09999990463257,-1.5,0.0,21.125001020729542,0.9000000357627869
3872,8.150108204877258,0.0,7.475108204877256,0.0,0.0,0.0,0.3750000298023224,0.30000001192092896
3873,10.974377825368677,0.0,10.924377825368676,-1.0,0.0,0.0,0.7500000596046448,0.30000001192092896
3874,179.02622358200173,0.0,117.47622358200182,46.69999998807907,0.0,0.0,14.250000778585672,0.6000000238418579
3875,177.77424225326092,0.0,127.899242253261,33.69999998807907,0.0,0.0,15.575000293552876,0.6000000238418579
3876,250.33160905356485,-1.0000001192092896,253.68160908336702,-23.80000001192093,-3.0,0.0,23.250000659376383,1.2000000476837158
3877,178.98205509244528,0.0,151.5820550924453,10.699999988079071,0.0,0.0,16.100000504404306,0.6000000238418579
3878,76.48145875042606,0.0,47.98145875042605,19.0,0.0,0.0,9.500000387430191,0.0
3879,221.27461997048687,-1.0000001192092896,191.2246200002893,11.700000047683716,0.0,0.0,18.750000897794962,0.6000000238418579
3880,308.25046756636726,-1.0000001192092896,272.7254675961696,10.299999952316284,0.0,0.0,24.72500129044056,1.5000000596046448
3881,157.13170165354586,-1.0000001192092896,119.00670168334828,27.0,0.0,0.0,12.125000588595867,0.0
3882,195.90527970254493,-1.0000001192092896,154.63027973234725,24.0,0.0,0.0,17.975000385195017,0.30000001192092896
3883,184.15926368476707,0.0,155.8342636847672,11.700000047683716,0.0,0.0,16.025000423192978,0.6000000238418579
3884,328.20623199486334,-1.0000001192092896,276.35623202466564,24.0,0.0,0.0,28.550000708550215,0.30000001192092896
3885,208.2027998753305,0.0,202.07779987533053,1.0,-16.5,0.0,21.025000974535942,0.6000000238418579
3886,243.64426751120854,-1.0000001192092896,186.54426754101087,37.40000003576279,0.0,0.0,19.80000078678131,0.9000000357627869
3887,308.47533853308266,0.0,233.70033853308263,50.39999997615814,0.0,0.0,23.17500103265047,1.2000000476837158
3888,135.14403254681136,0.0,106.46903254681139,14.0,0.0,0.0,14.675000723451376,0.0
3889,184.73041638994238,-1.0000001192092896,153.38041641974462,15.0,0.0,0.0,17.350000578910112,0.0
3890,133.98167825214168,0.0,102.00667825214171,17.0,0.0,0.0,14.975000441074371,0.0
3891,69.14611968495831,0.0,55.221119684958296,4.700000047683716,0.0,0.0,8.925000552088022,0.30000001192092896
3892,457.4682470434753,-1.0000001192092896,361.9682470732779,47.700000047683716,0.0,0.0,48.20000313222408,0.6000000238418579
3893,345.16327293711964,-1.0000001192092896,311.263272966922,-3.300000011920929,0.0,0.0,37.90000130608678,0.30000001192092896
3894,273.64832603194714,-1.0000001192092896,207.6983260617493,37.0,0.0,0.0,29.95000109821558,0.0
3895,106.1529080165766,0.0,84.77790801657659,12.0,0.0,0.0,9.375000268220901,0.0
3896,260.72340847793953,0.0,209.07340847793972,31.400000035762787,0.0,0.0,19.350000638514757,0.9000000357627869
3897,205.6554956968779,0.0,157.60549569687785,23.0,0.0,0.0,25.050001297146082,0.0
3898,170.57664502438217,-1.0000001192092896,126.42664505418443,31.900000035762787,-1.5,0.0,13.550000619143248,1.2000000476837158
3899,231.53626502010457,-1.0000001192092896,166.186265049907,46.700000047683716,0.0,0.0,19.350000869482756,0.30000001192092896
3900,213.2236920417886,0.0,172.52369204178856,21.5,0.0,0.0,18.60000078380108,0.6000000238418579
3901,77.22413837393368,0.0,56.624138373933675,11.0,0.0,0.0,9.300000727176666,0.30000001192092896
3902,242.82228557095456,-1.0000001192092896,182.14728560075693,42.39999997615814,0.0,0.0,18.675000730901957,0.6000000238418579
3903,255.202178526,0.0,231.57717852600007,-3.300000011920929,0.0,0.0,26.325000744313,0.6000000238418579
3904,209.45259028244715,-1.0000001192092896,167.50259031224948,26.0,0.0,0.0,16.650000732392073,0.30000001192092896
3905,243.24135222723004,-1.0000001192092896,204.7163522570325,24.399999976158142,0.0,0.0,13.925000507384539,1.2000000476837158
3906,185.0706335629827,-1.0000001192092896,139.97063359278494,34.0,0.0,0.0,11.800000410526991,0.30000001192092896
3907,263.5373335332013,0.0,194.38733353320129,42.19999998807907,0.0,0.0,26.050001069903374,0.9000000357627869
3908,146.85613823687402,0.0,129.15613823687403,-3.599999964237213,0.0,0.0,20.400001496076584,0.9000000357627869
3909,293.7853389139505,-1.0000001192092896,231.71033894375282,35.0,0.0,0.0,28.0750014744699,0.0
3910,157.76673940657537,0.0,126.4417394065754,13.699999988079071,0.0,0.0,17.325000688433647,0.30000001192092896
3911,77.16575252836326,0.0,56.06575252836325,12.0,0.0,0.0,9.100000530481339,0.0
3912,323.93151241773035,0.0,250.4565124177305,49.5,-3.0,0.0,26.375000707805157,0.6000000238418579
3913,194.46572811254757,0.0,137.41572811254753,29.899999976158142,0.0,0.0,26.250001549720764,0.9000000357627869
3914,231.5728429962465,-1.0000001192092896,163.09784302604876,47.700000047683716,0.0,0.0,21.17500090971589,0.6000000238418579
3915,242.80472092789955,-1.0000001192092896,188.1047209577019,33.0,0.0,0.0,22.700001150369644,0.0
3916,86.68631800288942,0.0,69.28631800288944,7.0,0.0,0.0,10.4000004529953,0.0
3917,185.82841075428342,0.0,143.72841075428343,27.5,-4.5,0.0,18.500000715255737,0.6000000238418579
3918,215.15024049761104,0.0,169.0502404976111,30.0,-3.0,0.0,18.500000715255737,0.6000000238418579
3919,255.28763685289255,-1.0000001192092896,174.81263688269473,63.0,0.0,0.0,18.175000566989183,0.30000001192092896
3920,135.23791429977297,0.0,98.33791429977299,17.0,0.0,0.0,19.900001496076584,0.0
3921,302.16154395232064,-1.0000001192092896,247.161543982123,40.0,0.0,0.0,15.700000442564487,0.30000001192092896
3922,240.82356134217494,-1.0000001192092896,190.94856137197732,34.0,0.0,0.0,16.57500058785081,0.30000001192092896
3923,282.2579406194751,-1.0000001192092896,214.03294064927746,38.0,0.0,0.0,31.22500168904662,0.0
3924,84.41219108222607,0.0,61.31219108222608,12.0,0.0,0.0,11.100000739097595,0.0
3925,9.325660462251841,0.0,9.27566046225184,-1.0,0.0,0.0,0.7500000596046448,0.30000001192092896
3926,52.06055128789299,0.0,38.21055128789299,7.0,0.0,0.0,6.850000441074371,0.0
3927,78.37313950877964,0.0,58.39813950877965,11.699999988079071,0.0,0.0,7.975000366568565,0.30000001192092896
3928,121.92916183058772,0.0,102.77916183058777,15.5,-6.5,0.0,8.950000561773777,1.2000000476837158
3929,289.61287882612777,-1.0000001192092896,224.66287885593016,42.69999998807907,0.0,0.0,22.650000620633364,0.6000000238418579
3930,162.95810647563366,0.0,124.63310647563364,24.0,-4.5,0.0,18.225001022219658,0.6000000238418579
3931,259.55366849924246,-1.0000001192092896,242.02866852904518,-11.0,0.0,0.0,28.925000716000795,0.6000000238418579
3932,217.76880674301287,0.0,187.29380674301282,13.0,0.0,0.0,16.575000520795584,0.9000000357627869
3933,253.78212218134775,-1.0000001192092896,183.20712221115002,51.0,0.0,0.0,20.275000426918268,0.30000001192092896
3934,231.10820400126042,-1.0000001192092896,185.50820403106275,24.0,0.0,0.0,22.300000432878733,0.30000001192092896
3935,266.9643331373272,-1.0000001192092896,190.28933316712923,56.39999997615814,0.0,0.0,20.375000931322575,0.9000000357627869
3936,202.5252563165522,-1.0000001192092896,171.15025634635458,7.699999988079071,0.0,0.0,24.375001095235348,0.30000001192092896
3937,206.16530122014143,-1.0000001192092896,145.76530124994383,43.39999997615814,0.0,0.0,17.100000623613596,0.9000000357627869
3938,130.56606920958734,0.0,96.84106920958736,22.0,0.0,0.0,11.725000575184822,0.0
3939,172.64198623874583,0.0,137.44198623874587,21.0,0.0,0.0,14.200000438839197,0.0
3940,248.51822309978854,-1.0000001192092896,191.19322312959088,36.0,0.0,0.0,22.025000665336847,0.30000001192092896
3941,307.7495029932591,0.0,248.79950299325913,26.800000071525574,0.0,0.0,30.950000524520874,1.2000000476837158
3942,140.3301114807308,0.0,110.63011148073086,15.700000047683716,0.0,0.0,13.400000467896461,0.6000000238418579
3943,72.77781108810079,0.0,53.80281108810078,11.0,0.0,0.0,7.675000369548798,0.30000001192092896
3944,233.69460568559649,0.0,168.71960568559655,41.0,0.0,0.0,23.97500091791153,0.0
3945,157.80111525545658,0.0,125.12611525545657,16.0,0.0,0.0,16.375000722706318,0.30000001192092896
3946,305.06389967776727,0.0,230.11389967776728,54.200000047683716,0.0,0.0,20.450000684708357,0.30000001192092896
3947,190.92310366144258,-1.0000001192092896,143.12310369124495,27.0,0.0,0.0,21.50000010803342,0.30000001192092896
3948,201.85229136302635,-1.0000001192092896,167.25229139282865,22.0,0.0,0.0,13.600000474601984,0.0
3949,175.7635295141521,-1.0000001192092896,138.38852954395443,23.0,0.0,0.0,15.075000394135714,0.30000001192092896
3950,223.21392784867112,-1.0000001192092896,219.1389278784734,-8.300000011920929,0.0,0.0,12.775000430643559,0.6000000238418579
3951,174.74979529951955,-1.0000001192092896,117.649795329322,44.700000047683716,0.0,0.0,12.800000373274088,0.6000000238418579
3952,154.0123739844086,0.0,91.88737398440864,49.39999997615814,0.0,0.0,11.825000569224358,0.9000000357627869
3953,80.11613234083882,0.0,59.54113234083882,12.5,0.0,0.0,7.475000411272049,0.6000000238418579
3954,89.66283789998259,0.0,73.03783789998259,6.0,0.0,0.0,10.32500022649765,0.30000001192092896
3955,112.18634483287174,0.0,69.96134483287173,33.69999998807907,0.0,0.0,7.925000369548798,0.6000000238418579
3956,219.5159115531135,-1.0000001192092896,175.01591158291578,25.0,0.0,0.0,20.200000826269388,0.30000001192092896
3957,485.58462501969916,-1.0000001192092896,411.2596250495015,29.0,0.0,0.0,45.4250011742115,0.9000000357627869
3958,223.02185125431487,0.0,176.89685125431504,27.700000047683716,0.0,0.0,18.12500048801303,0.30000001192092896
3959,205.27768334834983,0.0,187.30268334834977,-3.800000011920929,0.0,0.0,21.175000950694084,0.6000000238418579
3960,9.324849178799582,0.0,9.274849178799581,-1.0,0.0,0.0,0.7500000596046448,0.30000001192092896
3961,332.88593494021785,-1.0000001192092896,285.38593497002006,9.0,0.0,0.0,39.50000184029341,0.0
3962,198.55311888780537,-1.0000001192092896,153.62811891760776,29.0,0.0,0.0,16.925000730901957,0.0
3963,190.5655751377708,0.0,157.04057513777067,11.0,0.0,0.0,21.625001221895218,0.9000000357627869
3964,131.19068346565993,0.0,96.26568346566,24.0,0.0,0.0,10.625000473111868,0.30000001192092896
3965,208.94696133942304,-1.0000001192092896,128.77196136922535,62.40000003576279,0.0,0.0,18.1750009059906,0.6000000238418579
3966,190.32821863159324,0.0,176.1282186315932,-1.300000011920929,0.0,0.0,15.200000554323196,0.30000001192092896
3967,336.81309277949646,0.0,280.08809277949615,27.00000011920929,0.0,0.0,27.625001169741154,2.1000000834465027
3968,166.03989469576524,0.0,140.5898946957653,13.5,-3.0,0.0,14.050000332295895,0.9000000357627869
3969,379.7410939282839,-1.0000001192092896,294.5410939580864,53.0,0.0,0.0,33.200001899152994,0.0
3970,205.18829097540856,-1.0000001192092896,157.36329100521095,32.0,0.0,0.0,16.825000569224358,0.0
3971,405.36113013674617,0.0,297.41113013674567,81.89999997615814,0.0,0.0,25.150000799447298,0.9000000357627869
3972,175.05681390585013,-1.0000001192092896,143.25681393565247,19.700000047683716,0.0,0.0,12.800000563263893,0.30000001192092896
3973,7.699426148328238,0.0,9.024426148328237,-2.0,0.0,0.0,0.3750000298023224,0.30000001192092896
3974,219.5952652734426,-1.0000001192092896,178.52026530324488,28.0,0.0,0.0,14.075000550597906,0.0
3975,154.47471540490108,0.0,111.82471540490108,26.0,0.0,0.0,16.350000843405724,0.30000001192092896
3976,113.60506466001316,0.0,88.08006466001316,12.0,0.0,0.0,13.225000947713852,0.30000001192092896
3977,202.3040047993142,-1.0000001192092896,166.0290048291165,21.69999998807907,0.0,0.0,15.27500069141388,0.30000001192092896
3978,199.11428106530715,0.0,155.53928106530722,24.0,0.0,0.0,18.97500067949295,0.6000000238418579
3979,125.44500922589631,0.0,102.67000922589634,13.199999988079071,-3.0,0.0,11.975000478327274,0.6000000238418579
3980,499.3499576270622,-1.0000001192092896,449.02495765686473,-5.0,0.0,0.0,55.725002124905586,0.6000000238418579
3981,213.36016226172617,0.0,199.46016226172614,-6.5,0.0,0.0,19.800000712275505,0.6000000238418579
3982,167.38909685653616,0.0,137.2390968565362,16.69999998807907,0.0,0.0,12.850000616163015,0.6000000238418579
3983,217.58798659317708,-1.0000001192092896,164.83798662297932,40.0,0.0,0.0,13.450000636279583,0.30000001192092896
3984,329.33474820749433,-1.0000001192092896,255.18474823729636,53.800000071525574,0.0,0.0,20.150000851601362,1.2000000476837158
3985,107.48077536661961,0.0,77.43077536661961,17.399999976158142,0.0,0.0,12.050000578165054,0.6000000238418579
3986,180.35978268323734,0.0,151.33478268323736,13.0,0.0,0.0,15.725000508129597,0.30000001192092896
3987,196.90188906893337,-1.0000001192092896,170.02688909873564,12.0,0.0,0.0,15.575000945478678,0.30000001192092896
3988,70.61798032434153,0.0,56.44298032434152,4.699999988079071,0.0,0.0,9.17500028014183,0.30000001192092896
3989,88.20423455450025,0.0,65.50423455450024,12.0,0.0,0.0,10.400000810623169,0.30000001192092896
3990,244.23842113358654,0.0,179.31342113358664,49.40000009536743,0.0,0.0,14.625000540167093,0.9000000357627869
3991,215.54512190716275,0.0,174.69512190716276,18.0,0.0,0.0,22.550000876188278,0.30000001192092896
3992,285.82171424463485,-1.0000001192092896,217.0217142744375,46.69999998807907,0.0,0.0,22.500000562518835,0.6000000238418579
3993,166.21084796334125,-1.0000001192092896,130.5358479931435,24.700000047683716,0.0,0.0,11.375000573694706,0.6000000238418579
3994,150.9928809533507,0.0,126.91788095335068,14.5,-4.5,0.0,13.175000607967377,0.9000000357627869
3995,119.26841307920495,0.0,98.76841307920499,8.700000047683716,0.0,0.0,11.200000643730164,0.6000000238418579
3996,110.01853089917797,0.0,78.343530899178,19.0,0.0,0.0,12.675000697374344,0.0
3997,267.9485513757024,-1.0000001192092896,201.19855140550428,30.0,0.0,0.0,37.750001300126314,0.0
3998,102.02849266603268,0.0,73.80349266603268,16.0,0.0,0.0,11.925000876188278,0.30000001192092896
3999,220.94370201793495,-1.0000001192092896,171.3687020477373,35.0,0.0,0.0,15.275000624358654,0.30000001192092896
4000,118.24949322660547,0.0,96.32449322660545,9.400000095367432,0.0,0.0,11.325000494718552,1.2000000476837158
4001,11.19308057939198,0.0,11.143080579391981,-1.0,0.0,0.0,0.7500000596046448,0.30000001192092896
4002,165.97356334806582,0.0,141.2735633480658,9.0,0.0,0.0,14.8000004068017,0.9000000357627869
4003,250.10164880034142,-1.0000001192092896,181.87664883014378,37.69999998807907,0.0,0.0,31.225000981241465,0.30000001192092896
4004,114.85644369858484,0.0,92.88144369858482,10.700000047683716,0.0,0.0,10.975000366568565,0.30000001192092896
4005,70.4781637192304,0.0,48.82816371923038,13.0,0.0,0.0,8.650000423192978,0.0
4006,205.39167575857022,-1.0000001192092896,170.4166757883725,21.0,0.0,0.0,14.675000742077827,0.30000001192092896
4007,246.08512340144839,-1.0000001192092896,184.36012343125054,42.90000003576279,0.0,0.0,18.925000954419374,0.9000000357627869
4008,81.33858857359743,0.0,55.388588573597424,18.0,0.0,0.0,7.6500004678964615,0.30000001192092896
4009,125.55430094563653,0.0,108.12930094563656,3.5,0.0,0.0,13.625000640749931,0.30000001192092896
4010,95.49748398586952,0.0,72.97248398586949,10.700000047683716,0.0,0.0,11.225000768899918,0.6000000238418579
4011,171.71016232113834,0.0,136.4601623211383,21.69999998807907,0.0,0.0,13.250000327825546,0.30000001192092896
4012,153.66143077109095,0.0,129.76143077109097,17.19999998807907,-9.0,0.0,15.10000067949295,0.6000000238418579
4013,286.7124419707436,0.0,211.6874419707434,53.0,0.0,0.0,22.02500108256936,0.0
4014,76.30110967108568,0.0,51.85110967108569,14.0,0.0,0.0,10.45000085234642,0.0
4015,202.18544980691246,-1.0000001192092896,154.61044983671485,33.0,0.0,0.0,15.275000415742397,0.30000001192092896
4016,265.1837974975355,0.0,246.2337974975353,-0.5999999046325684,0.0,0.0,18.350000604987144,1.2000000476837158
4017,161.85422745092197,0.0,120.05422745092199,23.0,0.0,0.0,18.80000126361847,0.0
4018,219.20588594333424,0.0,177.53088594333428,23.200000047683716,0.0,0.0,17.875000908970833,0.6000000238418579
4019,186.28456664759187,-1.0000001192092896,135.68456667739414,35.0,0.0,0.0,16.600000578910112,0.0
4020,197.4223322636023,0.0,142.14733226360224,33.700000047683716,0.0,0.0,21.275001287460327,0.30000001192092896
4021,11.368331777906688,0.0,9.318331777906689,1.0,0.0,0.0,0.7500000596046448,0.30000001192092896
4022,151.2920277989382,0.0,122.59202779893822,14.700000047683716,0.0,0.0,13.400000602006912,0.6000000238418579
4023,329.0891010879693,-1.0000001192092896,255.91410111777142,52.700000047683716,0.0,0.0,20.875000789761543,0.6000000238418579
4024,133.02652528825004,-1.0000001192092896,86.10152531805234,35.0,0.0,0.0,12.625000800937414,0.30000001192092896
4025,124.85606045243809,0.0,95.98106045243807,15.699999988079071,0.0,0.0,12.575000405311584,0.6000000238418579
4026,115.48309731532726,0.0,83.68309731532729,21.5,-1.5,0.0,11.500000610947609,0.30000001192092896
4027,254.96158260677615,0.0,243.56158260677617,-10.099999904632568,0.0,0.0,20.000000711530447,1.5000000596046448
4028,218.2626801882412,0.0,168.6876801882411,33.69999998807907,0.0,0.0,15.275000266730785,0.6000000238418579
4029,165.60324775883117,0.0,130.42824775883122,14.0,0.0,0.0,21.17500165477395,0.0
4030,79.28456961271591,0.0,56.28456961271595,14.0,0.0,0.0,9.000000461935997,0.0
4031,191.85317545585173,-1.0000001192092896,196.253175485654,-22.0,0.0,0.0,18.00000062212348,0.6000000238418579
4032,211.8557023584167,0.0,161.05570235841677,35.700000047683716,0.0,0.0,14.50000050663948,0.6000000238418579
4033,80.98310651147868,0.0,56.63310651147868,16.0,0.0,0.0,8.050000429153442,0.30000001192092896
4034,79.88441372555152,0.0,53.78441372555153,17.5,0.0,0.0,8.30000051856041,0.30000001192092896
4035,325.41402171690316,-1.0000001192092896,266.41402174670526,30.0,0.0,0.0,29.70000110194087,0.30000001192092896
4036,201.126049967324,-1.0000001192092896,151.42604999712626,32.0,0.0,0.0,18.70000072568655,0.0
4037,150.29056869176773,0.0,106.9405686917677,27.69999998807907,0.0,0.0,15.050000548362732,0.6000000238418579
4038,274.0859178609758,0.0,231.1859178609761,26.0,0.0,0.0,16.600000616163015,0.30000001192092896
4039,234.02568118168503,-1.0000001192092896,227.0006812114873,-15.300000011920929,0.0,0.0,22.42500066384673,0.9000000357627869
4040,81.941099315763,0.0,69.64109931576301,0.699999988079071,0.0,0.0,11.300000458955765,0.30000001192092896
4041,67.97798579506406,0.0,50.12798579506406,9.0,0.0,0.0,8.550000727176666,0.30000001192092896
4042,86.64127453689781,0.0,64.3662745368978,15.5,-3.0,0.0,9.175000578165054,0.6000000238418579
4043,114.88283821386669,0.0,88.58283821386668,10.0,0.0,0.0,16.300000697374344,0.0
4044,215.43270057298946,-1.0000001192092896,160.25770060279177,41.0,0.0,0.0,15.175000801682472,0.0
4045,214.14817151499363,-1.0000001192092896,174.923171544796,23.0,0.0,0.0,16.925000820308924,0.30000001192092896
4046,337.1999983172921,0.0,242.12499831729204,75.0,0.0,0.0,19.775000900030136,0.30000001192092896
4047,317.15130686504233,-1.0000001192092896,271.4013068948446,27.0,0.0,0.0,19.150000665336847,0.6000000238418579
4048,220.14433216382432,-1.0000001192092896,159.86933219362666,45.0,0.0,0.0,16.27500055730343,0.0
4049,217.48052186478054,-1.0000001192092896,180.63052189458293,17.0,0.0,0.0,20.55000063404441,0.30000001192092896
4050,200.6026228877045,-1.0000001192092896,149.35262291750675,34.0,0.0,0.0,18.25000061094761,0.0
4051,214.61953859246864,0.0,174.14453859246862,24.399999976158142,0.0,0.0,14.875000681728125,1.2000000476837158
4052,253.0123372313325,-1.0000001192092896,186.61233726113483,40.5,0.0,0.0,26.600001264363527,0.30000001192092896
4053,70.30731178401899,0.0,49.807311784019,12.0,0.0,0.0,8.500000327825546,0.0
4054,453.7525743198914,-1.0000001192092896,347.92757434969354,56.0,0.0,0.0,50.825002662837505,0.0
4055,216.59199071383807,-1.0000001192092896,156.84199074364034,42.0,0.0,0.0,18.75000039115548,0.0
4056,306.10391001991024,0.0,246.45391001991015,37.80000001192093,0.0,0.0,20.650000546127558,1.2000000476837158
4057,71.43731745615007,0.0,56.66231745615007,8.5,-3.0,0.0,8.975000530481339,0.30000001192092896
4058,258.9678890433036,-1.0000001192092896,198.5428890731057,44.0,0.0,0.0,17.425000820308924,0.0
4059,169.87828569843123,0.0,124.6032856984312,31.69999998807907,0.0,0.0,12.97500041872263,0.6000000238418579
4060,318.1171744052928,-1.0000001192092896,264.0421744350957,32.40000003576279,0.0,0.0,22.075000632554293,0.6000000238418579
4061,149.73808508927948,0.0,103.73808508927948,31.69999998807907,0.0,0.0,14.000000596046448,0.30000001192092896
4062,318.9471248298063,0.0,305.3971248298061,-12.099999964237213,0.0,0.0,24.450001161545515,1.2000000476837158
4063,17.505283373103794,0.0,16.830283373103793,0.0,0.0,0.0,0.3750000298023224,0.30000001192092896
4064,190.34470800216593,-1.0000001192092896,139.01970803196824,39.39999997615814,0.0,0.0,12.325000490993261,0.6000000238418579
4065,70.57441196728739,0.0,50.52441196728739,11.699999988079071,0.0,0.0,8.050000473856926,0.30000001192092896
4066,59.76752887975339,0.0,47.24252887975339,4.0,0.0,0.0,8.525000542402267,0.0
4067,243.36457531146343,-1.0000001192092896,221.78957534126576,-6.300000011920929,0.0,0.0,28.575000621378422,0.30000001192092896
4068,333.04149317524667,-1.0000001192092896,269.7164932050491,36.0,0.0,0.0,28.325000945478678,0.0
4069,312.7343746181321,0.0,281.8343746181324,12.400000095367432,0.0,0.0,17.6000004298985,0.9000000357627869
4070,267.4174141520722,-1.0000001192092896,183.39241418187464,57.69999998807907,0.0,0.0,27.025001633912325,0.30000001192092896
4071,238.88687624686293,0.0,201.28687624686296,12.100000083446503,0.0,0.0,24.30000101029873,1.2000000476837158
4072,223.59459577828846,-1.0000001192092896,173.0445958080908,33.69999998807907,0.0,0.0,17.250000555068254,0.6000000238418579
4073,250.6333776478955,0.0,173.05837764789555,57.69999998807907,0.0,0.0,19.275000512599945,0.6000000238418579
4074,143.33793839468035,0.0,107.21293839468028,20.0,0.0,0.0,16.12500086426735,0.0
4075,247.2281693068021,0.0,196.32816930680195,35.0,0.0,0.0,15.60000054165721,0.30000001192092896
4076,218.26840705734355,0.0,181.76840705734364,25.0,0.0,0.0,11.200000494718552,0.30000001192092896
4077,290.559074365304,-1.0000001192092896,241.93407439510636,34.700000047683716,0.0,0.0,14.625000670552254,0.30000001192092896
4078,89.36663507766495,0.0,61.34163507766494,18.0,0.0,0.0,9.725000649690628,0.30000001192092896
4079,70.01240475370632,0.0,46.062404753706325,16.0,0.0,0.0,7.950000450015068,0.0
4080,244.86722200158434,0.0,187.04222200158432,43.39999997615814,0.0,0.0,13.525000546127558,0.9000000357627869
4081,376.1327205419854,0.0,288.9077205419855,46.0,0.0,0.0,40.92500278353691,0.30000001192092896
4082,66.4602535147461,0.0,44.38525351474608,16.0,0.0,0.0,5.775000244379044,0.30000001192092896
4083,275.49578491078984,-1.0000001192092896,224.79578494059237,34.39999997615814,0.0,0.0,16.700000684708357,0.6000000238418579
4084,70.99525330148836,0.0,45.945253301488364,17.0,0.0,0.0,8.050000160932541,0.0
4085,116.32494346627252,0.0,87.02494346627249,17.0,0.0,0.0,12.000000461935997,0.30000001192092896
4086,234.28428459332474,-1.0000001192092896,189.88428462312717,27.399999976158142,0.0,0.0,17.10000054165721,0.9000000357627869
4087,163.45899485240065,-1.0000001192092896,100.80899488220292,52.700000047683716,0.0,0.0,10.350000537931919,0.6000000238418579
4088,66.65709708352091,0.0,45.2070970835209,14.0,0.0,0.0,7.450000420212746,0.0
4089,210.23374606094433,0.0,200.00874606094428,-7.1999998688697815,0.0,0.0,15.925000410526991,1.5000000596046448
4090,66.70993505804358,0.0,52.20993505804359,5.0,0.0,0.0,9.500000685453415,0.0
4091,128.1667973305742,0.0,94.14179733057418,22.0,0.0,0.0,11.725000262260437,0.30000001192092896
4092,174.46816904315193,0.0,139.54316904315192,22.0,0.0,0.0,12.625000320374966,0.30000001192092896
4093,218.80533661808974,0.0,182.40533661808962,20.200000047683716,0.0,0.0,15.300000414252281,0.9000000357627869
4094,172.87645419995894,0.0,112.80145419995905,51.0,0.0,0.0,8.775000303983688,0.30000001192092896
4095,133.08041114654384,0.0,106.13041114654386,14.199999988079071,-1.5,0.0,13.650000646710396,0.6000000238418579
4096,116.22390380434771,0.0,81.34890380434774,22.5,0.0,0.0,12.075000360608101,0.30000001192092896
4097,218.46206395879284,0.0,161.5870639587928,36.19999998807907,0.0,0.0,19.77500071004033,0.9000000357627869
4098,83.88633030463195,0.0,66.08633030463196,11.5,-3.0,0.0,9.000000357627869,0.30000001192092896
4099,63.32872580809198,0.0,55.57872580809198,1.0,0.0,0.0,6.45000022649765,0.30000001192092896
4100,190.9807215784861,-1.0000001192092896,145.98072160828838,30.0,0.0,0.0,15.700000707060099,0.30000001192092896
4101,116.77941769825324,0.0,87.00441769825329,17.0,0.0,0.0,12.775000654160976,0.0
4102,211.71171518978667,-1.0000001192092896,142.56171521958902,56.0,0.0,0.0,13.850000526756048,0.30000001192092896
4103,9.727079568197892,0.0,9.052079568197891,0.0,0.0,0.0,0.3750000298023224,0.30000001192092896
4104,264.77698786532267,0.0,239.60198786532305,8.5,0.0,0.0,15.475000623613596,1.2000000476837158
4105,70.4724807714883,0.0,52.04748077148828,9.5,0.0,0.0,8.62500050663948,0.30000001192092896
4106,57.10837198521762,0.0,43.23337198521761,9.0,0.0,0.0,4.575000137090683,0.30000001192092896
4107,71.36782179003652,0.0,46.41782179003649,17.0,0.0,0.0,7.950000524520874,0.0
4108,252.12473803969445,0.0,248.17473803969463,-8.899999916553497,0.0,0.0,11.650000385940075,1.2000000476837158
4109,205.1867829967305,0.0,144.0117829967305,39.69999998807907,0.0,0.0,21.175000816583633,0.30000001192092896
4110,128.02500250728178,0.0,97.80000250728179,22.0,0.0,0.0,7.925000563263893,0.30000001192092896
4111,155.6916545255738,-1.0000001192092896,128.01665455537605,18.0,0.0,0.0,10.675000596791506,0.0
4112,68.32814373719675,0.0,53.50314373719675,8.0,0.0,0.0,6.525000303983688,0.30000001192092896
4113,8.720926812141244,0.0,9.295926812141243,-2.0,0.0,0.0,1.1250000894069672,0.30000001192092896
4114,326.9042565944193,-1.0000001192092896,269.8542566242214,36.90000009536743,0.0,0.0,19.05000063031912,2.1000000834465027
4115,15.559521170114781,0.0,16.88452117011478,-2.0,0.0,0.0,0.3750000298023224,0.30000001192092896
4116,83.12327516864512,0.0,60.1232751686451,16.0,0.0,0.0,6.700000241398811,0.30000001192092896
4117,234.83014334143843,0.0,190.85514334143846,27.5,0.0,0.0,15.575000509619713,0.9000000357627869
4118,220.3462255959672,0.0,151.89622559596714,52.69999998807907,0.0,0.0,15.150000263005495,0.6000000238418579
4119,173.10686360400356,-1.0000001192092896,128.95686363380582,35.0,0.0,0.0,9.8500004298985,0.30000001192092896
4120,125.55071719012417,0.0,89.45071719012414,21.0,0.0,0.0,15.100000619888306,0.0
4121,182.89987517187075,-1.0000001192092896,148.2998752016731,22.0,0.0,0.0,13.300000432878733,0.30000001192092896
4122,82.9665392713358,0.0,60.01653927133581,13.699999988079071,0.0,0.0,8.950000524520874,0.30000001192092896
4123,207.72362904508117,-1.0000001192092896,175.37362907488347,21.0,0.0,0.0,12.050000339746475,0.30000001192092896
4124,140.80711755368347,-1.0000001192092896,121.88211758348601,8.0,0.0,0.0,11.625000532716513,0.30000001192092896
4125,134.67447606558437,0.0,104.04947606558441,18.0,0.0,0.0,12.32500047981739,0.30000001192092896
4126,201.5576229727081,0.0,164.2576229727082,21.0,0.0,0.0,16.000000685453415,0.30000001192092896
4127,243.55705449140498,-1.0000001192092896,195.7570545212073,33.0,0.0,0.0,15.800000566989183,0.0
4128,220.91392822993217,0.0,169.96392822993218,37.0,0.0,0.0,13.650000281631947,0.30000001192092896
4129,64.99638904269342,0.0,44.14638904269343,14.0,0.0,0.0,6.850000262260437,0.0
4130,166.4052324022034,0.0,125.08023240220345,26.5,0.0,0.0,14.525000371038914,0.30000001192092896
4131,198.76521442573932,0.0,156.4902144257394,26.40000009536743,0.0,0.0,14.675000298768282,1.2000000476837158
4132,94.04716791587774,0.0,65.84716791587772,17.0,0.0,0.0,11.200000658631325,0.0
4133,275.13842207063993,-1.0000001192092896,236.4634221004419,24.800000071525574,0.0,0.0,13.37500037997961,1.5000000596046448
4134,213.12191909649545,0.0,172.19691909649538,25.400000035762787,0.0,0.0,14.625000577419996,0.9000000357627869
4135,11.354196675350485,0.0,9.304196675350488,1.0,0.0,0.0,0.7500000596046448,0.30000001192092896
4136,179.16668156416492,0.0,167.56668156416498,-6.800000011920929,0.0,0.0,17.800000447779894,0.6000000238418579
4137,222.4845151724327,-1.0000001192092896,162.65951520223504,44.0,0.0,0.0,16.525000616908073,0.30000001192092896
4138,160.62428033687277,-1.0000001192092896,120.02428036667509,28.0,0.0,0.0,13.30000039562583,0.30000001192092896
4139,231.1025841448802,-1.0000001192092896,172.42758417468247,46.0,0.0,0.0,13.375000458210707,0.30000001192092896
4140,209.59791977917166,0.0,153.6729197791717,42.0,0.0,0.0,13.625000316649675,0.30000001192092896
4141,77.43764111346678,0.0,63.66264111346677,4.0,0.0,0.0,9.775000378489494,0.0
4142,185.29352874874317,0.0,126.8935287487431,46.69999998807907,0.0,0.0,11.100000195205212,0.6000000238418579
4143,236.74238097668112,-1.0000001192092896,169.79238100648342,48.0,0.0,0.0,19.350000742822886,0.6000000238418579
4144,156.1591974274413,0.0,129.7091974274412,11.0,0.0,0.0,15.150000631809235,0.30000001192092896
4145,139.28720369806132,0.0,99.71220369806134,29.0,0.0,0.0,10.575000450015068,0.0
4146,179.85455627917216,0.0,180.5045562791722,-13.299999952316284,0.0,0.0,11.750000532716513,0.9000000357627869
4147,64.5172725809631,0.0,46.192272580963085,12.0,0.0,0.0,6.025000244379044,0.30000001192092896
4148,304.5745832263408,-1.0000001192092896,264.57458325614294,25.0,0.0,0.0,15.700000587850809,0.30000001192092896
4149,79.70852052334389,0.0,55.6835205233439,16.0,0.0,0.0,7.725000351667404,0.30000001192092896
4150,208.62843618802165,-1.0000001192092896,187.10343621782397,8.0,0.0,0.0,13.925000566989183,0.6000000238418579
4151,379.36175726035884,-1.0000001192092896,324.486757290161,33.700000047683716,0.0,0.0,21.575000677257776,0.6000000238418579
4152,162.75784433325035,0.0,120.93284433325037,29.0,0.0,0.0,12.525000430643559,0.30000001192092896
4153,150.8992717470469,0.0,128.4742717470469,9.699999988079071,0.0,0.0,11.825000531971455,0.9000000357627869
4154,320.7176735805076,0.0,280.8676735805074,10.600000023841858,0.0,0.0,27.750000696629286,1.5000000596046448
4155,12.865256649371025,0.0,12.815256649371024,-1.0,0.0,0.0,0.7500000596046448,0.30000001192092896
4156,16.909084836360943,0.0,16.859084836360946,-1.0,0.0,0.0,0.7500000596046448,0.30000001192092896
4157,215.74574106006418,0.0,200.14574106006404,-2.300000011920929,0.0,0.0,16.700000505894423,1.2000000476837158
4158,80.06396933474684,0.0,56.56396933474687,14.699999988079071,0.0,0.0,8.50000037252903,0.30000001192092896
4159,186.01662982451438,-1.0000001192092896,147.21662985431664,24.0,0.0,0.0,15.800000552088022,0.0
4160,213.76568673365185,-1.0000001192092896,170.26568676345428,33.0,0.0,0.0,11.50000049546361,0.0
4161,186.2350573551646,0.0,146.66005735516458,25.100000083446503,0.0,0.0,13.575000461190939,0.9000000357627869
4162,170.59645639106964,0.0,167.7714563910697,-10.600000023841858,0.0,0.0,12.525000616908073,0.9000000357627869
4163,195.0397437139078,-1.0000001192092896,158.4147437437102,26.0,0.0,0.0,11.32500046491623,0.30000001192092896
4164,269.5198268429802,0.0,237.29482684298029,18.600000023841858,0.0,0.0,12.12500050663948,1.5000000596046448
4165,142.56874195462882,-1.0000001192092896,122.66874198443124,7.699999988079071,0.0,0.0,12.600000385195017,0.6000000238418579
4166,187.8325675621168,0.0,141.58256756211685,24.0,0.0,0.0,22.250001471489668,0.0
4167,140.9999186975611,-1.0000001192092896,127.89991872736348,2.0,0.0,0.0,11.800000477582216,0.30000001192092896
4168,145.6638195473584,0.0,110.86381954735845,22.0,0.0,0.0,12.500000402331352,0.30000001192092896
4169,18.952366497928487,0.0,18.902366497928487,-1.0,0.0,0.0,0.7500000596046448,0.30000001192092896
4170,59.74252088762944,0.0,49.51752088762946,4.0,0.0,0.0,5.9250002801418304,0.30000001192092896
4171,158.243500067802,-1.0000001192092896,117.36850009760425,35.0,0.0,0.0,6.875000391155481,0.0
4172,219.46361344704292,0.0,172.11361344704295,31.0,0.0,0.0,16.050000566989183,0.30000001192092896
4173,192.53635103397363,-1.0000001192092896,149.73635106377597,31.69999998807907,0.0,0.0,11.50000037252903,0.6000000238418579
4174,428.29149034587954,0.0,342.41649034587965,38.0,0.0,0.0,47.8750026486814,0.0
4175,179.19911515280248,-1.0000001192092896,140.74911518260487,27.0,0.0,0.0,12.450000431388617,0.0
4176,63.96941973902097,0.0,44.06941973902097,12.0,0.0,0.0,7.900000512599945,0.0
4177,133.29571455577224,0.0,92.52071455577224,28.0,0.0,0.0,12.775000661611557,0.0
4178,277.21165055886064,-1.0000001192092896,237.3616505886627,29.69999998807907,0.0,0.0,10.55000039562583,0.6000000238418579
4179,108.57465173869775,0.0,76.19965173869778,21.0,0.0,0.0,11.375000387430191,0.0
4180,107.43558197012244,0.0,71.93558197012244,23.69999998807907,0.0,0.0,11.500000596046448,0.30000001192092896
4181,190.18618044008142,0.0,141.6111804400815,37.0,0.0,0.0,11.275000367313623,0.30000001192092896
4182,42.45949894075686,0.0,41.18449894075686,-4.0,0.0,0.0,4.975000292062759,0.30000001192092896
4183,87.37500175077608,0.0,58.20000175077609,20.0,0.0,0.0,9.175000309944153,0.0
4184,163.521886513607,-1.0000001192092896,132.94688654340928,21.0,0.0,0.0,10.275000650435686,0.30000001192092896
4185,133.3167666092685,-1.0000001192092896,107.41676663907084,17.0,0.0,0.0,9.60000043362379,0.30000001192092896
4186,64.97461422148228,0.0,51.09961422148227,8.0,0.0,0.0,5.575000196695328,0.30000001192092896
4187,112.14686007006328,0.0,83.34686007006327,17.0,0.0,0.0,11.200000807642937,0.6000000238418579
4188,203.58106861202106,0.0,163.58106861202097,29.0,0.0,0.0,10.700000081211329,0.30000001192092896
4189,206.24838077639168,-1.0000001192092896,153.77338080619407,41.39999997615814,0.0,0.0,11.175000138580799,0.9000000357627869
4190,156.9822922845402,0.0,112.2072922845402,29.69999998807907,0.0,0.0,14.475000202655792,0.6000000238418579
4191,188.9355181563938,0.0,200.01051815639386,-25.299999952316284,0.0,0.0,13.625000432133675,0.6000000238418579
4192,159.08144133952337,0.0,135.75644133952332,10.500000178813934,0.0,0.0,11.025000553578138,1.8000000715255737
4193,150.27680758972872,-1.0000001192092896,140.4768076195311,-3.0,0.0,0.0,13.500000473111868,0.30000001192092896
4194,175.76180500261995,-1.0000001192092896,133.3368050324222,32.0,0.0,0.0,11.125000420957804,0.30000001192092896
4195,223.48708571873397,0.0,169.43708571873404,37.39999997615814,0.0,0.0,16.05000077933073,0.6000000238418579
4196,126.48366740573266,-1.0000001192092896,84.03366743553495,32.700000047683716,0.0,0.0,10.150000415742397,0.6000000238418579
4197,215.0120865660822,0.0,165.0870865660822,36.700000047683716,0.0,0.0,12.625000648200512,0.6000000238418579
4198,56.20995082389262,0.0,41.68495082389263,7.0,0.0,0.0,7.525000482797623,0.0
4199,215.66586267556866,0.0,178.14086267556868,21.899999976158142,0.0,0.0,14.42500040307641,1.2000000476837158
4200,157.4449716796635,-1.0000001192092896,107.81997170946575,41.0,0.0,0.0,9.325000371783972,0.30000001192092896
4201,223.42984810069242,0.0,188.2298481006925,23.0,0.0,0.0,11.600000500679016,0.6000000238418579
4202,114.18740774439168,0.0,90.21240774439165,10.700000047683716,0.0,0.0,12.975000362843275,0.30000001192092896
4203,62.23661070389299,0.0,48.38661070389299,9.0,0.0,0.0,4.5500001311302185,0.30000001192092896
4204,77.46959167380798,0.0,57.41959167380797,11.699999988079071,0.0,0.0,8.050000190734863,0.30000001192092896
4205,135.72019507489767,0.0,91.64519507489766,32.0,0.0,0.0,12.075000584125519,0.0
4206,175.33494617669598,0.0,97.459946176696,65.40000003576279,0.0,0.0,11.575000688433647,0.9000000357627869
4207,76.33618053294045,0.0,49.386180532940436,19.0,0.0,0.0,7.95000034570694,0.0
4208,344.9498063946413,0.0,263.1248063946418,57.40000003576279,0.0,0.0,23.52500157430768,0.9000000357627869
4209,249.57684082378822,0.0,179.501840823788,56.10000002384186,0.0,0.0,12.775000512599945,1.2000000476837158
4210,224.52547339332125,0.0,162.1254733933213,45.69999998807907,0.0,0.0,16.4000004529953,0.30000001192092896
4211,146.06624566713026,0.0,106.04124566713027,29.0,0.0,0.0,10.725000474601984,0.30000001192092896
4212,200.81279571211607,-1.0000001192092896,146.81279574191865,42.0,0.0,0.0,12.70000023394823,0.30000001192092896
4213,190.04000063811557,0.0,141.74000063811562,36.0,0.0,0.0,12.000000525265932,0.30000001192092896
4214,145.42685244670122,-1.0000001192092896,98.50185247650361,37.69999998807907,0.0,0.0,9.625000353902578,0.6000000238418579
4215,155.02158097187245,0.0,139.37158097187253,2.1000000834465027,0.0,0.0,12.350000310689211,1.2000000476837158
4216,152.64951755371087,0.0,107.8995175537109,34.5,-6.0,0.0,15.950000762939453,0.30000001192092896
4217,193.89815179797526,-1.0000001192092896,179.0481518277777,3.0,0.0,0.0,12.550000507384539,0.30000001192092896
4218,167.47164188703331,0.0,140.92164188703327,13.5,0.0,0.0,12.150000616908073,0.9000000357627869
4219,172.30613309256955,0.0,114.4811330925696,46.0,0.0,0.0,11.525000493973494,0.30000001192092896
4220,197.4986062253207,0.0,162.1236062253207,25.100000083446503,0.0,0.0,8.475000362843275,1.8000000715255737
4221,141.85715207161994,-1.0000001192092896,114.30715210142226,19.0,0.0,0.0,9.55000051483512,0.0
4222,166.89532653285323,0.0,121.14532653285319,30.0,0.0,0.0,14.850000515580177,0.9000000357627869
4223,81.87337715955164,0.0,58.748377159551644,19.5,-4.5,0.0,7.825000435113907,0.30000001192092896
4224,241.88483000925902,0.0,198.83483000925895,30.69999998807907,0.0,0.0,11.750000417232513,0.6000000238418579
4225,150.51700342591982,0.0,105.9420034259198,32.0,0.0,0.0,12.575000613927841,0.0
4226,220.74046127846492,0.0,192.49046127846498,18.69999998807907,-4.5,0.0,13.150000400841236,0.9000000357627869
4227,186.65060459888903,0.0,106.475604598889,70.69999998807907,0.0,0.0,8.875000301748514,0.6000000238418579
4228,72.90490938051494,0.0,53.27990938051493,14.0,0.0,0.0,5.325000137090683,0.30000001192092896
4229,79.08149150670724,0.0,53.95649150670726,20.5,-3.0,0.0,7.325000360608101,0.30000001192092896
4230,72.7245372963805,0.0,59.72453729638049,6.0,0.0,0.0,6.700000241398811,0.30000001192092896
4231,221.22771486741735,0.0,147.17771486741736,60.69999998807907,0.0,0.0,12.750000674277544,0.6000000238418579
4232,226.29498679828612,-1.0000001192092896,160.4449868280885,54.39999997615814,0.0,0.0,11.550000376999378,0.9000000357627869
4233,152.9772286581291,0.0,144.90222865812922,-3.300000011920929,0.0,0.0,10.475000362843275,0.9000000357627869
4234,170.68910107811868,0.0,127.43910107811871,31.69999998807907,0.0,0.0,10.650000341236591,0.9000000357627869
4235,169.76787638371715,-1.0000001192092896,117.66787641351955,41.40000003576279,0.0,0.0,10.800000440329313,0.9000000357627869
4236,166.72811771749335,0.0,124.32811771749343,30.80000013113022,0.0,0.0,10.100000225007534,1.5000000596046448
4237,203.82928682115772,0.0,142.90428682115777,46.0,0.0,0.0,14.625000413507223,0.30000001192092896
4238,200.3408615486719,0.0,138.04086154867184,48.0,0.0,0.0,14.000000435858965,0.30000001192092896
4239,83.58827096097394,0.0,61.86327096097392,15.5,-1.5,0.0,7.125000238418579,0.6000000238418579
4240,286.2250088430094,0.0,259.80000884300927,-2.299999952316284,-1.5,0.0,29.325001269578934,0.9000000357627869
4241,275.2559621786263,-1.0000001192092896,179.88096220842883,81.0,0.0,0.0,14.775000300258398,0.6000000238418579
4242,189.07012927448736,-1.0000001192092896,124.84512930428967,52.0,0.0,0.0,12.925000421702862,0.30000001192092896
4243,182.34159692638735,0.0,136.56659692638743,32.0,0.0,0.0,13.775000628083944,0.0
4244,64.78580542449706,0.0,45.66080542449706,11.0,0.0,0.0,8.12500050663948,0.0
4245,17.01283659357317,0.0,16.96283659357317,-1.0,0.0,0.0,0.7500000596046448,0.30000001192092896
4246,201.52399792243185,-1.0000001192092896,170.6239979522342,20.0,0.0,0.0,11.90000056475401,0.0
4247,17.606467570411805,0.0,16.9314675704118,0.0,0.0,0.0,0.3750000298023224,0.30000001192092896
4248,226.9203317511162,-1.0000001192092896,172.04533178091845,41.69999998807907,0.0,0.0,13.875000588595867,0.30000001192092896
4249,195.41950311985966,0.0,140.01950311985965,41.0,0.0,0.0,14.100000537931919,0.30000001192092896
4250,180.08932348940817,0.0,153.36432348940812,16.100000083446503,0.0,0.0,9.425000384449959,1.2000000476837158
4251,182.09248370983767,0.0,134.16748370983768,35.0,0.0,0.0,12.62500049546361,0.30000001192092896
4252,178.17844044641768,0.0,143.90344044641762,20.0,0.0,0.0,13.975000347942114,0.30000001192092896
4253,111.66109065711687,0.0,74.68609065711686,25.0,0.0,0.0,11.975000411272049,0.0
4254,17.663681496740306,0.0,16.988681496740305,0.0,0.0,0.0,0.3750000298023224,0.30000001192092896
4255,147.25878644248115,1.0000001192092896,115.00878641267883,15.0,0.0,1.0,14.650000631809235,0.6000000238418579
4256,119.69472585736884,0.0,73.99472585736885,34.69999998807907,0.0,0.0,10.700000435113907,0.30000001192092896
4257,64.46529144799372,0.0,46.86529144799373,11.0,0.0,0.0,6.300000309944153,0.30000001192092896
4258,154.29882528961167,0.0,95.84882528961167,49.0,0.0,0.0,9.150000277906656,0.30000001192092896
4259,209.05095180597942,-1.0000001192092896,116.05095183578179,81.69999998807907,0.0,0.0,11.700000558048487,0.6000000238418579
4260,76.94261061165632,0.0,49.64261061165634,18.0,0.0,0.0,9.30000028014183,0.0
4261,66.21622515437197,0.0,44.81622515437198,14.0,0.0,0.0,7.4000003933906555,0.0
4262,114.70327941142932,0.0,78.97827941142931,24.69999998807907,0.0,0.0,10.425000324845314,0.6000000238418579
4263,148.46590326813637,-1.0000001192092896,152.54090329793877,-14.0,0.0,0.0,10.625000413507223,0.30000001192092896
4264,195.46095962343085,-1.0000001192092896,128.81095965323303,56.0,0.0,0.0,11.350000273436308,0.30000001192092896
4265,193.3297831337367,-1.0000001192092896,141.579783163539,40.0,0.0,0.0,12.450000423938036,0.30000001192092896
4266,224.55422202206273,0.0,198.02922202206267,14.300000071525574,0.0,0.0,9.825000301003456,2.4000000953674316
4267,190.58737436090126,-1.0000001192092896,192.48737439070365,-12.599999964237213,0.0,0.0,10.800000615417957,0.9000000357627869
4268,173.94170746202346,-1.0000001192092896,172.49170749182574,-11.600000023841858,0.0,0.0,13.150000482797623,0.9000000357627869
4269,244.59884771331767,0.0,208.67384771331768,12.5,0.0,0.0,22.825000926852226,0.6000000238418579
4270,154.18914381888214,-1.0000001192092896,106.81414384868457,37.69999998807907,0.0,0.0,10.075000252574682,0.6000000238418579
4271,105.76107136126787,0.0,80.01107136126791,16.69999998807907,0.0,0.0,8.450000211596489,0.6000000238418579
4272,18.949726269457784,0.0,16.899726269457783,1.0,0.0,0.0,0.7500000596046448,0.30000001192092896
4273,268.8906826263937,-1.0000001192092896,194.61568265619607,61.39999997615814,0.0,0.0,12.975000519305468,0.9000000357627869
4274,139.21363751945705,0.0,100.01363751945706,27.399999976158142,0.0,0.0,11.200000427663326,0.6000000238418579
4275,234.54025533556305,0.0,205.54025533556305,16.600000083446503,0.0,0.0,10.300000227987766,2.1000000834465027
4276,173.02201427284342,0.0,142.02201427284353,16.69999998807907,0.0,0.0,13.700000192970037,0.6000000238418579
4277,78.48711689619586,0.0,56.73711689619584,15.0,0.0,0.0,6.45000034570694,0.30000001192092896
4278,76.68978654929154,0.0,53.58978654929156,14.699999988079071,0.0,0.0,7.8000005185604095,0.6000000238418579
4279,325.3907945434305,0.0,275.5907945434305,35.1000000834465,0.0,0.0,13.200000304728746,1.5000000596046448
4280,168.2708783947328,0.0,108.72087839473275,49.69999998807907,0.0,0.0,9.250000193715096,0.6000000238418579
4281,264.9468508775704,0.0,183.87185087757015,65.5,0.0,0.0,15.275000546127558,0.30000001192092896
4282,255.55780817530078,-1.0000001192092896,174.507808205103,69.0,0.0,0.0,12.750000443309546,0.30000001192092896
4283,61.57539919097324,0.0,44.15039919097324,10.0,0.0,0.0,7.425000250339508,0.0
4284,195.69077310633492,0.0,128.44077310633492,49.0,0.0,0.0,17.950000643730164,0.30000001192092896
4285,85.37741963785457,0.0,56.52741963785457,19.69999998807907,0.0,0.0,8.8500005453825,0.30000001192092896
4286,212.2999800253449,-1.0000001192092896,130.34998005514706,72.0,0.0,0.0,10.650000311434269,0.30000001192092896
4287,79.36482430468882,0.0,61.63982430468881,10.399999976158142,0.0,0.0,6.425000235438347,0.9000000357627869
4288,179.5066094427919,0.0,141.98160944279195,25.80000013113022,0.0,0.0,10.225000284612179,1.5000000596046448
4289,24.261006649503855,0.0,20.836006649503855,2.0,0.0,0.0,1.1250000894069672,0.30000001192092896
4290,134.3674456533581,0.0,91.81744565335808,29.5,0.0,0.0,12.450000643730164,0.6000000238418579
4291,172.04472041158073,0.0,145.36972041158074,12.700000047683716,0.0,0.0,13.37500037252903,0.6000000238418579
4292,170.3181499322311,-1.0000001192092896,111.96814996203342,50.0,0.0,0.0,9.050000198185444,0.30000001192092896
4293,239.72178936962362,-1.0000001192092896,167.99678939942604,55.0,0.0,0.0,17.725000020116568,0.0
4294,63.919514982576636,0.0,44.719514982576634,12.0,0.0,0.0,7.2000004053115845,0.0
4295,233.3313292038548,0.0,142.8063292038548,80.0,0.0,0.0,10.22500042617321,0.30000001192092896
4296,136.80823708181643,0.0,120.95823708181643,3.0,0.0,0.0,12.550000384449959,0.30000001192092896
4297,211.68113117157208,-1.0000001192092896,136.18113120137428,64.69999998807907,0.0,0.0,11.200000260025263,0.6000000238418579
4298,104.61488415584992,0.0,74.88988415584994,19.69999998807907,0.0,0.0,9.425000309944153,0.6000000238418579
4299,183.99780276780035,-1.0000001192092896,113.84780279760267,59.39999997615814,0.0,0.0,10.850000374019146,0.9000000357627869
4300,210.50896438345384,-1.0000001192092896,136.75896441325617,64.0,0.0,0.0,10.450000360608101,0.30000001192092896
4301,182.2168746687402,0.0,145.4668746687401,25.69999998807907,0.0,0.0,10.45000034943223,0.6000000238418579
4302,213.64924438597635,0.0,166.54924438597644,34.19999998807907,0.0,0.0,12.000000357627869,0.9000000357627869
4303,179.6407777043385,-1.0000001192092896,152.14077773414076,15.699999988079071,0.0,0.0,12.20000048354268,0.6000000238418579
4304,202.9978027222141,0.0,129.64780272221398,63.0,0.0,0.0,10.050000451505184,0.30000001192092896
4305,179.01244842301526,-1.0000001192092896,133.08744845281757,34.0,0.0,0.0,12.925000570714474,0.0
4306,203.23145061274084,0.0,167.00645061274074,17.0,0.0,0.0,19.225001115351915,0.0
4307,150.23891621517453,0.0,98.36391621517457,36.69999998807907,0.0,0.0,14.875000655651093,0.30000001192092896
4308,257.593478418518,-1.0000001192092896,188.59347844832024,56.0,0.0,0.0,13.70000035688281,0.30000001192092896
4309,163.21234651422617,0.0,135.0623465142262,14.700000047683716,0.0,0.0,12.850000359117985,0.6000000238418579
4310,176.92932818676869,0.0,130.6793281867687,36.0,0.0,0.0,9.350000470876694,0.9000000357627869
4311,215.30029172595223,-1.0000001192092896,138.60029175575443,66.0,0.0,0.0,11.400000523775816,0.30000001192092896
4312,195.52602065337604,-1.0000001192092896,134.80102068317848,51.0,0.0,0.0,10.425000455230474,0.30000001192092896
4313,128.78509208009405,-1.0000001192092896,79.16009210989635,41.0,0.0,0.0,9.325000293552876,0.30000001192092896
4314,300.43415808328285,0.0,203.85915808328275,79.69999998807907,0.0,0.0,15.975000467151403,0.9000000357627869
4315,214.0958926850589,0.0,159.3458926850589,38.200000047683716,0.0,0.0,15.650000721216202,0.9000000357627869
4316,184.08264171121672,-1.0000001192092896,128.78264174101912,44.69999998807907,0.0,0.0,11.000000555068254,0.6000000238418579
4317,231.57199823154397,0.0,170.52199823154396,42.5,-3.0,0.0,21.25000089406967,0.30000001192092896
4318,206.17163333002625,-1.0000001192092896,135.97163335982856,58.69999998807907,0.0,0.0,11.900000434368849,0.6000000238418579
4319,168.19967962344546,0.0,114.07467962344542,36.40000003576279,0.0,0.0,17.12500125914812,0.6000000238418579
4320,105.58053382904751,0.0,67.7305338290475,27.0,0.0,0.0,10.55000053346157,0.30000001192092896
4321,11.393961543003199,0.0,9.343961543003198,1.0,0.0,0.0,0.7500000596046448,0.30000001192092896
4322,178.6781963999585,0.0,123.27819639995853,47.0,0.0,0.0,8.10000041499734,0.30000001192092896
4323,190.3423345318809,0.0,123.84233453188097,56.0,0.0,0.0,10.200000561773777,0.30000001192092896
4324,173.813885983558,0.0,132.6138859835579,31.19999998807907,0.0,0.0,8.80000028014183,1.2000000476837158
4325,11.343618126290327,0.0,9.293618126290328,1.0,0.0,0.0,0.7500000596046448,0.30000001192092896
4326,171.32217277552158,-1.0000001192092896,120.02217280532395,42.69999998807907,0.0,0.0,9.30000039935112,0.30000001192092896
4327,296.5249506725411,-1.0000001192092896,208.17495070234344,76.39999997615814,0.0,0.0,12.05000039190054,0.9000000357627869
4328,18.978997035367225,0.0,16.928997035367225,1.0,0.0,0.0,0.7500000596046448,0.30000001192092896
4329,242.17276662468674,-1.0000001192092896,186.0977666544891,42.0,0.0,0.0,15.075000539422035,0.0
4330,204.62167538693546,-1.0000001192092896,178.1216754167379,15.699999988079071,0.0,0.0,11.500000555068254,0.30000001192092896
4331,177.28220433431375,0.0,129.53220433431378,37.69999998807907,0.0,0.0,9.450000297278166,0.6000000238418579
4332,65.3895897943025,0.0,40.6395897943025,18.0,0.0,0.0,6.750000357627869,0.0
4333,289.3161865053464,-1.0000001192092896,230.31618653514892,33.0,0.0,0.0,26.700001206249,0.30000001192092896
4334,122.79713732553277,0.0,87.47213732553281,21.0,0.0,0.0,14.325000673532486,0.0
4335,64.72067632120779,0.0,45.29567632120779,12.0,0.0,0.0,7.42500039935112,0.0
4336,247.58672161310153,0.0,156.23672161310145,80.69999998807907,0.0,0.0,10.050000440329313,0.6000000238418579
4337,135.80395916644878,0.0,98.32895916644875,25.0,0.0,0.0,11.575000390410423,0.9000000357627869
4338,197.01560507885912,0.0,195.86560507885903,-9.599999964237213,0.0,0.0,9.850000288337469,0.9000000357627869
4339,207.30054648254477,0.0,150.40054648254474,43.39999997615814,0.0,0.0,12.300000425428152,1.2000000476837158
4340,152.21095080633395,0.0,121.460950806334,19.0,0.0,0.0,11.450000360608101,0.30000001192092896
4341,161.6928625274547,0.0,110.99286252745469,41.0,0.0,0.0,9.400000412017107,0.30000001192092896
4342,223.54538892366153,0.0,151.7953889236615,57.19999998807907,0.0,0.0,13.650000415742397,0.9000000357627869
4343,181.7810139891737,-1.0000001192092896,123.28101401897601,51.0,0.0,0.0,8.20000023022294,0.30000001192092896
4344,163.16743126547576,0.0,129.4424312654758,20.69999998807907,0.0,0.0,12.725000452250242,0.30000001192092896
4345,179.50619311782145,-1.0000001192092896,124.03119314762387,46.0,0.0,0.0,10.175000414252281,0.30000001192092896
4346,362.77157699637274,-1.0000001192092896,274.7965770261748,70.69999998807907,0.0,0.0,17.97500053793192,0.30000001192092896
4347,158.48603299727105,0.0,106.51103299727116,38.39999997615814,0.0,0.0,12.975000400096178,0.6000000238418579
4348,126.04618135496014,0.0,93.19618135496015,19.399999976158142,0.0,0.0,12.850000377744436,0.6000000238418579
4349,154.26515329563438,-1.0000001192092896,120.94015332543681,24.0,0.0,0.0,10.32500046491623,0.0
4350,171.9028864753745,-1.0000001192092896,139.40288650517678,22.0,0.0,0.0,11.200000416487455,0.30000001192092896
4351,228.67405212378992,0.0,205.8240521237899,11.699999988079071,0.0,0.0,10.55000039190054,0.6000000238418579
4352,186.00929149868816,-1.0000001192092896,132.35929152849042,44.0,0.0,0.0,10.350000366568565,0.30000001192092896
4353,226.1526743717816,0.0,161.62767437178155,53.69999998807907,0.0,0.0,9.925000198185444,0.9000000357627869
4354,243.88568766667856,-1.0000001192092896,183.460687696481,50.39999997615814,0.0,0.0,10.12500037625432,0.9000000357627869
4355,76.3172912751214,0.0,67.69229127512143,0.3999999761581421,0.0,0.0,7.32500022649765,0.9000000357627869
4356,178.43933053819362,0.0,137.1643305381936,28.0,0.0,0.0,12.975000530481339,0.30000001192092896
4357,139.99378699258827,0.0,97.21878699258822,30.69999998807907,0.0,0.0,11.475000523030758,0.6000000238418579
4358,157.0237660996449,0.0,107.24876609964484,37.0,0.0,0.0,12.475000411272049,0.30000001192092896
4359,220.9597984362292,-1.0000001192092896,173.43479846603145,34.69999998807907,0.0,0.0,13.225000325590372,0.6000000238418579
4360,200.9031758098981,-1.0000001192092896,140.82817583970052,49.800000071525574,0.0,0.0,9.775000337511301,1.5000000596046448
4361,126.07287073640072,0.0,86.1478707364008,28.700000047683716,0.0,0.0,10.925000496208668,0.30000001192092896
4362,143.08038603628327,0.0,109.73038603628322,23.0,0.0,0.0,10.050000343471766,0.30000001192092896
4363,335.5170931895936,0.0,272.2920931895935,63.0,-25.5,0.0,23.32500145584345,2.4000000953674316
4364,180.5961932912298,-1.0000001192092896,168.62119332103222,-1.300000011920929,0.0,0.0,13.675000447779894,0.6000000238418579
4365,182.97798395809707,-1.0000001192092896,160.62798398789943,10.700000047683716,0.0,0.0,12.050000380724669,0.6000000238418579
4366,73.77392417327087,0.0,52.57392417327089,15.0,0.0,0.0,5.900000214576721,0.30000001192092896
4367,202.27436845884498,0.0,165.82436845884507,24.5,0.0,0.0,10.750000312924385,1.2000000476837158
4368,224.86375945324536,0.0,149.68875945324535,64.0,0.0,0.0,10.875000428408384,0.30000001192092896
4369,234.2498998299364,-1.0000001192092896,166.8998998597387,54.69999998807907,0.0,0.0,13.050000350922346,0.6000000238418579
4370,244.08030292673374,0.0,240.1803029267337,-12.5,0.0,0.0,15.500000666826963,0.9000000357627869
4371,137.80761367343467,0.0,101.9326136734347,25.700000047683716,0.0,0.0,9.575000278651714,0.6000000238418579
4372,158.6155395723299,0.0,107.6655395723299,38.0,0.0,0.0,12.650000177323818,0.30000001192092896
4373,188.0053950621005,0.0,146.35539506210054,28.40000009536743,0.0,0.0,12.050000324845314,1.2000000476837158
4374,238.62845629382784,0.0,164.47845629382778,60.69999998807907,0.0,0.0,12.850000470876694,0.6000000238418579
4375,92.984568486539,0.0,63.80956848653901,20.69999998807907,0.0,0.0,7.8750003427267075,0.6000000238418579
4376,222.61163014746958,0.0,171.01163014746965,39.10000002384186,0.0,0.0,11.300000332295895,1.2000000476837158
4377,154.70050470126841,-1.0000001192092896,111.05050473107065,36.0,0.0,0.0,8.350000400096178,0.30000001192092896
4378,111.1053884242043,0.0,76.98038842420432,23.0,0.0,0.0,10.825000420212746,0.30000001192092896
4379,146.70250057200192,0.0,110.40250057200198,26.69999998807907,0.0,0.0,9.000000216066837,0.6000000238418579
4380,211.9691372436672,-1.0000001192092896,140.5691372734695,63.0,0.0,0.0,9.100000489503145,0.30000001192092896
4381,179.81030769126505,0.0,106.86030769126512,61.39999997615814,0.0,0.0,10.65000032261014,0.9000000357627869
4382,194.20700685961438,0.0,134.85700685961444,43.0,0.0,0.0,16.050000868737698,0.30000001192092896
4383,108.67414944339477,0.0,77.89914944339476,18.0,0.0,0.0,12.475000500679016,0.30000001192092896
4384,240.8600696376122,0.0,149.13506963761228,76.0,0.0,0.0,15.425000376999378,0.30000001192092896
4385,166.25362517478123,-1.0000001192092896,134.30362520458357,23.0,0.0,0.0,9.650000378489494,0.30000001192092896
4386,432.4166543738047,-1.0000001192092896,307.0916544036072,96.0,0.0,0.0,29.4250012524426,0.9000000357627869
4387,225.87026592315092,-1.0000001192092896,157.69526595295324,55.39999997615814,0.0,0.0,12.875000536441803,0.9000000357627869
4388,198.9481259800181,0.0,139.87312598001805,47.69999998807907,0.0,0.0,10.775000248104334,0.6000000238418579
4389,169.91584927536368,-1.0000001192092896,144.64084930516594,15.0,0.0,0.0,10.97500041872263,0.30000001192092896
4390,70.98343559903252,0.0,45.38343559903251,18.0,0.0,0.0,7.600000441074371,0.0
4391,136.53109125106104,0.0,93.23109125106103,32.0,0.0,0.0,11.300000511109829,0.0
4392,158.42966991096458,0.0,116.35466991096452,29.0,0.0,0.0,12.77500044181943,0.30000001192092896
4393,158.32675961245718,0.0,112.90175961245718,34.0,0.0,0.0,11.125000510364771,0.30000001192092896
4394,11.387070401337976,0.0,9.337070401337977,1.0,0.0,0.0,0.7500000596046448,0.30000001192092896
4395,163.57592318010364,0.0,112.87592318010365,41.0,0.0,0.0,9.400000300258398,0.30000001192092896
4396,136.55938950842932,-1.0000001192092896,88.5343895382317,40.0,0.0,0.0,8.725000340491533,0.30000001192092896
4397,289.72033498566947,0.0,219.24533498566953,56.700000047683716,0.0,0.0,12.875000435858965,0.9000000357627869
4398,183.78174379388543,-1.0000001192092896,128.5817438236879,44.200000047683716,0.0,0.0,11.400000363588333,0.6000000238418579
4399,250.64431328640362,0.0,169.8693132864037,69.40000003576279,0.0,0.0,10.47500042244792,0.9000000357627869
4400,177.18542833519456,-1.0000001192092896,113.01042836499678,56.0,0.0,0.0,8.875000424683094,0.30000001192092896
4401,187.14339036940822,0.0,121.39339036940822,53.69999998807907,0.0,0.0,11.450000289827585,0.6000000238418579
4402,74.28482793135623,0.0,46.484827931356236,21.0,0.0,0.0,6.800000324845314,0.0
4403,198.0562112304795,0.0,122.53121123047956,64.69999998807907,0.0,0.0,10.225000362843275,0.6000000238418579
4404,224.76364213825292,0.0,182.33864213825282,33.40000003576279,0.0,0.0,7.825000312179327,1.2000000476837158
4405,69.91992103988854,0.0,44.56992103988852,18.0,0.0,0.0,7.350000381469727,0.0
4406,162.59181190625065,0.0,115.1918119062505,36.700000047683716,0.0,0.0,10.10000030696392,0.6000000238418579
4407,208.1331065687421,0.0,160.1581065687421,35.19999998807907,0.0,0.0,11.875000424683094,0.9000000357627869
4408,204.3734677108468,0.0,166.32346771084687,24.900000035762787,0.0,0.0,11.950000505894423,1.2000000476837158
4409,73.78699669536013,0.0,50.361996695360126,16.69999998807907,0.0,0.0,6.425000339746475,0.30000001192092896
4410,166.37818360231813,0.0,116.47818360231821,38.0,0.0,0.0,11.600000411272049,0.30000001192092896
4411,204.6607473484781,0.0,150.78574734847817,43.0,0.0,0.0,10.575000397861004,0.30000001192092896
4412,251.5632357296795,0.0,176.1382357296795,57.5,-3.0,0.0,20.025000870227814,0.9000000357627869
4413,158.21677251794998,0.0,106.64177251795,33.0,0.0,0.0,18.575001254677773,0.0
4414,174.41180102409044,0.0,111.53680102409037,50.69999998807907,0.0,0.0,11.5750004760921,0.6000000238418579
4415,227.72501292738477,-1.0000001192092896,152.32501295718717,65.69999998807907,0.0,0.0,10.400000367313623,0.30000001192092896
4416,199.67054666814911,0.0,159.99554666814902,27.69999998807907,0.0,0.0,11.37500037625432,0.6000000238418579
4417,181.59096378395657,0.0,144.3159637839566,25.5,0.0,0.0,11.175000362098217,0.6000000238418579
4418,211.6237889797509,0.0,162.62378897975094,35.19999998807907,0.0,0.0,12.900000296533108,0.9000000357627869
4419,285.774174440515,0.0,250.67417444051526,19.900000154972076,0.0,0.0,12.500000473111868,2.7000001072883606
4420,164.36307793016687,-1.0000001192092896,120.78807795996923,33.0,0.0,0.0,11.275000337511301,0.30000001192092896
4421,176.4542015969487,0.0,115.72920159694866,48.0,0.0,0.0,12.42500039190054,0.30000001192092896
4422,193.99393052828995,0.0,121.26893052828991,64.0,0.0,0.0,8.425000332295895,0.30000001192092896
4423,129.83039521671145,0.0,79.1053952167115,41.40000003576279,0.0,0.0,8.425000309944153,0.9000000357627869
4424,174.54184559956158,0.0,144.96684559956162,20.69999998807907,0.0,0.0,7.975000247359276,0.9000000357627869
4425,105.90013823052017,0.0,72.25013823052021,23.0,0.0,0.0,10.350000441074371,0.30000001192092896
4426,187.8100725823082,0.0,123.91007258230823,51.69999998807907,0.0,0.0,11.6000004298985,0.6000000238418579
4427,220.60449246678638,0.0,176.05449246678631,23.5,0.0,0.0,20.450000934302807,0.6000000238418579
4428,276.75246468567076,0.0,163.17746468567083,102.69999998807907,0.0,0.0,10.275000341236591,0.6000000238418579
4429,73.72395730269722,0.0,51.14895730269721,16.0,0.0,0.0,6.275000259280205,0.30000001192092896
4430,269.00739767897716,-1.0000001192092896,251.65739770877997,-1.2999999523162842,0.0,0.0,19.050000607967377,0.6000000238418579
4431,199.1417109520458,0.0,134.29171095204586,51.0,0.0,0.0,13.550000350922346,0.30000001192092896
4432,152.64906287991272,0.0,99.82406287991266,44.0,0.0,0.0,8.525000359863043,0.30000001192092896
4433,214.0344790721992,-1.0000001192092896,138.50947910200142,65.0,0.0,0.0,11.225000362843275,0.30000001192092896
4434,239.35091438423947,0.0,151.60091438423947,75.69999998807907,0.0,0.0,11.450000446289778,0.6000000238418579
4435,179.8991228969442,0.0,127.47412289694417,39.69999998807907,0.0,0.0,12.12500050291419,0.6000000238418579
4436,154.62521996354795,0.0,108.850219963548,36.69999998807907,0.0,0.0,8.47500043362379,0.6000000238418579
4437,68.40510680905908,0.0,45.355106809059095,16.0,0.0,0.0,7.05000039935112,0.0
4438,195.2456791985336,0.0,138.0956791985336,45.0,0.0,0.0,11.850000444799662,0.30000001192092896
4439,208.6548324895026,0.0,167.50483248950243,27.69999998807907,0.0,0.0,12.850000381469727,0.6000000238418579
4440,126.56724733812725,0.0,80.59224733812727,33.0,0.0,0.0,12.975000321865082,0.0
4441,114.56909582712196,0.0,73.06909582712197,28.69999998807907,0.0,0.0,12.50000074505806,0.30000001192092896
4442,177.0676229136722,0.0,124.09262291367224,39.700000047683716,0.0,0.0,12.675000183284283,0.6000000238418579
4443,214.16907898160147,0.0,168.31907898160148,31.700000047683716,0.0,0.0,12.650000121444464,1.5000000596046448
4444,124.43699706791577,0.0,82.83699706791577,29.0,0.0,0.0,12.300000593066216,0.30000001192092896
4445,169.51437250589026,0.0,108.83937250589037,50.0,0.0,0.0,10.375000290572643,0.30000001192092896
4446,206.26586987760825,-1.0000001192092896,159.81586990741062,36.0,0.0,0.0,11.150000404566526,0.30000001192092896
4447,270.8377082627132,-1.0000001192092896,172.2627082925154,83.39999997615814,0.0,0.0,15.275000426918268,0.9000000357627869
4448,125.55907734988331,0.0,85.13407734988334,30.700000047683716,0.0,0.0,9.125000391155481,0.6000000238418579
4449,255.86435307480522,0.0,195.86435307480522,46.5,0.0,0.0,12.900000460445881,0.6000000238418579
4450,153.9174743038842,0.0,107.2174743038842,32.69999998807907,0.0,0.0,13.700000330805779,0.30000001192092896
4451,233.93409787820252,0.0,139.1840978782025,80.69999998807907,0.0,0.0,13.450000278651714,0.6000000238418579
4452,201.94486603238093,-1.0000001192092896,136.91986606218316,55.0,0.0,0.0,10.72500041872263,0.30000001192092896
4453,119.75515229196348,0.0,82.53015229196346,28.5,-3.0,0.0,11.125000566244125,0.6000000238418579
4454,218.01468017155986,-1.0000001192092896,151.8396802013622,57.0,0.0,0.0,9.875000357627869,0.30000001192092896
4455,185.68000994951194,-1.0000001192092896,136.50500997931428,40.69999998807907,0.0,0.0,9.175000540912151,0.30000001192092896
4456,202.10454161345478,0.0,142.50454161345476,43.0,0.0,0.0,16.300000574439764,0.30000001192092896
4457,228.14830717977446,-1.0000001192092896,143.64830720957679,63.69999998807907,0.0,0.0,21.50000135973096,0.30000001192092896
4458,232.65060866024763,0.0,138.95060866024775,82.39999997615814,0.0,0.0,10.400000385940075,0.9000000357627869
4459,244.93426265529982,0.0,167.68426265529968,63.69999998807907,0.0,0.0,12.950000364333391,0.6000000238418579
4460,216.63202535669032,0.0,145.43202535669033,60.39999997615814,0.0,0.0,9.600000157952309,1.2000000476837158
4461,169.31758384434738,-1.0000001192092896,131.2925838741497,27.0,0.0,0.0,11.725000470876694,0.30000001192092896
4462,169.49290967246594,0.0,128.51790967246595,30.0,0.0,0.0,10.675000425428152,0.30000001192092896
4463,78.05758321319206,0.0,56.35758321319208,12.699999988079071,0.0,0.0,8.700000315904617,0.30000001192092896
4464,223.43875748520963,-1.0000001192092896,186.21375751501196,27.0,0.0,0.0,10.925000421702862,0.30000001192092896
4465,198.68882896738629,-1.0000001192092896,127.58882899718837,61.0,0.0,0.0,10.80000027641654,0.30000001192092896
4466,305.483674388728,0.0,164.78367438872766,127.0,0.0,0.0,13.40000044554472,0.30000001192092896
4467,170.61544670357196,0.0,111.86544670357192,48.0,0.0,0.0,10.450000211596489,0.30000001192092896
4468,200.14267848128634,0.0,163.29267848128634,26.5,0.0,0.0,9.15000019967556,1.2000000476837158
4469,132.63723773788846,-1.0000001192092896,88.16223776769081,35.0,0.0,0.0,10.175000470131636,0.30000001192092896
4470,184.72254717706747,0.0,120.52254717706747,51.0,0.0,0.0,12.9000004529953,0.30000001192092896
4471,182.4877405435486,-1.0000001192092896,153.16274057335076,18.099999964237213,0.0,0.0,11.325000420212746,0.9000000357627869
4472,189.99427920412666,0.0,127.26927920412683,52.69999998807907,0.0,0.0,9.425000328570604,0.6000000238418579
4473,233.13885048932792,-1.0000001192092896,152.28885051913014,72.70000004768372,0.0,0.0,8.550000302493572,0.6000000238418579
4474,246.430984651929,-1.0000001192092896,159.60598468173137,75.0,0.0,0.0,12.525000426918268,0.30000001192092896
4475,387.45633446647497,0.0,285.30633446647494,73.5,-10.5,0.0,38.55000162124634,0.6000000238418579
4476,210.66124082621832,0.0,138.41124082621835,60.0,0.0,0.0,11.350000467151403,0.9000000357627869
4477,161.79505378431654,0.0,109.57005378431654,43.0,0.0,0.0,8.925000239163637,0.30000001192092896
4478,92.43598600007779,0.0,61.660986000077735,21.399999976158142,0.0,0.0,8.77500033378601,0.6000000238418579
4479,228.92749132544378,0.0,183.60249132544385,33.69999998807907,0.0,0.0,10.12500037997961,1.5000000596046448
4480,166.25080541777,-1.0000001192092896,88.95080544757217,68.69999998807907,0.0,0.0,9.000000316649675,0.6000000238418579
4481,210.53576673226743,0.0,141.1607667322675,58.0,0.0,0.0,11.075000405311584,0.30000001192092896
4482,170.252137099657,-1.0000001192092896,115.67713712945941,46.0,0.0,0.0,9.275000251829624,0.30000001192092896
4483,223.58790525717836,-1.0000001192092896,141.4879052869807,72.0,0.0,0.0,10.8000004068017,0.30000001192092896
4484,154.77934731924393,0.0,104.9543473192439,39.0,0.0,0.0,10.525000289082527,0.30000001192092896
4485,211.49915689436386,-1.0000001192092896,168.1991569241663,34.69999998807907,0.0,0.0,9.000000260770321,0.6000000238418579
4486,204.28160526153653,0.0,133.63160526153644,58.80000001192093,0.0,0.0,10.350000336766243,1.5000000596046448
4487,175.8160092639816,0.0,99.11600926398158,66.70000004768372,0.0,0.0,9.400000341236591,0.6000000238418579
4488,169.0674267071816,0.0,113.3924267071816,43.0,0.0,0.0,12.375000301748514,0.30000001192092896
4489,90.14364881457777,0.0,60.09364881457778,23.0,0.0,0.0,6.7500002682209015,0.30000001192092896
4490,490.8795024684371,-1.0000001192092896,346.00450249823933,134.5,-1.5,0.0,11.375000324100256,1.5000000596046448
4491,211.49172601484912,0.0,145.7167260148492,52.39999997615814,0.0,0.0,11.875000432133675,1.5000000596046448
4492,223.63052742878116,0.0,175.58052742878124,32.5,0.0,0.0,14.650000337511301,0.9000000357627869
4493,235.45379079816684,-1.0000001192092896,155.87879082796934,70.0,0.0,0.0,10.27500044927001,0.30000001192092896
4494,157.38888665260814,0.0,119.56388665260816,29.69999998807907,0.0,0.0,7.525000192224979,0.6000000238418579
4495,176.2878469818407,0.0,125.76284698184068,40.69999998807907,0.0,0.0,9.225000198930502,0.6000000238418579
4496,162.8002034383108,0.0,112.10020343831087,41.0,0.0,0.0,9.400000419467688,0.30000001192092896
4497,282.30623291107247,0.0,189.65623291107246,79.39999997615814,0.0,0.0,12.350000437349081,0.9000000357627869
4498,130.63421687179886,0.0,86.68421687179882,32.69999998807907,0.0,0.0,10.950000531971455,0.30000001192092896
4499,17.571672335008024,0.0,16.896672335008027,0.0,0.0,0.0,0.3750000298023224,0.30000001192092896
4500,156.75382855129584,0.0,111.9038285512958,32.0,0.0,0.0,12.550000458955765,0.30000001192092896
4501,164.82735776227807,0.0,116.27735776227807,37.0,0.0,0.0,11.250000234693289,0.30000001192092896
4502,216.46697859717727,0.0,145.54197859717746,61.0,0.0,0.0,9.625000327825546,0.30000001192092896
4503,270.0411750369374,-1.0000001192092896,147.54117506673998,113.0,0.0,0.0,10.200000405311584,0.30000001192092896
4504,166.65163451757869,0.0,109.22663451757882,47.0,0.0,0.0,10.1250003837049,0.30000001192092896
4505,169.78873975202995,-1.0000001192092896,135.6637397818322,22.400000035762787,0.0,0.0,11.825000505894423,0.9000000357627869
4506,149.16012298850126,-1.0000001192092896,116.16012301830371,26.0,0.0,0.0,7.700000341981649,0.30000001192092896
4507,171.44272388797083,-1.0000001192092896,114.1177239177732,48.0,0.0,0.0,10.025000426918268,0.30000001192092896
4508,250.58701397908067,-1.0000001192092896,141.96201400888287,96.39999997615814,0.0,0.0,12.325000457465649,0.9000000357627869
4509,179.10709990220647,0.0,122.40709990220651,44.700000047683716,0.0,0.0,11.400000289082527,0.6000000238418579
4510,227.82332811810048,0.0,153.49832811810052,61.999999940395355,0.0,0.0,10.525000542402267,1.8000000715255737
4511,160.49601331270202,0.0,113.97101331270201,36.0,0.0,0.0,9.92500039935112,0.6000000238418579
4512,342.24052209037745,0.0,232.89052209037743,92.69999998807907,0.0,0.0,16.05000065267086,0.6000000238418579
4513,157.81676511756453,0.0,120.84176511756455,21.69999998807907,0.0,0.0,14.975000761449337,0.30000001192092896
4514,232.88864174189808,-1.0000001192092896,152.91364177170038,69.0,0.0,0.0,11.675000473856926,0.30000001192092896
4515,194.59738000043853,0.0,150.47238000043853,29.5,0.0,0.0,14.025000341236591,0.6000000238418579
4516,133.32428491468883,0.0,91.54928491468884,29.69999998807907,0.0,0.0,11.475000321865082,0.6000000238418579
4517,187.35984618998447,0.0,131.33484618998443,42.5,0.0,0.0,12.625000324100256,0.9000000357627869
4518,185.53595784978185,-1.0000001192092896,120.38595787958417,55.0,0.0,0.0,10.850000403821468,0.30000001192092896
4519,201.1626344057877,0.0,148.51263440578782,40.69999998807907,0.0,0.0,11.350000437349081,0.6000000238418579
4520,174.70045530984203,-1.0000001192092896,127.2504553396443,37.0,0.0,0.0,11.150000467896461,0.30000001192092896
4521,282.4137908499395,-1.0000001192092896,179.98879087974186,85.0,0.0,0.0,18.125000651925802,0.30000001192092896
4522,130.31978827056656,-1.0000001192092896,81.71978830036885,40.0,0.0,0.0,9.30000028386712,0.30000001192092896
4523,364.99637209664735,0.0,319.4713720966476,25.700000047683716,0.0,0.0,18.92500065267086,0.9000000357627869
4524,205.82280735737572,-1.0000001192092896,125.22280738717798,70.69999998807907,0.0,0.0,10.300000343471766,0.6000000238418579
4525,197.66377394980776,0.0,130.76377394980773,54.0,0.0,0.0,12.600000519305468,0.30000001192092896
4526,126.41763498939173,0.0,82.26763498939175,32.0,0.0,0.0,11.850000500679016,0.30000001192092896
4527,178.6404504519642,0.0,117.91545045196416,50.0,0.0,0.0,10.425000447779894,0.30000001192092896
4528,197.19134192113634,0.0,137.11634192113632,48.0,0.0,0.0,11.475000347942114,0.6000000238418579
4529,127.01792253269448,0.0,94.26792253269447,25.0,0.0,0.0,7.750000339001417,0.0
4530,228.58019728379492,0.0,161.55519728379488,54.69999998807907,0.0,0.0,11.425000473856926,0.9000000357627869
4531,216.47702279364188,0.0,166.3770227936418,39.0,0.0,0.0,10.8000004068017,0.30000001192092896
4532,141.44606909707187,0.0,97.7960690970719,33.0,0.0,0.0,10.350000288337469,0.30000001192092896
4533,236.999726537193,0.0,147.89972653719292,79.69999998807907,0.0,0.0,8.800000365823507,0.6000000238418579
4534,251.54401557281366,0.0,183.54401557281372,56.0,0.0,0.0,11.700000241398811,0.30000001192092896
4535,214.13950016138267,0.0,170.18950016138277,37.69999998807907,0.0,0.0,5.95000034943223,0.30000001192092896
4536,152.4777860474501,-1.0000001192092896,100.02778607725244,42.69999998807907,0.0,0.0,10.150000490248203,0.6000000238418579
4537,232.5226391725552,0.0,153.69763917255523,63.5,0.0,0.0,14.425000458955765,0.9000000357627869
4538,164.88236504854507,0.0,112.7073650485451,42.0,0.0,0.0,9.875000193715096,0.30000001192092896
4539,227.37031200461803,-1.0000001192092896,140.59531203442023,74.89999997615814,0.0,0.0,11.975000593811274,0.9000000357627869
4540,234.25656212897002,0.0,139.78156212897,85.39999997615814,0.0,0.0,8.175000291317701,0.9000000357627869
4541,174.41438592827478,0.0,113.91438592827478,47.0,0.0,0.0,13.50000062584877,0.0
4542,192.15367216558224,0.0,143.95367216558222,37.19999998807907,0.0,0.0,10.100000325590372,0.9000000357627869
4543,221.7693027296824,0.0,139.94430272968245,70.0,0.0,0.0,11.525000430643559,0.30000001192092896
4544,214.3974374364181,-1.0000001192092896,122.87243746622045,83.0,0.0,0.0,9.225000467151403,0.30000001192092896
4545,119.61001316580233,0.0,88.16001316580235,21.0,0.0,0.0,9.850000381469727,0.6000000238418579
4546,301.97385063802255,-1.0000001192092896,167.19885066782493,124.0,0.0,0.0,11.47500042244792,0.30000001192092896
4547,263.8350025472211,-1.0000001192092896,155.63500257702324,98.0,0.0,0.0,10.900000382214785,0.30000001192092896
4548,196.5675822991491,-1.0000001192092896,117.84258232895141,69.69999998807907,0.0,0.0,9.425000302493572,0.6000000238418579
4549,216.43466787970263,-1.0000001192092896,132.98466790950488,75.0,0.0,0.0,9.15000020340085,0.30000001192092896
4550,275.1720911188301,0.0,164.04709111883005,99.0,0.0,0.0,11.825000252574682,0.30000001192092896
4551,188.84364791067227,0.0,126.76864791067231,51.0,0.0,0.0,10.475000396370888,0.6000000238418579
4552,387.64728473824937,0.0,193.02228473824954,183.39999997615814,0.0,0.0,10.325000375509262,0.9000000357627869
4553,84.05993607398285,0.0,52.88493607398287,22.69999998807907,0.0,0.0,8.17500039935112,0.30000001192092896
4554,187.47414341293126,0.0,116.04914341293137,62.69999998807907,0.0,0.0,8.125000394880772,0.6000000238418579
4555,296.9745463485003,-1.0000001192092896,174.02454637830257,115.0,0.0,0.0,8.650000285357237,0.30000001192092896
4556,305.90621879813204,-1.0000001192092896,189.6812188279344,104.69999998807907,0.0,0.0,11.925000250339508,0.6000000238418579
4557,284.73748425031874,-1.0000001192092896,149.7374842801208,123.0,0.0,0.0,12.700000435113907,0.30000001192092896
4558,205.64209743194655,0.0,130.64209743194652,64.0,0.0,0.0,11.000000432133675,0.0
4559,236.02956640365977,0.0,142.9045664036596,82.0,0.0,0.0,10.825000438839197,0.30000001192092896
4560,140.26840888191043,-1.0000001192092896,86.14340891171275,45.0,0.0,0.0,9.825000364333391,0.30000001192092896
4561,214.66335287329275,0.0,149.5133528732927,52.5,0.0,0.0,11.750000465661287,0.9000000357627869
4562,161.6191151249062,0.0,101.96911512490612,51.0,0.0,0.0,8.350000310689211,0.30000001192092896
4563,77.06030974517041,0.0,48.16030974517042,21.0,0.0,0.0,7.600000470876694,0.30000001192092896
4564,166.0236340917271,0.0,135.548634091727,18.700000047683716,0.0,0.0,11.17500026524067,0.6000000238418579
4565,242.88036882136012,-1.0000001192092896,176.7303688511625,56.39999997615814,0.0,0.0,10.15000044554472,0.6000000238418579
4566,226.98673619114157,0.0,139.7367361911416,76.69999998807907,0.0,0.0,9.950000412762165,0.6000000238418579
4567,67.00422458291312,0.0,44.37922458291313,16.0,0.0,0.0,6.325000375509262,0.30000001192092896
4568,203.06025991253819,0.0,131.18525991253807,62.69999998807907,0.0,0.0,8.575000334531069,0.6000000238418579
4569,180.4352817469107,-1.0000001192092896,105.13528177671306,66.0,0.0,0.0,10.000000428408384,0.30000001192092896
4570,271.1181220657511,0.0,190.74312206575087,67.39999997615814,0.0,0.0,12.075000405311584,0.9000000357627869
4571,322.36033676842703,0.0,231.46033676842703,77.40000003576279,0.0,0.0,12.600000351667404,0.9000000357627869
4572,211.14591268058825,0.0,151.22091268058824,46.0,0.0,0.0,13.325000084936619,0.6000000238418579
4573,170.5411283208144,0.0,103.39112832081445,45.799999952316284,0.0,0.0,20.150000497698784,1.2000000476837158
4574,123.92217181202778,0.0,86.32217181202779,30.0,0.0,0.0,7.600000351667404,0.0
4575,308.5834034907364,-1.0000001192092896,177.60840352053876,122.0,0.0,0.0,9.67500028386712,0.30000001192092896
4576,196.80864521483932,0.0,142.8336452148393,42.19999998807907,0.0,0.0,10.875000461935997,0.9000000357627869
4577,225.41462920826405,0.0,131.01462920826407,84.0,0.0,0.0,10.100000340491533,0.30000001192092896
4578,230.9432210374269,0.0,154.19322103742675,62.0,0.0,0.0,13.850000347942114,0.9000000357627869
4579,186.40758191506913,0.0,114.0825819150692,62.0,0.0,0.0,10.025000397115946,0.30000001192092896
4580,182.85164878331125,-1.0000001192092896,126.95164881311361,45.0,0.0,0.0,11.900000464171171,0.0
4581,197.73172691331726,0.0,143.03172691331727,38.0,0.0,0.0,16.400000505149364,0.30000001192092896
4582,213.9106527643339,0.0,123.3356527643341,80.09999996423721,0.0,0.0,9.275000244379044,1.2000000476837158
4583,162.36937112446563,0.0,120.51937112446566,34.40000003576279,0.0,0.0,6.550000365823507,0.9000000357627869
4584,218.02452322810495,-1.0000001192092896,138.5495232579073,71.69999998807907,0.0,0.0,8.17500014603138,0.6000000238418579
4585,189.799053843038,-1.0000001192092896,124.17405387284026,57.0,0.0,0.0,9.325000450015068,0.30000001192092896
4586,340.1578485837797,0.0,179.70784858377993,149.69999998807907,0.0,0.0,10.150000337511301,0.6000000238418579
4587,171.71909732554903,0.0,124.21909732554911,34.69999998807907,0.0,0.0,11.900000598281622,0.9000000357627869
4588,181.65734025717958,0.0,106.53234025717957,64.70000004768372,0.0,0.0,9.825000319629908,0.6000000238418579
4589,151.18690399598415,0.0,94.46190399598413,46.0,0.0,0.0,10.725000366568565,0.0
4590,176.32093052354105,0.0,119.72093052354109,44.0,0.0,0.0,12.600000381469727,0.0
4591,295.2667997914561,-1.0000001192092896,172.29179982125825,109.69999998807907,0.0,0.0,13.675000429153442,0.6000000238418579
4592,220.23636640080304,0.0,165.636366400803,38.200000047683716,0.0,0.0,15.500000666826963,0.9000000357627869
4593,68.41088166211047,0.0,43.56088166211046,17.0,0.0,0.0,7.850000411272049,0.0
4594,422.8167736053375,-1.0000001192092896,303.7917736351398,110.40000003576279,0.0,0.0,8.125000510364771,1.5000000596046448
4595,19.03180205713061,0.0,16.981802057130608,1.0,0.0,0.0,0.7500000596046448,0.30000001192092896
4596,234.6920830516023,0.0,157.09208305160237,55.69999998807907,0.0,0.0,21.600001003593206,0.30000001192092896
4597,128.46098243281062,-1.0000001192092896,77.98598246261294,43.0,0.0,0.0,8.175000224262476,0.30000001192092896
4598,247.77410282358844,-1.0000001192092896,144.39910285339076,93.0,0.0,0.0,11.075000584125519,0.30000001192092896
4599,138.90091013920588,0.0,95.12591013920589,31.69999998807907,0.0,0.0,11.4750004298985,0.6000000238418579
4600,226.45843985223394,0.0,169.13343985223386,41.0,0.0,0.0,15.425000511109829,0.9000000357627869
4601,224.6298956088473,0.0,143.4798956088474,70.79999995231628,0.0,0.0,8.850000336766243,1.5000000596046448
4602,363.18755070832634,0.0,225.11255070832624,125.19999998807907,0.0,0.0,11.67500052973628,1.2000000476837158
4603,151.10958174761416,0.0,118.13458174761418,24.5,0.0,0.0,7.575000137090683,0.9000000357627869
4604,206.1528173443675,0.0,126.07781734436757,71.69999998807907,0.0,0.0,7.475000329315662,0.9000000357627869
4605,191.69448247461327,-1.0000001192092896,153.29448250441575,30.0,0.0,0.0,9.100000359117985,0.30000001192092896
4606,297.045621581311,-1.0000001192092896,180.3956216111133,105.69999998807907,0.0,0.0,11.350000221282244,0.6000000238418579
4607,171.16645682074594,0.0,118.51645682074596,43.69999998807907,0.0,0.0,8.350000210106373,0.6000000238418579
4608,228.0793180855344,0.0,148.77931808553433,68.0,0.0,0.0,11.00000049546361,0.30000001192092896
4609,169.07655314190507,0.0,104.27655314190507,55.69999998807907,0.0,0.0,8.500000402331352,0.6000000238418579
4610,233.88000535331255,0.0,164.5800053533126,44.39999997615814,0.0,0.0,24.300001326948404,0.6000000238418579
4611,206.079352269891,0.0,143.379352269891,47.40000009536743,0.0,0.0,14.40000057220459,0.9000000357627869
4612,203.2379703996107,0.0,134.53797039961069,52.69999998807907,0.0,0.0,15.100000351667404,0.9000000357627869
4613,259.9350255416376,0.0,163.76002554163753,80.0,0.0,0.0,15.275000393390656,0.9000000357627869
4614,231.79249826998634,0.0,140.96749826998638,80.40000003576279,0.0,0.0,9.52500031888485,0.9000000357627869
4615,190.67330988470786,-1.0000001192092896,123.32330991451038,58.0,0.0,0.0,10.050000447779894,0.30000001192092896
4616,293.4409274611264,-1.0000001192092896,185.065927490929,99.09999996423721,0.0,0.0,9.075000409036875,1.2000000476837158
4617,216.3959841930213,-1.0000001192092896,162.32098422282354,45.0,0.0,0.0,9.775000337511301,0.30000001192092896
4618,180.78348842487213,0.0,118.75848842487221,49.69999998807907,0.0,0.0,11.425000321120024,0.9000000357627869
4619,191.2017636097865,0.0,128.6517636097865,48.0,0.0,0.0,13.950000613927841,0.6000000238418579
4620,169.9122249890564,0.0,109.1872249890564,52.69999998807907,0.0,0.0,7.425000142306089,0.6000000238418579
4621,305.65977937088473,-1.0000001192092896,200.1847794006873,96.69999998807907,0.0,0.0,9.175000365823507,0.6000000238418579
4622,197.91589959030907,-1.0000001192092896,121.8908996201114,66.0,0.0,0.0,10.72500042244792,0.30000001192092896
4623,197.71969846423664,0.0,127.26969846423668,60.69999998807907,0.0,0.0,9.150000464171171,0.6000000238418579
4624,83.503315875717,0.0,53.378315875717,21.0,0.0,0.0,9.125000387430191,0.0
4625,85.20740565070932,0.0,59.457405650709305,17.69999998807907,0.0,0.0,7.450000315904617,0.6000000238418579
4626,109.73198139622023,0.0,65.30698139622025,32.69999998807907,0.0,0.0,11.425000503659248,0.30000001192092896
4627,94.95955347920088,0.0,65.58455347920088,18.0,0.0,0.0,11.375000566244125,0.0
4628,215.95958889089525,-1.0000001192092896,138.78458892069764,66.39999997615814,0.0,0.0,10.875000443309546,0.9000000357627869
4629,332.5161964119216,0.0,180.11619641192132,142.70000004768372,0.0,0.0,9.100000411272049,0.6000000238418579
4630,236.22792197989915,-1.0000001192092896,170.25292200970156,56.39999997615814,0.0,0.0,9.675000336021185,0.9000000357627869
4631,195.9056589107328,0.0,142.1056589107328,40.69999998807907,0.0,0.0,11.900000348687172,1.2000000476837158
4632,362.21665512860415,-1.0000001192092896,225.06665515840658,122.0,0.0,0.0,15.550000492483377,0.6000000238418579
4633,296.51971481070314,-1.0000001192092896,150.26971484050503,135.69999998807907,0.0,0.0,10.95000023022294,0.6000000238418579
4634,180.13814775997622,0.0,119.41314775997623,50.0,0.0,0.0,10.425000414252281,0.30000001192092896
4635,11.395239199990668,0.0,9.345239199990667,1.0,0.0,0.0,0.7500000596046448,0.30000001192092896
4636,180.91751760784186,-1.0000001192092896,116.41751763764402,56.0,0.0,0.0,9.200000379234552,0.30000001192092896
4637,215.72006020612568,-1.0000001192092896,173.2950602359279,32.69999998807907,0.0,0.0,10.12500050291419,0.6000000238418579
4638,235.318114820291,-1.0000001192092896,156.9931148500933,64.0,0.0,0.0,15.02500032633543,0.30000001192092896
4639,272.27165639081824,-1.0000001192092896,177.32165642062066,85.0,0.0,0.0,10.950000617653131,0.0
4640,179.49040202090896,0.0,120.39040202090904,46.0,0.0,0.0,12.800000354647636,0.30000001192092896
4641,198.9031349173216,0.0,136.20313491732156,48.5,0.0,0.0,13.300000287592411,0.9000000357627869
4642,335.01985664002905,-1.0000001192092896,183.36985666983142,143.39999997615814,0.0,0.0,8.350000340491533,0.9000000357627869
4643,318.69055282810046,-1.0000001192092896,168.9655528579031,142.0,0.0,0.0,8.425000462681055,0.30000001192092896
4644,226.58724184548177,0.0,147.3622418454818,64.39999997615814,0.0,0.0,13.925000548362732,0.9000000357627869
4645,124.93198493623514,0.0,82.15698493623516,31.69999998807907,0.0,0.0,10.47500030696392,0.6000000238418579
4646,143.35811573168834,0.0,90.35811573168829,36.0,0.0,0.0,17.000000298023224,0.0
4647,258.4945289572351,-1.0000001192092896,148.34452898703714,100.69999998807907,0.0,0.0,9.850000411272049,0.6000000238418579
4648,305.68490695214405,0.0,177.43490695214376,108.70000004768372,0.0,0.0,18.95000073313713,0.6000000238418579
4649,164.3826932297057,0.0,94.10769322970575,60.39999997615814,0.0,0.0,8.975000407546759,0.9000000357627869
4650,265.0759228043819,0.0,174.57592280438192,80.39999997615814,0.0,0.0,8.900000311434269,1.2000000476837158
4651,321.6572867468166,-1.0000001192092896,168.03228677661917,142.0,0.0,0.0,12.32500059530139,0.30000001192092896
4652,250.84841931469367,0.0,163.8234193146936,77.69999998807907,0.0,0.0,8.725000336766243,0.6000000238418579
4653,222.5022410902648,0.0,145.50224109026482,64.69999998807907,0.0,0.0,11.400000382214785,0.9000000357627869
4654,256.4915847978585,0.0,190.29158479785846,52.5,0.0,0.0,12.800000429153442,0.9000000357627869
4655,111.88958442084997,0.0,78.68958442084993,25.0,0.0,0.0,8.200000450015068,0.0
4656,277.85901785234273,0.0,157.23401785234287,110.69999998807907,0.0,0.0,9.325000498443842,0.6000000238418579
4657,400.4627111140945,0.0,257.03771111409435,118.79999995231628,0.0,0.0,23.12500062584877,1.5000000596046448
4658,226.8210461947583,0.0,136.9710461947583,79.0,0.0,0.0,10.550000552088022,0.30000001192092896
4659,285.18655964616323,0.0,174.41155964616308,103.69999998807907,0.0,0.0,6.475000366568565,0.6000000238418579
4660,265.4612529867627,0.0,191.1362529867627,58.0,0.0,0.0,15.125000473111868,1.2000000476837158
4661,326.74630785648094,0.0,168.57130785648098,149.39999997615814,0.0,0.0,7.875000402331352,0.9000000357627869
4662,289.3213841607889,0.0,159.1463841607888,117.39999997615814,0.0,0.0,11.87500037625432,0.9000000357627869
4663,251.93460206931573,0.0,167.9596020693158,73.10000002384186,0.0,0.0,9.375000473111868,1.5000000596046448
4664,287.73424996531446,0.0,179.75924996531452,91.0,0.0,0.0,16.675000678747892,0.30000001192092896
4665,202.45875246560936,0.0,118.43375246560943,72.69999998807907,0.0,0.0,10.725000284612179,0.6000000238418579
4666,312.97251735253747,0.0,212.94751735253737,88.39999997615814,0.0,0.0,10.125000409781933,1.5000000596046448
4667,179.26127472292262,0.0,136.88627472292262,33.39999997615814,0.0,0.0,8.075000315904617,0.9000000357627869
4668,296.11799791331913,0.0,176.9179979133194,107.69999998807907,0.0,0.0,10.600000385195017,0.9000000357627869
4669,239.2792752962226,0.0,185.52927529622258,40.40000003576279,0.0,0.0,11.850000515580177,1.5000000596046448
4670,193.5338094581732,0.0,121.7838094581732,62.69999998807907,0.0,0.0,8.450000450015068,0.6000000238418579
4671,111.67258212667356,0.0,71.89758212667357,29.0,0.0,0.0,10.775000423192978,0.0
4672,285.53210691888853,-1.0000001192092896,154.2321069486907,123.0,0.0,0.0,9.000000473111868,0.30000001192092896
4673,383.26921260793523,-1.0000001192092896,226.66921263773756,134.0,0.0,0.0,23.300000246614218,0.30000001192092896
4674,310.2833273193182,0.0,255.9083273193183,34.0,-4.5,0.0,23.97500066459179,0.9000000357627869
4675,368.614568799759,-1.0000001192092896,226.51456882956126,133.69999998807907,0.0,0.0,8.50000037997961,0.9000000357627869
4676,145.1891717497704,-1.0000001192092896,104.68917177957276,33.0,0.0,0.0,8.200000293552876,0.30000001192092896
4677,312.50449490623953,0.0,230.90449490623948,67.5,0.0,0.0,13.500000275671482,0.6000000238418579
4678,179.52719252375508,0.0,107.40219252375502,61.69999998807907,0.0,0.0,9.825000308454037,0.6000000238418579
4679,226.3803189949742,-1.0000001192092896,137.03031902477653,79.39999997615814,0.0,0.0,10.05000028386712,0.9000000357627869
4680,309.6602144468373,-1.0000001192092896,179.26021447663985,121.0,0.0,0.0,10.10000030696392,0.30000001192092896
4681,203.2137051392356,0.0,109.13870513923561,84.69999998807907,0.0,0.0,8.77500033378601,0.6000000238418579
4682,111.7960091087209,0.0,87.37100910872088,18.19999998807907,0.0,0.0,5.625000357627869,0.6000000238418579
4683,220.90422623395196,0.0,135.37922623395198,75.69999998807907,0.0,0.0,9.225000411272049,0.6000000238418579
4684,230.57601196182512,-1.0000001192092896,117.57601199162721,105.0,0.0,0.0,8.700000513345003,0.30000001192092896
4685,329.8578928390844,0.0,188.9828928390844,129.19999992847443,0.0,0.0,8.97500030696392,2.7000001072883606
4686,420.73688337721836,0.0,285.38688337721817,96.5,-1.5,0.0,39.45000225305557,0.9000000357627869
4687,303.8868808873095,0.0,212.81188088730948,75.80000007152557,0.0,0.0,13.17500039935112,2.1000000834465027
4688,320.33420591258687,-1.0000001192092896,234.23420594238922,74.0,0.0,0.0,12.800000339746475,0.30000001192092896
4689,296.8459472476337,0.0,185.8209472476338,101.69999998807907,0.0,0.0,8.725000351667404,0.6000000238418579
4690,239.27951535745567,0.0,137.20451535745556,92.39999997615814,0.0,0.0,8.775000259280205,0.9000000357627869
4691,261.0322806280627,-1.0000001192092896,139.08228065786537,113.09999996423721,0.0,0.0,8.650000397115946,1.2000000476837158
4692,276.47304733471964,-1.0000001192092896,147.72304736452196,120.69999998807907,0.0,0.0,8.450000330805779,0.6000000238418579
4693,310.9504153201097,0.0,194.60041532010973,105.0,0.0,0.0,11.050000380724669,0.30000001192092896
4694,254.9468667530175,0.0,171.34686675301757,75.0,0.0,0.0,8.30000028386712,0.30000001192092896
4695,262.97703103046393,0.0,158.52703103046395,94.09999996423721,0.0,0.0,9.150000266730785,1.2000000476837158
4696,211.72721621307392,0.0,144.57721621307385,51.0,0.0,0.0,15.850000649690628,0.30000001192092896
4697,288.7153763426265,-1.0000001192092896,167.3653763724289,107.70000004768372,0.0,0.0,14.350000325590372,0.30000001192092896
4698,365.32954170366327,0.0,231.57954170366338,121.60000002384186,0.0,0.0,9.450000338256359,2.7000001072883606
4699,215.24395934843662,0.0,136.6939593484366,68.0,0.0,0.0,10.250000219792128,0.30000001192092896
4700,436.76769169894186,-1.0000001192092896,267.8426917287442,153.4000000357628,0.0,0.0,15.325000558048487,1.2000000476837158
4701,233.5895346342539,0.0,134.9145346342539,89.69999998807907,0.0,0.0,8.375000402331352,0.6000000238418579
4702,259.6975653739582,0.0,161.1725653739583,88.0,0.0,0.0,10.2250005453825,0.30000001192092896
4703,115.42239665919412,0.0,92.24739665919414,17.69999998807907,0.0,0.0,5.175000339746475,0.30000001192092896
4704,280.15309389080494,0.0,166.80309389080497,102.49999994039536,0.0,0.0,8.750000417232513,2.1000000834465027
4705,253.54669694645446,-1.0000001192092896,139.22169697625677,106.39999997615814,0.0,0.0,8.025000173598528,0.9000000357627869
4706,381.7203207339869,0.0,266.37032073398694,105.0,0.0,0.0,9.450000576674938,0.9000000357627869
4707,235.21783391944527,0.0,172.6928339194452,46.200000047683716,0.0,0.0,15.425000563263893,0.9000000357627869
4708,244.37672082410216,-1.0000001192092896,152.07672085390445,83.0,0.0,0.0,10.000000391155481,0.30000001192092896
4709,277.5834148006203,-1.0000001192092896,134.40841483042246,132.0,0.0,0.0,11.875000540167093,0.30000001192092896
4710,166.35433032646282,0.0,92.45433032646278,65.70000004768372,0.0,0.0,7.600000366568565,0.6000000238418579
4711,303.5049485899536,0.0,244.1799485899535,47.700000047683716,0.0,0.0,10.425000429153442,1.2000000476837158
4712,226.74671727796394,-1.0000001192092896,141.1967173077663,75.0,0.0,0.0,11.250000182539225,0.30000001192092896
4713,247.52967971400093,0.0,167.929679714001,68.5,0.0,0.0,10.20000034943223,0.9000000357627869
4714,287.4633964894085,0.0,192.31339648940855,81.39999997615814,0.0,0.0,12.850000359117985,0.9000000357627869
4715,186.30110463347214,0.0,124.97610463347222,47.0,0.0,0.0,14.025000527501106,0.30000001192092896
4716,247.60919981285872,-1.0000001192092896,149.90919984266097,88.39999997615814,0.0,0.0,9.400000412017107,0.9000000357627869
4717,152.67339207694582,-1.0000001192092896,106.07339210674816,39.0,0.0,0.0,8.300000328570604,0.30000001192092896
4718,244.27914633789044,0.0,153.17914633789033,80.69999998807907,0.0,0.0,9.800000462681055,0.6000000238418579
4719,196.5568469856512,-1.0000001192092896,134.95684701545338,52.0,0.0,0.0,10.300000507384539,0.30000001192092896
4720,127.43836039108461,0.0,86.21336039108462,32.0,0.0,0.0,9.225000351667404,0.0
4721,74.02858477140205,0.0,45.578584771402056,21.0,0.0,0.0,7.1500003933906555,0.30000001192092896
4722,265.3328429758657,-1.0000001192092896,153.83284300566777,101.0,0.0,0.0,11.200000304728746,0.30000001192092896
4723,316.1113739781953,-1.0000001192092896,184.28637400799755,122.69999998807907,0.0,0.0,9.52500044181943,0.6000000238418579
4724,266.05735835944296,-1.0000001192092896,150.13235838924516,106.69999998807907,0.0,0.0,9.625000391155481,0.6000000238418579
4725,232.7114351188628,0.0,164.93643511886276,51.20000010728836,0.0,0.0,14.175000578165054,2.4000000953674316
4726,292.4758123245183,0.0,181.0758123245182,101.39999997615814,0.0,0.0,8.500000342726707,1.5000000596046448
4727,234.35259242625125,0.0,150.65259242625132,67.5,0.0,0.0,15.600000564008951,0.6000000238418579
4728,499.9205750258315,-1.0000001192092896,295.145575055634,194.39999997615814,0.0,0.0,10.175000429153442,1.2000000476837158
4729,312.042046236133,0.0,205.24204623613318,87.70000004768372,0.0,0.0,18.500000681728125,0.6000000238418579
4730,228.6919939685411,0.0,145.9169939685411,73.40000003576279,0.0,0.0,8.175000332295895,1.2000000476837158
4731,248.8758164633204,0.0,161.6258164633203,71.0,0.0,0.0,15.950000584125519,0.30000001192092896
4732,221.50464736804207,-1.0000001192092896,138.17964739784432,75.0,0.0,0.0,9.025000337511301,0.30000001192092896
4733,435.14300569509527,0.0,256.0430056950952,154.0,0.0,0.0,24.800000954419374,0.30000001192092896
4734,316.2381664973206,-1.0000001192092896,160.18816652712323,147.0999999642372,0.0,0.0,8.75000037625432,1.2000000476837158
4735,239.0513661606208,0.0,128.9513661606209,100.69999998807907,0.0,0.0,8.800000473856926,0.6000000238418579
4736,189.129926315348,0.0,115.62992631534803,63.69999998807907,0.0,0.0,9.200000427663326,0.6000000238418579
4737,376.2909113769208,-1.0000001192092896,236.04091140672324,131.0999999642372,0.0,0.0,8.950000319629908,1.2000000476837158
4738,210.6927189653591,0.0,160.36771896535896,37.0,0.0,0.0,13.325000260025263,0.0
4739,371.1992319346617,0.0,198.37423193466182,159.39999997615814,0.0,0.0,12.525000497698784,0.9000000357627869
4740,65.72988847783171,0.0,40.504888477831685,18.0,0.0,0.0,7.225000470876694,0.0
4741,399.6331509184425,-1.0000001192092896,191.00815094824495,199.0999999642372,0.0,0.0,9.325000360608101,1.2000000476837158
4742,265.56841032023317,0.0,173.79341032023322,77.0,0.0,0.0,14.17500053346157,0.6000000238418579
4743,283.5468977416884,-1.0000001192092896,159.7218977714904,115.0,0.0,0.0,9.525000501424074,0.30000001192092896
4744,251.31384597947527,0.0,160.66384597947524,82.5,0.0,0.0,7.550000444054604,0.6000000238418579
4745,313.5926892457981,0.0,194.2426892457981,105.99999994039536,0.0,0.0,11.250000409781933,2.1000000834465027
4746,240.19736396078474,0.0,141.72236396078478,88.69999998807907,0.0,0.0,9.175000447779894,0.6000000238418579
4747,260.83657480879003,-1.0000001192092896,153.46157483859224,100.0,0.0,0.0,8.075000423938036,0.30000001192092896
4748,187.07351135860702,-1.0000001192092896,113.32351138840939,65.0,0.0,0.0,9.450000543147326,0.30000001192092896
4749,236.27581174246134,0.0,119.85081174246139,107.10000002384186,0.0,0.0,8.12500037625432,1.2000000476837158
4750,457.3700455504601,-1.0000001192092896,288.02004558026255,138.69999998807907,0.0,0.0,30.750000823289156,0.9000000357627869
4751,164.93256727421266,0.0,95.85756727421266,61.0,0.0,0.0,7.775000423192978,0.30000001192092896
4752,173.29207069215846,0.0,109.76707069215843,43.69999998807907,0.0,0.0,19.225000321865082,0.6000000238418579
4753,273.5696037459554,-1.0000001192092896,149.64460377575767,113.39999997615814,0.0,0.0,10.625000361353159,0.9000000357627869
4754,205.47688751122448,0.0,133.30188751122444,60.0,0.0,0.0,11.575000487267971,0.6000000238418579
4755,376.60833401572523,0.0,274.13333401572527,88.39999997615814,0.0,0.0,11.375000357627869,2.7000001072883606
4756,209.12512504094664,0.0,116.65012504094659,82.69999998807907,0.0,0.0,9.175000354647636,0.6000000238418579
4757,224.05594450119924,-1.0000001192092896,125.55594453100163,91.0,0.0,0.0,8.200000248849392,0.30000001192092896
4758,372.16702716145676,-1.0000001192092896,230.74202719125924,122.0,0.0,0.0,20.425000373274088,0.0
4759,224.55829368717158,-1.0000001192092896,127.60829371697419,88.0,0.0,0.0,9.650000367313623,0.30000001192092896
4760,357.8733994478237,0.0,175.57339944782385,172.69999998807907,0.0,0.0,9.000000465661287,0.6000000238418579
4761,220.73152898276,0.0,137.75652898276002,73.09999996423721,0.0,0.0,8.9750005453825,0.9000000357627869
4762,228.83884222832063,0.0,148.51384222832053,64.0,0.0,0.0,16.025000631809235,0.30000001192092896
4763,192.85467453861733,0.0,114.95467453861737,68.0,0.0,0.0,9.600000381469727,0.30000001192092896
4764,405.40775706105586,-1.0000001192092896,221.70775709085788,176.70000004768372,0.0,0.0,7.400000412017107,0.6000000238418579
4765,365.073754789249,0.0,208.3987547892491,145.0,0.0,0.0,11.375000346451998,0.30000001192092896
4766,278.8210443548813,0.0,187.74604435488112,82.0,0.0,0.0,8.775000367313623,0.30000001192092896
4767,414.85771156512243,0.0,247.83271156512242,152.69999998807907,0.0,0.0,13.725000608712435,0.6000000238418579
4768,255.39524640198258,0.0,159.14524640198258,80.19999998807907,0.0,0.0,15.15000070631504,0.9000000357627869
4769,116.70758830687019,0.0,84.63258830687025,24.69999998807907,0.0,0.0,7.075000360608101,0.30000001192092896
4770,187.54309573685563,-1.0000001192092896,107.49309576665785,73.0,0.0,0.0,7.750000361353159,0.30000001192092896
4771,247.68552381122223,0.0,163.38552381122224,69.0,0.0,0.0,14.700000643730164,0.6000000238418579
4772,208.76986815005804,0.0,126.06986815005803,67.0,0.0,0.0,15.400000855326653,0.30000001192092896
4773,288.40791817213795,0.0,176.13291817213818,97.0,0.0,0.0,14.975000590085983,0.30000001192092896
4774,339.9707340061912,0.0,220.64573400619153,108.40000009536743,0.0,0.0,9.725000437349081,1.2000000476837158
4775,201.01660369487774,-1.0000001192092896,122.54160372468031,67.0,0.0,0.0,12.175000555813313,0.30000001192092896
4776,293.1208699338654,0.0,160.84586993386537,122.39999997615814,0.0,0.0,8.975000355392694,0.9000000357627869
4777,224.3698153171569,0.0,136.944815317157,76.0,0.0,0.0,11.125000480562449,0.30000001192092896
4778,204.82767667550777,0.0,131.5276766755077,61.0,0.0,0.0,12.00000036880374,0.30000001192092896
4779,188.75112783324929,0.0,113.7761278332493,64.0,0.0,0.0,10.675000380724669,0.30000001192092896
4780,497.6023188532803,0.0,304.17731885328016,151.0999999642372,0.0,0.0,41.425000596791506,0.9000000357627869
4781,215.21862080312323,0.0,142.8686208031232,59.0,0.0,0.0,12.750000461935997,0.6000000238418579
4782,267.5945188902214,-1.0000001192092896,161.76951892002396,98.0,0.0,0.0,8.52500032261014,0.30000001192092896
4783,301.0571865428178,-1.0000001192092896,161.7071865726201,128.0,0.0,0.0,12.050000619143248,0.30000001192092896
4784,313.1169218901796,0.0,195.2419218901795,105.99999994039536,0.0,0.0,8.87500025331974,3.0000001192092896
4785,290.941399106547,-1.0000001192092896,179.69139913634888,100.69999998807907,0.0,0.0,10.950000487267971,0.6000000238418579
4786,292.0260349973294,-1.0000001192092896,155.3760350271316,128.0,0.0,0.0,9.35000041499734,0.30000001192092896
4787,239.21233417084233,-1.0000001192092896,133.61233420064463,98.0,0.0,0.0,8.300000462681055,0.30000001192092896
4788,206.588700104904,0.0,128.563700104904,64.69999998807907,0.0,0.0,12.7250005453825,0.6000000238418579
4789,367.2984541335925,-1.0000001192092896,194.24845416339494,162.0,0.0,0.0,11.750000406056643,0.30000001192092896
4790,204.6896449971808,0.0,107.014644997181,86.69999998807907,0.0,0.0,10.375000640749931,0.6000000238418579
4791,230.7232553962997,0.0,153.04825539629982,61.0,0.0,0.0,16.075000569224358,0.6000000238418579
4792,179.03391183416088,0.0,82.23391183416086,85.39999997615814,0.0,0.0,10.500000536441803,0.9000000357627869
4793,253.17438817294493,0.0,143.774388172945,101.69999998807907,0.0,0.0,7.100000310689211,0.6000000238418579
4794,248.56130739681288,0.0,163.86130739681283,76.0,0.0,0.0,8.400000266730785,0.30000001192092896
4795,320.324933155043,0.0,186.24993315504284,124.0,0.0,0.0,9.475000366568565,0.6000000238418579
4796,275.4933396149597,0.0,171.79333961495973,94.69999998807907,0.0,0.0,8.100000262260437,0.9000000357627869
4797,247.59815698352102,0.0,157.74815698352108,68.5,0.0,0.0,21.050000727176666,0.30000001192092896
4798,298.45524603424263,-1.0000001192092896,163.580246064045,124.0,0.0,0.0,11.575000580400229,0.30000001192092896
4799,316.1142302010601,-1.0000001192092896,149.23923023086223,160.0,0.0,0.0,7.575000274926424,0.30000001192092896
4800,355.07980769202413,0.0,206.82980769202416,137.69999998807907,0.0,0.0,9.350000455975533,1.2000000476837158
4801,420.0658908133751,-1.0000001192092896,253.11589084317768,157.0999999642372,0.0,0.0,9.350000504404306,1.5000000596046448
4802,393.103349706669,-1.0000001192092896,241.52834973647126,127.0,0.0,0.0,25.275001127272844,0.30000001192092896
4803,219.90282920055438,0.0,124.92782920055443,86.0,0.0,0.0,8.675000369548798,0.30000001192092896
4804,318.9965440121136,0.0,174.69654401211378,132.0,0.0,0.0,12.000000197440386,0.30000001192092896
4805,165.57234661635604,-1.0000001192092896,93.54734664615836,63.39999997615814,0.0,0.0,8.725000325590372,0.9000000357627869
4806,225.56988133926396,0.0,144.6198813392639,69.80000001192093,0.0,0.0,9.650000408291817,1.5000000596046448
4807,191.91149362154377,0.0,113.16149362154371,70.0,0.0,0.0,8.450000360608101,0.30000001192092896
4808,183.05864359092945,0.0,104.2336435909294,70.69999998807907,0.0,0.0,7.525000441819429,0.6000000238418579
4809,189.82574710400738,-1.0000001192092896,110.67574713380965,71.0,0.0,0.0,8.85000041499734,0.30000001192092896
4810,273.5165158372017,0.0,183.54151583720187,80.39999997615814,0.0,0.0,8.675000295042992,0.9000000357627869
4811,367.8604004294867,-1.0000001192092896,221.51040045928897,137.69999998807907,0.0,0.0,9.350000500679016,0.30000001192092896
4812,195.64518408672703,-1.0000001192092896,123.59518411652945,63.69999998807907,0.0,0.0,8.75000037997961,0.6000000238418579
4813,319.41635231705953,0.0,209.49135231705972,100.0,0.0,0.0,9.325000301003456,0.6000000238418579
4814,481.6770154145093,0.0,314.7520154145091,148.79999995231628,0.0,0.0,16.62500062584877,1.5000000596046448
4815,233.122933715607,0.0,152.94793371560692,66.19999998807907,0.0,0.0,12.77500057220459,1.2000000476837158
4816,278.8589413592638,0.0,177.45894135926386,82.0,0.0,0.0,18.80000063031912,0.6000000238418579
4817,305.0092159286404,0.0,215.75921592864032,77.30000001192093,-6.0,0.0,16.150000508874655,1.8000000715255737
4818,309.43562925988624,-1.0000001192092896,186.56062928968842,110.0,0.0,0.0,13.575000427663326,0.30000001192092896
4819,173.95604439657816,0.0,111.48104439657816,52.39999997615814,0.0,0.0,9.175000444054604,0.9000000357627869
4820,244.99111915629794,0.0,136.94111915629807,99.0,0.0,0.0,8.75000025331974,0.30000001192092896
4821,246.80956330036057,0.0,141.5595633003608,95.69999998807907,0.0,0.0,8.95000034570694,0.6000000238418579
4822,253.86944788813716,0.0,160.06944788813715,76.0,0.0,0.0,16.900000676512718,0.9000000357627869
4823,183.96761173982955,0.0,116.91761173982952,52.0,-3.0,0.0,17.150000486522913,0.9000000357627869
4824,302.7790616664943,-1.0000001192092896,146.1040616962965,148.69999998807907,0.0,0.0,8.375000301748514,0.6000000238418579
4825,240.01885437054952,0.0,148.99385437054946,78.0,0.0,0.0,12.725000601261854,0.30000001192092896
4826,345.1590443165795,0.0,189.5090443165798,138.0,0.0,0.0,17.350000608712435,0.30000001192092896
4827,194.54510803759698,0.0,109.84510803759702,73.8999999165535,0.0,0.0,8.400000389665365,2.4000000953674316
4828,212.80927011056846,-1.0000001192092896,112.75927014037093,92.0,0.0,0.0,8.7500003837049,0.30000001192092896
4829,212.70435104482678,0.0,139.1043510448267,57.5,0.0,0.0,15.200000561773777,0.9000000357627869
4830,246.46706251103507,0.0,143.49206251103504,95.19999998807907,0.0,0.0,6.875000283122063,0.9000000357627869
4831,193.8541865430842,-1.0000001192092896,113.9041865728864,71.0,0.0,0.0,9.650000374764204,0.30000001192092896
4832,196.73835830386298,-1.0000001192092896,125.21335833366547,63.0,0.0,0.0,9.225000210106373,0.30000001192092896
4833,271.0069552821348,0.0,191.78195528213482,68.19999998807907,0.0,0.0,10.12500037252903,0.9000000357627869
4834,314.7641983879435,-1.0000001192092896,190.714198417746,115.0,0.0,0.0,9.750000409781933,0.30000001192092896
4835,235.12017495920347,-1.0000001192092896,154.0451749890057,72.0,0.0,0.0,9.775000397115946,0.30000001192092896
4836,567.3232560074399,0.0,335.8732560074399,215.49999994039536,0.0,0.0,14.150000229477882,1.8000000715255737
4837,240.59999072158152,0.0,130.52499072158147,99.69999998807907,0.0,0.0,9.775000397115946,0.6000000238418579
4838,269.7331269607715,0.0,151.13312696077156,108.69999998807907,0.0,0.0,8.700000330805779,1.2000000476837158
4839,224.71552117706509,0.0,139.4655211770651,68.5,0.0,0.0,15.850000619888306,0.9000000357627869
4840,212.10290140266886,0.0,143.17790140266885,54.5,0.0,0.0,13.825000461190939,0.6000000238418579
4841,140.01293950604293,0.0,90.03793950604293,37.0,0.0,0.0,12.675000578165054,0.30000001192092896
4842,201.70483681786695,-1.0000001192092896,120.37983684766947,70.69999998807907,0.0,0.0,11.025000486522913,0.6000000238418579
4843,235.99831094184884,0.0,146.0483109418489,73.5,0.0,0.0,15.850000560283661,0.6000000238418579
4844,357.9238619123636,0.0,245.92386191236358,102.10000002384186,0.0,0.0,8.400000408291817,1.5000000596046448
4845,244.17474045402187,-1.0000001192092896,149.1497404838243,87.0,0.0,0.0,8.725000314414501,0.30000001192092896
4846,219.41681977863266,0.0,139.24181977863265,64.0,0.0,0.0,15.575000509619713,0.6000000238418579
4847,173.43980732404682,0.0,96.78980732404675,67.69999998807907,0.0,0.0,8.350000381469727,0.6000000238418579
4848,349.7445456145665,-1.0000001192092896,165.49454564436888,175.39999997615814,0.0,0.0,8.950000453740358,0.9000000357627869
4849,250.85067576859683,0.0,142.4256757685968,100.0,0.0,0.0,8.125000223517418,0.30000001192092896
4850,170.6322980464491,0.0,98.50729804644907,62.69999998807907,0.0,0.0,8.825000423938036,0.6000000238418579
4851,207.92188194963916,0.0,131.52188194963918,62.5,0.0,0.0,12.700000494718552,1.2000000476837158
4852,248.37492216078383,0.0,139.77492216078406,99.09999996423721,0.0,0.0,8.300000239163637,1.2000000476837158
4853,284.62511964853866,0.0,170.22511964853854,101.0,0.0,0.0,13.100000485777855,0.30000001192092896
4854,305.7569012662524,-1.0000001192092896,135.10690129605464,159.79999995231628,0.0,0.0,10.050000462681055,1.8000000715255737
4855,325.831630316259,0.0,197.80663031625875,119.0,0.0,0.0,8.725000385195017,0.30000001192092896
4856,303.6303666656851,0.0,169.60536666568484,124.0,0.0,0.0,9.725000385195017,0.30000001192092896
4857,288.65262266681293,-1.0000001192092896,178.6276226966152,98.69999998807907,0.0,0.0,11.725000400096178,0.6000000238418579
4858,274.61948599289155,-1.0000001192092896,163.7194860226938,101.0,0.0,0.0,10.600000333040953,0.30000001192092896
4859,231.95674351904896,0.0,154.33174351904896,64.0,0.0,0.0,13.325000613927841,0.30000001192092896
4860,261.44259939385347,-1.0000001192092896,152.94259942365568,99.0,0.0,0.0,10.20000023022294,0.30000001192092896
4861,322.9317165712306,0.0,154.7317165712306,158.69999998807907,0.0,0.0,8.900000378489494,0.6000000238418579
4862,197.04566808187698,-1.0000001192092896,110.14566811167927,78.0,0.0,0.0,9.600000489503145,0.30000001192092896
4863,470.1222083533685,0.0,266.4222083533683,192.20000010728836,0.0,0.0,9.100000366568565,2.4000000953674316
4864,294.24574817995483,0.0,178.2457481799548,101.0,0.0,0.0,14.400000646710396,0.6000000238418579
4865,221.90061656249273,0.0,150.87561656249278,59.0,0.0,0.0,11.725000206381083,0.30000001192092896
4866,340.7455753056268,-1.0000001192092896,187.12057533542898,142.0,0.0,0.0,12.325000394135714,0.30000001192092896
4867,212.39115740583946,-1.0000001192092896,125.96615743564169,75.69999998807907,0.0,0.0,11.125000450760126,0.6000000238418579
4868,441.92183422314133,-1.0000001192092896,226.09683425294344,197.0,0.0,0.0,19.525000650435686,0.30000001192092896
4869,172.31392026885095,0.0,106.68892026885095,54.0,0.0,0.0,11.32500046491623,0.30000001192092896
4870,316.549414501247,-1.0000001192092896,158.57441453104911,151.0,0.0,0.0,7.6750003434717655,0.30000001192092896
4871,284.4864023149196,-1.0000001192092896,173.21140234472185,99.19999998807907,0.0,0.0,12.475000381469727,0.6000000238418579
4872,256.8031176507578,0.0,140.20311765075772,105.39999997615814,0.0,0.0,10.0000003837049,1.2000000476837158
4873,245.030752888476,0.0,144.20575288847598,90.0,0.0,0.0,10.525000393390656,0.30000001192092896
4874,258.52899332931145,0.0,139.6789933293114,106.0,0.0,0.0,12.550000540912151,0.30000001192092896
4875,420.53259519742426,0.0,253.7825951974243,155.5,0.0,0.0,9.450000390410423,1.8000000715255737
4876,178.86068464218445,0.0,101.43568464218438,68.0,0.0,0.0,9.125000312924385,0.30000001192092896
4877,300.6144574231906,-1.0000001192092896,162.189457452993,129.69999998807907,0.0,0.0,9.125000316649675,0.6000000238418579
4878,192.6572291206351,0.0,113.55722912063506,69.0,0.0,0.0,9.800000537186861,0.30000001192092896
4879,262.8184449135541,-1.0000001192092896,162.8184449433565,90.0,0.0,0.0,10.700000323355198,0.30000001192092896
4880,132.14055384997712,-1.0000001192092896,85.54055387977944,38.0,0.0,0.0,9.300000462681055,0.30000001192092896
4881,291.7104246651184,0.0,190.6854246651187,83.19999998807907,0.0,0.0,16.925000712275505,0.9000000357627869
4882,193.26655610178514,-1.0000001192092896,102.96655613158752,80.39999997615814,0.0,0.0,10.000000420957804,0.9000000357627869
4883,271.58726736895903,0.0,161.46226736895895,101.0,0.0,0.0,8.225000441074371,0.9000000357627869
4884,153.94761231749996,-1.0000001192092896,100.7726123473022,45.0,0.0,0.0,8.875000357627869,0.30000001192092896
4885,290.6107307735156,0.0,206.76073077351558,68.19999998807907,0.0,0.0,14.750000551342964,0.9000000357627869
4886,233.3705992746119,0.0,144.57059927461208,71.0,0.0,0.0,17.20000072196126,0.6000000238418579
4887,265.8605441702048,0.0,151.9605441702049,105.09999996423721,0.0,0.0,7.600000366568565,1.2000000476837158
4888,181.39474390014604,0.0,90.84474390014603,81.69999998807907,0.0,0.0,8.250000461935997,0.6000000238418579
4889,253.13304391447758,0.0,148.05804391447762,95.69999998807907,0.0,0.0,8.475000336766243,0.9000000357627869
4890,498.71176951903317,0.0,260.88676951903267,227.69999998807907,0.0,0.0,9.52500044181943,0.6000000238418579
4891,332.7494935019115,-1.0000001192092896,174.6994935317138,144.69999998807907,0.0,0.0,14.050000745803118,0.30000001192092896
4892,188.7360198255711,-1.0000001192092896,112.3860198553736,68.0,0.0,0.0,9.050000388175249,0.30000001192092896
4893,211.81356350642682,0.0,139.98856350642689,62.69999998807907,0.0,0.0,8.525000307708979,0.6000000238418579
4894,203.08399231725977,-1.0000001192092896,98.35899234706206,95.79999995231628,0.0,0.0,8.425000328570604,1.5000000596046448
4895,289.81463503930945,0.0,147.13963503930924,134.0,0.0,0.0,8.37500037625432,0.30000001192092896
4896,276.0081550898775,0.0,187.35815508987747,72.0,0.0,0.0,15.450000744313002,1.2000000476837158
4897,191.68834243942024,0.0,115.01334243942027,66.69999998807907,0.0,0.0,9.375000432133675,0.6000000238418579
4898,299.130087934338,0.0,180.28008793433798,103.0,0.0,0.0,15.250000640749931,0.6000000238418579
4899,338.19417679639963,0.0,223.49417679639976,105.29999995231628,0.0,0.0,7.600000277161598,1.8000000715255737
4900,366.3994416443621,0.0,161.29944164436236,193.0999999642372,0.0,0.0,10.800000537186861,1.2000000476837158
4901,415.06493767529076,0.0,237.68993767529082,166.4000000357628,0.0,0.0,10.07500059902668,0.9000000357627869
4902,592.7834035949518,-1.0000001192092896,326.7334036247541,234.0999999642372,0.0,0.0,31.750001087784767,1.2000000476837158
4903,263.1233868671457,0.0,155.4483868671458,97.0,0.0,0.0,9.475000441074371,1.2000000476837158
4904,265.67852297465276,0.0,173.7035229746528,74.5,0.0,0.0,15.975000575184822,1.5000000596046448
4905,251.6115018059433,-1.0000001192092896,136.7365018357458,105.49999994039536,0.0,0.0,8.575000319629908,1.8000000715255737
4906,257.6214449225133,-1.0000001192092896,165.09644495231575,83.0,0.0,0.0,10.525000348687172,0.0
4907,313.9451068629931,0.0,194.6451068629932,95.0,0.0,0.0,23.700000748038292,0.6000000238418579
4908,389.2815271234925,0.0,229.65652712349237,146.0999999642372,0.0,0.0,11.725000500679016,1.8000000715255737
4909,300.0148770043297,-1.0000001192092896,184.03987703413168,107.69999998807907,0.0,0.0,8.67500039935112,0.6000000238418579
4910,347.9539021774964,-1.0000001192092896,204.528902207299,125.0,0.0,0.0,19.12500024214387,0.30000001192092896
4911,329.300713858941,0.0,270.8257138589411,41.200000047683716,0.0,0.0,14.875000655651093,2.4000000953674316
4912,230.54511601244369,0.0,136.27011601244368,81.69999998807907,0.0,0.0,11.975000526756048,0.6000000238418579
4913,221.90450055744745,0.0,136.87950055744741,69.5,0.0,0.0,14.925000548362732,0.6000000238418579
4914,307.299503266537,0.0,192.67450326653702,105.40000003576279,0.0,0.0,8.325000360608101,0.9000000357627869
4915,235.09586944123646,0.0,149.02086944123658,75.0,0.0,0.0,10.475000321865082,0.6000000238418579
4916,333.476306378026,0.0,176.25130637802576,146.0999999642372,0.0,0.0,9.92500028386712,1.2000000476837158
4917,237.63163691387632,0.0,148.70663691387628,72.5,0.0,0.0,15.825000628829002,0.6000000238418579
4918,328.52453463769336,0.0,170.5495346376933,143.69999998807907,0.0,0.0,13.675000607967377,0.6000000238418579
4919,231.56992109474794,0.0,158.09492109474783,61.69999998807907,0.0,0.0,11.175000447779894,0.6000000238418579
4920,313.6731129568191,0.0,206.24811295681906,92.5,0.0,0.0,14.325000584125519,0.6000000238418579
4921,255.66174740020264,0.0,161.7617474002027,82.19999998807907,0.0,0.0,10.800000444054604,0.9000000357627869
4922,395.7595314332979,-1.0000001192092896,209.4345314631005,172.0,0.0,0.0,15.025000855326653,0.30000001192092896
4923,358.06771737504295,0.0,184.09271737504315,161.69999998807907,0.0,0.0,11.675000440329313,0.6000000238418579
4924,280.4234784492214,0.0,180.29847844922142,91.69999998807907,0.0,0.0,7.825000282377005,0.6000000238418579
4925,269.22167929355095,-1.0000001192092896,134.82167932335327,124.39999997615814,0.0,0.0,9.800000388175249,1.2000000476837158
4926,246.1840442992166,0.0,153.35904429921666,75.70000004768372,0.0,0.0,16.22500066459179,0.9000000357627869
4927,348.87298255994386,-1.0000001192092896,173.17298258974574,166.0,0.0,0.0,10.400000344961882,0.30000001192092896
4928,229.53648795831137,0.0,145.21148795831138,69.0,0.0,0.0,14.725000616163015,0.6000000238418579
4929,325.5642232086461,0.0,191.06422320864618,124.70000004768372,0.0,0.0,8.90000031888485,0.9000000357627869
4930,273.3711743239212,0.0,159.7461743239211,101.0,0.0,0.0,12.325000554323196,0.30000001192092896
4931,225.45902105981511,0.0,145.03402105981505,66.5,0.0,0.0,13.32500046864152,0.6000000238418579
4932,370.5955712288192,0.0,165.74557122881916,192.39999997615814,0.0,0.0,11.550000384449959,0.9000000357627869
4933,283.7266430106365,0.0,154.90164301063635,117.69999998807907,0.0,0.0,10.525000467896461,0.6000000238418579
4934,215.26886161753137,0.0,133.7188616175312,70.0,0.0,0.0,11.250000480562449,0.30000001192092896
4935,399.07691376951124,0.0,272.4769137695112,113.80000007152557,0.0,0.0,11.30000039562583,1.5000000596046448
4936,286.94667821136596,-1.0000001192092896,177.8966782411683,101.0,0.0,0.0,8.750000346451998,0.30000001192092896
4937,212.40409454330668,0.0,140.77909454330666,55.0,0.0,0.0,16.025000512599945,0.6000000238418579
4938,585.5715040643853,0.0,313.6965040643862,235.79999995231628,0.0,0.0,34.57500098645687,1.5000000596046448
4939,253.59783963621405,0.0,121.87283963621414,122.09999996423721,0.0,0.0,8.425000362098217,1.2000000476837158
4940,211.09473453918062,0.0,120.04473453918068,78.69999998807907,0.0,0.0,11.75000036507845,0.6000000238418579
4941,226.52307083791484,-1.0000001192092896,120.47307086771701,96.79999995231628,0.0,0.0,8.750000346451998,1.5000000596046448
4942,300.0837442838701,0.0,184.08374428386998,106.69999998807907,0.0,0.0,8.400000378489494,0.9000000357627869
4943,318.6421145948179,-1.0000001192092896,184.8671146246201,115.19999998807907,-1.5,0.0,20.17500077560544,0.9000000357627869
4944,455.1037982386339,0.0,255.87879823863403,169.39999997615814,0.0,0.0,28.925000473856926,0.9000000357627869
4945,203.53018916023325,0.0,122.4051891602332,72.0,0.0,0.0,8.825000420212746,0.30000001192092896
4946,257.98307689314396,-1.0000001192092896,149.3580769229466,95.0,0.0,0.0,14.325000252574682,0.30000001192092896
4947,303.70352211060055,0.0,198.35352211060035,92.0,0.0,0.0,12.45000059902668,0.9000000357627869
4948,195.29984357382128,0.0,95.82484357382133,90.69999998807907,0.0,0.0,8.175000175833702,0.6000000238418579
4949,300.9461337463494,0.0,183.92113374634937,102.0,0.0,0.0,14.425000607967377,0.6000000238418579
4950,404.4213783450774,-1.0000001192092896,214.3463783748799,181.0999999642372,0.0,0.0,8.4750004298985,1.5000000596046448
4951,337.7820826698626,-1.0000001192092896,162.98208269966528,164.69999998807907,0.0,0.0,10.200000502169132,0.9000000357627869
4952,311.112301723922,0.0,182.26230172392215,120.0,0.0,0.0,8.550000417977571,0.30000001192092896
4953,242.34608146968964,0.0,150.54608146968963,80.0,0.0,0.0,11.500000361353159,0.30000001192092896
4954,174.64238760977955,0.0,87.46738760977958,77.39999997615814,0.0,0.0,8.875000357627869,0.9000000357627869
4955,233.3112573080716,0.0,152.48625730807157,67.69999998807907,0.0,0.0,12.225000485777855,0.9000000357627869
4956,237.00411256189656,0.0,145.10411256189656,77.0,0.0,0.0,14.300000682473183,0.6000000238418579
4957,234.0129793368311,0.0,116.13797933683121,108.0,0.0,0.0,9.575000409036875,0.30000001192092896
4958,459.5708064418299,-1.0000001192092896,281.37080647163185,160.0,0.0,0.0,18.900000154972076,0.30000001192092896
4959,253.73440928766874,0.0,175.0594092876687,65.5,0.0,0.0,12.27500057220459,0.9000000357627869
4960,252.55322519144846,-1.0000001192092896,154.15322522125086,90.0,0.0,0.0,9.10000041499734,0.30000001192092896
4961,381.23880757641814,0.0,233.3138075764182,114.39999997615814,0.0,0.0,32.62500116229057,0.9000000357627869
4962,204.38935887458797,0.0,124.86435887458795,65.0,0.0,0.0,13.625000730156898,0.9000000357627869
4963,356.09214050413306,-1.0000001192092896,185.91714053393565,161.0999999642372,0.0,0.0,8.875000312924385,1.2000000476837158
4964,345.258805604907,0.0,207.50880560490717,128.39999997615814,0.0,0.0,8.150000393390656,1.2000000476837158
4965,337.0183142054874,0.0,205.86831420548765,117.0,0.0,0.0,13.250000581145287,0.9000000357627869
4966,248.74932650914167,-1.0000001192092896,140.54932653894383,98.0,0.0,0.0,10.900000311434269,0.30000001192092896
4967,468.09720037844085,-1.0000001192092896,245.62220040824283,212.69999998807907,0.0,0.0,10.175000432878733,0.6000000238418579
4968,234.23547656066327,0.0,159.5104765606632,60.69999998807907,0.0,0.0,12.525000557303429,1.5000000596046448
4969,184.59153544433275,0.0,92.06653544433289,83.69999998807907,0.0,0.0,8.225000277161598,0.6000000238418579
4970,217.17251743543414,-1.0000001192092896,126.87251746523633,82.0,0.0,0.0,9.000000435858965,0.30000001192092896
4971,399.63317898471877,-1.0000001192092896,200.23317901452094,191.69999998807907,0.0,0.0,8.100000400096178,0.6000000238418579
4972,285.0974583962454,-1.0000001192092896,143.6224584260477,132.79999995231628,0.0,0.0,8.175000328570604,1.5000000596046448
4973,438.9385708666335,0.0,236.6885708666333,189.0999999642372,0.0,0.0,11.950000509619713,1.2000000476837158
4974,170.92219835445087,0.0,96.74719835445089,66.0,0.0,0.0,7.875000476837158,0.30000001192092896
4975,290.04792916738705,0.0,178.27292916738693,95.0,0.0,0.0,16.475000634789467,0.30000001192092896
4976,276.81815564712394,-1.0000001192092896,138.1431556769263,127.69999998807907,0.0,0.0,11.375000450760126,0.6000000238418579
4977,187.32346063040941,-1.0000001192092896,117.69846066021175,61.0,0.0,0.0,9.325000457465649,0.30000001192092896
4978,284.1565531922229,0.0,185.806553192223,83.69999998807907,0.0,0.0,13.150000616908073,1.5000000596046448
4979,240.278010001111,0.0,150.403010001111,76.69999998807907,0.0,0.0,12.275000467896461,0.9000000357627869
4980,376.878895307469,0.0,243.30389530746868,123.0,0.0,0.0,10.275000415742397,0.30000001192092896
4981,187.14344405403133,0.0,89.64344405403135,88.69999998807907,0.0,0.0,8.200000271201134,0.6000000238418579
4982,219.23163565316005,0.0,133.08163565316002,71.0,0.0,0.0,14.550000563263893,0.6000000238418579
4983,580.5758945714564,0.0,406.4258945714564,131.19999998807907,-10.5,0.0,51.950002923607826,1.5000000596046448
4984,227.96962958191824,0.0,143.39462958191837,69.0,0.0,0.0,14.975000511854887,0.6000000238418579
4985,265.0984821921053,-1.0000001192092896,157.07348222190762,98.0,0.0,0.0,10.725000411272049,0.30000001192092896
4986,235.92095875215279,0.0,156.62095875215275,65.0,0.0,0.0,13.100000582635403,1.2000000476837158
4987,215.39542146386782,-1.0000001192092896,135.22042149367027,71.0,0.0,0.0,9.875000458210707,0.30000001192092896
4988,236.96174652116085,0.0,150.73674652116082,76.69999998807907,0.0,0.0,8.925000511109829,0.6000000238418579
4989,206.60754841535402,-1.0000001192092896,136.05754844515633,61.0,0.0,0.0,10.250000406056643,0.30000001192092896
4990,296.7867615238786,0.0,137.3617615238788,149.39999997615814,0.0,0.0,9.125000432133675,0.9000000357627869
4991,314.30122288415265,0.0,212.92622288415248,88.39999997615814,0.0,0.0,12.075000490993261,0.9000000357627869
4992,195.95311249104194,0.0,115.27811249104192,72.69999998807907,0.0,0.0,7.3750001564621925,0.6000000238418579
4993,214.30861388280263,-1.0000001192092896,125.05861391260494,81.0,0.0,0.0,8.950000282377005,0.30000001192092896
4994,336.5967678318687,0.0,201.5467678318687,125.0,0.0,0.0,9.750000342726707,0.30000001192092896
4995,295.06455401741624,-1.0000001192092896,158.26455404721858,126.0,0.0,0.0,11.500000387430191,0.30000001192092896
4996,348.57153114673673,-1.0000001192092896,203.82153117653897,137.0,0.0,0.0,8.450000498443842,0.30000001192092896
4997,256.5160667848001,0.0,156.29106678480017,85.0,0.0,0.0,15.225000783801079,0.0
4998,220.44146586695192,0.0,136.41646586695194,69.0,0.0,0.0,13.825000509619713,1.2000000476837158
4999,293.4786679376724,-1.0000001192092896,170.2786679674746,111.0,0.0,0.0,12.900000460445881,0.30000001192092896
5000,278.69060690508786,0.0,136.04060690508763,132.19999992847443,0.0,0.0,8.350000396370888,2.1000000834465027
5001,438.8072711939174,-1.0000001192092896,200.73227122371966,230.0,0.0,0.0,8.775000337511301,0.30000001192092896
5002,241.12755548192396,0.0,150.37755548192405,73.69999998807907,0.0,0.0,16.150000631809235,0.9000000357627869
5003,719.4758097956549,-1.0000001192092896,456.0508098254573,225.89999997615814,0.0,0.0,37.02500121667981,1.5000000596046448
5004,346.19947972794023,0.0,186.59947972794018,149.0999999642372,0.0,0.0,9.300000492483377,1.2000000476837158
5005,305.81798823587866,0.0,185.39298823587868,103.0,0.0,0.0,16.82500059902668,0.6000000238418579
5006,398.63257733081844,0.0,246.85757733081832,136.69999998807907,0.0,0.0,13.875000536441803,1.2000000476837158
5007,221.062674992987,-1.0000001192092896,130.43767502278922,83.0,0.0,0.0,8.325000312179327,0.30000001192092896
5008,344.6293388085411,-1.0000001192092896,188.65433883834342,146.69999998807907,0.0,0.0,9.675000432878733,0.6000000238418579
5009,429.60308360115897,0.0,221.2530836011589,194.69999998807907,0.0,0.0,13.05000026896596,0.6000000238418579
5010,466.1432814798194,-1.0000001192092896,279.4682815096216,146.69999998807907,0.0,0.0,40.07500076666474,0.9000000357627869
5011,363.72473021398554,-1.0000001192092896,191.99973024378784,163.0,0.0,0.0,9.42500051856041,0.30000001192092896
5012,205.83889979290194,0.0,118.888899792902,76.19999992847443,0.0,0.0,8.65000033378601,2.1000000834465027
5013,245.56970223154335,0.0,153.3947022315434,79.0,0.0,0.0,11.975000441074371,1.2000000476837158
5014,295.3739611109954,0.0,185.2739611109953,89.0,0.0,0.0,20.800000846385956,0.30000001192092896
5015,183.16064947643488,0.0,99.98564947643486,73.69999998807907,0.0,0.0,8.875000387430191,0.6000000238418579
5016,400.30222886171316,0.0,197.1272288617132,193.39999997615814,0.0,0.0,8.875000283122063,0.9000000357627869
5017,311.1167606010589,0.0,192.44176060105863,107.5,0.0,0.0,8.775000363588333,2.4000000953674316
5018,205.742026926616,-1.0000001192092896,103.79202695641824,94.69999998807907,0.0,0.0,7.650000352412462,0.6000000238418579
5019,256.9377937916253,0.0,163.53779379162538,76.5,0.0,0.0,15.400000646710396,1.5000000596046448
5020,382.0420114387593,-1.0000001192092896,176.4670114685618,196.69999998807907,0.0,0.0,9.275000426918268,0.6000000238418579
5021,190.41069579107216,-1.0000001192092896,118.01069582087442,63.0,0.0,0.0,10.100000377744436,0.30000001192092896
5022,603.164523327296,-1.0000001192092896,424.7645233570992,147.39999997615814,0.0,0.0,31.10000003874302,0.9000000357627869
5023,234.94195251926448,0.0,143.51695251926452,75.0,0.0,0.0,15.825000613927841,0.6000000238418579
5024,252.37112716742666,0.0,150.4961271674267,88.0,0.0,0.0,13.57500059902668,0.30000001192092896
5025,389.7609567920316,-1.0000001192092896,221.7109568218339,160.0,0.0,0.0,8.750000301748514,0.30000001192092896
5026,222.11549111914164,0.0,126.94049111914158,84.69999998807907,0.0,0.0,9.87500049546361,0.6000000238418579
5027,327.3011997676696,-1.0000001192092896,179.60119979747168,134.69999998807907,0.0,0.0,13.100000489503145,0.9000000357627869
5028,398.5598811188361,0.0,241.83488111883563,147.0,0.0,0.0,9.425000429153442,0.30000001192092896
5029,235.81340854682904,-1.0000001192092896,123.13840857663135,105.0,0.0,0.0,8.375000439584255,0.30000001192092896
5030,263.70396152961445,-1.0000001192092896,154.30396155941668,97.69999998807907,0.0,0.0,12.100000519305468,0.6000000238418579
5031,243.9206280240585,-1.0000001192092896,135.24562805386083,94.69999998807907,0.0,0.0,14.375000674277544,0.6000000238418579
5032,258.8023255199273,0.0,163.75232551992733,77.5,0.0,0.0,16.650000616908073,0.9000000357627869
5033,241.23962870695516,0.0,135.61462870695516,95.69999998807907,0.0,0.0,9.325000409036875,0.6000000238418579
5034,368.36476606459496,-1.0000001192092896,193.26476609439754,160.69999998807907,0.0,0.0,15.100000280886889,0.30000001192092896
5035,247.53891523953394,-1.0000001192092896,137.66391526933623,100.0,0.0,0.0,10.575000498443842,0.30000001192092896
5036,309.53621455649875,0.0,197.13621455649886,101.5,0.0,0.0,10.300000429153442,0.6000000238418579
5037,285.87342337487405,0.0,170.74842337487422,103.0,0.0,0.0,11.525000527501106,0.6000000238418579
5038,324.11278409968673,0.0,178.0127840996869,136.39999997615814,0.0,0.0,8.800000339746475,0.9000000357627869
5039,378.2089186495416,-1.0000001192092896,181.25891867934422,184.39999997615814,0.0,0.0,12.650000460445881,0.9000000357627869
5040,262.0825545240362,0.0,165.25755452403627,79.69999998807907,0.0,0.0,15.925000622868538,1.2000000476837158
5041,501.1676653971917,-1.0000001192092896,275.5176654269942,216.0999999642372,0.0,0.0,9.350000474601984,1.2000000476837158
5042,282.07411063846246,0.0,173.27411063846256,92.69999998807907,0.0,0.0,15.200000569224358,0.9000000357627869
5043,190.12558156497647,-1.0000001192092896,111.62558159477884,69.39999997615814,0.0,0.0,9.200000379234552,0.9000000357627869
5044,282.4030975119083,0.0,164.72809751190835,107.0,0.0,0.0,10.075000554323196,0.6000000238418579
5045,232.37920152021607,0.0,152.32920152021626,69.0,0.0,0.0,10.750000346451998,0.30000001192092896
5046,203.40144929325345,0.0,117.30144929325346,76.69999998807907,0.0,0.0,8.800000369548798,0.6000000238418579
5047,302.0834262158742,0.0,188.10842621587435,103.0,0.0,0.0,10.375000447034836,0.6000000238418579
5048,264.7865255068621,0.0,143.11152550686225,112.09999996423721,0.0,0.0,8.37500037625432,1.2000000476837158
5049,309.9955310003018,-1.0000001192092896,168.62053103010416,132.69999998807907,0.0,0.0,8.775000337511301,0.9000000357627869
5050,252.48509983178243,0.0,149.6600998317823,91.69999998807907,0.0,0.0,10.525000546127558,0.6000000238418579
5051,559.339221477324,0.0,271.4642214773241,278.7999999523163,0.0,0.0,7.5750004053115845,1.5000000596046448
5052,293.60979303590096,0.0,177.28479303590112,96.0,0.0,0.0,20.02500068023801,0.30000001192092896
5053,245.43070006347486,0.0,152.63070006347493,76.5,0.0,0.0,15.400000616908073,0.9000000357627869
5054,364.33745869525626,-1.0000001192092896,189.43745872505886,167.0,0.0,0.0,8.600000310689211,0.30000001192092896
5055,367.54283042920815,0.0,224.2928304292082,133.39999997615814,0.0,0.0,8.950000390410423,0.9000000357627869
5056,258.47074108563737,0.0,154.17074108563727,91.69999998807907,0.0,0.0,12.000000581145287,0.6000000238418579
5057,456.1393638427375,-1.0000001192092896,226.23936387253968,214.69999998807907,0.0,0.0,15.600000444799662,0.6000000238418579
5058,352.9130525400682,-1.0000001192092896,170.58805256987102,173.69999998807907,0.0,0.0,8.725000355392694,0.9000000357627869
5059,628.3965541791597,-1.0000001192092896,348.59655420896246,266.69999998807907,0.0,0.0,13.500000696629286,0.6000000238418579
5060,411.99399460833945,-1.0000001192092896,235.0689946381418,157.5,0.0,0.0,18.624999962747097,1.8000000715255737
5061,319.67208036120496,0.0,168.77208036120498,140.69999998807907,0.0,0.0,9.000000283122063,1.2000000476837158
5062,166.66762480195297,0.0,87.967624801953,69.69999998807907,0.0,0.0,8.40000031888485,0.6000000238418579
5063,512.4327234990008,-1.0000001192092896,319.63272352880307,177.69999998807907,0.0,0.0,15.200000751763582,0.9000000357627869
5064,229.52409515411208,0.0,140.84909515411212,73.0,0.0,0.0,15.075000643730164,0.6000000238418579
5065,242.4403310830972,0.0,146.1153310830972,83.5,0.0,0.0,12.225000515580177,0.6000000238418579
5066,228.55904410171203,0.0,121.43404410171212,97.69999998807907,0.0,0.0,8.825000301003456,0.6000000238418579
5067,245.59040027726644,0.0,149.7654002772664,82.69999998807907,0.0,0.0,12.225000530481339,0.9000000357627869
5068,226.95071139472134,0.0,139.15071139472124,71.0,0.0,0.0,16.200000412762165,0.6000000238418579
5069,306.2988672133977,-1.0000001192092896,205.62386724320015,91.0,0.0,0.0,10.375000361353159,0.30000001192092896
5070,207.18759812330455,-1.0000001192092896,126.46259815310671,71.0,0.0,0.0,10.4250005222857,0.30000001192092896
5071,457.27992082776086,-1.0000001192092896,196.32992085756328,246.69999998807907,0.0,0.0,14.65000057592988,0.6000000238418579
5072,321.32095189135083,0.0,197.6959518913511,114.5,0.0,0.0,8.525000371038914,0.6000000238418579
5073,182.66161829674058,-1.0000001192092896,105.23661832654274,68.0,0.0,0.0,10.125000484287739,0.30000001192092896
5074,230.0696881984887,0.0,148.09468819848863,73.0,0.0,0.0,8.675000373274088,0.30000001192092896
5075,422.986212100425,0.0,252.38621210042476,157.80000001192093,0.0,0.0,11.300000503659248,1.5000000596046448
5076,289.07178539125465,-1.0000001192092896,167.92178542105705,113.0,0.0,0.0,8.850000251084566,0.30000001192092896
5077,423.43949278770003,0.0,246.98949278769985,165.19999992847443,0.0,0.0,9.150000236928463,2.1000000834465027
5078,126.23488623428489,0.0,74.15988623428491,42.69999998807907,0.0,0.0,8.775000352412462,0.6000000238418579
5079,443.2956541580969,-1.0000001192092896,265.7456541878988,149.0,-4.5,0.0,33.15000068023801,0.9000000357627869
5080,298.908627199316,-1.0000001192092896,188.08362722911835,97.0,0.0,0.0,14.525000534951687,0.30000001192092896
5081,170.47985956768684,0.0,98.22985956768687,62.69999998807907,0.0,0.0,8.950000286102295,0.6000000238418579
5082,216.3102892825798,0.0,123.01028928257983,82.69999998807907,0.0,0.0,10.000000357627869,0.6000000238418579
5083,254.76498834990824,0.0,154.98998834990826,88.5,0.0,0.0,10.675000384449959,0.6000000238418579
5084,323.4455245858016,0.0,159.2705245858016,153.49999994039536,0.0,0.0,8.875000327825546,1.8000000715255737
5085,131.70731720251737,0.0,90.35731720251736,33.0,0.0,0.0,8.050000175833702,0.30000001192092896
5086,294.80927742889537,-1.0000001192092896,162.18427745869764,118.0,0.0,0.0,15.325000263750553,0.30000001192092896
5087,211.06402988479144,-1.0000001192092896,135.33902991459362,67.0,0.0,0.0,9.425000239163637,0.30000001192092896
5088,231.6107796111146,0.0,149.3857796111146,68.0,0.0,0.0,13.025000438094139,1.2000000476837158
5089,292.57452355421674,0.0,187.6995235542167,87.0,0.0,0.0,17.275000721216202,0.6000000238418579
5090,254.24941684721068,0.0,129.1744168472106,114.79999995231628,0.0,0.0,8.775000378489494,1.5000000596046448
5091,219.63651200286446,0.0,136.26151200286452,69.0,0.0,0.0,13.775000527501106,0.6000000238418579
5092,337.3719188255666,0.0,200.67191882556702,125.0,0.0,0.0,11.400000426918268,0.30000001192092896
5093,248.05740829520954,0.0,149.60740829520938,89.0,0.0,0.0,9.150000292807817,0.30000001192092896
5094,192.1140016802827,0.0,106.81400168028277,75.69999998807907,0.0,0.0,9.000000387430191,0.6000000238418579
5095,190.07014622848342,-1.0000001192092896,105.72014625828575,75.0,0.0,0.0,10.050000485032797,0.30000001192092896
5096,406.31528221242013,0.0,245.04028221242015,142.79999995231628,0.0,0.0,16.975000776350498,1.5000000596046448
5097,181.224364010337,-1.0000001192092896,84.9243640401393,86.0,0.0,0.0,11.000000346451998,0.30000001192092896
5098,281.2578852723782,0.0,168.30788527237812,96.0,0.0,0.0,16.35000067949295,0.6000000238418579
5099,229.50563055747537,0.0,113.48063055747525,107.0,0.0,0.0,8.725000396370888,0.30000001192092896
5100,210.28750926897135,-1.0000001192092896,101.48750929877362,100.0,0.0,0.0,9.500000294297934,0.30000001192092896
5101,291.5948758424732,0.0,169.74487584247308,107.0,0.0,0.0,14.25000050663948,0.6000000238418579
5102,252.24685512137552,0.0,132.52185512137547,108.69999998807907,0.0,0.0,10.425000488758087,0.6000000238418579
5103,222.73278831387015,0.0,112.88278831387014,98.39999997615814,0.0,0.0,10.550000432878733,0.9000000357627869
5104,179.33936759091912,0.0,85.21436759091907,84.39999997615814,0.0,0.0,8.825000435113907,0.9000000357627869
5105,341.5055929406582,-1.0000001192092896,206.23059297046055,121.69999998807907,0.0,0.0,13.975000623613596,0.6000000238418579
5106,413.3599529746296,0.0,249.40995297462965,149.0999999642372,0.0,0.0,13.65000070631504,1.2000000476837158
5107,319.74562782119733,0.0,196.2706278211973,105.19999998807907,0.0,0.0,17.375000789761543,0.9000000357627869
5108,246.55719020514937,0.0,182.8071902051493,47.6000000834465,0.0,0.0,14.350000619888306,1.8000000715255737
5109,525.55678969246,0.0,324.45678969245995,190.5,0.0,0.0,9.40000044554472,1.2000000476837158
5110,336.4236865242688,0.0,168.29868652426887,160.0,0.0,0.0,7.825000241398811,0.30000001192092896
5111,1117.6288396310617,0.0,742.0288396310615,299.6999999284744,-7.5,0.0,80.70000258088112,2.7000001072883606
5112,200.02558053983626,0.0,143.70058053983632,43.39999997615814,0.0,0.0,12.325000662356615,0.6000000238418579
5113,266.79439305597987,0.0,166.49439305597983,88.69999998807907,0.0,0.0,10.100000470876694,1.5000000596046448
5114,255.3381312280295,0.0,156.88813122802947,83.0,0.0,0.0,14.850000619888306,0.6000000238418579
5115,212.08615794929224,-1.0000001192092896,125.06115797909442,77.39999997615814,0.0,0.0,9.725000523030758,0.9000000357627869
5116,523.7435238190421,0.0,303.4435238190421,189.39999997615814,0.0,0.0,29.100001104176044,1.8000000715255737
5117,468.89034055688506,-1.0000001192092896,231.46534058668726,225.49999994039536,0.0,0.0,11.125000450760126,1.8000000715255737
5118,281.64923508091823,-1.0000001192092896,154.64923511072075,118.0,0.0,0.0,9.700000278651714,0.30000001192092896
5119,260.36025142969635,0.0,107.91025142969633,142.0999999642372,0.0,0.0,9.150000378489494,1.2000000476837158
5120,435.4572861826077,0.0,197.307286182608,229.0,0.0,0.0,8.850000351667404,0.30000001192092896
5121,304.3917668933897,-1.0000001192092896,157.16676692319223,138.69999998807907,0.0,0.0,8.925000373274088,0.6000000238418579
5122,507.0108866751721,-1.0000001192092896,292.5358867049746,200.0,0.0,0.0,15.175000596791506,0.30000001192092896
5123,187.1941697022125,0.0,104.06916970221253,72.69999998807907,0.0,0.0,9.825000453740358,0.6000000238418579
5124,200.7628752722953,0.0,135.28787527229525,56.09999996423721,0.0,0.0,8.175000503659248,1.2000000476837158
5125,220.93773606807588,0.0,133.8127360680758,70.0,0.0,0.0,16.525000631809235,0.6000000238418579
5126,235.77410437098413,0.0,144.09910437098407,74.0,0.0,0.0,17.07500071078539,0.6000000238418579
5127,256.55625440697315,0.0,166.73125440697316,78.0,0.0,0.0,11.225000470876694,0.6000000238418579
5128,397.4383343124644,-1.0000001192092896,192.138334342267,196.0999999642372,0.0,0.0,9.000000391155481,1.2000000476837158
5129,230.4958850153441,0.0,145.82088501534423,70.5,0.0,0.0,13.275000557303429,0.9000000357627869
5130,216.3233999705035,0.0,127.92339997050352,75.0,0.0,0.0,12.800000593066216,0.6000000238418579
5131,259.4709585942832,0.0,156.8459585942832,86.69999998807907,0.0,0.0,15.325000509619713,0.6000000238418579
5132,220.5226692083257,0.0,143.6226692083259,63.0,0.0,0.0,12.100000530481339,1.8000000715255737
5133,230.93183856846142,-1.0000001192092896,148.83183859826372,72.0,0.0,0.0,10.80000026896596,0.30000001192092896
5134,215.20287635239427,0.0,131.22787635239422,73.69999998807907,0.0,0.0,9.675000317394733,0.6000000238418579
5135,280.25458773208356,0.0,162.1545877320836,109.0,0.0,0.0,8.800000324845314,0.30000001192092896
5136,580.5108366828142,-1.0000001192092896,295.1108367126168,266.69999998807907,0.0,0.0,19.10000031068921,0.6000000238418579
5137,214.68834247332046,0.0,152.16334247332043,52.39999997615814,0.0,0.0,9.225000310689211,0.9000000357627869
5138,324.3890661037894,-1.0000001192092896,175.7140661335915,139.0,0.0,0.0,10.375000406056643,0.30000001192092896
5139,486.11773057949455,-1.0000001192092896,253.89273060929668,220.19999992847443,0.0,0.0,10.925000432878733,2.1000000834465027
5140,277.5985281030029,0.0,166.62352810300288,94.69999998807907,0.0,0.0,15.37500062584877,0.9000000357627869
5141,225.2592013468694,0.0,138.05920134686934,72.0,0.0,0.0,14.600000560283661,0.6000000238418579
5142,243.86287369298208,0.0,150.08787369298207,76.39999997615814,0.0,0.0,16.17500065267086,1.2000000476837158
5143,268.7426538005485,0.0,164.0676538005485,91.69999998807907,0.0,0.0,12.07500047981739,0.9000000357627869
5144,135.55269808898208,0.0,76.27769808898215,51.0,0.0,0.0,8.275000408291817,0.0
5145,560.3222332595782,0.0,359.3972332595782,183.99999994039536,0.0,0.0,14.525000259280205,2.4000000953674316
5146,232.6143303538226,-1.0000001192092896,147.38933038362495,77.0,0.0,0.0,8.925000388175249,0.30000001192092896
5147,313.12257154388885,-1.0000001192092896,188.14757157369118,113.0,0.0,0.0,12.375000420957804,0.6000000238418579
5148,311.09104164816864,0.0,183.44104164816875,115.09999996423721,0.0,0.0,11.350000411272049,1.2000000476837158
5149,329.17504181004705,-1.0000001192092896,179.57504183984918,138.69999998807907,0.0,0.0,11.300000432878733,0.6000000238418579
5150,373.5087234515925,0.0,183.18372345159236,181.39999997615814,0.0,0.0,8.025000378489494,0.9000000357627869
5151,252.57789674453554,0.0,153.85289674453554,85.69999998807907,0.0,0.0,12.425000414252281,0.6000000238418579
5152,289.63682794356356,-1.0000001192092896,174.88682797336597,107.0,0.0,0.0,8.450000319629908,0.30000001192092896
5153,273.8266082459694,0.0,124.77660824596934,136.0999999642372,0.0,0.0,11.750000406056643,1.2000000476837158
5154,298.3937098306106,-1.0000001192092896,177.06870986041298,110.0,0.0,0.0,12.025000341236591,0.30000001192092896
5155,383.3397060866593,0.0,216.41470608665955,156.39999997615814,0.0,0.0,9.625000327825546,0.9000000357627869
5156,201.00064893900299,-1.0000001192092896,113.42564896880542,79.69999998807907,0.0,0.0,8.275000289082527,0.6000000238418579
5157,251.1073515171219,0.0,159.40735151712187,76.5,0.0,0.0,13.700000505894423,1.5000000596046448
5158,725.6492132090481,0.0,507.4742132090488,213.60000002384186,-10.5,0.0,12.97500067949295,2.1000000834465027
5159,275.8920117600361,0.0,168.01701176003616,92.0,0.0,0.0,15.275000620633364,0.6000000238418579
5160,198.6592837969722,0.0,115.68428379697228,74.69999998807907,0.0,0.0,7.675000444054604,0.6000000238418579
5161,250.4773634367184,0.0,150.77736343671845,83.0,0.0,0.0,16.100000590085983,0.6000000238418579
5162,319.4695652380743,-1.0000001192092896,204.0695652678768,107.09999996423721,0.0,0.0,8.100000321865082,1.2000000476837158
5163,247.81064878738843,-1.0000001192092896,144.58564881719093,95.0,0.0,0.0,8.92500040307641,0.30000001192092896
5164,227.28579610769532,0.0,142.61079610769525,67.69999998807907,0.0,0.0,15.475000709295273,1.5000000596046448
5165,231.79791874291962,0.0,142.04791874291965,73.0,0.0,0.0,16.150000639259815,0.6000000238418579
5166,261.63988112400017,0.0,156.86488112400025,90.0,0.0,0.0,14.175000563263893,0.6000000238418579
5167,255.31709180135277,0.0,165.8920918013529,74.0,0.0,0.0,14.825000502169132,0.6000000238418579
5168,231.50899352675467,-1.0000001192092896,143.83399355655692,79.0,0.0,0.0,9.375000182539225,0.30000001192092896
5169,348.4324128811791,0.0,165.882412881179,172.69999998807907,0.0,0.0,8.95000047981739,0.9000000357627869
5170,394.49510047593463,0.0,230.77010047593498,152.30000001192093,0.0,0.0,8.425000309944153,3.0000001192092896
5171,196.70863848712494,-1.0000001192092896,105.6586385169274,82.09999996423721,0.0,0.0,8.75000037625432,1.2000000476837158
5172,237.90409446343796,0.0,147.5790944634379,75.69999998807907,0.0,0.0,13.725000515580177,0.9000000357627869
5173,227.82981111950286,-1.0000001192092896,139.9548111493053,77.69999998807907,0.0,0.0,10.57500046864152,0.6000000238418579
5174,280.82746683989404,0.0,173.02746683989406,92.0,0.0,0.0,15.200000628829002,0.6000000238418579
5175,275.69239739792687,0.0,144.5923973979269,121.0,0.0,0.0,9.800000373274088,0.30000001192092896
5176,248.56219632236645,0.0,158.03719632236658,72.5,0.0,0.0,17.125000566244125,0.9000000357627869
5177,336.0358530847419,-1.0000001192092896,169.960853114544,152.69999998807907,0.0,0.0,13.77500057592988,0.6000000238418579
5178,201.62585494675437,0.0,97.67585494675437,92.69999998807907,0.0,0.0,10.650000467896461,0.6000000238418579
5179,264.01224074680596,0.0,140.93724074680588,113.09999996423721,0.0,0.0,8.775000408291817,1.2000000476837158
5180,219.82471444241813,0.0,143.2747144424182,62.0,0.0,0.0,13.350000590085983,1.2000000476837158
5181,237.80059596529003,0.0,155.45059596528995,73.5,-7.5,0.0,14.850000575184822,1.5000000596046448
5182,191.904470550587,-1.0000001192092896,131.05447058038945,52.0,0.0,0.0,9.550000444054604,0.30000001192092896
5183,163.35914907232157,0.0,82.68414907232155,71.39999997615814,0.0,0.0,8.375000342726707,0.9000000357627869
5184,414.73199424285144,-1.0000001192092896,217.05699427265333,185.39999997615814,0.0,0.0,12.375000473111868,0.9000000357627869
5185,614.8886966777249,-1.0000001192092896,289.01369670752666,314.0999999642372,0.0,0.0,11.575000513345003,1.2000000476837158
5186,241.68292921183317,0.0,149.9329292118332,76.69999998807907,0.0,0.0,14.150000557303429,0.9000000357627869
5187,462.85710154391523,0.0,244.13210154391552,199.49999994039536,0.0,0.0,17.125000555068254,2.1000000834465027
5188,223.03860263312808,0.0,101.0636026331283,111.69999998807907,0.0,0.0,9.675000511109829,0.6000000238418579
5189,353.70580303774136,0.0,210.4808030377418,134.0,0.0,0.0,8.925000429153442,0.30000001192092896
5190,231.1106896907695,-1.0000001192092896,134.08568972057176,89.0,0.0,0.0,8.725000370293856,0.30000001192092896
5191,335.7983634784654,0.0,200.79836347846577,115.0,0.0,0.0,19.700000669807196,0.30000001192092896
5192,256.41936511444004,-1.0000001192092896,152.81936514424228,91.0,0.0,0.0,13.300000224262476,0.30000001192092896
5193,275.0583635580725,-1.0000001192092896,148.2583635878745,118.0,0.0,0.0,9.50000037625432,0.30000001192092896
5194,198.2481762035719,0.0,113.87317620357192,71.0,0.0,0.0,13.075000673532486,0.30000001192092896
5195,237.29289866431156,0.0,145.41789866431168,74.0,0.0,0.0,17.275000661611557,0.6000000238418579
5196,263.4988935568324,-1.0000001192092896,140.04889358663468,112.69999998807907,0.0,0.0,11.150000527501106,0.6000000238418579
5197,267.62663142015026,0.0,162.7016314201503,94.0,0.0,0.0,10.625000450760126,0.30000001192092896
5198,275.1667577718449,-1.0000001192092896,146.59175780164728,120.0,0.0,0.0,9.275000367313623,0.30000001192092896
5199,482.91579616494596,-1.0000001192092896,278.99079619474827,185.69999998807907,0.0,0.0,18.32500045374036,0.9000000357627869
5200,542.5092819857415,0.0,237.50928198574198,300.5,-7.5,0.0,11.400000505149364,0.6000000238418579
5201,244.41742599920707,0.0,147.76742599920692,79.0,0.0,0.0,17.350000590085983,0.30000001192092896
5202,264.7748871302717,-1.0000001192092896,172.62488716007383,82.0,0.0,0.0,10.850000206381083,0.30000001192092896
5203,308.52273538242156,-1.0000001192092896,150.52273541222388,145.69999998807907,0.0,0.0,12.700000565499067,0.6000000238418579
5204,259.8188341414744,0.0,122.86883414147428,122.69999998807907,0.0,0.0,13.650000546127558,0.6000000238418579
5205,333.4382264978759,0.0,148.08822649787587,176.19999992847443,0.0,0.0,7.050000354647636,2.1000000834465027
5206,290.1603859818589,-1.0000001192092896,142.96038601166134,140.0,0.0,0.0,7.900000441819429,0.30000001192092896
5207,364.5225862270369,0.0,166.74758622703678,187.49999994039536,0.0,0.0,8.475000232458115,1.8000000715255737
5208,189.29265868016154,0.0,105.24265868016155,77.0,0.0,0.0,6.750000298023224,0.30000001192092896
5209,450.6368017060499,-1.0000001192092896,261.41180173585235,161.69999998807907,0.0,0.0,27.925000119954348,0.6000000238418579
5210,249.2070093377019,0.0,162.80700933770194,71.19999998807907,0.0,0.0,13.700000524520874,1.5000000596046448
5211,394.47048752227545,0.0,222.1704875222754,158.69999998807907,0.0,0.0,12.400000602006912,1.2000000476837158
5212,182.2059538234842,0.0,81.35595382348428,91.39999997615814,0.0,0.0,8.550000354647636,0.9000000357627869
5213,334.22835385768667,0.0,200.1783538576869,124.39999997615814,0.0,0.0,8.75000037252903,0.9000000357627869
5214,245.59292058577878,0.0,154.0179205857788,74.69999998807907,0.0,0.0,15.375000670552254,1.5000000596046448
5215,238.96055872367953,0.0,120.8855587236795,107.0,0.0,0.0,10.775000497698784,0.30000001192092896
5216,302.4693643468378,0.0,195.96936434683775,98.0,0.0,0.0,8.200000289827585,0.30000001192092896
5217,191.44465479924662,-1.0000001192092896,112.26965482904887,71.0,0.0,0.0,8.875000316649675,0.30000001192092896
5218,221.73867761577193,-1.0000001192092896,134.96367764557417,78.0,0.0,0.0,9.475000463426113,0.30000001192092896
5219,297.5227630579464,-1.0000001192092896,162.94776308774905,125.69999998807907,0.0,0.0,9.275000412017107,0.6000000238418579
5220,244.1535385222119,-1.0000001192092896,127.45353855201417,107.0,0.0,0.0,10.400000587105751,0.30000001192092896
5221,261.04141106614884,0.0,145.49141106614883,106.39999997615814,0.0,0.0,8.250000476837158,0.9000000357627869
5222,311.820688866609,0.0,178.82068886660883,123.69999998807907,0.0,0.0,8.700000390410423,0.6000000238418579
5223,328.54249364413363,0.0,217.7674936441334,103.49999994039536,-15.0,0.0,19.875000778585672,2.4000000953674316
5224,349.2643755142592,-1.0000001192092896,171.28937554406158,165.39999997615814,0.0,0.0,12.675000477582216,0.9000000357627869
5225,213.3665093085906,0.0,117.16650930859058,87.0,0.0,0.0,9.200000539422035,0.0
5226,472.97699552092945,-1.0000001192092896,228.5269955507315,232.79999995231628,0.0,0.0,11.15000032261014,1.5000000596046448
5227,222.93159662443244,-1.0000001192092896,131.4815966542347,79.0,0.0,0.0,13.15000057592988,0.30000001192092896
5228,208.97511817613145,0.0,129.15011817613143,63.5,0.0,0.0,15.725000619888306,0.6000000238418579
5229,260.9103439873007,0.0,158.6353439873006,85.0,0.0,0.0,16.67500065267086,0.6000000238418579
5230,271.081716536654,0.0,168.60671653665415,86.0,0.0,0.0,15.875000566244125,0.6000000238418579
5231,316.9398175813436,-1.0000001192092896,170.1648176111463,140.0,0.0,0.0,7.475000325590372,0.30000001192092896
5232,187.81876635248148,0.0,100.91876635248148,76.49999994039536,0.0,0.0,8.600000366568565,1.8000000715255737
5233,266.51913251219486,-1.0000001192092896,153.16913254199727,104.0,0.0,0.0,10.050000388175249,0.30000001192092896
5234,266.78918308664504,-1.0000001192092896,156.11418311644732,101.0,0.0,0.0,10.375000212341547,0.30000001192092896
5235,293.7947956932203,0.0,172.9197956932203,104.0,0.0,0.0,16.275000661611557,0.6000000238418579
5236,252.49106709613878,-1.0000001192092896,170.54106712594105,71.0,0.0,0.0,11.650000426918268,0.30000001192092896
5237,310.1959053115801,0.0,141.62090531157992,157.4000000357628,0.0,0.0,9.975000321865082,1.2000000476837158
5238,304.29638697119657,0.0,180.37138697119664,112.0,0.0,0.0,11.625000391155481,0.30000001192092896
5239,255.0917509541661,0.0,160.01675095416604,78.69999998807907,0.0,0.0,15.475000619888306,0.9000000357627869
5240,183.87933497266465,-1.0000001192092896,128.50433500246703,45.0,0.0,0.0,11.075000453740358,0.30000001192092896
5241,205.39870942342512,-1.0000001192092896,105.82370945322754,93.0,0.0,0.0,7.275000412017107,0.30000001192092896
5242,231.3476631062364,0.0,143.34766310623635,71.0,0.0,0.0,16.40000055730343,0.6000000238418579
5243,350.4626432375885,0.0,164.56264323758867,170.0999999642372,0.0,0.0,14.900000482797623,0.9000000357627869
5244,208.97388830498713,-1.0000001192092896,133.7238883347894,67.0,0.0,0.0,8.95000034943223,0.30000001192092896
5245,260.8363355656335,0.0,169.81133556563358,73.5,0.0,0.0,16.325000554323196,1.2000000476837158
5246,220.06691129036398,-1.0000001192092896,122.54191132016638,90.0,0.0,0.0,8.225000280886889,0.30000001192092896
5247,233.85076919149915,-1.0000001192092896,146.22576922130162,79.0,0.0,0.0,9.325000453740358,0.30000001192092896
5248,228.52741457902,0.0,139.85241457902004,73.5,0.0,0.0,14.275000602006912,0.9000000357627869
5249,326.8344952050832,-1.0000001192092896,183.85949523488563,123.0,0.0,0.0,20.67500064894557,0.30000001192092896
5250,281.41395205272124,0.0,132.16395205272133,139.69999998807907,0.0,0.0,8.950000330805779,0.6000000238418579
5251,258.5257593304305,-1.0000001192092896,143.45075936023295,108.0,0.0,0.0,7.775000263005495,0.30000001192092896
5252,200.802432181292,0.0,120.95243218129193,64.0,0.0,0.0,15.550000682473183,0.30000001192092896
5253,383.2374688782047,0.0,201.38746887820486,172.4000000357628,0.0,0.0,7.950000301003456,1.5000000596046448
5254,234.0100858435598,0.0,115.76008584355986,108.39999997615814,0.0,0.0,8.950000330805779,0.9000000357627869
5255,369.1443003440457,-1.0000001192092896,216.8193003738477,133.0,0.0,0.0,20.02499969676137,0.30000001192092896
5256,273.31597076805116,-1.0000001192092896,167.69097079785348,95.69999998807907,0.0,0.0,10.325000438839197,0.6000000238418579
5257,833.0320564723171,0.0,516.6070564723176,271.1999999284744,0.0,0.0,41.625001177191734,3.6000001430511475
5258,239.24402099086288,0.0,133.19402099086284,96.0,0.0,0.0,9.750000197440386,0.30000001192092896
5259,302.1791925175853,-1.0000001192092896,160.45419254738775,132.0,0.0,0.0,10.425000492483377,0.30000001192092896
5260,223.28413505629533,0.0,117.20913505629532,93.39999997615814,0.0,0.0,11.7750004529953,0.9000000357627869
5261,250.2103262586335,0.0,152.58532625863344,84.69999998807907,0.0,0.0,12.025000438094139,0.9000000357627869
5262,267.3294840758679,0.0,131.30448407586806,125.69999998807907,0.0,0.0,9.725000474601984,0.6000000238418579
5263,206.6765898109365,0.0,110.47658981093647,86.69999998807907,0.0,0.0,8.900000363588333,0.6000000238418579
5264,254.48025794747244,-1.0000001192092896,137.95525797727487,108.19999998807907,0.0,0.0,8.725000355392694,0.6000000238418579
5265,297.00911212010743,-1.0000001192092896,184.6341121499097,101.0,0.0,0.0,12.075000304728746,0.30000001192092896
5266,288.4367966355191,0.0,151.36179663551917,128.39999997615814,0.0,0.0,7.775000363588333,0.9000000357627869
5267,214.54127337080305,-1.0000001192092896,132.0412734006053,72.0,0.0,0.0,11.200000423938036,0.30000001192092896
5268,229.33304793724312,0.0,144.6830479372431,69.5,0.0,0.0,14.250000581145287,0.9000000357627869
5269,495.1021654391842,-1.0000001192092896,315.2521654689866,149.5,-3.0,0.0,33.1500005312264,1.2000000476837158
5270,228.72225487003345,-1.0000001192092896,125.94725489983576,93.79999995231628,0.0,0.0,8.475000441074371,1.5000000596046448
5271,192.66701558592143,0.0,93.86701558592132,89.69999998807907,0.0,0.0,8.500000417232513,0.6000000238418579
5272,278.25998367811053,-1.0000001192092896,142.93498370791306,124.0,0.0,0.0,12.025000501424074,0.30000001192092896
5273,298.2718467527107,0.0,181.1968467527105,108.0,0.0,0.0,8.775000348687172,0.30000001192092896
5274,231.26022328577454,0.0,125.03522328577475,96.39999997615814,0.0,0.0,8.925000354647636,0.9000000357627869
5275,219.64264765614388,0.0,132.1676476561439,72.0,0.0,0.0,14.875000551342964,0.6000000238418579
5276,291.832992132873,-1.0000001192092896,168.35799216267523,113.0,0.0,0.0,11.175000224262476,0.30000001192092896
5277,356.91605064046945,-1.0000001192092896,194.7410506702713,143.69999998807907,0.0,0.0,18.87500076368451,0.6000000238418579
5278,323.652467931697,0.0,192.52746793169703,118.0,0.0,0.0,12.525000587105751,0.6000000238418579
5279,243.48582142039194,-1.0000001192092896,116.91082145019432,118.0,0.0,0.0,9.275000397115946,0.30000001192092896
5280,256.6108968908111,-1.0000001192092896,152.2858969206135,95.0,0.0,0.0,10.025000307708979,0.30000001192092896
5281,302.8464088908407,0.0,145.74640889084077,148.0,0.0,0.0,8.800000369548798,0.30000001192092896
5282,265.07703467611594,0.0,157.75203467611598,92.0,0.0,0.0,14.725000590085983,0.6000000238418579
5283,369.65805662859196,0.0,193.05805662859171,152.79999995231628,0.0,0.0,22.6000005453825,1.2000000476837158
5284,236.61574918935727,0.0,146.26574918935742,81.0,0.0,0.0,9.050000295042992,0.30000001192092896
5285,250.71388033230596,-1.0000001192092896,144.93888036210836,96.0,0.0,0.0,10.47500055655837,0.30000001192092896
5286,408.36140536651124,-1.0000001192092896,194.73640539631344,197.69999998807907,0.0,0.0,16.62500101700425,0.30000001192092896
5287,276.69612216743735,0.0,179.52112216743717,82.69999998807907,0.0,0.0,12.375000540167093,2.1000000834465027
5288,214.75333589272026,-1.0000001192092896,139.77833592252261,66.0,0.0,0.0,9.67500028386712,0.30000001192092896
5289,200.2026104622851,0.0,121.97761046228511,64.0,0.0,0.0,13.925000473856926,0.30000001192092896
5290,265.2451637667583,0.0,138.7201637667583,118.0,0.0,0.0,8.225000366568565,0.30000001192092896
5291,497.50407127852674,0.0,250.37907127852694,230.19999992847443,0.0,0.0,14.525000557303429,2.4000000953674316
5292,248.895150147565,0.0,132.92015014756504,107.69999998807907,0.0,0.0,7.675000369548798,0.6000000238418579
5293,224.75239583352658,0.0,160.3773958335266,55.0,0.0,0.0,9.07500035688281,0.30000001192092896
5294,245.81316670963423,0.0,117.76316670963433,119.09999996423721,0.0,0.0,7.4500004686415195,1.5000000596046448
5295,333.76421133170595,-1.0000001192092896,174.63921136150847,143.69999998807907,0.0,0.0,15.825000558048487,0.6000000238418579
5296,340.94672949393265,0.0,194.321729493933,138.69999998807907,0.0,0.0,7.325000241398811,0.6000000238418579
5297,308.50695726876705,-1.0000001192092896,172.80695729856927,124.0,0.0,0.0,12.400000397115946,0.30000001192092896
5298,282.93471500907117,0.0,180.5097150090712,88.5,0.0,0.0,13.025000587105751,0.9000000357627869
5299,272.94881906471113,0.0,152.72381906471108,106.49999994039536,0.0,0.0,11.925000347197056,1.8000000715255737
5300,297.20035141475466,0.0,177.20035141475478,97.69999998807907,0.0,0.0,21.400000736117363,0.9000000357627869
5301,199.87113537673605,-1.0000001192092896,134.72113540653837,56.0,0.0,0.0,9.850000359117985,0.30000001192092896
5302,211.45044879218943,0.0,96.07544879218938,103.69999998807907,0.0,0.0,11.07500060275197,0.6000000238418579
5303,276.5335295484055,-1.0000001192092896,169.6585295782076,96.0,0.0,0.0,11.575000572949648,0.30000001192092896
5304,239.8780486841474,-1.0000001192092896,125.07804871394956,105.69999998807907,0.0,0.0,9.500000346451998,0.6000000238418579
5305,220.96216493477888,0.0,131.08716493477888,82.0,0.0,0.0,7.575000420212746,0.30000001192092896
5306,242.72851620582688,0.0,150.90351620582695,78.0,0.0,0.0,13.225000448524952,0.6000000238418579
5307,232.32356431191135,0.0,141.27356431191134,73.69999998807907,0.0,0.0,16.450000643730164,0.9000000357627869
5308,286.6278939577779,-1.0000001192092896,170.55289398758023,100.09999996423721,0.0,0.0,15.775000751018524,1.2000000476837158
5309,321.3421389946393,0.0,202.89213899463934,96.69999998807907,0.0,0.0,20.850000739097595,0.9000000357627869
5310,282.29747097442487,0.0,173.49747097442483,91.69999998807907,0.0,0.0,15.900000587105751,1.2000000476837158
5311,222.27058757828456,0.0,137.1955875782846,71.0,0.0,0.0,13.4750005453825,0.6000000238418579
5312,263.5987663162613,0.0,149.8987663162612,102.0,0.0,0.0,11.40000057965517,0.30000001192092896
5313,217.73437928273654,0.0,141.40937928273658,63.19999998807907,0.0,0.0,12.225000470876694,0.9000000357627869
5314,272.92790295391507,-1.0000001192092896,125.0029029837174,135.69999998807907,0.0,0.0,12.625000566244125,0.6000000238418579
5315,238.03154917917823,-1.0000001192092896,146.55654920898047,79.0,0.0,0.0,13.175000596791506,0.30000001192092896
5316,227.725054171241,0.0,122.92505417124084,95.09999996423721,0.0,0.0,8.50000037252903,1.2000000476837158
5317,233.00733006545562,0.0,150.95733006545555,68.5,0.0,0.0,12.050000444054604,1.5000000596046448
5318,362.53116005771284,0.0,215.78116005771287,128.69999998807907,0.0,0.0,17.45000034570694,0.6000000238418579
5319,217.72537864787375,0.0,151.6753786478737,57.0,0.0,0.0,8.75000037625432,0.30000001192092896
5320,436.17630538820526,0.0,203.4513053882051,217.69999998807907,0.0,0.0,14.425000708550215,0.6000000238418579
5321,427.7108843948689,-1.0000001192092896,211.7358844246712,206.0999999642372,0.0,0.0,9.675000298768282,1.2000000476837158
5322,207.15123809421002,0.0,108.50123809420988,86.69999998807907,0.0,0.0,11.350000463426113,0.6000000238418579
5323,263.5413697144876,0.0,129.96636971448768,121.0,0.0,0.0,12.275000415742397,0.30000001192092896
5324,329.4575317351675,-1.0000001192092896,202.10753176496968,111.69999998807907,0.0,0.0,15.450000647455454,1.2000000476837158
5325,146.98874481047721,0.0,105.1887448104772,33.5,0.0,0.0,7.400000341236591,0.9000000357627869
5326,246.15230128957816,0.0,149.60230128957824,80.5,0.0,0.0,14.85000055655837,1.2000000476837158
5327,344.1017295911171,0.0,189.4267295911175,139.69999998807907,0.0,0.0,14.075000509619713,0.9000000357627869
5328,263.87800221329604,0.0,135.27800221329605,117.69999998807907,0.0,0.0,10.300000429153442,0.6000000238418579
5329,288.14349423516546,0.0,185.46849423516542,93.39999997615814,0.0,0.0,8.375000301748514,0.9000000357627869
5330,230.60605835459904,0.0,108.35605835459907,107.69999998807907,0.0,0.0,13.95000059902668,0.6000000238418579
5331,468.7621974974669,0.0,314.5621974974671,134.0999999642372,0.0,0.0,18.900000751018524,1.2000000476837158
5332,236.67697388312507,0.0,111.57697388312515,116.69999998807907,0.0,0.0,7.800000429153442,0.6000000238418579
5333,463.1812316530432,-1.0000001192092896,266.03123168284543,185.0999999642372,0.0,0.0,11.85000041499734,1.2000000476837158
5334,256.19881628786834,0.0,144.92381628786828,98.39999997615814,0.0,0.0,11.975000374019146,0.9000000357627869
5335,269.05133141211286,0.0,173.07633141211272,80.69999998807907,0.0,0.0,14.07500059902668,1.2000000476837158
5336,212.19423040412897,0.0,114.14423040412898,90.0,0.0,0.0,8.050000444054604,0.0
5337,261.5031417566302,0.0,155.15314175663025,90.0,0.0,0.0,16.050000727176666,0.30000001192092896
5338,250.10723899230427,0.0,165.70723899230427,73.69999998807907,0.0,0.0,9.800000488758087,0.9000000357627869
5339,390.82086849669105,0.0,183.74586849669092,193.10000002384186,0.0,0.0,12.175000607967377,1.8000000715255737
5340,267.3461457917036,0.0,170.79614579170368,82.39999997615814,0.0,0.0,12.3500005453825,1.8000000715255737
5341,329.89904461675127,0.0,174.4490446167512,144.49999994039536,0.0,0.0,9.150000303983688,1.8000000715255737
5342,297.362935197715,-1.0000001192092896,160.83793522751728,124.69999998807907,0.0,0.0,12.225000459700823,0.6000000238418579
5343,258.4572317196635,0.0,155.7822317196634,88.0,0.0,0.0,14.075000554323196,0.6000000238418579
5344,207.5868503764785,0.0,101.78685037647858,95.69999992847443,0.0,0.0,8.000000312924385,2.1000000834465027
5345,291.8931818951407,0.0,168.14318189514069,111.0,0.0,0.0,12.750000223517418,0.0
5346,194.48652589752987,-1.0000001192092896,116.41152592733229,69.69999998807907,0.0,0.0,8.775000486522913,0.6000000238418579
5347,256.48316006063857,-1.0000001192092896,148.48316009044095,99.0,0.0,0.0,9.70000048354268,0.30000001192092896
5348,216.60517937527078,0.0,157.40517937527085,50.0,0.0,0.0,8.90000032261014,0.30000001192092896
5349,238.73217352840896,-1.0000001192092896,113.85717355821123,113.80000001192093,0.0,0.0,10.575000457465649,1.5000000596046448
5350,221.95189794256257,0.0,130.92689794256262,72.69999998807907,0.0,0.0,17.72500079870224,0.6000000238418579
5351,318.9425688588252,0.0,181.06756885882518,127.80000001192093,0.0,0.0,8.575000330805779,1.5000000596046448
5352,312.79920236983656,-1.0000001192092896,188.2742023996389,115.0,0.0,0.0,10.225000265985727,0.30000001192092896
5353,241.51647964166773,-1.0000001192092896,141.1914796714699,91.69999998807907,0.0,0.0,9.025000471621752,0.6000000238418579
5354,276.0920572842951,0.0,167.16705728429517,95.0,0.0,0.0,13.325000613927841,0.6000000238418579
5355,286.65474736790395,0.0,160.85474736790388,113.69999998807907,0.0,0.0,11.500000521540642,0.6000000238418579
5356,213.22444494641158,0.0,124.57444494641155,79.0,0.0,0.0,9.350000351667404,0.30000001192092896
5357,245.01159045725763,0.0,129.11159045725756,104.0,0.0,0.0,11.600000601261854,0.30000001192092896
5358,221.2516929458308,0.0,135.90169294583077,70.0,0.0,0.0,14.750000521540642,0.6000000238418579
5359,249.94776222348682,0.0,134.9227622234869,105.69999998807907,0.0,0.0,8.72500030696392,0.6000000238418579
5360,246.59684063386393,0.0,142.67184063386392,94.09999996423721,0.0,0.0,8.62500037252903,1.2000000476837158
5361,440.55831463212417,-1.0000001192092896,268.4583146619265,149.69999998807907,0.0,0.0,22.800000671297312,0.6000000238418579
5362,244.06726904023824,0.0,145.64226904023832,86.69999998807907,0.0,0.0,11.12500050663948,0.6000000238418579
5363,306.1008286376018,0.0,168.90082863760176,124.69999998807907,0.0,0.0,11.900000352412462,0.6000000238418579
5364,356.6273855176334,0.0,224.52738551763318,114.39999997615814,0.0,0.0,15.600000515580177,2.1000000834465027
5365,210.5278065370151,-1.0000001192092896,116.00280656681751,86.0,0.0,0.0,9.225000280886889,0.30000001192092896
5366,248.56569164459077,0.0,152.36569164459075,82.0,0.0,0.0,13.600000470876694,0.6000000238418579
5367,505.0266063641682,-1.0000001192092896,324.6266063939707,142.69999998807907,0.0,0.0,38.10000090301037,0.6000000238418579
5368,197.5616387753605,0.0,127.71163877536064,57.39999997615814,0.0,0.0,11.550000458955765,0.9000000357627869
5369,228.87107061925755,0.0,128.5960706192577,87.69999998807907,0.0,0.0,11.975000496953726,0.6000000238418579
5370,242.4090663111505,-1.0000001192092896,146.85906634095255,87.0,0.0,0.0,9.250000420957804,0.30000001192092896
5371,264.08146969837435,-1.0000001192092896,173.3314697281766,80.0,0.0,0.0,11.450000453740358,0.30000001192092896
5372,225.41063583612248,0.0,123.03563583612241,91.10000002384186,0.0,0.0,10.075000524520874,1.2000000476837158
5373,242.57014922708453,-1.0000001192092896,148.5451492568867,85.0,0.0,0.0,9.7250004298985,0.30000001192092896
5374,302.0190602576412,0.0,180.0190602576411,113.0,0.0,0.0,8.400000363588333,0.6000000238418579
5375,742.628063385114,0.0,399.5780633851146,322.3999999165535,-9.0,0.0,26.050000838935375,3.6000001430511475
5376,552.0197906576428,-1.0000001192092896,273.49479068744506,254.79999995231628,0.0,0.0,23.22500104084611,1.5000000596046448
5377,238.19175919016052,0.0,117.74175919016028,103.0,0.0,0.0,17.150000736117363,0.30000001192092896
5378,368.46069799405257,0.0,220.83569799405277,117.0,0.0,0.0,30.025001153349876,0.6000000238418579
5379,246.4006294526796,0.0,157.8756294526797,75.09999996423721,0.0,0.0,12.225000649690628,1.2000000476837158
5380,361.9250965512984,-1.0000001192092896,197.4500965811011,155.39999997615814,0.0,0.0,9.175000384449959,0.9000000357627869
5381,141.49149103309458,-1.0000001192092896,90.5414910628969,43.0,0.0,0.0,8.650000337511301,0.30000001192092896
5382,242.08127552868697,0.0,127.00627552868698,103.69999998807907,0.0,0.0,10.775000393390656,0.6000000238418579
5383,267.5814584481213,0.0,161.4064584481214,91.69999998807907,0.0,0.0,13.575000613927841,0.9000000357627869
5384,224.4479306402394,-1.0000001192092896,124.29793067004167,92.69999998807907,0.0,0.0,7.850000474601984,0.6000000238418579
5385,235.0640156201069,0.0,119.58901562010686,107.0,0.0,0.0,8.175000324845314,0.30000001192092896
5386,296.3841027784289,0.0,178.2091027784288,107.59999996423721,0.0,0.0,9.075000405311584,1.5000000596046448
5387,241.5386990700396,0.0,142.6136990700396,88.0,0.0,0.0,10.625000555068254,0.30000001192092896
5388,336.18857144060684,-1.0000001192092896,151.9635714704093,175.0999999642372,0.0,0.0,8.925000328570604,1.2000000476837158
5389,313.2836394820378,0.0,203.8586394820376,90.69999998807907,0.0,0.0,17.82500073313713,0.9000000357627869
5390,211.12768943553414,0.0,97.47768943553423,103.0,0.0,0.0,10.35000042617321,0.30000001192092896
5391,258.2756667278466,-1.0000001192092896,151.52566675764885,99.0,0.0,0.0,8.450000304728746,0.30000001192092896
5392,329.2909820209798,0.0,196.26598202097995,121.0,0.0,0.0,11.725000474601984,0.30000001192092896
5393,233.78643759181898,0.0,141.911437591819,78.0,0.0,0.0,13.575000584125519,0.30000001192092896
5394,267.80434679402003,0.0,165.27934679402009,86.69999998807907,0.0,0.0,14.92500065267086,0.9000000357627869
5395,198.2099483218832,0.0,92.35994832188328,97.0,0.0,0.0,8.550000309944153,0.30000001192092896
5396,287.5345816737583,0.0,125.15958167375831,152.19999992847443,0.0,0.0,8.075000435113907,2.1000000834465027
5397,232.299564604409,-1.0000001192092896,135.74956463421148,85.69999998807907,0.0,0.0,11.250000439584255,0.6000000238418579
5398,241.9309907201026,0.0,155.2809907201027,71.5,0.0,0.0,14.550000589340925,0.6000000238418579
5399,713.8805366727529,0.0,375.3305366727529,314.0999999642372,0.0,0.0,23.25000014156103,1.2000000476837158
5400,247.763660060891,0.0,151.3636600608911,81.0,0.0,0.0,14.800000563263893,0.6000000238418579
5401,220.55889221029136,-1.0000001192092896,134.6838922400936,78.0,0.0,0.0,8.575000423938036,0.30000001192092896
5402,216.55361419870266,0.0,96.22861419870267,108.0,0.0,0.0,12.025000557303429,0.30000001192092896
5403,299.0284514488376,0.0,174.7534514488375,111.49999994039536,0.0,0.0,10.975000355392694,1.8000000715255737
5404,211.3186898006723,0.0,111.74368980067237,83.39999997615814,0.0,0.0,15.275000631809235,0.9000000357627869
5405,278.9055695230647,0.0,179.75556952306474,84.69999998807907,0.0,0.0,12.6500004529953,1.8000000715255737
5406,376.55343383080236,-1.0000001192092896,223.32843386060478,144.0,0.0,0.0,9.92500040307641,0.30000001192092896
5407,232.72210680785807,-1.0000001192092896,134.57210683766016,90.0,0.0,0.0,8.850000310689211,0.30000001192092896
5408,249.83507403413515,0.0,152.5850740341351,86.0,0.0,0.0,10.650000423192978,0.6000000238418579
5409,323.55357441977486,0.0,198.65357441977463,115.0,0.0,0.0,9.600000344216824,0.30000001192092896
5410,284.5986629575565,-1.0000001192092896,156.47366298735903,118.19999992847443,0.0,0.0,8.825000379234552,2.1000000834465027
5411,298.555447606511,-1.0000001192092896,152.9304476363134,133.0,0.0,0.0,13.325000572949648,0.30000001192092896
5412,287.184163233259,0.0,155.03416323325914,122.69999998807907,0.0,0.0,8.850000351667404,0.6000000238418579
5413,259.9307992483601,0.0,157.80579924836002,89.19999998807907,0.0,0.0,11.725000366568565,1.2000000476837158
5414,394.65176528496664,-1.0000001192092896,211.65176531476877,166.19999992847443,0.0,0.0,15.700000572949648,2.1000000834465027
5415,260.38369126398214,0.0,166.2086912639823,78.0,0.0,0.0,14.975000500679016,1.2000000476837158
5416,238.22212973912187,0.0,145.9471297391219,76.0,0.0,0.0,15.675000503659248,0.6000000238418579
5417,284.6577643778286,0.0,141.63276437782824,133.69999998807907,0.0,0.0,8.725000381469727,0.6000000238418579
5418,491.7871564090414,-1.0000001192092896,283.212156438844,182.89999997615814,0.0,0.0,25.77499996498227,0.9000000357627869
5419,268.6393072159824,0.0,164.33930721598236,90.0,0.0,0.0,13.700000509619713,0.6000000238418579
5420,321.507084395886,-1.0000001192092896,149.83208442568818,160.49999994039536,0.0,0.0,10.375000346451998,1.8000000715255737
5421,220.76546127523997,-1.0000001192092896,108.24046130504237,102.69999998807907,0.0,0.0,10.225000370293856,0.6000000238418579
5422,358.9873228353259,0.0,188.3873228353258,151.39999997615814,0.0,0.0,18.30000076070428,0.9000000357627869
5423,214.41719962821355,-1.0000001192092896,131.44219965801585,72.0,0.0,0.0,11.675000447779894,0.30000001192092896
5424,190.7889217825433,0.0,106.18892178254336,75.0,0.0,0.0,9.300000414252281,0.30000001192092896
5425,325.2740664229272,0.0,162.5240664229273,152.39999997615814,0.0,0.0,9.450000427663326,0.9000000357627869
5426,201.4805680228358,0.0,98.18056802283579,93.0,0.0,0.0,10.000000484287739,0.30000001192092896
5427,198.91729453386566,-1.0000001192092896,114.74229456366797,75.0,0.0,0.0,9.875000346451998,0.30000001192092896
5428,277.8016015429456,0.0,168.87660154294568,93.0,0.0,0.0,15.325000628829002,0.6000000238418579
5429,228.68824841133846,-1.0000001192092896,146.56324844114087,74.0,0.0,0.0,8.825000394135714,0.30000001192092896
5430,327.7849444594411,0.0,181.6099444594408,134.69999998807907,0.0,0.0,10.875000406056643,0.6000000238418579
5431,200.36983689906418,-1.0000001192092896,105.36983692886663,87.39999997615814,0.0,0.0,7.700000334531069,0.9000000357627869
5432,239.36430796575453,0.0,151.0143079657545,72.69999998807907,0.0,0.0,14.75000050663948,0.9000000357627869
5433,249.5149041319058,-1.0000001192092896,148.71490416170812,90.40000003576279,0.0,0.0,10.500000435858965,0.9000000357627869
5434,209.6966332686053,-1.0000001192092896,112.17163329840763,89.0,0.0,0.0,9.225000340491533,0.30000001192092896
5435,233.8384676160244,0.0,144.73846761602442,73.0,0.0,0.0,14.900000602006912,1.2000000476837158
5436,254.0938838628247,0.0,162.01888386282468,79.69999998807907,0.0,0.0,11.775000367313623,0.6000000238418579
5437,260.70865553033155,0.0,180.5336555303315,75.5,-13.5,0.0,17.575000450015068,0.6000000238418579
5438,301.5731517494539,-1.0000001192092896,170.89815177925635,115.0,0.0,0.0,16.37500048801303,0.30000001192092896
5439,139.5929632918025,-1.0000001192092896,94.24296332160478,38.0,0.0,0.0,8.050000384449959,0.30000001192092896
5440,298.4325678812453,-1.0000001192092896,189.93256791104724,94.0,0.0,0.0,14.900000479072332,0.6000000238418579
5441,293.25070899985866,0.0,144.90070899985878,140.39999997615814,0.0,0.0,7.050000309944153,0.9000000357627869
5442,475.5086122767215,0.0,213.20861227672162,251.79999995231628,0.0,0.0,9.000000417232513,1.5000000596046448
5443,311.0549978495689,-1.0000001192092896,187.45499787937118,110.0,0.0,0.0,14.300000552088022,0.30000001192092896
5444,184.92050778067934,0.0,109.49550778067938,66.0,0.0,0.0,9.125000268220901,0.30000001192092896
5445,519.2417869062795,-1.0000001192092896,289.2667869360818,215.0,0.0,0.0,15.675000566989183,0.30000001192092896
5446,270.55749036915347,0.0,141.13249036915343,120.0,0.0,0.0,8.825000330805779,0.6000000238418579
5447,567.4661380950421,0.0,343.04113809504224,207.39999997615814,0.0,0.0,16.12500024214387,0.9000000357627869
5448,373.3171081992126,-1.0000001192092896,219.89210822901478,139.0,0.0,0.0,15.12500036880374,0.30000001192092896
5449,261.825863406836,0.0,143.65086340683595,108.69999998807907,0.0,0.0,8.875000409781933,0.6000000238418579
5450,371.8694866513661,0.0,224.11948665136606,131.0,0.0,0.0,15.850000694394112,0.9000000357627869
5451,235.9789276676376,0.0,145.82892766763766,80.0,0.0,0.0,9.850000355392694,0.30000001192092896
5452,237.91846107156488,-1.0000001192092896,128.59346110136724,101.0,0.0,0.0,9.025000382214785,0.30000001192092896
5453,231.5740677193008,0.0,139.9490677193008,78.5,0.0,0.0,12.225000470876694,0.9000000357627869
5454,348.58043902135313,0.0,198.1054390213532,134.0,0.0,0.0,16.175000745803118,0.30000001192092896
5455,313.9620056450295,-1.0000001192092896,173.73700567483175,132.0,0.0,0.0,8.925000324845314,0.30000001192092896
5456,393.01047227956576,-1.0000001192092896,191.06047230936807,189.39999997615814,0.0,0.0,12.650000501424074,0.9000000357627869
5457,255.13171312247587,-1.0000001192092896,163.6317131522783,78.69999998807907,0.0,0.0,13.200000617653131,0.6000000238418579
5458,229.66879749630175,0.0,115.96879749630178,104.69999998807907,0.0,0.0,8.400000378489494,0.6000000238418579
5459,412.0877406012216,1.0000001192092896,278.31274057141917,109.0,-4.5,1.0,26.075001016259193,1.2000000476837158
5460,295.2428814976972,0.0,188.11788149769723,94.0,0.0,0.0,12.525000542402267,0.6000000238418579
5461,239.50357525945432,0.0,134.8035752594543,94.0,0.0,0.0,10.400000367313623,0.30000001192092896
5462,283.91570308086756,0.0,172.36570308086772,94.69999998807907,0.0,0.0,15.950000613927841,0.9000000357627869
5463,253.98361000048737,-1.0000001192092896,161.93361003028969,79.0,0.0,0.0,13.750000555068254,0.30000001192092896
5464,311.84296025674735,0.0,200.1929602567474,101.69999998807907,0.0,0.0,9.35000041499734,0.6000000238418579
5465,295.0763637834131,0.0,171.10136378341326,104.69999992847443,0.0,0.0,16.875000592321157,2.4000000953674316
5466,272.11332276494613,0.0,163.46332276494613,92.69999998807907,0.0,0.0,15.050000578165054,0.9000000357627869
5467,242.36910016726358,0.0,149.86910016726364,78.5,0.0,0.0,13.100000530481339,0.9000000357627869
5468,222.85759861797808,-1.0000001192092896,122.28259864778028,90.39999997615814,0.0,0.0,10.275000248104334,0.9000000357627869
5469,332.04559595741006,-1.0000001192092896,177.5205959872124,145.39999997615814,0.0,0.0,9.2250004298985,0.9000000357627869
5470,255.39796562523165,-1.0000001192092896,153.42296565503383,91.69999998807907,0.0,0.0,10.675000417977571,0.6000000238418579
5471,220.5472260746557,0.0,127.47222607465551,83.69999998807907,0.0,0.0,8.775000371038914,0.6000000238418579
5472,331.1394219201675,-1.0000001192092896,170.96442194996985,150.69999998807907,0.0,0.0,9.575000438839197,0.9000000357627869
5473,275.3930688142372,-1.0000001192092896,131.81806884403932,136.0,0.0,0.0,8.275000397115946,0.30000001192092896
5474,279.27190188251745,-1.0000001192092896,159.4469019123198,109.39999997615814,0.0,0.0,10.525000225752592,0.9000000357627869
5475,255.1497616290672,0.0,173.14976162906723,71.69999998807907,0.0,0.0,9.70000022649765,0.6000000238418579
5476,295.6516331725455,0.0,199.0766331725455,81.0,-6.0,0.0,20.375000685453415,1.2000000476837158
5477,282.13720831966424,0.0,120.36220831966416,153.69999998807907,0.0,0.0,7.4750004559755325,0.6000000238418579
5478,307.52526206830714,0.0,168.67526206830715,128.0,0.0,0.0,10.550000596791506,0.30000001192092896
5479,244.8755486915412,-1.0000001192092896,149.80054872134352,87.0,0.0,0.0,8.77500044181943,0.30000001192092896
5480,188.14140355605,0.0,94.04140355605011,84.39999997615814,0.0,0.0,8.800000458955765,0.9000000357627869
5481,314.92274042143356,-1.0000001192092896,187.897740451236,115.0,0.0,0.0,12.425000499933958,0.6000000238418579
5482,232.7451157819113,0.0,140.99511578191135,74.0,0.0,0.0,17.450000643730164,0.30000001192092896
5483,289.45368158885856,-1.0000001192092896,159.17868161866082,120.49999994039536,0.0,0.0,8.975000355392694,1.8000000715255737
5484,351.2806300654104,-1.0000001192092896,184.8056300952128,155.0,0.0,0.0,12.17500026896596,0.30000001192092896
5485,293.3731567669447,0.0,196.59815676694467,80.19999998807907,0.0,0.0,15.375000640749931,1.2000000476837158
5486,331.7314446350408,-1.0000001192092896,180.48144466484317,143.0,0.0,0.0,8.950000304728746,0.30000001192092896
5487,570.2966903966135,-1.0000001192092896,395.0966904264152,140.0,0.0,0.0,35.60000067576766,0.6000000238418579
5488,646.0604321067253,-1.0000001192092896,356.7854321365278,267.6999999284744,0.0,0.0,19.875000823289156,2.7000001072883606
5489,290.9013123286081,-1.0000001192092896,169.87631235841062,111.79999995231628,0.0,0.0,8.725000400096178,1.5000000596046448
5490,371.51096585006104,-1.0000001192092896,211.76096587986336,142.39999997615814,0.0,0.0,17.45000011101365,0.9000000357627869
5491,158.55033246354617,-1.0000001192092896,102.25033249334845,48.0,0.0,0.0,9.000000361353159,0.30000001192092896
5492,206.19243261116264,0.0,115.54243261116277,79.0,0.0,0.0,11.350000474601984,0.30000001192092896
5493,223.81455615300194,0.0,152.63955615300196,62.0,0.0,0.0,8.875000465661287,0.30000001192092896
5494,196.88337094819957,0.0,113.55837094819961,74.69999998807907,0.0,0.0,8.025000378489494,0.6000000238418579
5495,346.376022124755,-1.0000001192092896,191.95102215455725,142.0,0.0,0.0,13.125000331550837,0.30000001192092896
5496,278.67894160065646,0.0,170.12894160065645,93.69999998807907,0.0,0.0,13.950000658631325,0.9000000357627869
5497,380.687478415008,-1.0000001192092896,226.8124784448105,137.0,0.0,0.0,17.27500059083104,0.6000000238418579
5498,199.44397998451052,0.0,124.49397998451063,63.69999998807907,0.0,0.0,10.350000366568565,0.9000000357627869
5499,353.24495400981715,0.0,173.51995400981735,166.59999990463257,0.0,0.0,10.425000317394733,2.7000001072883606
5500,193.53067501847218,0.0,97.78067501847222,83.69999998807907,0.0,0.0,11.450000450015068,0.6000000238418579
5501,313.024931430756,-1.0000001192092896,192.97493146055842,108.0,0.0,0.0,12.450000513345003,0.6000000238418579
5502,264.0928011355811,-1.0000001192092896,151.66780116538348,104.0,0.0,0.0,9.125000301748514,0.30000001192092896
5503,235.50542164824145,0.0,148.30542164824138,72.0,0.0,0.0,14.000000521540642,1.2000000476837158
5504,320.56954208340306,0.0,197.86954208340322,99.69999998807907,0.0,0.0,22.400001134723425,0.6000000238418579
5505,246.59321991228958,-1.0000001192092896,155.61821994209188,83.0,0.0,0.0,8.675000224262476,0.30000001192092896
5506,401.92527070238754,-1.0000001192092896,191.6252707321902,202.0,0.0,0.0,9.000000417232513,0.30000001192092896
5507,285.0875551828641,0.0,173.76255518286402,95.0,0.0,0.0,15.725000642240047,0.6000000238418579
5508,293.6807529102955,0.0,183.88075291029543,93.5,0.0,0.0,15.400000646710396,0.9000000357627869
5509,276.8655765454351,0.0,141.69057654543516,125.69999998807907,0.0,0.0,8.875000298023224,0.6000000238418579
5510,377.877449546018,0.0,213.27744954601815,151.0,0.0,0.0,13.300000496208668,0.30000001192092896
5511,236.6000458414798,0.0,144.22504584147987,75.5,0.0,0.0,15.975000619888306,0.9000000357627869
5512,413.70157821634126,0.0,203.57657821634115,194.79999995231628,0.0,0.0,13.825000524520874,1.5000000596046448
5513,312.43958290155166,-1.0000001192092896,159.1895829313542,144.39999997615814,0.0,0.0,8.95000034943223,0.9000000357627869
5514,244.81241687133013,0.0,153.28741687133015,80.10000002384186,0.0,0.0,10.225000470876694,1.2000000476837158
5515,259.3264131281172,-1.0000001192092896,168.00141315791947,79.0,0.0,0.0,13.025000497698784,0.30000001192092896
5516,190.84367456025396,0.0,96.4686745602539,79.39999997615814,0.0,0.0,14.075000539422035,0.9000000357627869
5517,273.0457018216531,0.0,166.545701821653,98.0,0.0,0.0,7.9000003188848495,0.6000000238418579
5518,271.9395297765541,0.0,165.38952977655416,90.69999998807907,0.0,0.0,14.950000628829002,0.9000000357627869
5519,313.31639798780867,0.0,185.04139798780864,115.0,0.0,0.0,12.975000485777855,0.30000001192092896
5520,158.9550270303923,0.0,87.3300270303923,63.69999998807907,0.0,0.0,7.3250003308057785,0.6000000238418579
5521,148.73979518803026,-1.0000001192092896,102.51479521783266,38.0,0.0,0.0,8.92500039935112,0.30000001192092896
5522,281.83545407585854,-1.0000001192092896,160.26045410566076,112.0,0.0,0.0,10.275000590831041,0.30000001192092896
5523,260.2144986219726,0.0,162.3644986219727,82.19999998807907,0.0,0.0,14.450000569224358,1.2000000476837158
5524,225.73817336109164,0.0,130.3381733610917,86.69999998807907,0.0,0.0,8.100000351667404,0.6000000238418579
5525,273.81319901943493,0.0,144.7881990194349,118.09999996423721,0.0,0.0,9.725000351667404,1.2000000476837158
5526,243.45368520919124,0.0,149.80368520919131,77.0,0.0,0.0,16.050000593066216,0.6000000238418579
5527,252.69163259805038,-1.0000001192092896,125.39163262785274,117.0,0.0,0.0,11.000000480562449,0.30000001192092896
5528,308.06563230308353,-1.0000001192092896,182.14063233288607,113.0,0.0,0.0,13.325000528246164,0.6000000238418579
5529,219.85943371689083,0.0,134.5844337168909,72.0,0.0,0.0,12.675000607967377,0.6000000238418579
5530,476.69257482651676,-1.0000001192092896,238.8425748563191,215.0999999642372,0.0,0.0,22.550000373274088,1.2000000476837158
5531,204.4334494361964,0.0,101.45844943619649,90.69999998807907,0.0,0.0,11.675000563263893,0.6000000238418579
5532,385.7733504409553,0.0,248.74835044095556,122.19999998807907,0.0,0.0,13.025000512599945,1.8000000715255737
5533,272.53036420914856,0.0,164.33036420914857,92.0,0.0,0.0,15.600000701844692,0.6000000238418579
5534,340.26669725983743,0.0,231.76669725983737,91.5,0.0,0.0,15.50000062584877,1.5000000596046448
5535,595.365730758045,0.0,330.7157307580452,237.39999997615814,0.0,0.0,26.35000028461218,0.9000000357627869
5536,570.9183913336981,0.0,257.0933913336979,296.0,0.0,0.0,17.525000892579556,0.30000001192092896
5537,311.63413637978124,0.0,192.3091363797812,105.5,0.0,0.0,12.925000384449959,0.9000000357627869
5538,204.15704663973324,-1.0000001192092896,108.35704666953553,89.0,0.0,0.0,7.50000037625432,0.30000001192092896
5539,615.222387050548,-1.0000001192092896,328.5473870803502,255.79999995231628,0.0,0.0,29.775000613182783,2.1000000834465027
5540,246.64061565401238,0.0,121.91561565401237,113.0,0.0,0.0,11.425000380724669,0.30000001192092896
5541,248.24056958631587,-1.0000001192092896,153.29056961611818,84.39999997615814,0.0,0.0,10.650000337511301,0.9000000357627869
5542,223.81964174006947,0.0,128.79464174006938,80.69999998807907,0.0,0.0,13.72500066459179,0.6000000238418579
5543,219.4800173999696,0.0,131.00501739996966,74.19999998807907,0.0,0.0,13.375000640749931,0.9000000357627869
5544,365.5499954704162,0.0,249.27499547041646,107.69999998807907,0.0,0.0,7.975000381469727,0.6000000238418579
5545,402.77780456869255,0.0,215.85280456869273,159.79999995231628,0.0,0.0,25.62500110268593,1.5000000596046448
5546,342.653883350519,0.0,201.20388335051908,128.0999999642372,0.0,0.0,11.550000414252281,1.8000000715255737
5547,262.6051625972226,0.0,155.45516259722254,92.0,0.0,0.0,14.850000709295273,0.30000001192092896
5548,277.15370531282156,-1.0000001192092896,140.10370534262398,128.69999998807907,0.0,0.0,8.750000391155481,0.6000000238418579
5549,189.0223024640265,-1.0000001192092896,109.89730249382875,71.69999998807907,0.0,0.0,7.825000304728746,0.6000000238418579
5550,257.62306478968964,-1.0000001192092896,139.27306481949188,108.79999995231628,0.0,0.0,9.050000354647636,1.5000000596046448
5551,243.69009093771098,-1.0000001192092896,149.19009096751327,86.0,0.0,0.0,9.200000304728746,0.30000001192092896
5552,271.4454332395127,-1.0000001192092896,137.195433269315,125.0,0.0,0.0,9.65000044181943,0.6000000238418579
5553,274.81434184483663,0.0,165.9143418448367,93.69999998807907,0.0,0.0,14.300000578165054,0.9000000357627869
5554,238.48492383060875,0.0,150.5849238306087,73.39999997615814,0.0,0.0,13.30000053346157,1.2000000476837158
5555,245.1096800623488,0.0,155.90968006234885,72.0,0.0,0.0,16.600000739097595,0.6000000238418579
5556,344.8810131906852,-1.0000001192092896,179.98101322048717,152.39999997615814,0.0,0.0,12.600000489503145,0.9000000357627869
5557,229.7970840632152,0.0,123.39708406321523,95.19999998807907,0.0,0.0,10.600000504404306,0.6000000238418579
5558,284.8743263672756,-1.0000001192092896,175.77432639707794,100.0,0.0,0.0,9.800000298768282,0.30000001192092896
5559,286.9270743859503,0.0,133.60207438595006,140.0,0.0,0.0,13.025000486522913,0.30000001192092896
5560,375.98725381786284,0.0,192.76225381786278,163.0999999642372,0.0,0.0,18.925000865012407,1.2000000476837158
5561,131.3240315279739,0.0,74.12403152797387,49.0,0.0,0.0,8.200000420212746,0.0
5562,264.0086260213706,0.0,155.70862602137052,90.0,0.0,0.0,18.00000064074993,0.30000001192092896
5563,326.0466594915403,-1.0000001192092896,172.99665952134265,138.39999997615814,0.0,0.0,14.750000555068254,0.9000000357627869
5564,406.6215749374637,0.0,197.84657493746403,195.39999997615814,0.0,0.0,12.475000355392694,0.9000000357627869
5565,211.30471978838776,0.0,107.27971978838782,90.39999997615814,0.0,0.0,12.725000590085983,0.9000000357627869
5566,384.4821874638576,-1.0000001192092896,174.75718749365998,201.0999999642372,0.0,0.0,8.125000465661287,1.5000000596046448
5567,242.57111552469968,0.0,149.09611552469974,79.0,0.0,0.0,13.875000648200512,0.6000000238418579
5568,238.07848211838012,-1.0000001192092896,133.95348214818245,96.0,0.0,0.0,8.825000364333391,0.30000001192092896
5569,295.04936380917326,-1.0000001192092896,166.07436383897556,116.39999997615814,0.0,0.0,12.67500053346157,0.9000000357627869
5570,328.7056797118457,-1.0000001192092896,206.50567974164812,104.79999995231628,0.0,0.0,16.90000084415078,1.5000000596046448
5571,266.5149136274204,-1.0000001192092896,153.8149136572227,98.0,0.0,0.0,15.400000497698784,0.30000001192092896
5572,288.25668251537917,-1.0000001192092896,186.33168254518128,89.0,0.0,0.0,13.625000312924385,0.30000001192092896
5573,335.77062192985227,-1.0000001192092896,154.17062195965423,173.69999998807907,0.0,0.0,8.300000313669443,0.6000000238418579
5574,262.8657933266504,0.0,154.54079332665034,98.69999998807907,0.0,0.0,8.725000351667404,0.9000000357627869
5575,327.53482722976514,-1.0000001192092896,181.88482725956757,133.0,0.0,0.0,13.050000596791506,0.6000000238418579
5576,289.53246232957474,0.0,161.68246232957455,112.39999997615814,0.0,0.0,14.550000622868538,0.9000000357627869
5577,230.0289656405797,0.0,141.95396564057975,72.0,0.0,0.0,14.875000584870577,1.2000000476837158
5578,236.7930384088319,0.0,142.61803840883186,79.0,0.0,0.0,14.875000610947609,0.30000001192092896
5579,261.79537765871817,-1.0000001192092896,131.6453776885204,122.0,0.0,0.0,8.850000351667404,0.30000001192092896
5580,358.2745590322169,-1.0000001192092896,203.02455906201922,134.69999998807907,0.0,0.0,20.950000882148743,0.6000000238418579
5581,543.9145651551643,0.0,366.28956515516404,142.0999999642372,0.0,0.0,34.32499895989895,1.2000000476837158
5582,350.58703258786494,-1.0000001192092896,191.63703261766722,146.0,0.0,0.0,13.650000739842653,0.30000001192092896
5583,223.32889665647107,0.0,134.97889665647105,76.0,0.0,0.0,11.750000566244125,0.6000000238418579
5584,331.4856420395692,-1.0000001192092896,204.78564206937145,111.0,0.0,0.0,16.400000620633364,0.30000001192092896
5585,276.3912180621746,0.0,159.1162180621747,108.0,0.0,0.0,8.975000381469727,0.30000001192092896
5586,347.57439031068225,-1.0000001192092896,185.97439034048452,145.29999995231628,0.0,0.0,15.500000569969416,1.8000000715255737
5587,550.0580728257029,-1.0000001192092896,274.95807285550524,269.89999997615814,-9.0,0.0,14.000000387430191,1.2000000476837158
5588,250.92249675627238,0.0,160.24749675627243,76.5,0.0,0.0,13.275000527501106,0.9000000357627869
5589,257.1711993808458,0.0,152.5711993808458,92.0,0.0,0.0,12.000000581145287,0.6000000238418579
5590,271.1035846113125,-1.0000001192092896,154.10358464111462,108.39999997615814,0.0,0.0,8.700000304728746,0.9000000357627869
5591,469.07138798537903,0.0,333.6463879853792,116.69999998807907,0.0,0.0,18.125000670552254,0.6000000238418579
5592,219.20897900362277,0.0,136.28397900362268,68.69999998807907,0.0,0.0,13.32500046491623,0.9000000357627869
5593,202.304966211049,0.0,125.70496621104887,64.39999997615814,0.0,0.0,11.300000384449959,0.9000000357627869
5594,267.2757345430738,0.0,161.87573454307378,92.0,0.0,0.0,12.800000578165054,0.6000000238418579
5595,183.93504081365774,-1.0000001192092896,110.18504084346007,62.69999998807907,0.0,0.0,11.450000558048487,0.6000000238418579
5596,218.39359771393995,-1.0000001192092896,114.56859774374226,95.0,0.0,0.0,9.225000355392694,0.6000000238418579
5597,232.661090209376,0.0,154.78609020937594,67.69999998807907,0.0,0.0,9.57500034943223,0.6000000238418579
5598,197.98637173744956,0.0,97.78637173744966,90.79999995231628,0.0,0.0,7.9000003933906555,1.5000000596046448
5599,267.64164411194383,0.0,150.4916441119439,108.69999998807907,0.0,0.0,7.850000277161598,0.6000000238418579
5600,234.62629831647234,0.0,150.27629831647235,70.0,0.0,0.0,13.150000438094139,1.2000000476837158
5601,264.08462036829803,0.0,185.75962036829787,65.0,0.0,0.0,13.025000527501106,0.30000001192092896
5602,273.5311293381616,0.0,121.98112933816168,139.0,0.0,0.0,12.250000417232513,0.30000001192092896
5603,276.00532258323227,0.0,168.65532258323225,92.0,0.0,0.0,14.450000617653131,0.9000000357627869
5604,286.96784923248885,-1.0000001192092896,152.36784926229097,126.0,0.0,0.0,9.300000432878733,0.30000001192092896
5605,207.06142234801902,-1.0000001192092896,118.43642237782133,79.69999998807907,0.0,0.0,9.325000453740358,0.6000000238418579
5606,192.63754687272194,0.0,103.86254687272204,75.69999998807907,0.0,0.0,12.475000411272049,0.6000000238418579
5607,271.92255155028647,-1.0000001192092896,164.3475515800888,92.49999994039536,0.0,0.0,14.27500032261014,1.8000000715255737
5608,226.01495436306715,0.0,139.06495436306713,71.69999998807907,0.0,0.0,14.350000575184822,0.9000000357627869
5609,202.0365444161224,0.0,125.76154441612225,65.0,0.0,0.0,10.975000508129597,0.30000001192092896
5610,302.25636992202277,0.0,183.10636992202302,96.69999998807907,0.0,0.0,21.550000801682472,0.9000000357627869
5611,371.07182171353327,-1.0000001192092896,215.2968217433357,142.0,0.0,0.0,14.47500041499734,0.30000001192092896
5612,388.0930650356185,0.0,202.34306503561865,176.0,0.0,0.0,9.45000048354268,0.30000001192092896
5613,183.51382377165484,0.0,101.73882377165492,71.0,0.0,0.0,10.475000407546759,0.30000001192092896
5614,233.38701487062423,-1.0000001192092896,122.73701490042673,101.69999998807907,0.0,0.0,9.350000366568565,0.6000000238418579
5615,294.39506328609275,-1.0000001192092896,146.92006331589502,138.0999999642372,0.0,0.0,9.175000328570604,1.2000000476837158
5616,226.37570519664447,0.0,132.20070519664455,83.19999992847443,0.0,0.0,8.875000298023224,2.1000000834465027
5617,339.17102662658687,-1.0000001192092896,195.22102665638926,128.0,0.0,0.0,16.35000054910779,0.6000000238418579
5618,257.91950416704117,0.0,163.26950416704116,82.0,0.0,0.0,12.350000459700823,0.30000001192092896
5619,216.01586678263158,-1.0000001192092896,131.5408668124339,72.0,0.0,0.0,13.175000626593828,0.30000001192092896
5620,289.2035280122515,-1.0000001192092896,146.52852804205395,134.0999999642372,0.0,0.0,8.375000327825546,1.2000000476837158
5621,217.71592388301735,-1.0000001192092896,126.99092391281961,81.69999998807907,0.0,0.0,9.425000429153442,0.6000000238418579
5622,361.2694457190965,0.0,206.5194457190968,140.69999998807907,0.0,0.0,12.850000485777855,1.2000000476837158
5623,231.9374364169806,0.0,142.6874364169806,75.5,0.0,0.0,12.850000470876694,0.9000000357627869
5624,395.9617204649226,-1.0000001192092896,201.0867204947249,184.0999999642372,0.0,0.0,10.575000420212746,1.2000000476837158
5625,296.75416421049584,0.0,152.50416421049567,135.69999998807907,0.0,0.0,7.950000450015068,0.6000000238418579
5626,557.2845943144996,0.0,261.0095943144994,284.69999998807907,0.0,0.0,10.975000441074371,0.6000000238418579
5627,233.6661330052164,0.0,139.1411330052164,78.0,0.0,0.0,16.225000515580177,0.30000001192092896
5628,344.00535951946864,0.0,173.95535951946874,158.29999989271164,0.0,0.0,8.750000432133675,3.0000001192092896
5629,278.3199408316537,-1.0000001192092896,165.894940861456,103.69999998807907,0.0,0.0,9.125000435858965,0.6000000238418579
5630,226.03801812142206,0.0,137.03801812142214,75.69999998807907,0.0,0.0,12.400000516325235,0.9000000357627869
5631,285.0757801229587,0.0,173.0257801229586,93.69999998807907,0.0,0.0,17.450000762939453,0.9000000357627869
5632,337.3402743531161,0.0,203.7902743531162,117.69999998807907,0.0,0.0,15.250000424683094,0.6000000238418579
5633,324.67204764365255,-1.0000001192092896,187.99704767345494,123.0,0.0,0.0,14.375000193715096,0.30000001192092896
5634,575.1684845416172,-1.0000001192092896,247.31848457141916,307.69999998807907,0.0,0.0,20.550001058727503,0.6000000238418579
5635,190.55300982366984,0.0,91.92800982366984,90.69999998807907,0.0,0.0,7.325000286102295,0.6000000238418579
5636,229.30438122869296,0.0,141.479381228693,72.5,0.0,0.0,14.425000637769699,0.9000000357627869
5637,316.59269007824196,0.0,178.16769007824215,127.09999996423721,0.0,0.0,9.825000405311584,1.5000000596046448
5638,237.30765534142157,0.0,146.6576553414216,74.5,0.0,0.0,15.250000566244125,0.9000000357627869
5639,238.45608283388407,-1.0000001192092896,127.03108286368648,101.0,0.0,0.0,11.125000420957804,0.30000001192092896
5640,315.01323222114047,-1.0000001192092896,172.33823225094267,134.69999998807907,0.0,0.0,8.375000286847353,0.6000000238418579
5641,342.6625319203258,0.0,203.48753192032606,124.0,0.0,0.0,14.875000458210707,0.30000001192092896
5642,256.35073293927775,-1.0000001192092896,157.50073296908005,89.0,0.0,0.0,10.550000462681055,0.30000001192092896
5643,322.8076233838215,-1.0000001192092896,168.05762341362362,142.0999999642372,0.0,0.0,12.450000632554293,1.2000000476837158
5644,237.22419941899182,-1.0000001192092896,137.44919944879413,91.0,0.0,0.0,9.475000515580177,0.30000001192092896
5645,259.3796985446146,0.0,165.6796985446146,79.0,0.0,0.0,13.20000046491623,1.5000000596046448
5646,215.13321229930142,-1.0000001192092896,134.1582123291037,73.0,0.0,0.0,8.675000313669443,0.30000001192092896
5647,234.62436045621206,0.0,121.64936045621225,104.0,0.0,0.0,8.675000328570604,0.30000001192092896
5648,285.43889020985046,0.0,173.56389020985034,90.0,0.0,0.0,21.27500081062317,0.6000000238418579
5649,390.7768160373669,0.0,243.20181603736725,125.0,0.0,0.0,22.275000859051943,0.30000001192092896
5650,235.952166762359,0.0,143.70216676235896,79.0,0.0,0.0,12.650000512599945,0.6000000238418579
5651,257.01945973652283,0.0,143.9944597365227,103.09999996423721,0.0,0.0,8.725000336766243,1.2000000476837158
5652,194.92880172439615,0.0,102.60380172439625,83.69999998807907,0.0,0.0,8.025000423192978,0.6000000238418579
5653,291.1193501657032,-1.0000001192092896,143.79435019550561,138.0999999642372,0.0,0.0,9.025000516325235,1.2000000476837158
5654,314.926016920332,0.0,199.2010169203318,100.0,0.0,0.0,15.125000562518835,0.6000000238418579
5655,176.30854078445333,0.0,80.6585407844534,86.39999997615814,0.0,0.0,8.350000262260437,0.9000000357627869
5656,267.7649437058856,-1.0000001192092896,151.13994373568795,108.39999997615814,0.0,0.0,8.32500034570694,0.9000000357627869
5657,246.57373259047793,-1.0000001192092896,147.44873262028034,91.0,0.0,0.0,8.825000304728746,0.30000001192092896
5658,347.7514593904758,0.0,161.75145939047601,174.69999998807907,0.0,0.0,10.700000368058681,0.6000000238418579
5659,288.00200263325814,-1.0000001192092896,146.97700266306023,129.39999997615814,0.0,0.0,11.725000444799662,0.9000000357627869
5660,466.24138483897497,0.0,260.54138483897486,188.0,0.0,0.0,17.400000665336847,0.30000001192092896
5661,263.26346316594794,0.0,157.238463165948,93.0,0.0,0.0,12.425000429153442,0.6000000238418579
5662,238.44279715067637,-1.0000001192092896,150.49279718047848,77.0,0.0,0.0,11.650000348687172,0.30000001192092896
5663,325.8831194475523,-1.0000001192092896,168.80811947735467,143.69999998807907,0.0,0.0,13.775000367313623,0.6000000238418579
5664,233.09997359782963,0.0,141.9749735978296,75.0,0.0,0.0,15.525000683963299,0.6000000238418579
5665,285.1253116133446,0.0,166.35031161334462,106.0,0.0,0.0,12.475000519305468,0.30000001192092896
5666,344.22978413437556,-1.0000001192092896,197.2047841641779,134.0,0.0,0.0,13.725000489503145,0.30000001192092896
5667,262.18658805584573,-1.0000001192092896,165.3865880856481,87.0,0.0,0.0,10.50000037252903,0.30000001192092896
5668,290.9202141056595,1.0000001192092896,156.6952140758572,122.09999996423721,0.0,1.0,8.925000354647636,1.2000000476837158
5669,302.1254303743142,0.0,183.87543037431425,108.69999998807907,0.0,0.0,8.950000289827585,0.6000000238418579
5670,284.4415549153546,0.0,180.21655491535438,89.0,0.0,0.0,14.02500057220459,1.2000000476837158
5671,489.63416384329275,-1.0000001192092896,257.2841638730949,214.39999997615814,0.0,0.0,18.050000716000795,0.9000000357627869
5672,276.32785865898506,0.0,169.35285865898516,94.0,0.0,0.0,12.375000536441803,0.6000000238418579
5673,327.761050812649,-1.0000001192092896,191.1860508424511,128.0999999642372,0.0,0.0,8.275000341236591,1.2000000476837158
5674,625.5449082234676,0.0,347.6949082234678,260.0999999642372,0.0,0.0,16.550000309944153,1.2000000476837158
5675,117.49370489133297,0.0,92.39370489133299,19.69999998807907,0.0,0.0,5.100000336766243,0.30000001192092896
5676,225.5414863557679,0.0,138.06648635576784,76.0,0.0,0.0,10.87500050663948,0.6000000238418579
5677,282.91645253421007,-1.0000001192092896,133.6164525640127,139.69999998807907,0.0,0.0,10.000000286847353,0.6000000238418579
5678,310.3021240550523,0.0,197.2771240550524,96.69999998807907,0.0,0.0,15.725000489503145,0.6000000238418579
5679,353.25075485901476,-1.0000001192092896,185.7757548888168,159.0,0.0,0.0,9.175000548362732,0.30000001192092896
5680,268.95311208922976,0.0,160.6031120892297,92.69999998807907,0.0,0.0,15.050000548362732,0.6000000238418579
5681,274.6232476582311,0.0,165.37324765823104,91.69999998807907,0.0,0.0,16.65000058710575,0.9000000357627869
5682,275.82193731822986,0.0,141.84693731823003,119.39999997615814,0.0,0.0,13.675000548362732,0.9000000357627869
5683,267.3038060794855,-1.0000001192092896,138.67880610928785,117.0,0.0,0.0,12.325000371783972,0.30000001192092896
5684,348.38111745572,0.0,225.80611745571974,114.0,0.0,0.0,8.275000337511301,0.30000001192092896
5685,393.78475811318964,0.0,226.08475811318957,156.39999997615814,0.0,0.0,10.400000400841236,0.9000000357627869
5686,250.6518472439964,-1.0000001192092896,142.37684727379886,94.0,0.0,0.0,14.975000265985727,0.30000001192092896
5687,223.76845984069374,0.0,140.0934598406937,68.5,0.0,0.0,14.27500057965517,0.9000000357627869
5688,271.30568211471837,-1.0000001192092896,176.00568214452056,80.0,0.0,0.0,16.000000566244125,0.30000001192092896
5689,228.4214398788522,0.0,121.52143987885225,98.69999998807907,0.0,0.0,7.600000247359276,0.6000000238418579
5690,271.0265906603327,0.0,161.2265906603327,94.0,0.0,0.0,15.200000569224358,0.6000000238418579
5691,231.72350679879128,-1.0000001192092896,131.82350682859368,89.0,0.0,0.0,11.60000041499734,0.30000001192092896
5692,259.24630032241953,0.0,158.27130032241956,83.0,0.0,0.0,17.37500062957406,0.6000000238418579
5693,278.16469513950534,-1.0000001192092896,149.93969516930767,117.69999998807907,0.0,0.0,10.925000451505184,0.6000000238418579
5694,234.40935505963776,0.0,147.3343550596378,71.5,0.0,0.0,14.375000536441803,1.2000000476837158
5695,216.4895049346281,0.0,134.46450493462808,69.5,0.0,0.0,11.325000628829002,1.2000000476837158
5696,326.90131063537683,0.0,190.126310635377,115.0,0.0,0.0,21.47500017657876,0.30000001192092896
5697,246.5399248300028,0.0,152.73992483000285,78.0,0.0,0.0,15.200000569224358,0.6000000238418579
5698,204.22301881032539,0.0,111.09801881032513,83.09999996423721,0.0,0.0,8.825000390410423,1.2000000476837158
5699,206.99242519979546,0.0,94.19242519979555,103.39999997615814,0.0,0.0,8.500000417232513,0.9000000357627869
5700,315.27622158714246,-1.0000001192092896,203.10122161694466,101.0,0.0,0.0,11.875000339001417,0.30000001192092896
5701,400.79854857453586,-1.0000001192092896,239.37354860433794,153.0,0.0,0.0,9.125000391155481,0.30000001192092896
5702,285.56854052318425,-1.0000001192092896,158.04354055298666,119.0,0.0,0.0,9.225000400096178,0.30000001192092896
5703,263.3303311075049,-1.0000001192092896,142.75533113730734,112.69999998807907,0.0,0.0,8.275000397115946,0.6000000238418579
5704,270.70363335561547,0.0,162.92863335561552,93.69999998807907,0.0,0.0,13.175000458955765,0.9000000357627869
5705,289.0637701606851,0.0,172.01377016068514,96.69999998807907,0.0,0.0,19.750000700354576,0.6000000238418579
5706,362.8639479486111,0.0,154.83894794861087,197.39999997615814,0.0,0.0,9.725000508129597,0.9000000357627869
5707,254.81500899060782,0.0,158.7650089906078,78.5,0.0,0.0,16.65000057965517,0.9000000357627869
5708,349.9309173782557,0.0,187.78091737825577,143.89999997615814,-3.0,0.0,20.05000089108944,1.2000000476837158
5709,201.92970865796153,0.0,99.85470865796151,90.69999998807907,0.0,0.0,10.775000367313623,0.6000000238418579
5710,261.75978361393595,-1.0000001192092896,153.28478364373836,100.0,0.0,0.0,9.175000432878733,0.30000001192092896
5711,248.58374894853975,0.0,129.95874894853984,107.8999999165535,0.0,0.0,8.325000420212746,2.4000000953674316
5712,311.6588560513071,0.0,164.4088560513068,134.69999998807907,0.0,0.0,11.950000494718552,0.6000000238418579
5713,228.04258781367986,0.0,136.54258781367983,74.0,0.0,0.0,16.900000721216202,0.6000000238418579
5714,411.00993872537094,-1.0000001192092896,219.28493875517339,176.69999998807907,0.0,0.0,15.425000727176666,0.6000000238418579
5715,206.64514241835124,0.0,102.69514241835124,96.0,0.0,0.0,7.650000363588333,0.30000001192092896
5716,275.67430417017545,0.0,165.74930417017538,96.0,0.0,0.0,13.325000539422035,0.6000000238418579
5717,344.1965690201597,0.0,202.07156902015998,125.29999995231628,-1.5,0.0,16.52500057220459,1.8000000715255737
5718,388.7323102552947,-1.0000001192092896,181.05731028509697,198.69999998807907,0.0,0.0,9.075000420212746,0.9000000357627869
5719,274.239367450247,0.0,155.76436745024702,110.0,0.0,0.0,8.175000432878733,0.30000001192092896
5720,234.65038497917513,0.0,143.20038497917508,75.0,0.0,0.0,15.850000530481339,0.6000000238418579
5721,226.0590325533614,0.0,133.78403255336138,75.0,0.0,0.0,16.67500075697899,0.6000000238418579
5722,406.62162521226264,0.0,242.3716252122624,149.29999995231628,0.0,0.0,12.850000407546759,2.1000000834465027
5723,478.4532240007266,0.0,239.00322400072645,229.39999997615814,0.0,0.0,8.850000262260437,1.2000000476837158
5724,180.57942965472319,0.0,98.37942965472324,73.0,0.0,0.0,8.900000363588333,0.30000001192092896
5725,261.27782231105425,-1.0000001192092896,152.25282234085674,100.0,0.0,0.0,9.725000325590372,0.30000001192092896
5726,329.51416298101003,-1.0000001192092896,205.4141630108126,110.0,0.0,0.0,13.300000492483377,1.8000000715255737
5727,277.20155615419407,0.0,171.92655615419406,92.0,0.0,0.0,12.975000590085983,0.30000001192092896
5728,529.4103659947148,0.0,276.93536599471474,230.0999999642372,0.0,0.0,21.17500087991357,1.2000000476837158
5729,551.4991906647485,0.0,252.59919066474868,282.59999990463257,0.0,0.0,13.60000067949295,2.7000001072883606
5730,280.7170614942191,-1.0000001192092896,143.24206152402132,127.0,0.0,0.0,11.175000313669443,0.30000001192092896
5731,323.391274583261,0.0,181.5662745832608,133.5,0.0,0.0,7.725000321865082,0.6000000238418579
5732,165.46526809747476,0.0,101.01526809747469,55.09999996423721,0.0,0.0,8.150000289082527,1.2000000476837158
5733,354.2630347786069,0.0,199.0630347786066,146.69999998807907,0.0,0.0,7.600000381469727,0.9000000357627869
5734,333.75417520497393,-1.0000001192092896,170.22917523477625,154.39999997615814,0.0,0.0,9.225000467151403,0.9000000357627869
5735,265.46577322397593,0.0,141.51577322397597,117.5,-9.0,0.0,14.850000616163015,0.6000000238418579
5736,563.243429490605,-1.0000001192092896,309.91842952040696,232.39999997615814,0.0,0.0,21.025000903755426,0.9000000357627869
5737,431.36482224844553,-1.0000001192092896,236.98982227824797,180.0,0.0,0.0,15.075000438839197,0.30000001192092896
5738,227.58819080428742,-1.0000001192092896,117.56319083408972,102.39999997615814,0.0,0.0,7.7250004298985,0.9000000357627869
5739,311.044827271434,0.0,157.9698272714339,143.39999997615814,0.0,0.0,8.775000348687172,0.9000000357627869
5740,263.3994453274931,-1.0000001192092896,136.3994453572955,120.0,0.0,0.0,7.700000304728746,0.30000001192092896
5741,233.87313402451014,0.0,146.1481340245101,72.5,0.0,0.0,14.325000628829002,0.9000000357627869
5742,315.88231721139886,0.0,155.2823172113987,149.49999994039536,0.0,0.0,9.300000369548798,1.8000000715255737
5743,276.9285280692361,0.0,113.55352806923621,151.49999994039536,0.0,0.0,10.075000423938036,1.8000000715255737
5744,279.7195190830618,0.0,153.64451908306194,114.09999996423721,0.0,0.0,10.775000508874655,1.2000000476837158
5745,268.7212014922429,0.0,121.02120149224294,138.69999998807907,0.0,0.0,8.400000374764204,0.6000000238418579
5746,184.06814016564144,-1.0000001192092896,119.64314019544383,55.39999997615814,0.0,0.0,9.125000420957804,0.9000000357627869
5747,335.54785809465596,0.0,146.72285809465617,177.29999989271164,0.0,0.0,8.525000378489494,3.0000001192092896
5748,441.84789674306967,-1.0000001192092896,226.8978967728722,204.0999999642372,0.0,0.0,10.650000382214785,1.2000000476837158
5749,212.66930442912602,-1.0000001192092896,124.06930445892854,81.0,0.0,0.0,8.30000040307641,0.30000001192092896
5750,479.9967365156933,0.0,262.0467365156933,203.0999999642372,0.0,0.0,13.65000033378601,1.2000000476837158
5751,606.9907363912884,-1.0000001192092896,347.9907364210905,216.5999999642372,-4.5,0.0,45.20000099018216,2.7000001072883606
5752,447.752424274389,0.0,235.12742427438883,202.0,0.0,0.0,10.325000379234552,0.30000001192092896
5753,237.3403542511085,0.0,144.29035425110854,83.69999998807907,0.0,0.0,8.75000025331974,0.6000000238418579
5754,211.74605459977286,0.0,124.84605459977271,77.69999998807907,0.0,0.0,8.300000295042992,0.9000000357627869
5755,196.48426976094,0.0,94.63426976093996,90.69999998807907,0.0,0.0,10.550000444054604,0.6000000238418579
5756,272.8343359306236,-1.0000001192092896,159.55933596042576,104.0,0.0,0.0,9.975000474601984,0.30000001192092896
5757,239.11993188354177,0.0,150.6199318835416,73.0,0.0,0.0,14.900000512599945,0.6000000238418579
5758,227.77425229779888,0.0,142.92425229779883,70.19999998807907,0.0,0.0,13.45000047981739,1.2000000476837158
5759,347.97455398005746,0.0,213.54955398005734,116.5,0.0,0.0,17.325000822544098,0.6000000238418579
5760,295.25122680877644,-1.0000001192092896,166.02622683857888,118.0,0.0,0.0,11.925000436604023,0.30000001192092896
5761,421.8710477501156,0.0,222.92104775011558,186.0999999642372,0.0,0.0,11.650000486522913,1.2000000476837158
5762,285.6115591231892,0.0,176.1865591231892,93.0,0.0,0.0,15.825000625103712,0.6000000238418579
5763,275.64533700625446,-1.0000001192092896,160.17033703605668,105.0,0.0,0.0,11.175000358372927,0.30000001192092896
5764,341.359073920773,0.0,209.88407392077298,107.0,0.0,0.0,24.17500078678131,0.30000001192092896
5765,306.4957423307613,-1.0000001192092896,187.77074236056367,105.79999995231628,0.0,0.0,12.425000432878733,1.5000000596046448
5766,561.3162704366708,0.0,256.8162704366709,283.69999998807907,0.0,0.0,20.20000074058771,0.6000000238418579
5767,263.13060445537366,0.0,163.38060445537377,84.0,0.0,0.0,15.150000557303429,0.6000000238418579
5768,274.78794374817403,0.0,157.08794374817396,105.69999998807907,0.0,0.0,11.400000512599945,0.6000000238418579
5769,511.20449268646746,0.0,278.2794926864672,213.29999995231628,0.0,0.0,17.825000669807196,1.8000000715255737
5770,266.8949996146976,0.0,161.34499961469763,92.0,0.0,0.0,12.950000502169132,0.6000000238418579
5771,308.0734586432561,-1.0000001192092896,167.74845867305828,130.0,0.0,0.0,11.02500032261014,0.30000001192092896
5772,274.7190560249117,-1.0000001192092896,172.9690560547139,91.0,0.0,0.0,11.450000409036875,0.30000001192092896
5773,220.3445740749803,0.0,134.36957407498036,70.0,0.0,0.0,15.675000414252281,0.30000001192092896
5774,200.5995540009522,-1.0000001192092896,111.52455403075457,81.0,0.0,0.0,8.77500032261014,0.30000001192092896
5775,230.19989023990365,0.0,139.17489023990356,76.0,0.0,0.0,14.425000563263893,0.6000000238418579
5776,249.02531368114555,0.0,156.65031368114543,76.39999997615814,0.0,0.0,14.775000512599945,1.2000000476837158
5777,190.88889469982826,0.0,87.08889469982844,93.69999998807907,0.0,0.0,9.500000413507223,0.6000000238418579
5778,445.40269672852247,0.0,240.70269672852274,194.49999994039536,-10.5,0.0,18.300000686198473,2.4000000953674316
5779,359.5632756169998,0.0,184.1632756169996,157.69999998807907,0.0,0.0,17.10000053420663,0.6000000238418579
5780,235.73854936900597,0.0,141.738549369006,80.69999998807907,0.0,0.0,12.700000539422035,0.6000000238418579
5781,233.67700754105124,-1.0000001192092896,146.8520075708537,78.0,0.0,0.0,9.525000367313623,0.30000001192092896
5782,386.47731040284066,0.0,177.80231040284042,193.89999997615814,0.0,0.0,13.87500062584877,0.9000000357627869
5783,209.83510889340903,0.0,100.46010889340899,98.39999997615814,0.0,0.0,10.075000450015068,0.9000000357627869
5784,208.75258435842454,-1.0000001192092896,119.5525843882268,80.69999998807907,0.0,0.0,8.900000307708979,0.6000000238418579
5785,238.30512562510074,0.0,127.55512562510083,101.49999994039536,0.0,0.0,7.45000022649765,1.8000000715255737
5786,275.7763093568558,0.0,169.62630935685576,92.0,0.0,0.0,13.550000548362732,0.6000000238418579
5787,246.03267035938688,-1.0000001192092896,141.0826703891891,95.69999998807907,0.0,0.0,9.650000426918268,0.6000000238418579
5788,244.84322492774592,-1.0000001192092896,148.0682249575481,88.0,0.0,0.0,9.475000340491533,0.30000001192092896
5789,200.8970142631868,0.0,92.69701426318687,98.69999998807907,0.0,0.0,8.900000467896461,0.6000000238418579
5790,294.1574770476343,0.0,205.03247704763427,77.39999997615814,0.0,0.0,10.825000457465649,0.9000000357627869
5791,474.85773697285254,0.0,237.8827369728527,220.99999994039536,0.0,0.0,14.175000589340925,1.8000000715255737
5792,228.7601563781254,0.0,146.86015637812537,68.5,0.0,0.0,12.200000494718552,1.2000000476837158
5793,344.54624878525345,0.0,170.42124878525357,160.39999997615814,0.0,0.0,12.825000584125519,0.9000000357627869
5794,394.84260510405886,-1.0000001192092896,217.11760513386085,157.49999994039536,0.0,0.0,19.425000455230474,1.8000000715255737
5795,176.59853401275114,0.0,97.67353401275115,69.69999998807907,0.0,0.0,8.625000342726707,0.6000000238418579
5796,306.04257867339965,-1.0000001192092896,148.1175787032019,148.69999998807907,0.0,0.0,9.625000398606062,0.6000000238418579
5797,248.50151915435188,0.0,151.60151915435173,81.0,0.0,0.0,15.300000607967377,0.6000000238418579
5798,206.65333792376057,0.0,118.00333792376061,79.39999997615814,0.0,0.0,8.35000030696392,0.9000000357627869
5799,410.3022133396505,0.0,187.7772133396503,210.79999989271164,0.0,0.0,8.425000339746475,3.3000001311302185
5800,211.25322808758247,0.0,103.90322808758239,97.69999998807907,0.0,0.0,9.050000414252281,0.6000000238418579
5801,285.7613717032916,0.0,160.43637170329154,115.69999998807907,0.0,0.0,9.02500032261014,0.6000000238418579
5802,271.2380957173401,0.0,165.4380957173402,89.69999998807907,0.0,0.0,15.200000565499067,0.9000000357627869
5803,240.04837074924265,0.0,146.49837074924267,77.69999998807907,0.0,0.0,14.950000554323196,0.9000000357627869
5804,203.242358840691,-1.0000001192092896,120.5923588704933,71.0,0.0,0.0,12.350000623613596,0.30000001192092896
5805,241.82376317075213,-1.0000001192092896,129.54876320055442,104.0,0.0,0.0,8.97500041499734,0.30000001192092896
5806,309.4129401141111,0.0,186.61294011411118,106.0,0.0,0.0,16.200000688433647,0.6000000238418579
5807,188.10772633576104,0.0,97.43272633576098,90.19999998807907,-10.5,0.0,10.075000509619713,0.9000000357627869
5808,321.4404762414591,-1.0000001192092896,147.7904762712617,165.69999998807907,0.0,0.0,8.350000474601984,0.6000000238418579
5809,326.31013894072277,0.0,179.66013894072287,134.8999999165535,0.0,0.0,9.350000351667404,2.4000000953674316
5810,279.1157420870147,0.0,176.51574208701473,85.5,0.0,0.0,16.20000059902668,0.9000000357627869
5811,186.07506877988246,0.0,97.25006877988257,77.39999997615814,0.0,0.0,10.525000542402267,0.9000000357627869
5812,250.2244489969834,0.0,155.89944899698355,84.0,0.0,0.0,10.025000292807817,0.30000001192092896
5813,300.3528301176991,-1.0000001192092896,184.32783014750146,103.0,0.0,0.0,13.725000519305468,0.30000001192092896
5814,381.2771332118603,-1.0000001192092896,226.70213324166303,137.69999998807907,0.0,0.0,17.275000546127558,0.6000000238418579
5815,335.20317972401966,-1.0000001192092896,175.35317975382196,140.79999995231628,0.0,0.0,18.55000041797757,1.5000000596046448
5816,232.85880903648967,0.0,142.58380903648967,75.0,0.0,0.0,14.675000596791506,0.6000000238418579
5817,274.9434089486305,0.0,167.81840894863072,90.0,0.0,0.0,16.525000721216202,0.6000000238418579
5818,261.94427892701657,0.0,166.64427892701656,81.19999998807907,0.0,0.0,12.900000542402267,1.2000000476837158
5819,329.01365654227226,0.0,183.81365654227213,133.69999998807907,0.0,0.0,10.90000019595027,0.6000000238418579
5820,270.54480444235423,0.0,174.91980444235426,82.69999998807907,0.0,0.0,12.325000584125519,0.6000000238418579
5821,373.86465475026813,-1.0000001192092896,208.78965478007038,150.39999997615814,0.0,0.0,14.475000519305468,1.2000000476837158
5822,313.0526890709937,0.0,176.75268907099385,126.69999998807907,-1.5,0.0,9.900000426918268,1.2000000476837158
5823,253.64338128851475,0.0,121.59338128851469,123.09999996423721,0.0,0.0,7.75000037252903,1.2000000476837158
5824,302.41000749100573,0.0,122.06000749100568,169.0999999642372,0.0,0.0,10.050000503659248,1.2000000476837158
5825,360.64866404280014,-1.0000001192092896,147.0236640726027,206.0,0.0,0.0,8.32500034943223,0.30000001192092896
5826,171.9288411764616,0.0,96.02884117646155,67.0,0.0,0.0,8.600000411272049,0.30000001192092896
5827,313.0179826251573,0.0,146.81798262515724,151.69999998807907,0.0,0.0,13.90000057592988,0.6000000238418579
5828,304.18018878800353,-1.0000001192092896,177.73018881780584,116.0,0.0,0.0,11.15000032261014,0.30000001192092896
5829,190.3282756458358,0.0,91.12827564583571,90.69999998807907,0.0,0.0,7.900000259280205,0.6000000238418579
5830,356.05194976948127,0.0,204.00194976948137,142.69999998807907,0.0,0.0,8.750000346451998,0.6000000238418579
5831,316.7396710799947,0.0,169.8646710799946,138.49999994039536,-9.0,0.0,14.9750005453825,2.4000000953674316
5832,290.788500288704,0.0,140.5135002887039,140.0999999642372,0.0,0.0,8.97500030696392,1.2000000476837158
5833,418.79636751438534,-1.0000001192092896,247.57136754418747,130.0,0.0,0.0,41.62499986961484,0.6000000238418579
5834,265.7697257334726,0.0,169.3197257334726,83.0,0.0,0.0,13.15000044927001,0.30000001192092896
5835,249.20003518066895,-1.0000001192092896,128.80003521047155,111.39999997615814,0.0,0.0,9.100000340491533,0.9000000357627869
5836,199.48028094443973,0.0,110.50528094443978,80.0,0.0,0.0,8.675000384449959,0.30000001192092896
5837,185.94533052070238,0.0,88.37033052070245,87.39999997615814,0.0,0.0,9.275000393390656,0.9000000357627869
5838,230.76146244998404,0.0,139.13646244998404,76.0,0.0,0.0,15.325000517070293,0.30000001192092896
5839,219.37499223157494,0.0,131.42499223157495,72.0,0.0,0.0,15.650000527501106,0.30000001192092896
5840,271.39504788217204,0.0,145.7700478821719,115.49999994039536,0.0,0.0,8.325000315904617,1.8000000715255737
5841,298.2895612165105,-1.0000001192092896,173.81456124631276,112.79999995231628,0.0,0.0,11.175000462681055,1.5000000596046448
5842,189.27209274993848,0.0,111.74709274993837,67.69999998807907,0.0,0.0,9.225000470876694,0.6000000238418579
5843,253.07393547998598,0.0,123.54893547998594,121.0,0.0,0.0,8.225000411272049,0.30000001192092896
5844,286.61124445010597,-1.0000001192092896,151.23624447990838,124.0,0.0,0.0,12.075000334531069,0.30000001192092896
5845,361.4266829725871,-1.0000001192092896,217.90168300238932,130.5,0.0,0.0,13.12500049173832,0.9000000357627869
5846,352.60480630573454,-1.0000001192092896,176.90480633553665,163.0,0.0,0.0,13.40000069141388,0.30000001192092896
5847,411.658644445076,-1.0000001192092896,229.1086444748784,172.49999994039536,0.0,0.0,9.25000037625432,1.8000000715255737
5848,180.3878598485408,0.0,108.18785984854074,62.39999997615814,0.0,0.0,8.900000393390656,0.9000000357627869
5849,222.55973958195676,-1.0000001192092896,113.80973961175903,98.69999998807907,0.0,0.0,10.450000364333391,0.6000000238418579
5850,272.08487480465146,0.0,165.6598748046515,91.0,0.0,0.0,14.825000613927841,0.6000000238418579
5851,293.91424238711915,-1.0000001192092896,157.13924241692132,126.0,0.0,0.0,11.475000325590372,0.30000001192092896
5852,436.75138930044733,0.0,276.55138930044717,150.0999999642372,0.0,0.0,8.900000438094139,1.2000000476837158
5853,236.25691416410828,0.0,144.6569141641083,75.0,0.0,0.0,16.000000670552254,0.6000000238418579
5854,275.2809171368708,0.0,171.75591713687075,93.09999996423721,0.0,0.0,9.225000355392694,1.2000000476837158
5855,251.37979192634918,-1.0000001192092896,149.77979195615166,91.69999998807907,0.0,0.0,10.30000039562583,0.6000000238418579
5856,459.01542097888546,0.0,267.9654209788855,177.0,0.0,0.0,13.75000049173832,0.30000001192092896
5857,331.2748263491954,0.0,197.59982634919567,123.0,0.0,0.0,10.375000461935997,0.30000001192092896
5858,265.40324130924506,0.0,158.15324130924512,93.69999998807907,0.0,0.0,12.6500004529953,0.9000000357627869
5859,221.0438763019759,0.0,120.06887630197592,89.69999998807907,0.0,0.0,10.675000481307507,0.6000000238418579
5860,229.87092944288028,0.0,123.4959294428803,95.79999995231628,0.0,0.0,9.075000375509262,1.5000000596046448
5861,533.8191110388024,-1.0000001192092896,266.46911106860495,255.39999997615814,0.0,0.0,12.05000040307641,0.9000000357627869
5862,502.5207948949575,0.0,229.32079489495752,261.99999994039536,-9.0,0.0,18.100000698119402,2.1000000834465027
5863,210.42492709387676,-1.0000001192092896,138.39992712367905,62.0,0.0,0.0,10.725000411272049,0.30000001192092896
5864,688.271648732893,0.0,388.14664873289325,262.5,-7.5,0.0,44.52500035241246,0.6000000238418579
5865,378.5043502999851,-1.0000001192092896,186.10435032978742,175.69999998807907,0.0,0.0,17.100000366568565,0.6000000238418579
5866,222.7152434993129,0.0,121.9402434993128,90.0,0.0,0.0,10.475000407546759,0.30000001192092896
5867,375.7913821744334,0.0,212.8413821744337,153.39999997615814,0.0,0.0,8.350000336766243,1.2000000476837158
5868,259.8861532632026,0.0,156.61115326320254,91.0,0.0,0.0,11.675000444054604,0.6000000238418579
5869,251.18612935192735,-1.0000001192092896,139.68612938172944,103.0,0.0,0.0,9.200000409036875,0.30000001192092896
5870,437.0290905338328,-1.0000001192092896,225.07909056363513,203.0,0.0,0.0,9.650000352412462,0.30000001192092896
5871,199.14551418591526,0.0,112.12051418591516,74.39999997615814,0.0,0.0,11.7250005453825,0.9000000357627869
5872,211.67196602378394,-1.0000001192092896,125.3219660535863,76.69999998807907,0.0,0.0,10.050000462681055,0.6000000238418579
5873,220.995136574119,-1.0000001192092896,139.39513660392134,70.69999998807907,0.0,0.0,11.300000313669443,0.6000000238418579
5874,266.83987011617444,0.0,144.01487011617422,113.39999997615814,0.0,0.0,8.225000396370888,1.2000000476837158
5875,240.3156626921423,0.0,120.09066269214235,109.69999998807907,0.0,0.0,9.925000231713057,0.6000000238418579
5876,222.13094758886604,0.0,98.33094758886598,114.09999996423721,0.0,0.0,8.200000390410423,1.5000000596046448
5877,176.915377763913,0.0,88.34037776391294,79.69999998807907,0.0,0.0,8.27500033378601,0.6000000238418579
5878,415.07609332103186,-1.0000001192092896,244.07609335083444,146.69999998807907,0.0,0.0,24.699999753385782,0.6000000238418579
5879,195.47880418902795,0.0,107.9038041890278,78.0,0.0,0.0,9.275000408291817,0.30000001192092896
5880,329.6506977300257,-1.0000001192092896,196.350697759828,120.0,0.0,0.0,14.000000420957804,0.30000001192092896
5881,260.5137988007563,0.0,133.86379880075629,118.0,0.0,0.0,8.350000280886889,0.30000001192092896
5882,193.83594721608122,0.0,111.41094721608108,70.39999997615814,0.0,0.0,11.12500037252903,0.9000000357627869
5883,310.955002888169,0.0,164.35500288816877,127.69999998807907,0.0,0.0,18.300000611692667,0.6000000238418579
5884,299.1659075515123,-1.0000001192092896,161.69090758131452,127.49999994039536,0.0,0.0,9.175000343471766,1.8000000715255737
5885,280.37413403227987,-1.0000001192092896,140.64913406208228,132.0,0.0,0.0,8.42500028386712,0.30000001192092896
5886,236.43089972713148,0.0,147.78089972713147,71.5,0.0,0.0,15.650000527501106,1.5000000596046448
5887,295.6403066726089,-1.0000001192092896,163.2403067024115,118.69999998807907,0.0,0.0,14.100000474601984,0.6000000238418579
5888,523.8356910252122,-1.0000001192092896,245.93569105501493,269.69999998807907,0.0,0.0,8.600000340491533,0.6000000238418579
5889,274.81610588190404,-1.0000001192092896,150.96610591170648,112.0,0.0,0.0,12.550000477582216,0.30000001192092896
5890,232.83481955708703,0.0,143.98481955708706,74.39999997615814,0.0,0.0,13.25000049173832,1.2000000476837158
5891,261.3459786983399,0.0,163.29597869833987,86.49999994039536,0.0,0.0,9.450000450015068,2.1000000834465027
5892,285.6160229218603,0.0,168.7660229218603,105.59999996423721,0.0,0.0,9.750000398606062,1.5000000596046448
5893,243.95530314401418,0.0,150.83030314401427,77.0,0.0,0.0,15.525000639259815,0.6000000238418579
5894,448.71332848825773,0.0,183.91332848825792,254.0999999642372,0.0,0.0,9.500000402331352,1.2000000476837158
5895,235.8741510754056,0.0,141.2741510754056,76.0,0.0,0.0,18.00000064074993,0.6000000238418579
5896,271.53881333418303,0.0,162.03881333418303,101.0,0.0,0.0,8.20000034943223,0.30000001192092896
5897,241.0967251704603,-1.0000001192092896,147.24672520026283,81.0,0.0,0.0,13.550000686198473,0.30000001192092896
5898,267.21563189544236,0.0,159.14063189544245,93.0,0.0,0.0,14.475000604987144,0.6000000238418579
5899,232.22694524628915,0.0,142.3269452462891,75.0,0.0,0.0,14.300000548362732,0.6000000238418579
5900,259.68458709799864,-1.0000001192092896,170.45958712780103,75.0,0.0,0.0,14.925000250339508,0.30000001192092896
5901,272.71446187032086,0.0,163.81446187032105,93.69999998807907,0.0,0.0,14.30000053346157,0.9000000357627869
5902,236.61274272743205,0.0,135.06274272743212,92.09999996423721,0.0,0.0,8.250000342726707,1.2000000476837158
5903,251.15870648790246,-1.0000001192092896,145.4837065177046,97.0,0.0,0.0,9.375000331550837,0.30000001192092896
5904,233.51520303254753,0.0,149.21520303254744,69.19999998807907,0.0,0.0,13.900000542402267,1.2000000476837158
5905,309.4385196785594,-1.0000001192092896,167.76351970836154,130.0,0.0,0.0,12.375000480562449,0.30000001192092896
5906,228.20776187944662,0.0,142.33276187944654,69.0,0.0,0.0,15.675000607967377,1.2000000476837158
5907,278.47704701528437,0.0,167.47704701528434,96.69999998807907,0.0,0.0,13.400000542402267,0.9000000357627869
5908,372.6186643076822,-1.0000001192092896,177.5186643374843,187.69999998807907,0.0,0.0,7.800000358372927,0.6000000238418579
5909,199.11450939992028,0.0,92.5645093999202,96.69999998807907,0.0,0.0,9.250000417232513,0.6000000238418579
5910,228.60165542958455,0.0,154.70165542958452,63.0,0.0,0.0,10.600000470876694,0.30000001192092896
5911,238.6214662400414,0.0,144.09646624004142,79.0,0.0,0.0,14.925000626593828,0.6000000238418579
5912,319.0402055777721,0.0,175.115205577772,134.69999998807907,0.0,0.0,8.62500025331974,0.6000000238418579
5913,236.1539013846976,-1.0000001192092896,132.9789014144999,88.69999998807907,0.0,0.0,14.875000670552254,0.6000000238418579
5914,223.88770135474687,-1.0000001192092896,114.03770138454931,103.0,0.0,0.0,7.55000040307641,0.30000001192092896
5915,275.0664651420051,0.0,165.84146514200503,93.69999998807907,0.0,0.0,14.625000655651093,0.9000000357627869
5916,224.66692930798064,0.0,137.69192930798067,72.0,0.0,0.0,14.375000596046448,0.6000000238418579
5917,252.83735285174666,0.0,158.66235285174682,81.0,0.0,0.0,12.875000417232513,0.30000001192092896
5918,315.95780292720076,0.0,173.6078029272007,128.0,0.0,0.0,14.050000596791506,0.30000001192092896
5919,230.838936024654,-1.0000001192092896,133.51393605445637,88.39999997615814,0.0,0.0,9.025000382214785,0.9000000357627869
5920,434.65118002609364,0.0,204.7761800260941,211.39999997615814,0.0,0.0,17.575000509619713,0.9000000357627869
5921,282.3907465681898,0.0,169.4907465681899,100.0,0.0,0.0,12.600000515580177,0.30000001192092896
5922,186.91636567375596,-1.0000001192092896,95.56636570355812,83.0,0.0,0.0,9.050000447779894,0.30000001192092896
5923,601.505931520644,-1.0000001192092896,391.4559315504467,172.5,-1.5,0.0,38.85000117495656,1.2000000476837158
5924,280.96653998529575,0.0,171.19153998529572,92.69999998807907,0.0,0.0,16.175000607967377,0.9000000357627869
5925,214.5319632365492,0.0,119.95696323654931,84.09999996423721,0.0,0.0,9.27500031515956,1.2000000476837158
5926,280.52930292228484,-1.0000001192092896,176.32930295208695,94.69999998807907,0.0,0.0,9.900000486522913,0.6000000238418579
5927,316.11389266967853,-1.0000001192092896,170.1138926994808,137.0,0.0,0.0,9.700000409036875,0.30000001192092896
5928,376.47104985167954,-1.0000001192092896,209.17104988148196,155.49999994039536,0.0,0.0,11.000000450760126,1.8000000715255737
5929,240.40375129515814,0.0,114.82875129515811,116.39999997615814,0.0,0.0,8.275000244379044,0.9000000357627869
5930,269.6700549118808,0.0,161.94505491188093,91.0,0.0,0.0,16.125000700354576,0.6000000238418579
5931,209.6905539212555,-1.0000001192092896,127.59055395105803,74.0,0.0,0.0,8.800000373274088,0.30000001192092896
5932,263.6584055723582,-1.0000001192092896,140.05840560216052,120.5,-12.0,0.0,15.500000428408384,0.6000000238418579
5933,269.27442581277745,-1.0000001192092896,147.2994258425798,113.0,0.0,0.0,9.67500040307641,0.30000001192092896
5934,371.9076889711925,-1.0000001192092896,171.48268900099492,191.39999997615814,0.0,0.0,9.125000331550837,0.9000000357627869
5935,198.75964886261363,0.0,97.53464886261364,92.69999998807907,0.0,0.0,7.925000369548798,0.6000000238418579
5936,372.33663968088797,0.0,212.51163968088807,141.69999998807907,-3.0,0.0,19.925000607967377,1.2000000476837158
5937,325.2955208178576,-1.0000001192092896,182.12052084765972,127.0,0.0,0.0,16.875000465661287,0.30000001192092896
5938,211.870438671055,0.0,116.77043867105493,85.69999998807907,0.0,0.0,8.800000339746475,0.6000000238418579
5939,174.87037645928208,0.0,98.4453764592821,66.69999998807907,0.0,0.0,9.125000402331352,0.6000000238418579
5940,235.26410894894624,0.0,142.3641089489463,79.39999997615814,0.0,0.0,12.300000503659248,1.2000000476837158
5941,343.20255903910936,0.0,162.52755903910943,167.0,0.0,0.0,13.375000450760126,0.30000001192092896
5942,474.88068367351644,0.0,300.0056836735165,153.39999997615814,0.0,0.0,20.275000780820847,1.2000000476837158
5943,212.21303757477062,0.0,116.16303757477066,86.39999997615814,0.0,0.0,8.750000357627869,0.9000000357627869
5944,198.49522436600716,0.0,87.14522436600731,102.69999998807907,0.0,0.0,8.050000473856926,0.6000000238418579
5945,281.50525581630615,-1.0000001192092896,132.8302558461085,136.79999995231628,0.0,0.0,11.375000480562449,1.5000000596046448
5946,324.9722770776368,-1.0000001192092896,197.89727710743952,113.5,0.0,0.0,13.675000671297312,0.9000000357627869
5947,299.2503400018019,0.0,174.2753400018017,115.69999998807907,0.0,0.0,8.675000339746475,0.6000000238418579
5948,230.811528700669,0.0,146.81152870066884,70.5,0.0,0.0,12.600000530481339,0.9000000357627869
5949,302.17038204354577,0.0,195.69538204354566,87.89999997615814,0.0,0.0,15.575000584125519,3.0000001192092896
5950,270.95629316237205,-1.0000001192092896,167.1312931921745,92.0,0.0,0.0,12.52500019595027,0.30000001192092896
5951,195.58399205349704,0.0,93.15899205349717,93.39999997615814,0.0,0.0,8.125000327825546,0.9000000357627869
5952,309.51762853981165,0.0,173.59262853981159,122.69999998807907,0.0,0.0,12.625000521540642,0.6000000238418579
5953,316.63582083726186,-1.0000001192092896,131.81082086706425,177.0,0.0,0.0,8.525000426918268,0.30000001192092896
5954,328.6938333443167,0.0,198.54383334431674,112.79999989271164,-4.5,0.0,17.950001016259193,3.9000001549720764
5955,225.39842957943705,0.0,135.92342957943703,72.69999998807907,0.0,0.0,16.175000824034214,0.6000000238418579
5956,272.74616755546964,0.0,163.89616755546962,91.69999998807907,0.0,0.0,16.25000061094761,0.9000000357627869
5957,261.8857863929882,-1.0000001192092896,150.01078642279046,101.0,0.0,0.0,11.575000494718552,0.30000001192092896
5958,333.34761433828044,0.0,201.32261433828043,114.69999998807907,0.0,0.0,16.42500065267086,0.9000000357627869
5959,622.5527643605025,-1.0000001192092896,342.65276439030487,256.0999999642372,0.0,0.0,23.60000091418624,1.2000000476837158
5960,314.5897676589263,-1.0000001192092896,181.7647676887288,120.39999997615814,0.0,0.0,12.525000292807817,0.9000000357627869
5961,272.4691956551619,0.0,167.74419565516183,87.5,0.0,0.0,16.32500058412552,0.9000000357627869
5962,358.525246929688,0.0,180.0752469296879,165.29999995231628,-6.0,0.0,17.35000055283308,1.8000000715255737
5963,280.3949136457775,0.0,174.5449136457775,90.69999998807907,0.0,0.0,13.95000059902668,1.2000000476837158
5964,229.508760630953,0.0,139.73376063095296,75.5,0.0,0.0,13.375000596046448,0.9000000357627869
5965,250.63758055886987,0.0,132.66258055886993,109.0,0.0,0.0,8.675000369548798,0.30000001192092896
5966,321.81907920941086,-1.0000001192092896,197.5190792392129,109.0,0.0,0.0,16.000000450760126,0.30000001192092896
5967,318.4182149127171,0.0,195.66821491271708,105.0,0.0,0.0,17.15000057220459,0.6000000238418579
5968,681.1671286507799,0.0,420.0921286507802,238.49999994039536,0.0,0.0,20.775000352412462,1.8000000715255737
5969,265.2891869486782,-1.0000001192092896,136.13918697848038,119.0,0.0,0.0,10.850000340491533,0.30000001192092896
5970,270.8080838810532,0.0,161.10808388105318,90.0,0.0,0.0,19.10000066459179,0.6000000238418579
5971,274.7579468021492,0.0,163.43294680214925,101.69999998807907,0.0,0.0,9.025000367313623,0.6000000238418579
5972,215.20419469317017,0.0,135.92919469317022,64.69999998807907,0.0,0.0,13.975000604987144,0.6000000238418579
5973,219.62717993045263,0.0,134.37717993045257,71.0,0.0,0.0,13.650000542402267,0.6000000238418579
5974,222.00409149036054,0.0,132.15409149036057,77.0,0.0,0.0,12.250000476837158,0.6000000238418579
5975,312.72503442466007,-1.0000001192092896,190.1500344544624,111.79999995231628,0.0,0.0,9.975000325590372,1.8000000715255737
5976,247.46731904719968,-1.0000001192092896,149.24231907700198,90.0,0.0,0.0,8.92500026896596,0.30000001192092896
5977,302.1069032049629,0.0,167.55690320496305,124.39999997615814,0.0,0.0,9.250000342726707,0.9000000357627869
5978,241.79010678777811,0.0,154.84010678777813,76.0,-1.5,0.0,11.250000528991222,1.2000000476837158
5979,188.38373239164451,-1.0000001192092896,127.70873242144685,52.0,0.0,0.0,9.375000335276127,0.30000001192092896
5980,249.36238613699865,0.0,154.86238613699877,77.69999998807907,0.0,0.0,15.900000438094139,0.9000000357627869
5981,208.24939069157998,-1.0000001192092896,134.59939072138224,64.0,0.0,0.0,10.350000325590372,0.30000001192092896
5982,201.55682413042453,0.0,114.35682413042447,78.0,0.0,0.0,8.90000031888485,0.30000001192092896
5983,255.24277285144024,-1.0000001192092896,165.39277288124265,78.0,0.0,0.0,12.55000028386712,0.30000001192092896
5984,232.61387692404458,-1.0000001192092896,142.76387695384685,79.69999998807907,0.0,0.0,10.550000444054604,0.6000000238418579
5985,259.34299422238655,-1.0000001192092896,135.26799425218877,116.0,0.0,0.0,8.775000352412462,0.30000001192092896
5986,458.82588039888935,-1.0000001192092896,234.9508804286915,210.39999997615814,0.0,0.0,13.575000528246164,0.9000000357627869
5987,252.06457363933433,0.0,159.41457363933426,76.5,0.0,0.0,15.250000536441803,0.9000000357627869
5988,310.5240360218001,0.0,160.49903602180007,137.0,0.0,0.0,12.725000280886889,0.30000001192092896
5989,388.97178709575957,-1.0000001192092896,200.9717871255615,179.69999998807907,0.0,0.0,8.70000034943223,0.6000000238418579
5990,238.93299254673892,0.0,147.10799254673887,75.69999998807907,0.0,0.0,15.225000604987144,0.9000000357627869
5991,443.9664235680487,-1.0000001192092896,275.19142359785104,155.69999998807907,0.0,0.0,12.57500046864152,1.5000000596046448
5992,288.90993328915135,-1.0000001192092896,173.95993331895417,105.0,0.0,0.0,10.650000486522913,0.30000001192092896
5993,245.98976987040416,-1.0000001192092896,154.53976990020644,81.69999998807907,0.0,0.0,10.150000382214785,0.6000000238418579
5994,235.86644485600027,0.0,114.54144485600037,111.69999998807907,0.0,0.0,9.025000348687172,0.6000000238418579
5995,317.4543596778441,-1.0000001192092896,183.7043597076464,121.0,0.0,0.0,13.150000587105751,0.6000000238418579
5996,331.74892115718615,-1.0000001192092896,182.27392118698847,140.39999997615814,0.0,0.0,9.175000339746475,0.9000000357627869
5997,257.51246792721946,-1.0000001192092896,146.28746795702187,102.0,0.0,0.0,9.92500040307641,0.30000001192092896
5998,231.2507330397969,0.0,138.57573303979692,75.0,0.0,0.0,17.075000770390034,0.6000000238418579
5999,324.0728312762575,-1.0000001192092896,203.17283130606,101.0,0.0,0.0,20.600000459700823,0.30000001192092896
6000,348.63793155175614,0.0,208.66293155175592,129.29999995231628,0.0,0.0,8.87500025704503,1.8000000715255737
6001,288.28725670941196,0.0,181.98725670941207,88.69999998807907,0.0,0.0,16.400000736117363,1.2000000476837158
6002,274.4062830100186,-1.0000001192092896,163.35628303982116,100.0,0.0,0.0,11.750000543892384,0.30000001192092896
6003,292.4589964713311,0.0,147.83399647133135,129.0,0.0,0.0,15.325000319629908,0.30000001192092896
6004,197.2553414882826,0.0,119.20534148828263,68.69999998807907,0.0,0.0,8.750000342726707,0.6000000238418579
6005,316.04129326883753,0.0,166.41629326883734,140.19999992847443,0.0,0.0,7.3250002562999725,2.1000000834465027
6006,209.79639316730103,0.0,113.22139316730109,87.09999996423721,0.0,0.0,8.275000363588333,1.2000000476837158
6007,317.6895957625148,0.0,182.31459576251478,124.39999997615814,0.0,0.0,10.075000334531069,0.9000000357627869
6008,254.85113573649897,0.0,160.75113573649898,79.19999998807907,0.0,0.0,13.700000569224358,1.2000000476837158
6009,264.4819054346983,-1.0000001192092896,147.50690546450068,107.0,0.0,0.0,10.675000432878733,0.30000001192092896
6010,338.5165447298989,-1.0000001192092896,182.06654475970174,144.0,0.0,0.0,13.150000650435686,0.30000001192092896
6011,266.41199395968937,0.0,159.26199395968942,93.0,0.0,0.0,13.550000492483377,0.6000000238418579
6012,335.6391700165896,-1.0000001192092896,210.21417004639198,107.0,0.0,0.0,18.825000781565905,0.6000000238418579
6013,237.25525305126058,-1.0000001192092896,137.78025308106282,92.0,0.0,0.0,8.175000328570604,0.30000001192092896
6014,451.83650136097646,-1.0000001192092896,203.86150139077887,238.79999995231628,0.0,0.0,8.67500028014183,1.5000000596046448
6015,239.7247671078603,-1.0000001192092896,146.5247671376628,86.0,0.0,0.0,7.900000382214785,0.30000001192092896
6016,249.6393380899782,0.0,155.91433808997817,79.0,0.0,0.0,13.525000512599945,1.2000000476837158
6017,551.3588585863639,-1.0000001192092896,313.33385861616637,214.5,0.0,0.0,23.625000674277544,0.9000000357627869
6018,254.8625409796651,0.0,151.21254097966514,90.69999998807907,0.0,0.0,12.350000597536564,0.6000000238418579
6019,222.68074318899212,0.0,136.305743188992,75.0,0.0,0.0,10.775000408291817,0.6000000238418579
6020,351.2963615901163,0.0,195.021361590116,146.69999998807907,0.0,0.0,8.975000366568565,0.6000000238418579
6021,237.0729676674161,0.0,145.5229676674161,76.0,0.0,0.0,14.95000059902668,0.6000000238418579
6022,463.3134573533759,-1.0000001192092896,286.3384573831782,158.0,0.0,0.0,19.675000671297312,0.30000001192092896
6023,256.89565798093,-1.0000001192092896,154.84565801073234,88.0,0.0,0.0,14.750000406056643,0.30000001192092896
6024,244.56934538646254,0.0,144.7693453864625,85.0,0.0,0.0,14.500000551342964,0.30000001192092896
6025,330.22416374114067,0.0,184.0991637411409,136.0,0.0,0.0,9.825000379234552,0.30000001192092896
6026,273.89684284946514,0.0,167.4718428494651,93.0,0.0,0.0,12.825000554323196,0.6000000238418579
6027,332.20116953165245,0.0,193.40116953165264,128.79999995231628,0.0,0.0,8.500000312924385,1.5000000596046448
6028,277.52462270329204,0.0,168.09962270329203,92.69999998807907,0.0,0.0,15.825000628829002,0.9000000357627869
6029,369.2242273186021,-1.0000001192092896,183.3242273484043,168.0,0.0,0.0,18.600000862032175,0.30000001192092896
6030,341.6124012605601,-1.0000001192092896,183.7874012903623,149.0,0.0,0.0,9.525000307708979,0.30000001192092896
6031,240.3343640711209,0.0,147.65936407112073,77.5,0.0,0.0,14.275000631809235,0.9000000357627869
6032,225.04512216414255,-1.0000001192092896,123.77012219394479,92.0,0.0,0.0,9.975000459700823,0.30000001192092896
6033,201.78056312902453,-1.0000001192092896,111.630563158827,82.0,0.0,0.0,8.850000251084566,0.30000001192092896
6034,438.3463784235748,-1.0000001192092896,300.37137845337725,118.0,0.0,0.0,20.67500053718686,0.30000001192092896
6035,594.5383980831451,0.0,234.88839808314458,345.7999999523163,0.0,0.0,12.350000515580177,1.5000000596046448
6036,273.04549394819776,-1.0000001192092896,157.42049397799994,104.69999998807907,0.0,0.0,11.325000494718552,0.6000000238418579
6037,231.3083216110681,0.0,120.23332161106805,101.69999998807907,0.0,0.0,8.775000348687172,0.6000000238418579
6038,799.8357355264158,0.0,474.1607355264158,290.49999994039536,-6.0,0.0,38.775000892579556,2.4000000953674316
6039,344.4746437090375,-1.0000001192092896,134.32464373883917,202.39999997615814,0.0,0.0,7.850000470876694,0.9000000357627869
6040,353.47807219045217,0.0,185.028072190452,159.0,0.0,0.0,8.550000414252281,0.9000000357627869
6041,467.6575015583516,-1.0000001192092896,206.28250158815382,244.0999999642372,0.0,0.0,17.075000692158937,1.2000000476837158
6042,403.59801423472794,-1.0000001192092896,224.82301426453037,162.0,0.0,0.0,17.475000325590372,0.30000001192092896
6043,240.62948237115728,0.0,121.80448237115718,107.39999997615814,0.0,0.0,10.525000460445881,0.9000000357627869
6044,277.0238712880715,0.0,166.32387128807156,96.69999998807907,0.0,0.0,13.400000512599945,0.6000000238418579
6045,259.3545848132732,0.0,141.4045848132732,107.0,0.0,0.0,10.350000444799662,0.6000000238418579
6046,282.92789018132464,-1.0000001192092896,165.72789021112686,102.09999996423721,0.0,0.0,14.900000605732203,1.2000000476837158
6047,350.00943441188684,-1.0000001192092896,187.00943444168936,152.69999998807907,0.0,0.0,10.700000364333391,0.6000000238418579
6048,251.79807458170058,-1.0000001192092896,143.77307461150284,98.0,0.0,0.0,10.725000474601984,0.30000001192092896
6049,254.06038138342078,-1.0000001192092896,144.96038141322327,98.0,0.0,0.0,11.800000328570604,0.30000001192092896
6050,247.7138082297413,0.0,151.38880822974124,80.0,0.0,0.0,15.725000619888306,0.6000000238418579
6051,187.25333883025428,0.0,127.00333883025432,50.69999998807907,0.0,0.0,8.950000375509262,0.6000000238418579
6052,203.34872452371116,0.0,125.14872452371112,68.69999998807907,0.0,0.0,8.900000393390656,0.6000000238418579
6053,241.8784190438713,0.0,147.35341904387133,85.0,0.0,0.0,9.225000265985727,0.30000001192092896
6054,244.18652839704296,0.0,118.61152839704319,115.69999998807907,0.0,0.0,9.275000467896461,0.6000000238418579
6055,282.61601707871625,0.0,170.49101707871637,95.0,0.0,0.0,16.52500082552433,0.6000000238418579
6056,191.64333692370965,0.0,90.89333692370967,91.69999998807907,0.0,0.0,8.45000034570694,0.6000000238418579
6057,253.95967200378428,-1.0000001192092896,153.60967203358672,91.39999997615814,0.0,0.0,9.050000313669443,0.9000000357627869
6058,473.8759338941753,0.0,265.15093389417535,174.69999998807907,0.0,0.0,33.4249996393919,0.6000000238418579
6059,246.79358872433437,-1.0000001192092896,140.31858875413653,97.0,0.0,0.0,10.175000321120024,0.30000001192092896
6060,284.3340435402123,0.0,158.034043540212,116.09999996423721,0.0,0.0,9.000000447034836,1.2000000476837158
6061,311.985524649597,-1.0000001192092896,185.11052467939922,117.09999996423721,0.0,0.0,9.575000453740358,1.2000000476837158
6062,267.2828169445609,0.0,161.88281694456077,87.0,0.0,0.0,17.800000622868538,0.6000000238418579
6063,283.88763280878396,0.0,174.16263280878394,94.0,0.0,0.0,15.125000521540642,0.6000000238418579
6064,282.5995441120471,0.0,181.12454411204735,84.0,0.0,0.0,16.275000538676977,1.2000000476837158
6065,196.05248650280132,0.0,91.70248650280135,95.69999998807907,0.0,0.0,8.05000039935112,0.6000000238418579
6066,280.7523417419177,-1.0000001192092896,133.82734177171994,133.0,0.0,0.0,14.625000584870577,0.30000001192092896
6067,258.93032196200403,-1.0000001192092896,159.78032199180655,87.0,0.0,0.0,12.850000251084566,0.30000001192092896
6068,294.4830677089525,0.0,178.0330677089524,100.69999998807907,0.0,0.0,14.85000067949295,0.9000000357627869
6069,352.8847431756645,0.0,199.60974317566448,138.39999997615814,-6.0,0.0,19.3750004991889,1.5000000596046448
6070,260.08813483179864,0.0,154.18813483179866,93.69999998807907,0.0,0.0,11.300000593066216,0.9000000357627869
6071,261.0106191447698,0.0,156.06061914476982,91.0,0.0,0.0,13.350000470876694,0.6000000238418579
6072,341.92412260691145,0.0,182.92412260691137,144.39999997615814,0.0,0.0,13.700000628829002,0.9000000357627869
6073,239.67807179679244,0.0,145.10307179679236,81.0,0.0,0.0,12.975000560283661,0.6000000238418579
6074,251.97972053135197,0.0,149.0297205313519,91.0,0.0,0.0,11.350000485777855,0.6000000238418579
6075,358.3197806375698,0.0,200.36978063756985,148.0,0.0,0.0,9.050000369548798,0.9000000357627869
6076,321.74239618130775,-1.0000001192092896,165.34239621110984,141.8999999165535,0.0,0.0,13.100000578910112,2.4000000953674316
6077,214.04056317375267,0.0,115.84056317375264,88.39999997615814,0.0,0.0,8.900000363588333,0.9000000357627869
6078,258.00872222306754,-1.0000001192092896,159.9587222528697,89.0,0.0,0.0,9.75000037625432,0.30000001192092896
6079,484.57584501897196,0.0,257.15084501897195,214.29999995231628,-6.0,0.0,17.325000777840614,1.8000000715255737
6080,285.6822296032127,0.0,172.1322296032128,98.0,0.0,0.0,14.950000580400229,0.6000000238418579
6081,573.5513412701554,-1.0000001192092896,307.42634129995724,239.79999995231628,0.0,0.0,25.825000900775194,1.5000000596046448
6082,381.1972776135398,0.0,209.74727761353986,163.3999999165535,-7.5,0.0,12.550000458955765,3.0000001192092896
6083,294.00037700591974,-1.0000001192092896,162.45037703572223,120.09999996423721,0.0,0.0,11.25000049546361,1.2000000476837158
6084,249.10609566547384,-1.0000001192092896,156.88109569527617,82.0,0.0,0.0,10.925000369548798,0.30000001192092896
6085,262.69832501731247,0.0,156.94832501731247,89.69999998807907,0.0,0.0,15.450000569224358,0.6000000238418579
6086,189.90111438506332,0.0,92.4261143850633,88.69999998807907,0.0,0.0,8.175000354647636,0.6000000238418579
6087,210.24860189965236,-1.0000001192092896,114.4486019294547,88.0,0.0,0.0,8.500000391155481,0.30000001192092896
6088,311.1166851895266,0.0,163.04168518952676,139.69999998807907,0.0,0.0,7.475000262260437,0.9000000357627869
6089,252.11881952986877,0.0,133.69381952986885,109.69999998807907,0.0,0.0,8.125000357627869,0.6000000238418579
6090,242.82248584633393,0.0,148.34748584633402,79.0,0.0,0.0,14.875000551342964,0.6000000238418579
6091,201.98337608734053,0.0,103.95837608734053,87.69999998807907,0.0,0.0,9.72500042244792,0.6000000238418579
6092,286.1024362512358,0.0,169.32743625123592,96.69999998807907,0.0,0.0,19.475000828504562,0.6000000238418579
6093,253.5280163667284,0.0,149.57801636672832,92.0,0.0,0.0,11.650000426918268,0.30000001192092896
6094,210.07804095874133,0.0,116.05304095874145,84.09999996423721,0.0,0.0,8.725000202655792,1.2000000476837158
6095,290.48927673028993,-1.0000001192092896,158.2392767600924,124.69999998807907,0.0,0.0,7.950000364333391,0.6000000238418579
6096,255.09052808243362,0.0,144.4655280824335,100.0,0.0,0.0,10.025000438094139,0.6000000238418579
6097,237.55541697814948,0.0,143.53041697814945,79.0,0.0,0.0,14.425000563263893,0.6000000238418579
6098,211.10759245856687,0.0,108.20759245856686,94.69999998807907,0.0,0.0,7.600000277161598,0.6000000238418579
6099,377.66215286255147,-1.0000001192092896,202.16215289235348,167.69999998807907,0.0,0.0,8.20000046864152,0.6000000238418579
6100,252.44437615438994,0.0,152.41937615438994,82.0,0.0,0.0,17.72500041872263,0.30000001192092896
6101,355.0202613884958,0.0,175.77026138849564,168.19999992847443,0.0,0.0,8.950000375509262,2.1000000834465027
6102,261.6127865106835,0.0,172.76278651068347,75.69999998807907,0.0,0.0,12.550000611692667,0.6000000238418579
6103,354.28133744070317,0.0,201.08133744070324,144.0,0.0,0.0,8.90000033378601,0.30000001192092896
6104,365.6048323656177,-1.0000001192092896,167.3798323954199,186.69999998807907,0.0,0.0,11.925000499933958,0.6000000238418579
6105,361.2570144993196,-1.0000001192092896,178.85701452912198,171.0,0.0,0.0,12.100000474601984,0.30000001192092896
6106,442.8048905477906,0.0,242.02989054779067,177.5,0.0,0.0,22.0750007070601,1.2000000476837158
6107,241.58813918737508,0.0,149.18813918737501,80.19999998807907,0.0,0.0,11.00000049173832,1.2000000476837158
6108,252.5929327836703,0.0,131.1679327836705,111.59999996423721,0.0,0.0,8.325000405311584,1.5000000596046448
6109,280.0645178570524,0.0,164.8895178570524,101.0,0.0,0.0,13.575000613927841,0.6000000238418579
6110,235.82725246411067,0.0,147.82725246411064,71.5,0.0,0.0,15.600000634789467,0.9000000357627869
6111,295.8803167325268,0.0,172.9303167325267,112.0,0.0,0.0,10.35000042617321,0.6000000238418579
6112,270.61229154602717,-1.0000001192092896,134.56229157582928,126.0,0.0,0.0,10.750000525265932,0.30000001192092896
6113,240.95763854700553,0.0,144.63263854700563,85.0,0.0,0.0,11.025000516325235,0.30000001192092896
6114,435.692114215994,0.0,237.14211421599393,181.69999998807907,0.0,0.0,16.25000063702464,0.6000000238418579
6115,235.9902248856768,0.0,148.1652248856767,71.89999997615814,0.0,0.0,14.42500053346157,1.5000000596046448
6116,250.37941655901406,-1.0000001192092896,153.2794165888164,85.69999998807907,0.0,0.0,11.80000027269125,0.6000000238418579
6117,318.8978440713511,0.0,184.39784407135113,113.49999994039536,-3.0,0.0,21.600000500679016,2.4000000953674316
6118,222.19362021052592,-1.0000001192092896,142.11862024032817,71.0,0.0,0.0,9.775000426918268,0.30000001192092896
6119,214.67356302931015,-1.0000001192092896,138.57356305911247,67.69999998807907,0.0,0.0,8.800000507384539,0.6000000238418579
6120,284.52375757775695,-1.0000001192092896,176.0987576075595,99.0,0.0,0.0,10.12500025704503,0.30000001192092896
6121,451.4309042470172,-1.0000001192092896,225.80590427681952,213.69999998807907,0.0,0.0,12.325000207871199,0.6000000238418579
6122,234.94210817534105,-1.0000001192092896,124.66710820514334,101.69999998807907,0.0,0.0,8.975000370293856,0.6000000238418579
6123,346.2297285857703,-1.0000001192092896,167.8797286155727,169.39999997615814,0.0,0.0,9.05000040307641,0.9000000357627869
6124,191.13601157500455,0.0,107.38601157500437,74.69999998807907,0.0,0.0,8.450000360608101,0.6000000238418579
6125,232.40529962058557,0.0,144.4802996205855,73.5,0.0,0.0,13.52500056475401,0.9000000357627869
6126,272.8729059289845,-1.0000001192092896,174.77290595878682,85.0,0.0,0.0,13.800000507384539,0.30000001192092896
6127,264.73026724268743,0.0,165.6552672426876,84.0,0.0,0.0,14.175000488758087,0.9000000357627869
6128,451.84828438929827,0.0,209.99828438929848,230.8999999165535,0.0,0.0,8.55000039935112,2.4000000953674316
6129,269.9980628431056,0.0,160.64806284310552,92.69999998807907,0.0,0.0,16.050000578165054,0.6000000238418579
6130,232.88197644501173,0.0,112.58197644501169,110.39999997615814,0.0,0.0,9.000000584870577,0.9000000357627869
6131,240.64645599889414,-1.0000001192092896,140.82145602869625,86.69999998807907,0.0,0.0,13.525000620633364,0.6000000238418579
6132,309.5912796510808,0.0,169.7912796510807,119.0,0.0,0.0,20.500000521540642,0.30000001192092896
6133,236.29159306272368,-1.0000001192092896,144.66659309252591,83.0,0.0,0.0,9.325000394135714,0.30000001192092896
6134,239.72686257500382,0.0,114.92686257500387,111.69999998807907,0.0,0.0,12.500000607222319,0.6000000238418579
6135,243.37850664107052,0.0,149.30350664107058,79.69999998807907,0.0,0.0,13.475000530481339,0.9000000357627869
6136,477.7507079421132,-1.0000001192092896,309.07570797191545,154.49999994039536,0.0,0.0,13.075000558048487,2.1000000834465027
6137,232.24811378081668,0.0,144.5481137808166,72.5,0.0,0.0,14.300000462681055,0.9000000357627869
6138,280.08191797580446,0.0,171.7569179758042,96.0,0.0,0.0,12.025000352412462,0.30000001192092896
6139,397.45863232949705,0.0,206.23363232949683,174.39999997615814,0.0,0.0,15.925000570714474,0.9000000357627869
6140,331.747355988085,-1.0000001192092896,168.04735601788735,154.0999999642372,0.0,0.0,9.400000397115946,1.2000000476837158
6141,241.64656433006598,0.0,122.57156433006632,109.69999998807907,0.0,0.0,8.775000348687172,0.6000000238418579
6142,257.64526844032457,0.0,155.1452684403245,89.0,0.0,0.0,12.900000587105751,0.6000000238418579
6143,206.56312386934766,0.0,123.03812386934776,70.0,0.0,0.0,13.225000530481339,0.30000001192092896
6144,224.21902976272415,-1.0000001192092896,135.89402979252657,79.0,0.0,0.0,10.025000214576721,0.30000001192092896
6145,274.42904665098433,0.0,128.75404665098412,135.69999998807907,0.0,0.0,9.375000391155481,0.6000000238418579
6146,283.23659187609667,0.0,172.23659187609658,90.69999998807907,0.0,0.0,19.70000071823597,0.6000000238418579
6147,513.5172545397401,-1.0000001192092896,304.9672545695422,165.69999998807907,0.0,0.0,43.25000412017107,0.6000000238418579
6148,440.7350500945789,-1.0000001192092896,223.71005012438167,208.69999998807907,0.0,0.0,8.725000370293856,0.6000000238418579
6149,439.05140614822113,-1.0000001192092896,307.2014061780237,110.69999998807907,0.0,0.0,21.550000581890345,0.6000000238418579
6150,547.0817693344862,-1.0000001192092896,337.7067693642885,154.5,0.0,0.0,55.275000501424074,0.6000000238418579
6151,228.10341509922284,0.0,133.20341509922284,80.69999998807907,0.0,0.0,13.600000590085983,0.6000000238418579
6152,251.26986483208373,-1.0000001192092896,162.01986486188616,77.0,0.0,0.0,12.950000207871199,0.30000001192092896
6153,507.1090475710038,-1.0000001192092896,247.4590476008062,232.19999998807907,0.0,0.0,27.5500007905066,0.9000000357627869
6154,511.8228367992133,-1.0000001192092896,264.3728368290157,235.69999998807907,0.0,0.0,10.950000543147326,1.8000000715255737
6155,297.80086104740315,-1.0000001192092896,152.9258610772051,135.69999998807907,0.0,0.0,9.575000319629908,0.6000000238418579
6156,230.05969787518939,0.0,139.75969787518943,74.0,0.0,0.0,15.700000584125519,0.6000000238418579
6157,313.38850031743965,-1.0000001192092896,198.41350034724204,100.0,0.0,0.0,15.375000555068254,0.6000000238418579
6158,235.30162228463496,0.0,142.251622284635,78.0,0.0,0.0,14.450000554323196,0.6000000238418579
6159,305.0671574343258,-1.0000001192092896,168.267157464128,127.69999998807907,0.0,0.0,9.500000387430191,0.6000000238418579
6160,259.2268224994094,-1.0000001192092896,133.07682252921174,118.0,0.0,0.0,8.850000325590372,0.30000001192092896
6161,239.39489869200952,-1.0000001192092896,142.31989872181165,85.0,0.0,0.0,12.775000635534525,0.30000001192092896
6162,204.83484074944704,0.0,96.084840749447,99.0,0.0,0.0,9.450000446289778,0.30000001192092896
6163,221.4417553958009,-1.0000001192092896,136.0417554256033,74.0,0.0,0.0,12.100000455975533,0.30000001192092896
6164,287.0630802252292,-1.0000001192092896,170.2130802550315,108.0,0.0,0.0,9.550000239163637,0.30000001192092896
6165,237.87673383616934,0.0,126.05173383616933,100.69999998807907,0.0,0.0,10.525000389665365,0.6000000238418579
6166,252.5844582535431,0.0,156.33445825354312,80.5,0.0,0.0,14.850000604987144,0.9000000357627869
6167,311.00387089605056,-1.0000001192092896,173.62887092585288,126.39999997615814,0.0,0.0,11.07500046491623,0.9000000357627869
6168,493.10106495939436,-1.0000001192092896,227.17606498919614,257.7999999523163,0.0,0.0,7.625000316649675,1.5000000596046448
6169,330.39436752228363,-1.0000001192092896,210.369367552086,104.5,0.0,0.0,15.625000644475222,0.9000000357627869
6170,218.6013856595492,-1.0000001192092896,132.9763856893516,77.0,0.0,0.0,9.325000364333391,0.30000001192092896
6171,264.89496846653594,0.0,152.19496846653593,104.0,0.0,0.0,8.400000397115946,0.30000001192092896
6172,522.5160747676265,-1.0000001192092896,301.9160747974288,211.89999997615814,0.0,0.0,8.500000361353159,1.2000000476837158
6173,441.3717600963493,-1.0000001192092896,238.12176012615157,188.69999998807907,0.0,0.0,14.950000561773777,0.6000000238418579
6174,303.6357326187004,-1.0000001192092896,172.28573264850266,121.0,0.0,0.0,11.050000373274088,0.30000001192092896
6175,280.4319560768373,0.0,157.38195607683713,114.0,0.0,0.0,8.750000420957804,0.30000001192092896
6176,235.39533218914067,-1.0000001192092896,133.34533221894299,92.0,0.0,0.0,10.750000461935997,0.30000001192092896
6177,500.5575524487225,-1.0000001192092896,230.85755247852495,261.0,0.0,0.0,9.100000444799662,0.6000000238418579
6178,265.50246887467495,-1.0000001192092896,139.6774689044775,117.39999997615814,0.0,0.0,8.525000367313623,0.9000000357627869
6179,312.6117562673769,-1.0000001192092896,182.18675629717936,118.69999998807907,0.0,0.0,12.125000525265932,0.6000000238418579
6180,222.40889273014503,0.0,131.78389273014508,82.0,0.0,0.0,8.32500046864152,0.30000001192092896
6181,251.475072081635,0.0,126.12507208163488,112.0,0.0,0.0,13.050000604242086,0.30000001192092896
6182,349.9038345288474,0.0,199.5288345288475,138.69999998807907,0.0,0.0,11.075000628829002,0.6000000238418579
6183,486.46645408882534,0.0,245.81645408882534,228.19999998807907,0.0,0.0,11.550000548362732,0.9000000357627869
6184,238.66717796671236,0.0,144.9421779667123,77.0,0.0,0.0,16.125000726431608,0.6000000238418579
6185,225.83064014977344,0.0,110.1556401497735,104.09999996423721,0.0,0.0,10.375000350177288,1.2000000476837158
6186,291.3358196509559,0.0,180.3608196509559,96.0,0.0,0.0,13.775000602006912,1.2000000476837158
6187,378.4218877114659,0.0,233.0218877114659,114.69999998807907,0.0,0.0,30.400000408291817,0.30000001192092896
6188,234.52168953367348,0.0,145.02168953367357,78.0,0.0,0.0,11.200000409036875,0.30000001192092896
6189,242.22164791389747,-1.0000001192092896,120.29664794369977,113.0,0.0,0.0,9.625000286847353,0.30000001192092896
6190,355.2644103386827,0.0,206.83941033868282,129.3999999165535,0.0,0.0,16.32500073313713,2.7000001072883606
6191,384.11351527790225,0.0,244.13851527790214,118.69999998807907,0.0,0.0,20.075000770390034,1.2000000476837158
6192,235.65136606497012,0.0,142.6263660649701,77.0,0.0,0.0,15.42500065267086,0.6000000238418579
6193,247.39640051708415,-1.0000001192092896,144.7464005468864,92.39999997615814,0.0,0.0,10.350000470876694,0.9000000357627869
6194,272.3605911323138,-1.0000001192092896,148.86059116211584,116.0,0.0,0.0,8.200000334531069,0.30000001192092896
6195,248.80875385746722,0.0,169.7837538574673,69.39999997615814,0.0,0.0,8.125000301748514,1.5000000596046448
6196,215.4841847221823,0.0,129.63418472218234,73.39999997615814,0.0,0.0,11.550000473856926,0.9000000357627869
6197,321.7134203910028,-1.0000001192092896,169.53842042080507,140.39999997615814,0.0,0.0,11.875000528991222,0.9000000357627869
6198,192.46721574840922,0.0,86.99221574840924,94.69999998807907,0.0,0.0,10.175000578165054,0.6000000238418579
6199,499.23300925974013,-1.0000001192092896,284.4580092895425,201.0999999642372,0.0,0.0,13.4750004298985,1.2000000476837158
6200,373.9962382109845,-1.0000001192092896,213.44623824078698,149.69999998807907,0.0,0.0,11.250000510364771,0.6000000238418579
6201,480.4933277881193,0.0,252.31832778811975,198.8999999165535,0.0,0.0,26.87500001490116,2.4000000953674316
6202,255.5410800969556,0.0,153.51608009695573,85.69999998807907,0.0,0.0,15.425000578165054,0.9000000357627869
6203,623.2838590985683,0.0,356.40885909856837,251.3999999165535,0.0,0.0,12.475000575184822,3.0000001192092896
6204,185.03031245507492,0.0,111.83031245507487,62.69999998807907,0.0,0.0,9.900000497698784,0.6000000238418579
6205,215.45045467324076,0.0,127.72545467324059,78.0,0.0,0.0,9.425000358372927,0.30000001192092896
6206,303.19514804961125,0.0,180.8951480496112,107.0,0.0,0.0,15.000000566244125,0.30000001192092896

6207,236.28628705634438,0.0,146.3112870563444,75.5,0.0,0.0,13.575000524520874,0.9000000357627869
6208,263.3754089294794,-1.0000001192092896,142.90040895928172,110.0,0.0,0.0,11.175000574439764,0.30000001192092896
6209,184.4811999411644,0.0,90.48119994116433,84.39999997615814,0.0,0.0,8.700000405311584,0.9000000357627869
6210,300.95659690379887,-1.0000001192092896,179.90659693360098,113.0,0.0,0.0,8.750000406056643,0.30000001192092896
6211,224.3613168814601,0.0,138.61131688146017,72.69999998807907,0.0,0.0,12.150000423192978,0.9000000357627869
6212,225.9008642915155,0.0,132.75086429151543,83.0,0.0,0.0,9.85000042244792,0.30000001192092896
6213,232.6584028920384,0.0,144.58340289203846,74.39999997615814,0.0,0.0,12.475000515580177,1.2000000476837158
6214,212.45358842231923,0.0,126.37858842231914,76.69999998807907,0.0,0.0,8.775000408291817,0.6000000238418579
6215,293.6861633328163,0.0,143.7361633328164,140.39999997615814,0.0,0.0,8.650000303983688,0.9000000357627869
6216,182.3715799381445,-1.0000001192092896,97.12157996794673,76.0,0.0,0.0,9.950000379234552,0.30000001192092896
6217,245.03460163501157,0.0,127.30960163501148,109.0,0.0,0.0,8.425000414252281,0.30000001192092896
6218,286.76894874618165,0.0,158.89394874618165,114.99999988079071,0.0,0.0,8.975000351667404,3.9000001549720764
6219,263.8728173787834,0.0,155.7478173787834,94.0,0.0,0.0,13.82500059902668,0.30000001192092896
6220,466.3223346268666,0.0,264.79733462686687,183.69999998807907,0.0,0.0,17.22500029578805,0.6000000238418579
6221,256.55748930562646,-1.0000001192092896,158.33248933542887,90.0,0.0,0.0,8.92500040307641,0.30000001192092896
6222,349.7507027666399,0.0,188.95070276663972,148.39999997615814,0.0,0.0,11.500000450760126,0.9000000357627869
6223,213.87613187933619,-1.0000001192092896,122.37613190913844,84.0,0.0,0.0,8.20000023022294,0.30000001192092896
6224,397.65559935861006,0.0,237.9055993586103,141.69999998807907,0.0,0.0,17.45000096037984,0.6000000238418579
6225,446.3740619092777,0.0,236.6740619092774,197.19999992847443,0.0,0.0,10.100000437349081,2.4000000953674316
6226,444.47615514505895,0.0,271.9511551450591,147.79999995231628,0.0,0.0,23.225000888109207,1.5000000596046448
6227,217.027958676227,0.0,132.12795867622702,69.5,0.0,0.0,14.200000628829002,1.2000000476837158
6228,226.19146351041118,-1.0000001192092896,141.9914635402136,76.0,0.0,0.0,8.900000292807817,0.30000001192092896
6229,251.61239189246237,0.0,153.91239189246232,82.0,0.0,0.0,15.100000586360693,0.6000000238418579
6230,236.83328426746212,0.0,129.85828426746218,98.0,0.0,0.0,8.675000354647636,0.30000001192092896
6231,268.82252045308564,-1.0000001192092896,160.97252048288786,98.69999998807907,0.0,0.0,9.550000388175249,0.6000000238418579
6232,361.4821139576502,0.0,231.3321139576501,107.5,-1.5,0.0,23.25000098720193,0.9000000357627869
6233,219.95378808999942,0.0,142.92878808999927,63.5,0.0,0.0,12.025000527501106,1.5000000596046448
6234,213.41018369501361,0.0,107.08518369501357,93.69999998807907,0.0,0.0,12.025000438094139,0.6000000238418579
6235,453.47906097364876,-1.0000001192092896,284.3040610034511,158.69999998807907,0.0,0.0,10.875000435858965,0.6000000238418579
6236,230.4507648967185,0.0,139.2757648967186,77.0,0.0,0.0,13.575000539422035,0.6000000238418579
6237,505.0417745144246,0.0,313.8667745144247,166.39999997615814,-9.0,0.0,32.27500053495169,1.5000000596046448
6238,416.1056729745545,-1.0000001192092896,208.18067300435666,187.89999997615814,0.0,0.0,19.825000420212746,1.2000000476837158
6239,332.02793662456133,-1.0000001192092896,209.67793665436386,109.5,0.0,0.0,13.250000562518835,0.6000000238418579
6240,277.8682221534981,0.0,158.89322215349804,107.69999992847443,0.0,0.0,8.275000512599945,3.0000001192092896
6241,387.537950421458,0.0,169.41295042145777,208.39999997615814,0.0,0.0,8.825000375509262,0.9000000357627869
6242,166.78685818829737,0.0,82.08685818829738,75.39999997615814,0.0,0.0,8.400000486522913,0.9000000357627869
6243,253.39197694350375,-1.0000001192092896,134.516976973306,110.0,0.0,0.0,9.575000289827585,0.30000001192092896
6244,324.45732885260475,0.0,177.93232885260468,136.69999998807907,-4.5,0.0,13.125000584870577,1.2000000476837158
6245,343.89759751876034,-1.0000001192092896,146.34759754856273,190.0,0.0,0.0,8.250000361353159,0.30000001192092896
6246,292.14346634484,0.0,129.0184663448402,153.0999999642372,0.0,0.0,8.825000405311584,1.2000000476837158
6247,228.24914093489264,0.0,125.24914093489251,92.49999994039536,0.0,0.0,8.70000034570694,1.8000000715255737
6248,336.51546225763985,0.0,173.59046225763984,144.5999999642372,-1.5,0.0,18.32500060275197,1.5000000596046448
6249,231.48224587489844,0.0,137.73224587489847,82.0,0.0,0.0,11.15000057220459,0.6000000238418579
6250,231.93363787982122,-1.0000001192092896,120.2836379096236,102.0,0.0,0.0,10.350000474601984,0.30000001192092896
6251,232.16827968509273,0.0,130.61827968509277,92.0,0.0,0.0,9.250000409781933,0.30000001192092896
6252,367.6852693649704,0.0,193.03526936497065,165.69999998807907,0.0,0.0,8.350000411272049,0.6000000238418579
6253,239.47621900378238,0.0,151.3762190037823,78.09999996423721,0.0,0.0,8.80000040307641,1.2000000476837158
6254,242.50323811138136,0.0,121.17823811138142,112.69999998807907,0.0,0.0,8.025000471621752,0.6000000238418579
6255,179.13682748745373,0.0,94.08682748745389,75.39999997615814,0.0,0.0,8.750000417232513,0.9000000357627869
6256,229.60469664585284,0.0,143.1046966458528,72.5,0.0,0.0,13.100000500679016,0.9000000357627869
6257,230.5647213849963,0.0,138.7397213849963,76.0,0.0,0.0,15.22500067949295,0.6000000238418579
6258,332.70705871944716,-1.0000001192092896,207.7320587492494,103.0,0.0,0.0,22.675000373274088,0.30000001192092896
6259,377.21682807874726,-1.0000001192092896,192.19182810854974,173.0,0.0,0.0,12.725000474601984,0.30000001192092896
6260,185.15395402848358,0.0,99.05395402848356,76.69999998807907,0.0,0.0,8.800000369548798,0.6000000238418579
6261,217.23250978775718,0.0,136.60750978775715,66.0,0.0,0.0,14.025000527501106,0.6000000238418579
6262,245.98337585482602,0.0,176.0083758548259,61.0,0.0,0.0,8.675000313669443,0.30000001192092896
6263,511.42472405523796,0.0,295.7497240552379,178.8999999165535,-3.0,0.0,36.77499948441982,3.0000001192092896
6264,170.85619999095383,0.0,91.03119999095377,70.69999998807907,0.0,0.0,8.525000363588333,0.6000000238418579
6265,225.53937363567752,0.0,136.63937363567757,75.0,0.0,0.0,13.30000053346157,0.6000000238418579
6266,226.64329187823063,0.0,117.54329187823056,99.39999997615814,0.0,0.0,8.800000339746475,0.9000000357627869
6267,273.09838544105753,0.0,168.19838544105758,90.0,0.0,0.0,14.300000540912151,0.6000000238418579
6268,255.6225590927986,-1.0000001192092896,152.57255912260084,94.0,0.0,0.0,9.750000406056643,0.30000001192092896
6269,151.44007411340453,-1.0000001192092896,83.01507414320699,60.0,0.0,0.0,9.125000409781933,0.30000001192092896
6270,250.81780561462372,-1.0000001192092896,145.942805644426,95.0,0.0,0.0,10.575000379234552,0.30000001192092896
6271,371.30728753174776,-1.0000001192092896,172.2322875615501,189.69999998807907,0.0,0.0,9.775000412017107,0.6000000238418579
6272,217.30152601007313,-1.0000001192092896,133.67652603987563,75.0,0.0,0.0,9.325000438839197,0.30000001192092896
6273,265.4505449271321,0.0,160.550544927132,90.0,0.0,0.0,14.300000578165054,0.6000000238418579
6274,352.74302379836024,0.0,203.86802379836038,131.89999997615814,0.0,0.0,15.775000382214785,1.2000000476837158
6275,180.505933815988,0.0,99.58093381598796,71.69999998807907,0.0,0.0,8.625000312924385,0.6000000238418579
6276,268.8574562965627,-1.0000001192092896,162.132456326365,95.0,0.0,0.0,12.425000328570604,0.30000001192092896
6277,225.61071093473512,-1.0000001192092896,119.13571096453744,97.69999998807907,0.0,0.0,9.175000358372927,0.6000000238418579
6278,205.88423260967093,0.0,97.93423260967086,98.0,0.0,0.0,9.650000479072332,0.30000001192092896
6279,202.99340454872123,-1.0000001192092896,126.06840457852363,67.69999998807907,0.0,0.0,9.625000391155481,0.6000000238418579
6280,193.0745668745319,0.0,90.74956687453187,92.69999998807907,0.0,0.0,9.02500031888485,0.6000000238418579
6281,192.70790536903593,0.0,82.55790536903586,100.69999998807907,0.0,0.0,8.85000030696392,0.6000000238418579
6282,359.4445957203464,0.0,175.2695957203464,172.8999999165535,0.0,0.0,8.875000342726707,2.4000000953674316
6283,298.74224492891466,-1.0000001192092896,167.0922449587169,124.0,0.0,0.0,8.350000400096178,0.30000001192092896
6284,252.15763883341472,0.0,149.18263883341467,89.0,0.0,0.0,13.675000593066216,0.30000001192092896
6285,267.43694183317797,0.0,160.61194183317818,92.0,0.0,0.0,14.225000526756048,0.6000000238418579
6286,200.09400432744678,-1.0000001192092896,138.61900435724897,50.69999998807907,0.0,0.0,11.175000429153442,0.6000000238418579
6287,206.36022343705787,0.0,94.78522343705777,99.0,0.0,0.0,12.275000587105751,0.30000001192092896
6288,271.80504447176844,0.0,163.7300444717684,93.69999998807907,0.0,0.0,13.475000485777855,0.9000000357627869
6289,223.78311336375089,0.0,144.65811336375089,66.0,0.0,0.0,11.925000548362732,1.2000000476837158
6290,285.1266211675299,0.0,169.05162116752987,102.0,0.0,0.0,13.475000441074371,0.6000000238418579
6291,272.14115926079995,-1.0000001192092896,151.09115929060218,112.0,0.0,0.0,9.750000361353159,0.30000001192092896
6292,282.67467937452113,0.0,136.44967937452134,138.0,0.0,0.0,7.925000313669443,0.30000001192092896
6293,266.047922845622,0.0,170.89792284562188,85.09999996423721,0.0,0.0,8.850000325590372,1.2000000476837158
6294,481.69816233003735,-1.0000001192092896,217.09816235983982,249.0999999642372,0.0,0.0,15.300000626593828,1.2000000476837158
6295,322.4329327587531,-1.0000001192092896,169.63293278855522,141.69999998807907,0.0,0.0,11.50000049173832,0.6000000238418579
6296,271.4641175226885,0.0,162.63911752268854,94.0,0.0,0.0,14.225000515580177,0.6000000238418579
6297,395.89921522433576,-1.0000001192092896,178.99921525413768,209.0,0.0,0.0,8.300000447779894,0.6000000238418579
6298,452.8111310871466,-1.0000001192092896,215.08613111694848,229.0,0.0,0.0,9.425000373274088,0.30000001192092896
6299,341.3446547986675,-1.0000001192092896,206.4946548284699,124.0,0.0,0.0,11.250000450760126,0.6000000238418579
6300,239.86983881080224,-1.0000001192092896,149.64483884060445,80.0,0.0,0.0,10.925000224262476,0.30000001192092896
6301,331.0089278078855,-1.0000001192092896,178.8839278376875,141.69999998807907,0.0,0.0,10.825000394135714,0.6000000238418579
6302,279.77061315909066,0.0,141.17061315909046,125.0,0.0,0.0,13.30000051856041,0.30000001192092896
6303,204.35203571605274,0.0,116.45203571605275,77.09999996423721,0.0,0.0,9.600000388920307,1.2000000476837158
6304,200.87952346552126,0.0,107.22952346552125,83.49999994039536,0.0,0.0,8.35000030696392,1.8000000715255737
6305,232.5448520902307,0.0,121.99485209023065,101.09999996423721,0.0,0.0,8.250000283122063,1.2000000476837158
6306,360.94020909814185,-1.0000001192092896,189.4902091279441,153.39999997615814,0.0,0.0,18.15000044181943,0.9000000357627869
6307,272.7008965550029,0.0,165.15089655500296,94.0,0.0,0.0,12.950000643730164,0.6000000238418579
6308,279.48988196361483,0.0,167.4398819636148,97.0,0.0,0.0,14.450000569224358,0.6000000238418579
6309,319.82294102134705,0.0,167.47294102134725,140.0999999642372,0.0,0.0,11.050000447779894,1.2000000476837158
6310,276.28622878840474,0.0,171.68622878840478,91.0,0.0,0.0,13.000000454485416,0.6000000238418579
6311,237.09457284932392,-1.0000001192092896,153.66957287912635,72.0,0.0,0.0,12.125000197440386,0.30000001192092896
6312,236.6781406726876,-1.0000001192092896,138.32814070248986,83.0,0.0,0.0,16.05000064149499,0.30000001192092896
6313,224.62163275331068,-1.0000001192092896,138.84663278311302,76.0,0.0,0.0,10.475000444799662,0.30000001192092896
6314,262.906808008519,0.0,163.081808008519,82.5,0.0,0.0,16.42500054091215,0.9000000357627869
6315,315.2640219253122,-1.0000001192092896,161.11402195511442,142.69999998807907,0.0,0.0,11.850000400096178,0.6000000238418579
6316,239.50844385425555,0.0,123.80844385425544,101.0,0.0,0.0,14.400000736117363,0.30000001192092896
6317,448.31366108441813,-1.0000001192092896,274.18866111422017,144.69999998807907,0.0,0.0,29.824999932199717,0.6000000238418579
6318,239.1168451269036,0.0,144.2168451269036,81.0,0.0,0.0,13.300000548362732,0.6000000238418579
6319,332.7129735418656,-1.0000001192092896,211.98797357166845,110.39999997615814,0.0,0.0,10.425000373274088,0.9000000357627869
6320,313.9132238984654,0.0,179.71322389846543,122.0,0.0,0.0,11.600000590085983,0.6000000238418579
6321,274.6561274551107,0.0,158.48112745511057,104.39999997615814,0.0,0.0,10.875000346451998,0.9000000357627869
6322,297.81538907071706,-1.0000001192092896,163.24038910051922,126.0,0.0,0.0,9.275000352412462,0.30000001192092896
6323,326.364722399261,0.0,193.7397223992612,123.09999996423721,0.0,0.0,8.32500034570694,1.2000000476837158
6324,225.68595723493448,0.0,133.86095723493446,76.0,0.0,0.0,15.525000512599945,0.30000001192092896
6325,173.4687318712758,0.0,85.09373187127585,78.69999998807907,0.0,0.0,9.075000435113907,0.6000000238418579
6326,372.4496199578571,-1.0000001192092896,198.94961998765928,165.69999998807907,0.0,0.0,8.200000289827585,0.6000000238418579
6327,247.61077640937617,0.0,172.01077640937623,61.0,0.0,0.0,14.300000786781311,0.30000001192092896
6328,209.04980800899077,-1.0000001192092896,133.1998080387931,67.0,0.0,0.0,9.550000492483377,0.30000001192092896
6329,262.8615075610149,0.0,161.33650756101488,86.0,0.0,0.0,14.92500051856041,0.6000000238418579
6330,297.3442640640194,0.0,183.96926406401948,98.0,0.0,0.0,14.775000631809235,0.6000000238418579
6331,286.06543151747354,0.0,145.0904315174735,130.0,0.0,0.0,10.675000417977571,0.30000001192092896
6332,280.2588065824848,0.0,167.83380658248456,96.69999998807907,0.0,0.0,15.125000566244125,0.6000000238418579
6333,191.7257839766294,0.0,100.02578397662934,82.39999997615814,0.0,0.0,8.400000363588333,0.9000000357627869
6334,227.2894555917947,0.0,141.46445559179472,71.5,0.0,0.0,13.425000622868538,0.9000000357627869
6335,198.22218815253473,-1.0000001192092896,102.32218818233704,89.0,0.0,0.0,7.600000340491533,0.30000001192092896
6336,285.7299668426595,-1.0000001192092896,169.4799668724616,104.0,0.0,0.0,12.950000289827585,0.30000001192092896
6337,233.4785101273446,0.0,141.02851012734462,81.0,0.0,0.0,10.850000362843275,0.6000000238418579
6338,224.69984795691516,0.0,137.8248479569152,76.69999998807907,0.0,0.0,9.275000348687172,0.9000000357627869
6339,236.13798136812764,0.0,144.51298136812758,77.0,0.0,0.0,14.025000631809235,0.6000000238418579
6340,193.2536436549716,0.0,90.87864365497151,93.69999998807907,0.0,0.0,8.075000405311584,0.6000000238418579
6341,373.6289482582875,0.0,237.12894825828747,116.19999998807907,-4.5,0.0,23.600001081824303,1.2000000476837158
6342,251.76294851267727,0.0,129.5629485126773,112.69999998807907,0.0,0.0,8.900000438094139,0.6000000238418579
6343,345.5430022980931,0.0,137.5180022980931,197.79999995231628,0.0,0.0,8.72500030696392,1.5000000596046448
6344,234.1587990735703,-1.0000001192092896,140.30879910337262,85.0,0.0,0.0,9.550000388175249,0.30000001192092896
6345,239.84269742105954,0.0,144.39269742105967,77.69999998807907,0.0,0.0,16.850000575184822,0.9000000357627869
6346,411.34800751609254,-1.0000001192092896,209.52300754589453,185.69999998807907,0.0,0.0,16.525000620633364,0.6000000238418579
6347,244.07972466133347,0.0,130.62972466133346,103.0,0.0,0.0,10.1500004529953,0.30000001192092896
6348,261.96938282763307,0.0,155.99438282763316,93.0,0.0,0.0,12.37500050663948,0.6000000238418579
6349,469.5284039041815,0.0,224.32840390418107,230.79999995231628,0.0,0.0,12.900000438094139,1.5000000596046448
6350,242.93097561453305,0.0,147.830975614533,80.0,0.0,0.0,14.500000569969416,0.6000000238418579
6351,327.69542260559774,0.0,197.94542260559757,118.79999995231628,0.0,0.0,9.450000330805779,1.5000000596046448
6352,291.6148187065805,-1.0000001192092896,172.38981873638278,106.0,0.0,0.0,13.924999926239252,0.30000001192092896
6353,244.91262134139512,0.0,149.18762134139524,78.5,0.0,0.0,16.32500072568655,0.9000000357627869
6354,343.66864229018915,-1.0000001192092896,201.81864231999168,132.0999999642372,0.0,0.0,9.550000388175249,1.2000000476837158
6355,193.2761680336013,-1.0000001192092896,120.00116806340355,65.0,0.0,0.0,8.975000325590372,0.30000001192092896
6356,251.55894905679247,-1.0000001192092896,140.458949086595,97.69999998807907,0.0,0.0,13.800000596791506,0.6000000238418579
6357,248.00071198852402,0.0,153.10071198852407,78.5,0.0,0.0,15.50000062957406,0.9000000357627869
6358,228.8115734554315,-1.0000001192092896,122.73657348523368,97.09999996423721,0.0,0.0,8.775000486522913,1.2000000476837158
6359,270.4648187297938,0.0,163.1398187297938,91.0,0.0,0.0,15.72500067949295,0.6000000238418579
6360,238.81171557312902,0.0,151.61171557312898,73.19999998807907,0.0,0.0,12.800000384449959,1.2000000476837158
6361,237.59217811031195,0.0,122.31717811031179,106.69999998807907,0.0,0.0,7.975000351667404,0.6000000238418579
6362,275.63478234826675,0.0,171.40978234826682,88.0,0.0,0.0,15.625000584870577,0.6000000238418579
6363,634.6556282447578,0.0,328.130628244757,296.7999999523163,0.0,0.0,8.22500042617321,1.5000000596046448
6364,245.51289520459378,0.0,152.8878952045939,74.5,0.0,0.0,16.925000593066216,1.2000000476837158
6365,255.87790331600488,-1.0000001192092896,148.8029033458071,96.0,0.0,0.0,11.775000240653753,0.30000001192092896
6366,223.39294226256456,-1.0000001192092896,127.96794229236671,87.0,0.0,0.0,9.125000327825546,0.30000001192092896
6367,265.70405552376866,0.0,131.95405552376866,121.0,0.0,0.0,12.450000446289778,0.30000001192092896
6368,209.73713183971722,-1.0000001192092896,138.2871318695195,63.0,0.0,0.0,9.150000277906656,0.30000001192092896
6369,464.88270359127864,0.0,289.98270359127866,129.79999995231628,0.0,0.0,43.600001607090235,1.5000000596046448
6370,284.5900658891109,0.0,173.440065889111,93.69999998807907,0.0,0.0,16.550000622868538,0.9000000357627869
6371,258.03900151544343,0.0,153.83900151544339,91.0,0.0,0.0,12.600000530481339,0.6000000238418579
6372,219.29428367288517,-1.0000001192092896,134.61928370268745,76.0,0.0,0.0,9.375000406056643,0.30000001192092896
6373,463.30841154676995,0.0,198.3834115467702,256.69999998807907,0.0,0.0,7.62500037252903,0.6000000238418579
6374,437.6706563303935,0.0,244.32065633039383,172.49999994039536,-7.5,0.0,25.950001120567322,2.4000000953674316
6375,387.1079523905999,-1.0000001192092896,223.6079524204022,153.0,0.0,0.0,11.20000034943223,0.30000001192092896
6376,289.89905694802326,0.0,179.27405694802326,95.0,0.0,0.0,15.025000587105751,0.6000000238418579
6377,463.34153093717117,0.0,200.06653093717054,251.9999998807907,0.0,0.0,7.9750004559755325,3.3000001311302185
6378,372.68323173366593,-1.0000001192092896,227.05823176346823,127.0,0.0,0.0,19.32500073686242,0.30000001192092896
6379,319.2016707483996,-1.0000001192092896,184.07667077820187,123.0,0.0,0.0,12.825000543147326,0.30000001192092896
6380,256.9755139800493,0.0,152.85051398004921,94.09999996423721,0.0,0.0,8.82500047981739,1.2000000476837158
6381,467.85650556278586,-1.0000001192092896,265.50650559258816,193.39999997615814,0.0,0.0,9.050000373274088,0.9000000357627869
6382,242.25139110233587,0.0,151.80139110233577,74.5,0.0,0.0,15.050000548362732,0.9000000357627869
6383,424.75942953433884,0.0,231.93442953433902,163.19999998807907,-1.5,0.0,30.225000895559788,0.9000000357627869
6384,437.9096518511757,0.0,240.9596518511757,187.69999998807907,0.0,0.0,8.350000396370888,0.9000000357627869
6385,332.3440606747737,0.0,180.09406067477406,142.0,0.0,0.0,9.950000364333391,0.30000001192092896
6386,312.2145281299124,0.0,178.11452812991251,121.0,0.0,0.0,12.800000298768282,0.30000001192092896
6387,243.20717373506625,0.0,148.98217373506625,78.5,0.0,0.0,14.525000553578138,1.2000000476837158
6388,255.87301877716874,0.0,157.09801877716876,85.0,0.0,0.0,13.175000607967377,0.6000000238418579
6389,386.4413789696693,-1.0000001192092896,192.4913789994715,185.69999998807907,0.0,0.0,8.650000307708979,0.6000000238418579
6390,219.96383615359886,-1.0000001192092896,146.58883618340124,63.0,0.0,0.0,11.075000379234552,0.30000001192092896
6391,191.53934759064407,0.0,107.31434759064405,71.69999998807907,0.0,0.0,11.925000548362732,0.6000000238418579
6392,225.50741193715083,0.0,139.13241193715086,76.09999996423721,0.0,0.0,9.075000435113907,1.2000000476837158
6393,351.51887023176886,-1.0000001192092896,173.5438702615714,168.69999998807907,0.0,0.0,9.675000447779894,0.6000000238418579
6394,256.8303495628758,0.0,155.93034956287582,86.69999998807907,0.0,0.0,13.600000590085983,0.6000000238418579
6395,440.53604586618474,-1.0000001192092896,231.41104589598712,198.19999992847443,0.0,0.0,9.825000394135714,2.1000000834465027
6396,262.0591774171824,0.0,156.75917741718243,89.0,0.0,0.0,15.700000643730164,0.6000000238418579
6397,215.02759026912366,0.0,119.30259026912367,85.0,0.0,0.0,10.425000239163637,0.30000001192092896
6398,383.0193149729101,0.0,215.71931497290973,151.79999995231628,0.0,0.0,14.0000006146729,1.5000000596046448
6399,175.22203864915542,0.0,86.34703864915546,78.69999998807907,0.0,0.0,9.575000453740358,0.6000000238418579
6400,323.996496685164,0.0,205.1464966851642,107.59999990463257,0.0,0.0,8.55000028014183,2.7000001072883606
6401,167.7192532127081,0.0,93.91925321270804,64.69999998807907,0.0,0.0,8.200000420212746,0.9000000357627869
6402,228.92565972833032,0.0,138.20065972833024,75.69999998807907,0.0,0.0,14.125000521540642,0.9000000357627869
6403,275.64685743496807,0.0,138.6468574349681,121.39999997615814,0.0,0.0,14.700000587850809,0.9000000357627869
6404,248.5200543837216,0.0,151.4200543837217,81.0,0.0,0.0,15.5000006146729,0.6000000238418579
6405,360.3325935686248,0.0,195.35759356862482,141.0,0.0,0.0,23.674999866634607,0.30000001192092896
6406,258.1678235174837,0.0,153.86782351748374,92.69999998807907,0.0,0.0,10.700000405311584,0.9000000357627869
6407,240.13642442969862,0.0,130.96142442969855,98.0,0.0,0.0,10.875000514090061,0.30000001192092896
6408,433.0513173187091,0.0,225.35131731870922,195.69999998807907,0.0,0.0,11.400000508874655,0.6000000238418579
6409,269.8069900507672,0.0,129.70699005076736,129.79999995231628,0.0,0.0,8.500000387430191,1.8000000715255737
6410,222.00554781385026,0.0,116.40554781385023,97.0,0.0,0.0,8.300000250339508,0.30000001192092896
6411,211.87687680660065,-1.0000001192092896,115.17687683640287,86.39999997615814,0.0,0.0,10.40000020712614,0.9000000357627869
6412,340.2468191596831,0.0,208.4718191596833,116.69999998807907,0.0,0.0,14.175000615417957,0.9000000357627869
6413,246.64926373977428,0.0,130.67426373977418,105.79999995231628,0.0,0.0,8.675000339746475,1.5000000596046448
6414,243.54683465296324,0.0,150.17183465296313,78.0,0.0,0.0,14.775000546127558,0.6000000238418579
6415,310.3512798641595,-1.0000001192092896,189.30127989396166,105.0,0.0,0.0,16.750000674277544,0.30000001192092896
6416,254.96870053794157,-1.0000001192092896,154.24370056774396,88.49999994039536,0.0,0.0,11.425000488758087,1.8000000715255737
6417,215.64478730653775,-1.0000001192092896,136.06978733634008,70.0,0.0,0.0,10.275000471621752,0.30000001192092896
6418,275.2029216546713,-1.0000001192092896,178.22792168447364,87.0,0.0,0.0,10.675000429153442,0.30000001192092896
6419,351.90232950449075,-1.0000001192092896,192.00232953429276,149.39999997615814,0.0,0.0,10.600000366568565,0.9000000357627869
6420,251.25427379346874,0.0,161.50427379346868,77.89999997615814,0.0,0.0,10.350000381469727,1.5000000596046448
6421,224.83900920795205,-1.0000001192092896,124.58900923775414,86.69999998807907,0.0,0.0,13.950000647455454,0.6000000238418579
6422,230.21720400252627,0.0,137.91720400252615,81.0,0.0,0.0,11.000000402331352,0.30000001192092896
6423,210.26252414283405,-1.0000001192092896,101.81252417263637,99.0,0.0,0.0,10.150000412017107,0.30000001192092896
6424,244.93413465120068,0.0,152.83413465120077,76.5,0.0,0.0,14.100000590085983,1.5000000596046448
6425,206.2278778003964,0.0,124.97787780039636,67.0,0.0,0.0,13.65000057220459,0.6000000238418579
6426,237.67225803573834,0.0,144.82225803573843,76.5,0.0,0.0,15.450000669807196,0.9000000357627869
6427,206.6131490337292,0.0,115.66314903372921,79.8999999165535,0.0,0.0,8.650000378489494,2.4000000953674316
6428,355.56738589489464,0.0,186.34238589489425,158.5999999642372,0.0,0.0,9.125000387430191,1.5000000596046448
6429,229.42627314567164,0.0,136.45127314567168,77.69999998807907,0.0,0.0,14.675000593066216,0.6000000238418579
6430,292.92357523178123,-1.0000001192092896,164.5235752615836,118.0,0.0,0.0,11.100000493228436,0.30000001192092896
6431,226.29008537353673,0.0,140.06508537353676,69.5,0.0,0.0,16.12500049173832,0.6000000238418579
6432,229.30462453305358,0.0,137.6046245330536,76.0,0.0,0.0,15.100000604987144,0.6000000238418579
6433,278.81204228006084,0.0,168.16204228006086,96.69999998807907,0.0,0.0,12.750000551342964,1.2000000476837158
6434,249.1345069040822,0.0,158.03450690408218,79.0,0.0,0.0,11.800000321120024,0.30000001192092896
6435,178.84709967390796,0.0,96.09709967390792,75.0,0.0,0.0,7.4500002562999725,0.30000001192092896
6436,268.7595862668647,0.0,121.43458626686454,138.39999997615814,0.0,0.0,8.025000303983688,0.9000000357627869
6437,342.11456442670345,-1.0000001192092896,217.93956445650545,106.0,0.0,0.0,18.875000271946192,0.30000001192092896
6438,366.5627765726958,-1.0000001192092896,222.887776602498,134.0,0.0,0.0,10.375000435858965,0.30000001192092896
6439,302.81668948121046,0.0,165.5166894812106,126.29999995231628,-3.0,0.0,12.200000528246164,1.8000000715255737
6440,254.7697645025434,0.0,122.49476450254353,120.0,0.0,0.0,11.975000604987144,0.30000001192092896
6441,253.58196877764982,-1.0000001192092896,140.78196880745196,101.0,0.0,0.0,12.500000540167093,0.30000001192092896
6442,243.8346842668087,-1.0000001192092896,131.53468429661083,104.0,0.0,0.0,9.000000361353159,0.30000001192092896
6443,336.98665700260915,0.0,223.28665700260922,100.69999998807907,0.0,0.0,12.4000004529953,0.6000000238418579
6444,244.63490556186304,-1.0000001192092896,136.70990559166538,99.0,0.0,0.0,9.625000279396772,0.30000001192092896
6445,231.1965096181818,-1.0000001192092896,147.07150964798421,76.0,0.0,0.0,8.825000319629908,0.30000001192092896
6446,550.1706574302528,-1.0000001192092896,309.1456574600552,212.49999994039536,0.0,0.0,27.425001103430986,2.1000000834465027
6447,437.40284083410097,-1.0000001192092896,263.2028408639032,155.0,0.0,0.0,19.900000501424074,0.30000001192092896
6448,267.7021365988431,0.0,159.47713659884312,92.0,0.0,0.0,15.625000610947609,0.6000000238418579
6449,388.1508330093059,0.0,244.90083300930613,129.0,0.0,0.0,13.950000543147326,0.30000001192092896
6450,268.29468540940053,0.0,162.99468540940046,90.0,0.0,0.0,14.70000046491623,0.6000000238418579
6451,274.00033098514103,-1.0000001192092896,150.45033101494315,112.0,0.0,0.0,12.250000391155481,0.30000001192092896
6452,403.22246051235226,-1.0000001192092896,193.6974605421544,196.0,0.0,0.0,14.225000444799662,0.30000001192092896
6453,299.5609296374992,-1.0000001192092896,156.2609296673015,134.0,0.0,0.0,10.000000391155481,0.30000001192092896
6454,233.35734526707574,0.0,139.60734526707557,82.69999998807907,0.0,0.0,10.45000034570694,0.6000000238418579
6455,377.83827070209185,-1.0000001192092896,214.8132707318941,151.0,0.0,0.0,12.72500029206276,0.30000001192092896
6456,362.6301513956545,0.0,181.4551513956539,169.39999997615814,0.0,0.0,10.87500037625432,0.9000000357627869
6457,230.70992831760856,0.0,114.10992831760845,102.69999998807907,0.0,0.0,13.300000503659248,0.6000000238418579
6458,227.4172484573823,0.0,102.21724845738228,116.0,0.0,0.0,8.900000408291817,0.30000001192092896
6459,226.61737454179325,-1.0000001192092896,130.6173745715956,87.0,0.0,0.0,9.70000034570694,0.30000001192092896
6460,283.388220510446,0.0,174.41322051044602,93.69999998807907,0.0,0.0,14.375000536441803,0.9000000357627869
6461,284.523998238781,-1.0000001192092896,139.54899826858323,137.0,0.0,0.0,8.67500040307641,0.30000001192092896
6462,350.80381833882234,0.0,174.6538183388223,164.8999999165535,0.0,0.0,8.85000030696392,2.4000000953674316
6463,360.8484633460703,0.0,208.27346334607034,137.69999998807907,0.0,0.0,13.075000524520874,1.8000000715255737
6464,237.75924852346233,0.0,130.28424852346234,91.39999997615814,0.0,0.0,15.175000380724669,0.9000000357627869
6465,237.3777563452119,0.0,147.07775634521184,75.19999998807907,0.0,0.0,13.900000557303429,1.2000000476837158
6466,210.5788092700134,-1.0000001192092896,127.6788092998158,75.0,0.0,0.0,8.600000355392694,0.30000001192092896
6467,154.89409998400998,-1.0000001192092896,94.26910001381242,51.69999998807907,0.0,0.0,9.325000438839197,0.6000000238418579
6468,472.6399831627952,0.0,300.11498316279506,141.0,0.0,0.0,30.925000552088022,0.6000000238418579
6469,325.32016475557754,0.0,198.5451647555775,102.69999998807907,0.0,0.0,23.17500075697899,0.9000000357627869
6470,270.8183816907534,0.0,149.64338169075336,111.39999997615814,0.0,0.0,8.875000391155481,0.9000000357627869
6471,217.31108896128254,-1.0000001192092896,135.5110889910848,73.0,0.0,0.0,9.500000316649675,0.30000001192092896
6472,242.61517628254606,-1.0000001192092896,145.91517631234845,88.0,0.0,0.0,9.400000426918268,0.30000001192092896
6473,246.18395318700803,0.0,154.25895318700807,76.5,0.0,0.0,14.525000620633364,0.9000000357627869
6474,265.0067201776026,-1.0000001192092896,147.05672020740488,108.0,0.0,0.0,10.65000045672059,0.30000001192092896
6475,617.0701344593119,-1.0000001192092896,370.7201344891139,198.39999997615814,0.0,0.0,48.05000126734376,0.9000000357627869
6476,195.05173367204446,0.0,113.57673367204454,71.69999998807907,0.0,0.0,9.175000444054604,0.6000000238418579
6477,227.05536542083965,0.0,141.60536542083963,71.5,0.0,0.0,13.050000503659248,0.9000000357627869
6478,175.68322204898993,0.0,104.58322204899,61.69999998807907,0.0,0.0,8.800000384449959,0.6000000238418579
6479,253.7089114606277,0.0,131.9089114606277,109.09999996423721,0.0,0.0,11.500000551342964,1.2000000476837158
6480,475.5964937556199,-1.0000001192092896,298.0214937854221,148.5,0.0,0.0,29.17500078678131,0.9000000357627869
6481,333.82772935894997,0.0,205.2777293589498,107.5,0.0,0.0,20.150000732392073,0.9000000357627869
6482,264.19455296853135,0.0,104.11955296853147,151.39999997615814,0.0,0.0,7.475000306963921,1.2000000476837158
6483,293.8563035850532,-1.0000001192092896,181.85630361485545,103.0,0.0,0.0,9.700000334531069,0.30000001192092896
6484,396.26775862906766,-1.0000001192092896,212.2927586588698,159.3999999165535,0.0,0.0,22.87500073388219,2.7000001072883606
6485,416.4512716299858,-1.0000001192092896,250.87627165978807,150.49999994039536,0.0,0.0,14.275000650435686,1.8000000715255737
6486,606.7601820351729,0.0,330.61018203517335,242.0999999642372,0.0,0.0,32.850000470876694,1.2000000476837158
6487,216.34873189572625,0.0,122.19873189572631,85.0,0.0,0.0,8.85000030696392,0.30000001192092896
6488,263.93337125949876,0.0,125.13337125949865,129.69999998807907,0.0,0.0,8.500000301748514,0.6000000238418579
6489,196.33551928542363,0.0,89.11051928542355,96.8999999165535,0.0,0.0,7.925000369548798,2.4000000953674316
6490,262.8530689697617,0.0,156.8780689697617,90.0,0.0,0.0,15.375000551342964,0.6000000238418579
6491,489.0978083325412,0.0,232.6728083325411,236.39999985694885,0.0,0.0,16.125000223517418,3.9000001549720764
6492,222.02470484983456,-1.0000001192092896,123.924704879637,88.69999998807907,0.0,0.0,9.800000432878733,0.6000000238418579
6493,268.48585356026473,0.0,163.08585356026464,91.0,0.0,0.0,13.800000548362732,0.6000000238418579
6494,228.75259681734778,0.0,134.3025968173478,81.39999997615814,0.0,0.0,12.150000650435686,0.9000000357627869
6495,257.87322478406816,0.0,150.6732247840682,97.0,0.0,0.0,9.90000032261014,0.30000001192092896
6496,218.2888316097947,-1.0000001192092896,116.3388316395969,94.0,0.0,0.0,8.65000044181943,0.30000001192092896
6497,217.86521440598852,0.0,136.24021440598847,70.5,0.0,0.0,10.22500042617321,0.9000000357627869
6498,440.83041505380106,0.0,256.48041505380115,169.39999997615814,0.0,0.0,13.750000670552254,1.2000000476837158
6499,206.47802854690534,-1.0000001192092896,121.35302857670781,76.0,0.0,0.0,9.82500034943223,0.30000001192092896
6500,196.87596996155025,0.0,97.40096996155022,90.69999998807907,0.0,0.0,8.175000473856926,0.6000000238418579
6501,267.1612695923184,0.0,157.33626959231833,94.0,0.0,0.0,15.525000616908073,0.30000001192092896
6502,504.08210404315673,-1.0000001192092896,264.332104072959,195.5,0.0,0.0,44.650000374764204,0.6000000238418579
6503,202.58046652760757,-1.0000001192092896,125.30546655740993,69.0,0.0,0.0,8.975000355392694,0.30000001192092896
6504,228.88254958587171,0.0,128.73254958587168,88.0,0.0,0.0,11.850000474601984,0.30000001192092896
6505,443.44438581722824,-1.0000001192092896,254.6943858470305,163.0,0.0,0.0,26.45000072196126,0.30000001192092896
6506,180.74041895503314,0.0,96.04041895503315,71.69999998807907,0.0,0.0,12.400000602006912,0.6000000238418579
6507,246.90719438979494,0.0,122.90719438979471,114.69999998807907,0.0,0.0,8.700000375509262,0.6000000238418579
6508,329.17585288441904,0.0,154.22585288441914,165.0999999642372,0.0,0.0,8.650000348687172,1.2000000476837158
6509,209.8384691168229,0.0,118.0634691168228,84.0,0.0,0.0,7.475000351667404,0.30000001192092896
6510,266.7737287899872,-1.0000001192092896,148.24872881978953,108.0,0.0,0.0,11.225000374019146,0.30000001192092896
6511,323.8610320202913,0.0,174.58603202029138,138.79999995231628,0.0,0.0,8.975000366568565,1.5000000596046448
6512,220.6549790180965,-1.0000001192092896,113.95497904789882,98.69999998807907,0.0,0.0,8.400000367313623,0.6000000238418579
6513,427.9512646209773,0.0,267.37626462097745,141.39999997615814,0.0,0.0,18.275000505149364,0.9000000357627869
6514,407.5067670921781,0.0,226.9317670921781,170.0999999642372,-9.0,0.0,17.675000369548798,1.8000000715255737
6515,218.15026746266764,-1.0000001192092896,134.37526749246996,76.0,0.0,0.0,8.475000310689211,0.30000001192092896
6516,437.2320686395179,-1.0000001192092896,193.23206866932023,235.39999997615814,0.0,0.0,8.700000513345003,0.9000000357627869
6517,308.72516195067544,0.0,174.22516195067547,120.0,0.0,0.0,14.200000613927841,0.30000001192092896
6518,233.2007131182203,0.0,159.4007131182201,64.0,0.0,0.0,9.500000417232513,0.30000001192092896
6519,268.94287977763344,0.0,158.2428797776334,100.0,0.0,0.0,10.100000441074371,0.6000000238418579
6520,564.1284496296437,0.0,278.57844962964384,276.39999997615814,0.0,0.0,8.250000327825546,0.9000000357627869
6521,211.73881272482538,-1.0000001192092896,135.98881275462773,67.0,0.0,0.0,9.450000371783972,0.30000001192092896
6522,222.9961130885316,0.0,148.64611308853154,62.0,0.0,0.0,12.050000470131636,0.30000001192092896
6523,279.06555064482194,0.0,182.21555064482183,81.5,0.0,0.0,14.450000494718552,0.9000000357627869
6524,265.007413383034,0.0,139.75741338303388,116.0,0.0,0.0,8.95000034570694,0.30000001192092896
6525,301.78568794243455,-1.0000001192092896,185.73568797223675,104.0,0.0,0.0,12.750000298023224,0.30000001192092896
6526,217.00725471350566,-1.0000001192092896,130.5822547433079,77.0,0.0,0.0,10.125000465661287,0.30000001192092896
6527,350.75517816981665,-1.0000001192092896,187.38017819961885,154.0,0.0,0.0,10.075000394135714,0.30000001192092896
6528,229.15635924767543,0.0,138.8313592476754,75.0,0.0,0.0,14.7250005453825,0.6000000238418579
6529,193.6314375264345,0.0,97.73143752643459,86.39999997615814,0.0,0.0,8.600000351667404,0.9000000357627869
6530,286.5277384382989,0.0,175.50273843829896,95.0,0.0,0.0,15.425000622868538,0.6000000238418579
6531,268.0589200438334,0.0,159.50892004383329,90.0,0.0,0.0,17.95000070333481,0.6000000238418579
6532,402.94394915585667,0.0,223.09394915585665,170.29999995231628,-7.5,0.0,14.650000534951687,2.4000000953674316
6533,286.02446451019904,-1.0000001192092896,136.89946454000128,140.0,0.0,0.0,9.82500060275197,0.30000001192092896
6534,244.14080907946195,0.0,155.440809079462,75.89999997615814,0.0,0.0,11.300000429153442,1.5000000596046448
6535,508.0740734179376,0.0,272.6490734179377,209.39999997615814,0.0,0.0,24.52500081434846,1.5000000596046448
6536,247.41346212348535,-1.0000001192092896,140.0884621532876,89.69999998807907,0.0,0.0,18.025000724941492,0.6000000238418579
6537,222.43331582794173,0.0,131.1333158279419,77.0,0.0,0.0,14.000000227242708,0.30000001192092896
6538,309.10785526743933,0.0,179.3328552674393,109.0,0.0,0.0,20.47500078752637,0.30000001192092896
6539,234.87159570249878,0.0,146.0215957024987,78.39999997615814,0.0,0.0,9.550000417977571,0.9000000357627869
6540,364.4683578467433,-1.0000001192092896,208.0433578765454,137.39999997615814,0.0,0.0,19.125000718981028,0.9000000357627869
6541,259.67441319159065,0.0,149.49941319159063,97.0,0.0,0.0,12.875000480562449,0.30000001192092896
6542,242.11674600180433,0.0,147.36674600180427,76.0,0.0,0.0,17.550000619143248,1.2000000476837158
6543,330.5383665273094,0.0,214.26336652730967,101.0,0.0,0.0,14.675000555813313,0.6000000238418579
6544,227.94964454724143,0.0,144.7496445472416,70.19999998807907,0.0,0.0,11.800000429153442,1.2000000476837158
6545,231.1638545453442,0.0,139.73885454534425,80.0,0.0,0.0,11.125000286847353,0.30000001192092896
6546,248.75932508747843,0.0,127.20932508747842,110.0,0.0,0.0,11.250000547617674,0.30000001192092896
6547,487.743704159046,0.0,259.06870415904586,216.49999994039536,0.0,0.0,10.375000361353159,1.8000000715255737
6548,511.115479675657,-1.0000001192092896,316.8654797054596,160.69999998807907,0.0,0.0,33.94999921694398,0.6000000238418579
6549,264.07461256070746,0.0,160.2246125607074,90.0,0.0,0.0,13.250000536441803,0.6000000238418579
6550,275.60654092802537,0.0,166.68154092802547,90.69999998807907,0.0,0.0,17.625000655651093,0.6000000238418579
6551,227.19825823203868,0.0,146.27325823203876,73.0,0.0,0.0,7.625000391155481,0.30000001192092896
6552,266.2813497230218,0.0,158.1313497230217,93.69999998807907,0.0,0.0,13.850000515580177,0.6000000238418579
6553,487.45001405478666,-1.0000001192092896,296.2500140845892,154.69999998807907,0.0,0.0,36.9000007994473,0.6000000238418579
6554,214.72166463430102,-1.0000001192092896,127.47166466410329,79.0,0.0,0.0,8.950000409036875,0.30000001192092896
6555,378.1546059172405,-1.0000001192092896,211.22960594704287,155.39999997615814,0.0,0.0,11.625000402331352,0.9000000357627869
6556,377.21384498115987,0.0,163.96384498115967,204.39999997615814,0.0,0.0,7.95000047981739,0.9000000357627869
6557,321.64171452653596,0.0,190.191714526536,121.0,0.0,0.0,10.150000412017107,0.30000001192092896
6558,338.6931513762464,-1.0000001192092896,144.0931514060489,185.69999998807907,0.0,0.0,9.300000332295895,0.6000000238418579
6559,389.6893552425053,-1.0000001192092896,214.58935527230804,166.0,0.0,0.0,9.800000417977571,0.30000001192092896
6560,509.3109546669746,-1.0000001192092896,262.2109546967771,228.79999995231628,0.0,0.0,17.80000077560544,1.5000000596046448
6561,281.45678675653926,0.0,172.05678675653925,95.0,0.0,0.0,13.800000578165054,0.6000000238418579
6562,273.8407208964639,-1.0000001192092896,181.4657209262661,82.69999998807907,0.0,0.0,10.07500048354268,0.6000000238418579
6563,268.2458464313153,0.0,140.1958464313153,117.8999999165535,0.0,0.0,7.750000506639481,2.4000000953674316
6564,228.9836973768804,-1.0000001192092896,150.10869740668278,67.0,0.0,0.0,12.57500048354268,0.30000001192092896
6565,451.3988205314563,0.0,272.74882053145626,154.0,0.0,0.0,24.050000984221697,0.6000000238418579
6566,275.89687238635014,0.0,170.29687238635,89.0,0.0,0.0,15.70000059902668,0.9000000357627869
6567,238.24932107743248,0.0,146.29932107743247,76.69999998807907,0.0,0.0,14.350000575184822,0.9000000357627869
6568,295.1193886970917,-1.0000001192092896,149.144388726894,136.89999997615814,0.0,0.0,9.175000373274088,0.9000000357627869
6569,213.00407808907178,-1.0000001192092896,134.97907811887399,69.0,0.0,0.0,9.725000396370888,0.30000001192092896
6570,184.19676111343506,0.0,105.07176111343512,71.0,0.0,0.0,7.8250004053115845,0.30000001192092896
6571,221.08039617991008,-1.0000001192092896,133.93039620971237,79.0,0.0,0.0,8.850000400096178,0.30000001192092896
6572,231.50519724505892,0.0,147.08019724505888,73.79999995231628,0.0,0.0,8.825000450015068,1.8000000715255737
6573,230.0667209251999,0.0,126.24172092520004,94.09999996423721,0.0,0.0,8.525000363588333,1.2000000476837158
6574,260.03772834834047,-1.0000001192092896,154.81272837814268,96.0,0.0,0.0,9.925000328570604,0.30000001192092896
6575,198.6057965538807,0.0,96.13079655388063,91.69999998807907,0.0,0.0,10.175000458955765,0.6000000238418579
6576,236.33276603687054,0.0,126.03276603687047,96.39999997615814,0.0,0.0,13.000000670552254,0.9000000357627869
6577,343.15143395488514,0.0,191.8514339548853,134.0,0.0,0.0,17.000000555068254,0.30000001192092896
6578,309.150647269661,-1.0000001192092896,179.22564729946325,111.0,0.0,0.0,19.62500086054206,0.30000001192092896
6579,232.15060461206357,0.0,145.27560461206346,75.09999996423721,0.0,0.0,10.575000517070293,1.2000000476837158
6580,186.72294794907546,0.0,122.37294794907551,52.0,0.0,0.0,12.0500005222857,0.30000001192092896
6581,277.45030527393686,0.0,170.92530527393666,89.5,0.0,0.0,16.125000558793545,0.9000000357627869
6582,272.4484043291617,0.0,163.74840432916145,99.0,0.0,0.0,9.400000363588333,0.30000001192092896
6583,467.6295169567103,0.0,256.82951695670994,185.69999998807907,0.0,0.0,24.20000070333481,0.9000000357627869
6584,379.482764645506,0.0,205.73276464550617,153.69999998807907,0.0,0.0,19.150000751018524,0.9000000357627869
6585,321.37945291207234,0.0,135.15445291207234,175.79999995231628,0.0,0.0,8.925000369548798,1.5000000596046448
6586,301.0257822104698,0.0,179.32578221046973,106.0,0.0,0.0,15.400000143796206,0.30000001192092896
6587,280.63274964209376,0.0,168.28274964209382,96.69999998807907,0.0,0.0,14.750000596046448,0.9000000357627869
6588,212.1468941496386,0.0,115.39689414963858,86.69999998807907,0.0,0.0,9.450000360608101,0.6000000238418579
6589,282.28101876727123,0.0,127.05601876727133,145.49999994039536,0.0,0.0,7.925000384449959,1.8000000715255737
6590,305.3848345841824,-1.0000001192092896,163.83483461398492,126.39999997615814,0.0,0.0,15.250000324100256,0.9000000357627869
6591,337.9596562515802,0.0,200.73465625157996,121.0,0.0,0.0,15.625000704079866,0.6000000238418579
6592,241.9316370040939,0.0,147.85663700409384,78.5,0.0,0.0,14.375000581145287,1.2000000476837158
6593,456.310086957735,-1.0000001192092896,210.3850869875368,237.0999999642372,0.0,0.0,8.625000361353159,1.2000000476837158
6594,260.11013196765043,-1.0000001192092896,112.58513199745285,138.39999997615814,0.0,0.0,9.225000340491533,0.9000000357627869
6595,303.4780603906715,0.0,160.40306039067158,125.19999992847443,0.0,0.0,15.775000631809235,2.1000000834465027
6596,268.0820849765725,0.0,159.73208497657265,93.0,0.0,0.0,14.750000566244125,0.6000000238418579
6597,235.61697220638646,-1.0000001192092896,125.94197223618889,102.0,0.0,0.0,8.375000301748514,0.30000001192092896
6598,249.76947214609723,0.0,154.49447214609714,80.89999997615814,0.0,0.0,12.875000476837158,1.5000000596046448
6599,250.2689989637147,-1.0000001192092896,131.74399899351693,109.49999994039536,0.0,0.0,8.22500041499734,1.8000000715255737
6600,426.4573963549055,0.0,273.3823963549056,143.69999998807907,0.0,0.0,8.775000382214785,0.6000000238418579
6601,338.29360578809707,0.0,182.4186057880968,146.39999997615814,0.0,0.0,8.57500034570694,0.9000000357627869
6602,280.4629615464235,0.0,145.0629615464233,122.69999998807907,0.0,0.0,12.100000325590372,0.6000000238418579
6603,244.24120164422254,0.0,162.16620164422258,73.0,0.0,0.0,8.775000382214785,0.30000001192092896
6604,261.2230189036212,0.0,156.32301890362123,92.0,0.0,0.0,12.300000607967377,0.6000000238418579
6605,241.32528226903892,0.0,150.30028226903895,75.5,0.0,0.0,14.625000551342964,0.9000000357627869
6606,233.81311847801976,0.0,144.56311847801982,75.0,0.0,0.0,13.650000557303429,0.6000000238418579
6607,220.68856248675922,-1.0000001192092896,120.6635625165617,91.39999997615814,0.0,0.0,8.725000340491533,0.9000000357627869
6608,341.8806997141021,0.0,184.7806997141017,146.0,0.0,0.0,10.800000358372927,0.30000001192092896
6609,423.50095814631413,-1.0000001192092896,256.8509581761165,131.0,0.0,0.0,36.0500000603497,0.6000000238418579
6610,421.7572198496895,0.0,231.0572198496895,172.19999998807907,-6.0,0.0,23.600000947713852,0.9000000357627869
6611,273.4108330248005,-1.0000001192092896,141.28583305460285,123.69999998807907,0.0,0.0,8.82500034943223,0.6000000238418579
6612,226.29350451606408,0.0,137.9435045160641,72.0,0.0,0.0,15.750000551342964,0.6000000238418579
6613,223.2115453045993,-1.0000001192092896,137.71154533440173,75.0,0.0,0.0,11.200000256299973,0.30000001192092896
6614,215.4599956703337,-1.0000001192092896,118.95999570013602,85.0,0.0,0.0,12.200000587850809,0.30000001192092896
6615,430.9210318746444,0.0,194.9960318746444,219.59999990463257,0.0,0.0,13.625000581145287,2.7000001072883606
6616,230.2688986503876,0.0,134.39389865038765,88.0,0.0,0.0,7.575000375509262,0.30000001192092896
6617,210.76988162495778,0.0,121.36988162495766,80.09999996423721,0.0,0.0,8.100000351667404,1.2000000476837158
6618,279.5775139353551,0.0,166.52751393535524,101.49999994039536,0.0,0.0,9.150000423192978,2.4000000953674316
6619,242.1130317822563,-1.0000001192092896,150.8130318120586,81.0,0.0,0.0,11.000000301748514,0.30000001192092896
6620,258.91420542302217,-1.0000001192092896,127.8392054528245,120.0,0.0,0.0,11.775000393390656,0.30000001192092896
6621,288.52983391635166,0.0,174.3798339163517,100.0,0.0,0.0,13.550000578165054,0.6000000238418579
6622,216.91075130476926,0.0,150.08575130476933,58.0,0.0,0.0,8.52500032261014,0.30000001192092896
6623,230.04776349314108,0.0,151.297763493141,65.0,0.0,0.0,12.550000488758087,1.2000000476837158
6624,246.77840918462857,0.0,144.50340918462862,93.0,0.0,0.0,8.675000384449959,0.6000000238418579
6625,225.92119768592204,0.0,124.02119768592203,92.69999998807907,0.0,0.0,8.600000396370888,0.6000000238418579
6626,224.89704675023356,-1.0000001192092896,131.09704678003587,85.0,0.0,0.0,9.500000361353159,0.30000001192092896
6627,347.05333965487216,-1.0000001192092896,213.25333968467444,119.0,0.0,0.0,15.200000569224358,0.6000000238418579
6628,276.6850428477661,0.0,171.98504284776595,88.0,0.0,0.0,16.100000478327274,0.6000000238418579
6629,290.69006475504125,-1.0000001192092896,158.94006478484337,122.69999998807907,0.0,0.0,9.450000308454037,0.6000000238418579
6630,556.3232327339956,0.0,279.3482327339952,255.0999999642372,0.0,0.0,20.675000742077827,1.2000000476837158
6631,409.64875716961353,-1.0000001192092896,204.4737571994153,195.69999998807907,0.0,0.0,9.875000450760126,0.6000000238418579
6632,322.9360081156281,-1.0000001192092896,170.36100814543042,142.79999995231628,0.0,0.0,9.275000292807817,1.5000000596046448
6633,233.39110411487272,0.0,150.1661041148728,69.0,0.0,0.0,13.025000400841236,1.2000000476837158
6634,387.73332661630286,-1.0000001192092896,219.35832664610533,131.39999997615814,0.0,0.0,37.07500021532178,0.9000000357627869
6635,363.02566923762106,-1.0000001192092896,174.25066926742352,179.69999998807907,0.0,0.0,9.475000459700823,0.6000000238418579
6636,318.146440344064,-1.0000001192092896,197.29644037386637,104.0,0.0,0.0,17.250000596046448,0.6000000238418579
6637,421.1252087726566,-1.0000001192092896,252.20020880245914,151.39999997615814,0.0,0.0,17.325000543147326,1.2000000476837158
6638,194.66036169625576,0.0,92.38536169625569,92.69999998807907,0.0,0.0,8.975000411272049,0.6000000238418579
6639,253.43854926416424,0.0,140.2385492641642,97.69999998807907,0.0,0.0,14.90000071004033,0.6000000238418579
6640,361.8098717228262,-1.0000001192092896,202.13487175262858,149.39999997615814,0.0,0.0,10.375000357627869,0.9000000357627869
6641,268.4447173696275,0.0,149.24471736962735,109.69999998807907,0.0,0.0,8.900000438094139,0.6000000238418579
6642,327.06085852487956,0.0,205.06085852487965,113.0,0.0,0.0,8.700000319629908,0.30000001192092896
6643,214.56529590572578,-1.0000001192092896,139.71529593552805,64.0,0.0,0.0,11.5500005222857,0.30000001192092896
6644,396.94753153546196,0.0,199.2725315354619,180.69999998807907,-3.0,0.0,17.875000298023224,2.1000000834465027
6645,248.80414649470904,0.0,140.129146494709,97.19999992847443,0.0,0.0,9.37500037252903,2.1000000834465027
6646,195.36407387437959,0.0,92.93907387437969,92.69999998807907,0.0,0.0,9.125000417232513,0.6000000238418579
6647,278.6182323561642,0.0,174.01823235616422,90.0,0.0,0.0,14.000000573694706,0.6000000238418579
6648,280.5913458967047,-1.0000001192092896,165.39134592650692,107.0,0.0,0.0,8.900000393390656,0.30000001192092896
6649,260.1251436614607,0.0,130.2501436614609,122.0,0.0,0.0,7.575000364333391,0.30000001192092896
6650,706.6538788941616,0.0,403.07887889416236,274.0,0.0,0.0,29.275000736117363,0.30000001192092896
6651,235.753512091864,0.0,146.52851209186406,75.5,0.0,0.0,12.825000509619713,0.9000000357627869
6652,277.1660152833388,0.0,160.16601528333874,99.09999996423721,0.0,0.0,16.700000405311584,1.2000000476837158
6653,240.74137548225147,-1.0000001192092896,168.59137551205356,60.0,0.0,0.0,12.850000578910112,0.30000001192092896
6654,227.6098326920585,-1.0000001192092896,144.25983272186082,75.0,0.0,0.0,9.05000040307641,0.30000001192092896
6655,289.04143146299543,-1.0000001192092896,176.49143149279766,104.0,0.0,0.0,9.250000391155481,0.30000001192092896
6656,243.55318904116558,0.0,155.9281890411656,70.0,0.0,0.0,17.325000643730164,0.30000001192092896
6657,290.7434930199476,0.0,172.2934930199475,104.0,0.0,0.0,14.150000587105751,0.30000001192092896
6658,221.54589704215635,0.0,131.47089704215634,77.0,0.0,0.0,12.475000470876694,0.6000000238418579
6659,240.81558946446637,-1.0000001192092896,140.1405894942689,90.69999998807907,0.0,0.0,10.375000406056643,0.6000000238418579
6660,228.87273643856636,0.0,143.62273643856636,70.5,0.0,0.0,13.850000619888306,0.9000000357627869
6661,568.9980655011072,0.0,322.4480655011071,225.69999998807907,-13.5,0.0,32.85000067949295,1.5000000596046448
6662,365.53816659018645,-1.0000001192092896,203.63816661998874,152.69999998807907,0.0,0.0,9.600000455975533,0.6000000238418579
6663,431.7946247033657,-1.0000001192092896,223.0446247331682,200.0,0.0,0.0,9.45000048354268,0.30000001192092896
6664,260.3716524214278,-1.0000001192092896,145.77165245123004,106.0,0.0,0.0,9.30000039935112,0.30000001192092896
6665,259.7761355547217,0.0,156.22613555472182,86.0,0.0,0.0,16.950000762939453,0.6000000238418579
6666,272.4070405825158,0.0,138.05704058251573,125.79999995231628,0.0,0.0,7.050000369548798,1.5000000596046448
6667,509.1214958183586,0.0,295.7464958183588,170.5999999642372,0.0,0.0,41.27500256150961,1.5000000596046448
6668,234.0701461067821,0.0,124.14514610678212,100.69999998807907,0.0,0.0,8.625000387430191,0.6000000238418579
6669,560.0305654969167,0.0,270.3055654969165,274.69999998807907,0.0,0.0,14.42500052973628,0.6000000238418579
6670,245.98198168561888,0.0,154.85698168561882,74.0,0.0,0.0,16.525000602006912,0.6000000238418579
6671,240.44418614338818,0.0,153.71918614338816,71.39999997615814,0.0,0.0,14.125000581145287,1.2000000476837158
6672,234.17416777294093,0.0,148.27416777294093,73.0,0.0,0.0,12.000000447034836,0.9000000357627869
6673,349.5671005373603,0.0,185.04210053736045,150.39999997615814,0.0,0.0,13.225000370293856,0.9000000357627869
6674,245.41804926322612,0.0,119.81804926322606,114.0,0.0,0.0,11.300000507384539,0.30000001192092896
6675,230.309852902977,-1.0000001192092896,140.0098529327795,82.0,0.0,0.0,9.000000346451998,0.30000001192092896
6676,153.4699232978045,-1.0000001192092896,94.19492332760694,51.69999998807907,0.0,0.0,7.975000400096178,0.6000000238418579
6677,286.3197172662761,0.0,175.44471726627592,91.69999998807907,0.0,0.0,18.275000602006912,0.9000000357627869
6678,354.19641383898954,0.0,207.22141383898924,129.0,0.0,0.0,17.3750002682209,0.6000000238418579
6679,222.88863673498105,-1.0000001192092896,123.06363676478333,92.0,0.0,0.0,8.52500031888485,0.30000001192092896
6680,458.4842920439172,-1.0000001192092896,203.60929207371933,246.69999998807907,0.0,0.0,8.575000409036875,0.6000000238418579
6681,242.80678088134457,-1.0000001192092896,142.3567809111469,92.0,0.0,0.0,9.150000352412462,0.30000001192092896
6682,209.94821072332303,0.0,129.998210723323,69.69999998807907,0.0,0.0,9.65000033378601,0.6000000238418579
6683,227.5874501981977,0.0,126.88745019819766,89.39999997615814,0.0,0.0,10.40000044181943,0.9000000357627869
6684,260.15099311930135,0.0,159.27599311930132,86.0,0.0,0.0,13.67500051483512,1.2000000476837158
6685,172.5966002500435,0.0,104.19660025004362,58.69999998807907,0.0,0.0,9.100000366568565,0.6000000238418579
6686,327.3573015642624,-1.0000001192092896,165.75730159406467,154.0,0.0,0.0,8.300000462681055,0.30000001192092896
6687,258.6164901865931,0.0,144.7914901865934,102.69999998807907,0.0,0.0,10.525000367313623,0.6000000238418579
6688,228.54716105170647,0.0,142.67216105170638,72.5,0.0,0.0,12.475000500679016,0.9000000357627869
6689,322.59367245033974,0.0,192.8186724503398,115.69999998807907,0.0,0.0,13.475000515580177,0.6000000238418579
6690,255.43080948159948,-1.0000001192092896,140.7808095114019,106.0,0.0,0.0,9.3500004298985,0.30000001192092896
6691,170.15464153977334,0.0,79.65464153977337,80.69999998807907,0.0,0.0,9.20000046491623,0.6000000238418579
6692,405.8655059302247,0.0,273.4155059302249,140.0999999642372,-25.5,0.0,16.05000016838312,1.8000000715255737
6693,253.3975225085638,0.0,115.62252250856375,129.39999997615814,0.0,0.0,7.475000262260437,0.9000000357627869
6694,331.09610579195885,0.0,196.32110579195916,123.0,0.0,0.0,11.475000441074371,0.30000001192092896
6695,427.7707466113077,-1.0000001192092896,266.1707466411096,128.0,0.0,0.0,34.299999598413706,0.30000001192092896
6696,392.4101897735019,-1.0000001192092896,221.33518980330422,142.69999998807907,0.0,0.0,28.775001361966133,0.6000000238418579
6697,262.5798769917551,0.0,110.1298769917553,143.69999998807907,0.0,0.0,8.15000033378601,0.6000000238418579
6698,373.5752564955935,-1.0000001192092896,159.92525652539592,192.79999995231628,0.0,0.0,20.350000571459532,1.5000000596046448
6699,214.91226021980978,0.0,137.4622602198099,66.39999997615814,0.0,0.0,10.150000415742397,0.9000000357627869
6700,317.2398926638724,-1.0000001192092896,173.98989269367456,134.0,0.0,0.0,9.950000394135714,0.30000001192092896
6701,356.3299567486273,0.0,175.52995674862717,166.0,0.0,0.0,14.500000648200512,0.30000001192092896
6702,321.22144869858084,0.0,184.82144869858104,126.69999998807907,0.0,0.0,9.100000455975533,0.6000000238418579
6703,338.876646588863,-1.0000001192092896,203.4766466186654,122.0,0.0,0.0,14.10000054910779,0.30000001192092896
6704,240.66333595604118,0.0,146.9383359560412,77.5,0.0,0.0,15.325000658631325,0.9000000357627869
6705,171.18530230595718,0.0,83.06030230595728,78.69999998807907,0.0,0.0,8.825000375509262,0.6000000238418579
6706,238.76704764341636,-1.0000001192092896,146.54204767321878,81.0,0.0,0.0,11.925000462681055,0.30000001192092896
6707,396.17618511010943,-1.0000001192092896,239.75118513991194,141.0,0.0,0.0,15.82500060275197,0.6000000238418579
6708,289.7888088107197,0.0,159.5138088107196,116.79999995231628,0.0,0.0,11.9750004298985,1.5000000596046448
6709,216.08788472255904,0.0,116.41288472255903,91.0,0.0,0.0,8.375000327825546,0.30000001192092896
6710,280.0802246962924,0.0,166.3052246962923,97.0,0.0,0.0,16.47500066459179,0.30000001192092896
6711,384.454209783926,0.0,218.429209783926,155.69999998807907,0.0,0.0,9.725000344216824,0.6000000238418579
6712,245.5702819924419,-1.0000001192092896,158.74528202224423,77.0,0.0,0.0,10.525000218302011,0.30000001192092896
6713,236.58046458110314,-1.0000001192092896,142.70546461090555,85.0,0.0,0.0,9.57500034943223,0.30000001192092896
6714,242.03032471846308,0.0,123.33032471846303,108.79999995231628,0.0,0.0,8.400000303983688,1.5000000596046448
6715,262.4834594160267,-1.0000001192092896,161.43345944582902,90.0,0.0,0.0,11.750000469386578,0.30000001192092896
6716,343.76742240640067,0.0,206.7924224064006,122.0,0.0,0.0,14.375000473111868,0.6000000238418579
6717,237.05601679414755,0.0,148.43101679414764,72.39999997615814,0.0,0.0,15.025000587105751,1.2000000476837158
6718,319.1141558590694,-1.0000001192092896,171.88915588887164,140.0,0.0,0.0,7.925000432878733,0.30000001192092896
6719,202.6420323356051,0.0,120.66703233560516,69.5,0.0,0.0,11.575000554323196,0.9000000357627869
6720,249.86233603325658,-1.0000001192092896,148.76233606305894,92.0,0.0,0.0,9.800000388175249,0.30000001192092896
6721,354.20015889202585,0.0,176.95015889202605,160.69999998807907,0.0,0.0,15.95000034943223,0.6000000238418579
6722,513.0514283718195,-1.0000001192092896,294.30142840162165,191.49999994039536,0.0,0.0,26.45000070333481,1.8000000715255737
6723,189.03231489683057,0.0,93.78231489683053,86.69999998807907,0.0,0.0,7.950000420212746,0.6000000238418579
6724,276.17467238406164,0.0,165.32467238406147,95.69999998807907,0.0,0.0,14.250000521540642,0.9000000357627869
6725,328.9096976221755,0.0,152.98469762217547,165.69999998807907,0.0,0.0,9.625000480562449,0.6000000238418579
6726,256.1387307768066,0.0,144.88873077680657,101.69999998807907,0.0,0.0,8.950000375509262,0.6000000238418579
6727,302.8474975332004,0.0,142.72249753320023,148.80000001192093,0.0,0.0,9.825000405311584,1.5000000596046448
6728,432.42861585424265,-1.0000001192092896,242.10361588404507,176.0,0.0,0.0,15.025000605732203,0.30000001192092896
6729,254.99348789295198,-1.0000001192092896,133.76848792275428,114.0,0.0,0.0,7.9250004179775715,0.30000001192092896
6730,245.6979898066456,0.0,152.02298980664557,77.0,0.0,0.0,16.075000658631325,0.6000000238418579
6731,269.70955953048275,0.0,162.6095595304828,92.69999998807907,0.0,0.0,13.50000050663948,0.9000000357627869
6732,415.9912432040562,0.0,209.1662432040567,187.39999997615814,0.0,0.0,18.52500084042549,0.9000000357627869
6733,211.10567575984692,0.0,95.90567575984699,104.0,0.0,0.0,10.900000497698784,0.30000001192092896
6734,372.68587450758235,-1.0000001192092896,221.18587453738445,140.69999998807907,0.0,0.0,11.200000330805779,0.6000000238418579
6735,239.69320728362183,0.0,151.91820728362194,73.0,0.0,0.0,13.575000524520874,1.2000000476837158
6736,276.91768239688747,0.0,171.39268239688738,90.0,0.0,0.0,14.925000596791506,0.6000000238418579
6737,247.8776121390066,0.0,102.70261213900666,135.0999999642372,0.0,0.0,8.87500037252903,1.2000000476837158
6738,263.37388654463405,-1.0000001192092896,157.0738865744362,95.69999998807907,0.0,0.0,11.000000465661287,0.6000000238418579
6739,239.40088219554002,0.0,151.67588219554003,74.0,0.0,0.0,13.425000507384539,0.30000001192092896
6740,564.563923112476,0.0,251.86392311247647,301.8999999165535,0.0,0.0,8.40000033378601,2.4000000953674316
6741,248.83368769566928,0.0,136.30868769566916,99.0,0.0,0.0,13.225000534206629,0.30000001192092896
6742,277.290663807592,0.0,164.66566380759204,95.0,0.0,0.0,17.025000765919685,0.6000000238418579
6743,257.24912117256343,-1.0000001192092896,132.59912120236552,114.69999998807907,0.0,0.0,10.350000444799662,0.6000000238418579
6744,232.38076887771595,0.0,143.4557688777159,74.0,0.0,0.0,14.325000613927841,0.6000000238418579
6745,260.63537421601296,-1.0000001192092896,156.2353742458152,92.0,0.0,0.0,13.100000560283661,0.30000001192092896
6746,235.5669325359677,0.0,153.2919325359677,68.40000003576279,0.0,0.0,12.075000539422035,1.8000000715255737
6747,276.23242357469763,0.0,166.5824235746976,92.69999998807907,0.0,0.0,16.0500006377697,0.9000000357627869
6748,368.1467496426229,-1.0000001192092896,199.84674967242526,157.0,0.0,0.0,12.000000406056643,0.30000001192092896
6749,673.2285510034932,-1.0000001192092896,399.12855103329537,224.0999999642372,0.0,0.0,49.80000076070428,1.2000000476837158
6750,481.90445608387074,0.0,229.50445608387056,240.39999997615814,0.0,0.0,11.100000388920307,0.9000000357627869
6751,356.68008648253493,-1.0000001192092896,204.480086512337,138.0,0.0,0.0,14.900000650435686,0.30000001192092896
6752,384.2679160697084,-1.0000001192092896,178.4929160995106,194.69999998807907,0.0,0.0,11.4750004298985,0.6000000238418579
6753,548.3413010595635,-1.0000001192092896,322.8163010893654,170.0,0.0,0.0,55.924998972564936,0.6000000238418579
6754,234.33642281402683,0.0,143.51142281402687,76.69999998807907,0.0,0.0,13.225000455975533,0.9000000357627869
6755,335.91144082549727,-1.0000001192092896,182.08644085529923,144.0,0.0,0.0,10.52500044181943,0.30000001192092896
6756,401.01918197178037,0.0,224.91918197178074,167.0,0.0,0.0,8.800000447779894,0.30000001192092896
6757,385.3338644261448,-1.0000001192092896,229.68386445594717,140.39999997615814,0.0,0.0,15.050000507384539,1.2000000476837158
6758,206.2858541702867,0.0,109.76085417028675,85.69999998807907,0.0,0.0,10.22500029206276,0.6000000238418579
6759,284.2087747774017,0.0,174.63377477740167,94.0,0.0,0.0,14.975000575184822,0.6000000238418579
6760,344.0510030353181,-1.0000001192092896,202.95100306512055,122.0,0.0,0.0,19.800000730901957,0.30000001192092896
6761,243.86584799295034,0.0,150.29084799295015,76.0,0.0,0.0,16.975000575184822,0.6000000238418579
6762,276.2582797458306,-1.0000001192092896,180.38327977563276,81.0,0.0,0.0,15.575000453740358,0.30000001192092896
6763,248.74627015771574,0.0,138.0212701577157,99.09999996423721,0.0,0.0,10.425000507384539,1.2000000476837158
6764,305.4972463174755,0.0,183.0972463174754,106.0,0.0,0.0,16.10000053048134,0.30000001192092896
6765,270.34572877704403,-1.0000001192092896,145.1207288068463,110.09999996423721,0.0,0.0,14.925000187009573,1.2000000476837158
6766,273.89126045809644,0.0,166.96626045809643,92.69999998807907,0.0,0.0,13.325000494718552,0.9000000357627869
6767,520.6237808351344,-1.0000001192092896,257.97378086493626,248.9999998807907,0.0,0.0,11.350000564008951,3.3000001311302185
6768,225.25322097523403,0.0,138.72822097523408,74.39999997615814,0.0,0.0,10.925000444054604,1.2000000476837158
6769,208.38478304011534,0.0,110.20978304011541,88.09999996423721,0.0,0.0,8.875000283122063,1.2000000476837158
6770,276.89354333170144,-1.0000001192092896,141.01854336150367,126.69999998807907,0.0,0.0,9.575000498443842,0.6000000238418579
6771,428.42439050915596,0.0,263.3493905091562,150.0,0.0,0.0,14.775000527501106,0.30000001192092896
6772,257.88039479074797,0.0,169.23039479074802,79.0,0.0,0.0,9.350000400096178,0.30000001192092896
6773,328.3023759726169,-1.0000001192092896,147.90237600241923,173.0,0.0,0.0,8.10000042617321,0.30000001192092896
6774,324.3765941740386,0.0,178.40159417403854,127.79999995231628,0.0,0.0,16.675000105053186,1.5000000596046448
6775,246.1038735090019,0.0,145.0288735090019,89.69999998807907,0.0,0.0,10.475000530481339,0.9000000357627869
6776,325.45210447593803,-1.0000001192092896,194.70210450574058,114.0,0.0,0.0,17.450000438839197,0.30000001192092896
6777,282.21908639347185,-1.0000001192092896,158.99408642327452,111.0,0.0,0.0,12.925000477582216,0.30000001192092896
6778,191.0940437078906,0.0,91.99404370789064,90.69999998807907,0.0,0.0,7.800000309944153,0.6000000238418579
6779,274.2786114863893,0.0,161.6536114863893,97.0,0.0,0.0,15.02500069886446,0.6000000238418579
6780,521.7061578400844,-1.0000001192092896,346.1061578698863,147.69999998807907,0.0,0.0,28.00000062212348,0.9000000357627869
6781,245.11906373109193,0.0,141.744063731092,94.0,0.0,0.0,9.075000450015068,0.30000001192092896
6782,246.78829508115302,-1.0000001192092896,139.86329511095548,99.0,0.0,0.0,8.625000391155481,0.30000001192092896
6783,256.97385586340965,0.0,152.8988558634097,92.0,0.0,0.0,11.475000485777855,0.6000000238418579
6784,295.9202563006015,0.0,174.69525630060159,108.0,0.0,0.0,12.92500026896596,0.30000001192092896
6785,280.16939146361915,-1.0000001192092896,160.8193914934214,110.39999997615814,0.0,0.0,9.050000313669443,0.9000000357627869
6786,346.9516108414892,0.0,192.22661084148928,143.5,0.0,0.0,10.325000572949648,0.9000000357627869
6787,533.8560993332202,0.0,304.8310993332204,201.0,0.0,0.0,27.72500066459179,0.30000001192092896
6788,248.95139086927065,0.0,159.40139086927059,74.69999998807907,0.0,0.0,13.650000616908073,1.2000000476837158
6789,329.16188410019174,0.0,210.96188410019167,107.0,0.0,0.0,10.900000553578138,0.30000001192092896
6790,288.7137108451123,-1.0000001192092896,148.28871087491459,131.5999999642372,0.0,0.0,8.625000286847353,1.2000000476837158
6791,242.64733436304186,0.0,148.74733436304183,77.5,0.0,0.0,15.500000670552254,0.9000000357627869
6792,253.8610990310123,-1.0000001192092896,122.73609906081477,122.69999998807907,0.0,0.0,8.825000394135714,0.6000000238418579
6793,255.13699012919835,0.0,156.41199012919833,84.0,0.0,0.0,14.12500050663948,0.6000000238418579
6794,236.11621319302242,0.0,145.39121319302242,76.0,0.0,0.0,14.125000532716513,0.6000000238418579
6795,484.1212256808454,-1.0000001192092896,274.4962257106478,171.0,0.0,0.0,39.02500097826123,0.6000000238418579
6796,460.54839780904,-1.0000001192092896,267.32339783884174,180.59999990463257,0.0,0.0,10.925000458955765,2.7000001072883606
6797,268.6660008458385,0.0,162.2660008458386,91.69999998807907,0.0,0.0,13.800000488758087,0.9000000357627869
6798,210.64815161015022,-1.0000001192092896,133.1981516399525,68.0,0.0,0.0,10.150000393390656,0.30000001192092896
6799,245.74114508901718,0.0,122.56614508901714,113.39999997615814,0.0,0.0,8.87500037252903,0.9000000357627869
6800,218.3268130076043,0.0,118.07681300760426,90.69999998807907,0.0,0.0,8.950000420212746,0.6000000238418579
6801,229.45967927950417,0.0,141.48467927950423,74.0,0.0,0.0,13.07500046491623,0.9000000357627869
6802,210.8578119994903,-1.0000001192092896,134.20781202929263,68.0,0.0,0.0,9.350000403821468,0.30000001192092896
6803,210.87668667477345,0.0,150.62668667477334,73.39999997615814,-25.5,0.0,10.850000444799662,1.5000000596046448
6804,453.55135581271895,0.0,218.9263558127187,220.89999985694885,0.0,0.0,9.225000381469727,4.500000178813934
6805,264.86338021473205,0.0,158.61338021473205,92.0,0.0,0.0,13.650000527501106,0.6000000238418579
6806,263.266563715683,0.0,139.21656371568312,112.8999999165535,0.0,0.0,8.750000312924385,2.4000000953674316
6807,408.62473005995497,0.0,254.77473005995472,136.19999998807907,0.0,0.0,15.850000560283661,1.8000000715255737
6808,434.70538338884074,0.0,198.50538338884056,227.0,0.0,0.0,8.900000348687172,0.30000001192092896
6809,269.56951561208274,0.0,164.8195156120828,92.0,0.0,0.0,12.450000546872616,0.30000001192092896
6810,395.68282583907967,0.0,211.68282583907956,167.0999999642372,0.0,0.0,15.700000572949648,1.2000000476837158
6811,234.25699555638803,0.0,144.0569955563881,76.0,0.0,0.0,13.600000500679016,0.6000000238418579
6812,441.8327088341475,-1.0000001192092896,245.6827088639496,180.5999999642372,0.0,0.0,15.050000455230474,1.5000000596046448
6813,264.3871871860569,0.0,167.83718718605695,82.0,0.0,0.0,14.25000037252903,0.30000001192092896
6814,268.75628783111364,0.0,151.3562878311136,109.0,0.0,0.0,7.800000309944153,0.6000000238418579
6815,211.85094383249455,-1.0000001192092896,136.2509438622969,67.0,0.0,0.0,9.300000432878733,0.30000001192092896
6816,418.5047682532294,0.0,223.2297682532295,170.0999999642372,0.0,0.0,23.975000843405724,1.2000000476837158
6817,256.62768475664797,0.0,153.52768475664791,88.69999998807907,0.0,0.0,13.500000566244125,0.9000000357627869
6818,328.4117543962088,-1.0000001192092896,169.1867544260112,149.69999998807907,0.0,0.0,9.925000417977571,0.6000000238418579
6819,232.89444916701999,0.0,143.29444916702002,73.0,0.0,0.0,16.00000062584877,0.6000000238418579
6820,419.6522398529054,-1.0000001192092896,245.47723988270766,160.0,0.0,0.0,14.875000435858965,0.30000001192092896
6821,270.3461392171769,-1.0000001192092896,152.37113924697945,106.0,0.0,0.0,12.675000432878733,0.30000001192092896
6822,232.06473895992846,0.0,140.48973895992847,76.0,0.0,0.0,14.975000608712435,0.6000000238418579
6823,280.86625907278636,0.0,170.46625907278644,93.69999998807907,0.0,0.0,16.1000006608665,0.6000000238418579
6824,442.42146687285424,-1.0000001192092896,239.77146690265653,180.79999995231628,0.0,0.0,21.350000467151403,1.5000000596046448
6825,387.0207427276744,-1.0000001192092896,234.42074275747692,137.39999997615814,0.0,0.0,15.00000062957406,1.2000000476837158
6826,239.78737595486015,0.0,151.26237595486015,74.39999997615814,0.0,0.0,12.925000503659248,1.2000000476837158
6827,273.50224680061285,-1.0000001192092896,175.0022468304153,88.69999998807907,0.0,0.0,10.200000438839197,0.6000000238418579
6828,343.31288356647076,0.0,178.61288356647083,154.49999994039536,0.0,0.0,8.400000303983688,1.8000000715255737
6829,236.14839913309234,0.0,130.79839913309215,95.39999997615814,0.0,0.0,9.050000444054604,0.9000000357627869
6830,239.8859896751844,0.0,147.1109896751844,75.0,0.0,0.0,17.175000622868538,0.6000000238418579
6831,336.9025481229158,-1.0000001192092896,184.05254815271792,134.69999998807907,0.0,0.0,18.55000064149499,0.6000000238418579
6832,227.88068424079356,0.0,111.75568424079364,103.0,0.0,0.0,12.825000524520874,0.30000001192092896
6833,327.3232752228024,0.0,168.19827522280227,149.69999998807907,0.0,0.0,8.825000435113907,0.6000000238418579
6834,174.42100426189134,0.0,98.97100426189137,61.69999998807907,0.0,0.0,13.150000512599945,0.6000000238418579
6835,277.37841550463565,0.0,171.70341550463564,92.69999998807907,0.0,0.0,12.375000197440386,0.6000000238418579
6836,390.51646551962216,0.0,202.4414655196222,177.19999992847443,0.0,0.0,8.775000393390656,2.1000000834465027
6837,405.0939776026582,0.0,263.86897760265805,124.0,0.0,0.0,16.925000324845314,0.30000001192092896
6838,193.69452733617914,0.0,109.66952733617921,74.69999998807907,0.0,0.0,8.725000336766243,0.6000000238418579
6839,197.00110910413744,-1.0000001192092896,108.10110913393967,80.39999997615814,0.0,0.0,8.600000340491533,0.9000000357627869
6840,451.64558110295155,-1.0000001192092896,263.4955811327537,157.69999998807907,0.0,0.0,30.250001449137926,1.2000000476837158
6841,307.36866331854924,-1.0000001192092896,176.96866334835173,123.0,0.0,0.0,8.100000251084566,0.30000001192092896
6842,250.8433479080653,0.0,170.7183479080653,71.0,0.0,0.0,8.825000379234552,0.30000001192092896
6843,237.16957888227228,0.0,161.2195788822723,68.0,0.0,0.0,7.650000367313623,0.30000001192092896
6844,288.5975310972586,0.0,174.97253109725855,98.39999997615814,0.0,0.0,14.325000628829002,0.9000000357627869
6845,290.66992694356753,-1.0000001192092896,162.09492697336978,119.39999997615814,0.0,0.0,9.27500032261014,0.9000000357627869
6846,492.35701897147845,-1.0000001192092896,272.7320190012804,199.39999997615814,0.0,0.0,20.02500057592988,1.2000000476837158
6847,330.2189301180247,0.0,185.84393011802467,133.0,0.0,0.0,11.075000524520874,0.30000001192092896
6848,279.8768648078141,0.0,171.75186480781426,94.0,0.0,0.0,13.525000497698784,0.6000000238418579
6849,311.2273500415322,-1.0000001192092896,170.2273500713344,129.0,0.0,0.0,12.700000513345003,0.30000001192092896
6850,262.50301991670824,0.0,158.4530199167082,85.0,0.0,0.0,18.45000084117055,0.6000000238418579
6851,339.4069673484815,-1.0000001192092896,183.10696737828368,144.0,0.0,0.0,12.70000060275197,0.6000000238418579
6852,280.5031078042976,-1.0000001192092896,163.82810783409988,104.0,0.0,0.0,13.375000473111868,0.30000001192092896
6853,310.91693511292226,0.0,182.3419351129225,117.0,0.0,0.0,11.275000531226397,0.30000001192092896
6854,235.24480031110784,0.0,121.24480031110778,101.69999998807907,0.0,0.0,11.700000643730164,0.6000000238418579
6855,249.25962211148564,0.0,159.15962211148573,76.0,0.0,0.0,12.600000515580177,1.5000000596046448
6856,195.2187831939827,-1.0000001192092896,116.518783223785,70.69999998807907,0.0,0.0,8.400000397115946,0.6000000238418579
6857,362.6741177414273,-1.0000001192092896,184.34911777122917,168.39999997615814,0.0,0.0,10.025000352412462,0.9000000357627869
6858,281.1254328344029,0.0,174.800432834403,92.0,0.0,0.0,14.025000467896461,0.30000001192092896
6859,300.88542128367254,-1.0000001192092896,146.6604213134748,145.49999994039536,0.0,0.0,7.925000298768282,1.8000000715255737
6860,224.46405914875177,0.0,144.61405914875183,68.0,0.0,0.0,11.550000343471766,0.30000001192092896
6861,315.70920752827215,0.0,154.95920752827232,151.5999999642372,0.0,0.0,7.350000411272049,1.8000000715255737
6862,237.32563555242862,0.0,129.5006355524286,97.19999992847443,0.0,0.0,8.525000259280205,2.1000000834465027
6863,313.00070846127005,0.0,145.5757084612701,159.39999997615814,0.0,0.0,7.125000298023224,0.9000000357627869
6864,258.3873078538656,0.0,163.9123078538656,85.0,0.0,0.0,9.175000417977571,0.30000001192092896
6865,224.42475585087973,0.0,140.49975585087967,72.39999997615814,0.0,0.0,10.325000390410423,1.2000000476837158
6866,246.62404494325062,-1.0000001192092896,150.39904497305312,84.0,0.0,0.0,12.925000566989183,0.30000001192092896
6867,236.70437759972467,0.0,144.22937759972456,77.0,0.0,0.0,14.875000517815351,0.6000000238418579
6868,276.9561459799488,0.0,167.43114597994875,95.0,0.0,0.0,13.925000637769699,0.6000000238418579
6869,263.7187248868355,0.0,142.39372488683543,107.49999994039536,0.0,0.0,12.025000244379044,1.8000000715255737
6870,690.4049773699323,0.0,471.15497736993285,185.19999992847443,0.0,0.0,31.65000069141388,2.4000000953674316
6871,299.8256567909035,-1.0000001192092896,155.3256568207058,135.69999998807907,0.0,0.0,8.900000382214785,0.9000000357627869
6872,242.4636838741459,-1.0000001192092896,118.4886839039484,114.09999996423721,0.0,0.0,9.675000373274088,1.2000000476837158
6873,234.36510942203844,0.0,140.4901094220385,81.69999998807907,0.0,0.0,11.575000420212746,0.6000000238418579
6874,248.9735355294373,0.0,147.19853552943727,88.0,0.0,0.0,13.475000575184822,0.30000001192092896
6875,221.27060057966148,-1.0000001192092896,140.07060060946378,68.0,0.0,0.0,13.900000605732203,0.30000001192092896
6876,281.8067585908355,0.0,176.98175859083574,92.0,0.0,0.0,12.525000367313623,0.30000001192092896
6877,300.41932883371106,-1.0000001192092896,158.5443288635137,133.69999998807907,0.0,0.0,8.275000337511301,0.9000000357627869
6878,249.8463780092478,-1.0000001192092896,154.99637803905006,85.0,0.0,0.0,10.550000343471766,0.30000001192092896
6879,199.95023819649117,0.0,124.62523819649108,65.09999996423721,0.0,0.0,9.025000393390656,1.2000000476837158
6880,490.9127477952927,-1.0000001192092896,229.78774782509532,251.39999997615814,0.0,0.0,9.825000412762165,0.9000000357627869
6881,271.7236541904064,0.0,165.54865419040644,95.69999998807907,0.0,0.0,9.875000435858965,0.6000000238418579
6882,640.7009691005863,0.0,358.2759691005858,243.19999992847443,0.0,0.0,37.1250014603138,2.1000000834465027
6883,236.4467320749144,0.0,143.4217320749144,75.0,0.0,0.0,17.42500065267086,0.6000000238418579
6884,432.95434594213333,0.0,260.029345942133,156.5,0.0,0.0,15.525000669062138,0.9000000357627869
6885,215.08400366851467,-1.0000001192092896,126.30900369831701,79.69999998807907,0.0,0.0,9.47500029578805,0.6000000238418579
6886,269.7434260362663,0.0,161.61842603626633,94.69999998807907,0.0,0.0,12.525000542402267,0.9000000357627869
6887,294.73401604056613,0.0,161.9340160405663,124.0,0.0,0.0,8.200000494718552,0.6000000238418579
6888,234.24865418853676,-1.0000001192092896,122.27365421833902,103.0,0.0,0.0,9.675000328570604,0.30000001192092896
6889,345.5784321101706,-1.0000001192092896,220.4034321399728,104.39999997615814,0.0,0.0,20.875000674277544,0.9000000357627869
6890,317.71177333620295,-1.0000001192092896,190.61177336600528,119.69999998807907,0.0,0.0,7.800000235438347,0.6000000238418579
6891,288.8067963519465,0.0,173.78179635194658,99.0,0.0,0.0,15.425000637769699,0.6000000238418579
6892,290.2706332644255,0.0,176.74563326442552,101.5,0.0,0.0,11.125000536441803,0.9000000357627869
6893,264.33401170099677,0.0,134.18401170099676,119.09999996423721,0.0,0.0,9.850000400096178,1.2000000476837158
6894,363.2294806342997,-1.0000001192092896,173.55448066410213,180.0999999642372,0.0,0.0,9.375000346451998,1.2000000476837158
6895,280.98138164722707,-1.0000001192092896,153.28138167702951,119.39999997615814,0.0,0.0,8.400000367313623,0.9000000357627869
6896,246.94770826210151,-1.0000001192092896,163.7977082919037,72.0,0.0,0.0,11.850000459700823,0.30000001192092896
6897,468.54184639100265,0.0,255.79184639100268,198.0,0.0,0.0,13.850000441074371,0.9000000357627869
6898,318.6695453413246,0.0,181.0945453413246,121.5,0.0,0.0,15.475000653415918,0.6000000238418579
6899,250.71864063553576,0.0,106.1686406355359,133.69999998807907,0.0,0.0,10.250000461935997,0.6000000238418579
6900,321.17719033789274,-1.0000001192092896,184.65219036769508,118.69999998807907,0.0,0.0,18.22500004246831,0.6000000238418579
6901,507.2552667003493,-1.0000001192092896,268.4802667301519,224.5,0.0,0.0,14.675000507384539,0.6000000238418579
6902,204.60224483456042,0.0,114.57724483456039,80.69999998807907,0.0,0.0,8.725000381469727,0.6000000238418579
6903,307.43160065138323,0.0,178.1566006513831,117.0,0.0,0.0,11.975000441074371,0.30000001192092896
6904,280.558190160728,0.0,174.68319016072792,87.0,0.0,0.0,18.275000508874655,0.6000000238418579
6905,254.7669012929022,-1.0000001192092896,165.6169013227046,79.0,0.0,0.0,10.850000359117985,0.30000001192092896
6906,262.1602400901798,0.0,153.8352400901798,95.0,0.0,0.0,12.725000604987144,0.6000000238418579
6907,214.16369976580296,0.0,118.16369976580306,86.39999997615814,0.0,0.0,8.700000360608101,0.9000000357627869
6908,247.31687389879022,-1.0000001192092896,139.06687392859234,94.0,0.0,0.0,14.95000059902668,0.30000001192092896
6909,228.58986767307894,0.0,142.189867673079,73.0,0.0,0.0,12.800000444054604,0.6000000238418579
6910,239.1674686727271,-1.0000001192092896,121.61746870252942,107.39999997615814,0.0,0.0,10.250000402331352,0.9000000357627869
6911,230.385075085683,0.0,137.4350750856831,76.0,0.0,0.0,16.65000058710575,0.30000001192092896
6912,533.4792404230326,-1.0000001192092896,341.37924045283444,155.0,0.0,0.0,37.80000123754144,0.30000001192092896
6913,266.95224753314847,0.0,182.05224753314837,70.0,0.0,0.0,14.600000560283661,0.30000001192092896
6914,232.55132962930404,0.0,130.0513296293041,93.69999998807907,0.0,0.0,8.200000301003456,0.6000000238418579
6915,245.3088548823532,0.0,152.3838548823532,77.0,0.0,0.0,15.325000554323196,0.6000000238418579
6916,430.93046845670517,0.0,229.68046845670523,184.79999995231628,-3.0,0.0,17.05000029504299,2.4000000953674316
6917,234.70854308748758,-1.0000001192092896,136.78354311728995,89.0,0.0,0.0,9.62500050663948,0.30000001192092896
6918,234.25556653230333,0.0,143.03056653230342,76.0,0.0,0.0,14.625000670552254,0.6000000238418579
6919,273.7008805620381,-1.0000001192092896,155.5758805918406,108.0,0.0,0.0,10.82500048354268,0.30000001192092896
6920,251.57390171455256,0.0,153.64890171455244,79.5,0.0,0.0,17.525000646710396,0.9000000357627869
6921,291.4204547036783,-1.0000001192092896,190.92045473348065,92.0,0.0,0.0,9.200000409036875,0.30000001192092896
6922,261.16633874786066,0.0,159.81633874786073,93.39999997615814,0.0,0.0,7.050000235438347,0.9000000357627869
6923,233.395447226471,0.0,144.52044722647105,74.5,0.0,0.0,13.475000530481339,0.9000000357627869
6924,250.50053777100464,0.0,154.57553777100472,81.0,0.0,0.0,14.32500046491623,0.6000000238418579
6925,282.3548729263064,-1.0000001192092896,169.129872956109,99.0,0.0,0.0,14.925000492483377,0.30000001192092896
6926,245.62252296093644,0.0,152.22252296093637,84.0,0.0,0.0,9.100000236183405,0.30000001192092896
6927,214.7114617690833,-1.0000001192092896,131.3864617988856,74.0,0.0,0.0,10.025000426918268,0.30000001192092896
6928,276.43264513554857,0.0,158.60764513554855,106.59999990463257,0.0,0.0,8.525000497698784,2.7000001072883606
6929,373.01290565329765,-1.0000001192092896,193.21290568310008,161.0999999642372,0.0,0.0,18.50000073388219,1.2000000476837158
6930,330.0029423199775,-1.0000001192092896,179.4279423497794,140.0,0.0,0.0,10.97500041499734,0.6000000238418579
6931,230.28968289218412,-1.0000001192092896,147.5146829219866,69.69999998807907,0.0,0.0,13.475000355392694,0.6000000238418579
6932,254.06673683611828,0.0,158.06673683611837,78.0,0.0,0.0,16.800000682473183,1.2000000476837158
6933,236.56907953281905,0.0,141.46907953281894,85.69999998807907,0.0,0.0,8.800000339746475,0.6000000238418579
6934,278.01179573154315,0.0,170.2367957315432,93.0,0.0,0.0,14.175000488758087,0.6000000238418579
6935,478.7752497544806,-1.0000001192092896,242.8752497842832,226.0999999642372,0.0,0.0,9.600000370293856,1.2000000476837158
6936,311.9388370343398,-1.0000001192092896,196.28883706414166,100.0,0.0,0.0,16.050000671297312,0.6000000238418579
6937,294.92287501326314,-1.0000001192092896,157.72287504306533,127.69999998807907,0.0,0.0,9.90000032261014,0.6000000238418579
6938,242.4050331127424,0.0,149.25503311274238,79.0,0.0,0.0,13.550000488758087,0.6000000238418579
6939,248.17340397996412,-1.0000001192092896,133.92340400976644,105.69999998807907,0.0,0.0,8.950000319629908,0.6000000238418579
6940,465.1807129262702,-1.0000001192092896,275.7557129560725,167.39999997615814,0.0,0.0,22.125000808387995,0.9000000357627869
6941,346.27153216643893,-1.0000001192092896,176.52153219624162,161.0,0.0,0.0,9.45000034943223,0.30000001192092896
6942,178.65797127836487,0.0,85.85797127836489,84.69999998807907,0.0,0.0,7.500000432133675,0.6000000238418579
6943,404.7406941691841,0.0,250.44069416918424,125.0,0.0,0.0,29.00000001862645,0.30000001192092896
6944,332.2767841421655,-1.0000001192092896,171.9017841719677,150.49999994039536,0.0,0.0,9.075000289827585,1.8000000715255737
6945,249.4839924709221,0.0,152.25899247092198,80.0,0.0,0.0,16.925000552088022,0.30000001192092896
6946,305.4943342990238,0.0,171.56933429902392,124.69999998807907,0.0,0.0,8.625000391155481,0.6000000238418579
6947,647.9757783686781,0.0,398.2507783686784,233.5999999642372,-6.0,0.0,20.025000620633364,2.1000000834465027
6948,383.19471072213105,-1.0000001192092896,176.36971075193338,197.0,0.0,0.0,10.525000400841236,0.30000001192092896
6949,271.8529752236537,0.0,164.85297522365383,96.0,0.0,0.0,10.700000498443842,0.30000001192092896
6950,236.83603562841373,0.0,146.3610356284138,75.69999998807907,0.0,0.0,13.875000551342964,0.9000000357627869
6951,193.90998847116822,0.0,96.55998847116832,88.09999996423721,0.0,0.0,8.050000473856926,1.2000000476837158
6952,284.320804879875,-1.0000001192092896,172.97080490967744,99.0,0.0,0.0,13.050000492483377,0.30000001192092896
6953,217.22744159653647,0.0,98.60244159653647,109.69999998807907,0.0,0.0,8.325000375509262,0.6000000238418579
6954,423.15694083623185,-1.0000001192092896,202.83194086603422,210.69999998807907,0.0,0.0,10.025000412017107,0.6000000238418579
6955,256.6568968486236,0.0,156.13189684862363,85.0,0.0,0.0,14.625000566244125,0.9000000357627869
6956,246.93554480879482,0.0,125.91054480879475,107.39999997615814,0.0,0.0,12.725000515580177,0.9000000357627869
6957,174.62694813015364,0.0,84.60194813015354,80.39999997615814,0.0,0.0,8.725000381469727,0.9000000357627869
6958,242.27678502792756,0.0,149.8767850279275,79.19999998807907,0.0,0.0,12.300000563263893,0.9000000357627869
6959,249.39484509748425,0.0,154.36984509748427,78.5,0.0,0.0,15.025000542402267,1.5000000596046448
6960,287.78405418819045,0.0,178.28405418819045,92.39999997615814,0.0,0.0,15.900000616908073,1.2000000476837158
6961,289.2063364707845,-1.0000001192092896,174.45633650058699,101.0,0.0,0.0,14.450000170618296,0.30000001192092896
6962,280.43076209417814,0.0,130.43076209417808,140.69999998807907,0.0,0.0,8.700000420212746,0.6000000238418579
6963,423.865768481846,-1.0000001192092896,270.99076851164835,135.0,0.0,0.0,18.575000647455454,0.30000001192092896
6964,619.9087578220998,-1.0000001192092896,324.20875785190225,274.69999998807907,0.0,0.0,21.40000069513917,0.6000000238418579
6965,213.62360706448555,-1.0000001192092896,133.59860709428764,72.0,0.0,0.0,8.725000385195017,0.30000001192092896
6966,195.34218989857064,0.0,103.91718989857054,82.39999997615814,0.0,0.0,8.12500025331974,0.9000000357627869
6967,266.1396430871807,-1.0000001192092896,133.88964311698302,122.69999998807907,0.0,0.0,9.950000405311584,0.6000000238418579
6968,326.7469449523779,0.0,168.62194495237787,147.0,0.0,0.0,10.825000360608101,0.30000001192092896
6969,287.77964690655347,-1.0000001192092896,135.20464693635572,140.0,0.0,0.0,13.275000680238008,0.30000001192092896
6970,357.3276878847138,-1.0000001192092896,184.60268791451605,160.39999997615814,0.0,0.0,12.425000444054604,0.9000000357627869
6971,300.8226589691793,0.0,180.94765896917917,105.69999998807907,0.0,0.0,13.575000569224358,0.6000000238418579
6972,288.39847274772285,0.0,173.42347274772283,97.69999998807907,0.0,0.0,16.37500049173832,0.9000000357627869
6973,306.05267643310634,0.0,188.4276764331065,99.69999998807907,0.0,0.0,17.32500059902668,0.6000000238418579
6974,273.2401134619221,0.0,163.6401134619221,93.69999998807907,0.0,0.0,15.000000670552254,0.9000000357627869
6975,255.88618327171451,0.0,149.8611832717145,93.0,0.0,0.0,12.425000697374344,0.6000000238418579
6976,206.77733300809365,0.0,95.32733300809372,100.0,0.0,0.0,11.150000497698784,0.30000001192092896
6977,210.4748993408671,0.0,123.29989934086711,71.0,0.0,0.0,15.875000700354576,0.30000001192092896
6978,307.7840523910951,0.0,161.60905239109485,135.0,0.0,0.0,10.87500049173832,0.30000001192092896
6979,231.32600638676575,-1.0000001192092896,116.92600641656819,105.69999998807907,0.0,0.0,9.100000400096178,0.6000000238418579
6980,236.62663890517638,-1.0000001192092896,117.67663893497873,111.0,0.0,0.0,8.650000426918268,0.30000001192092896
6981,195.61335055587034,0.0,116.38835055587039,68.0,0.0,0.0,10.625000417232513,0.6000000238418579
6982,321.0639618037805,0.0,163.31396180378047,147.19999992847443,0.0,0.0,8.45000034570694,2.1000000834465027
6983,244.3546073941495,0.0,146.67960739414931,86.39999997615814,0.0,0.0,10.375000439584255,0.9000000357627869
6984,316.55853908135964,1.0000001192092896,196.58353905155732,97.0,0.0,1.0,20.375000849366188,0.6000000238418579
6985,246.24068384618786,0.0,148.74068384618795,81.0,0.0,0.0,15.900000605732203,0.6000000238418579
6986,235.38068460785163,0.0,141.45568460785165,78.0,0.0,0.0,15.325000584125519,0.6000000238418579
6987,230.09293988463443,0.0,156.56793988463454,68.5,-10.5,0.0,14.025000542402267,1.5000000596046448
6988,302.06826996206297,-1.0000001192092896,184.49326999186533,104.39999997615814,0.0,0.0,13.27500071004033,0.9000000357627869
6989,196.34055529547356,-1.0000001192092896,94.51555532527583,92.39999997615814,0.0,0.0,9.525000393390656,0.9000000357627869
6990,232.81912140602316,0.0,147.2441214060231,70.39999997615814,0.0,0.0,13.975000530481339,1.2000000476837158
6991,292.6484977842366,0.0,192.99849778423652,91.0,0.0,0.0,8.350000444799662,0.30000001192092896
6992,517.6267181174331,0.0,306.02671811743323,200.39999997615814,0.0,0.0,10.300000380724669,0.9000000357627869
6993,242.73199287170175,0.0,125.3819928717019,106.49999994039536,0.0,0.0,9.05000039935112,1.8000000715255737
6994,274.73618866840735,0.0,164.48618866840735,94.0,0.0,0.0,15.650000557303429,0.6000000238418579
6995,253.587279348201,0.0,123.98727934820096,116.69999998807907,0.0,0.0,12.30000051483512,0.6000000238418579
6996,293.07416309374327,0.0,198.09916309374358,85.0,0.0,0.0,9.67500040307641,0.30000001192092896
6997,642.0401504872756,-1.0000001192092896,434.9901505170778,162.69999998807907,0.0,0.0,44.75000064447522,0.6000000238418579
6998,251.96109971801164,0.0,159.73609971801153,79.69999998807907,0.0,0.0,11.925000552088022,0.6000000238418579
6999,300.632998407959,0.0,183.18299840795902,92.39999997615814,0.0,0.0,24.150001049041748,0.9000000357627869
7000,320.388735367261,-1.0000001192092896,206.53873539706353,100.0,0.0,0.0,14.250000435858965,0.6000000238418579