Episode,R_total,R_env,R_passing,R_in_box,R_assist,R_role,R_approach
1,4.099999726,0,-1,-4,0,4.799999714,0.300000012
2,2.099999726,0,-3,0,0,4.799999714,0.300000012
3,10.4999994,0,0,0,0,10.19999939,0.300000012
4,15.99999905,0,-6.5,0,0,20.87999898,1.619999982
5,25.49999887,0,-5,1,0,20.95999861,9.539999612
6,18.8399985,0,-12.30000001,0,0,26.75999823,4.379999965
7,44.89999719,0,-15,0,0,38.11999819,21.77999929
8,38.53999764,0,-11,0,0,32.67999673,16.8599996
9,4.099999726,0,-1,0,0,4.799999714,0.300000012
10,37.03999646,0,-17.80000001,0,0,45.95999774,8.879999846
11,45.91999695,-1.000000119,-8.5,-4,0,42.75999846,12.65999971
12,48.87999728,-1.000000119,-10.80000001,8,0,50.95999687,9.719999827
13,69.73999629,0,-19,0,0,56.5999973,34.13999881
14,6.819999635,0,0,0,0,6.159999639,0.659999996
15,3.099999726,0,-2,0,0,4.799999714,0.300000012
16,73.57999579,-1.000000119,-16.5,0,0,54.95999761,36.11999869
17,68.47999491,-1.000000119,-21.5,0,0,66.19999421,24.77999906
18,37.59999759,-1.000000119,-15.80000001,0,0,49.35999756,5.039999932
19,48.27999638,-1.000000119,-37,0,0,55.15999807,33.11999898
20,28.11999846,0,-0.5,0,0,28.19999838,0.420000009
21,55.25999781,0,-7.300000012,4,0,43.23999822,19.31999929
22,66.35999465,0,-23,0,0,71.55999431,25.79999924
23,67.59999531,0,-27.80000001,0,0,69.19999593,22.19999935
24,3.099999726,0,-2,0,0,4.799999714,0.300000012
25,37.01999681,0,-23.30000001,0,0,50.8399969,9.479999833
26,59.33999714,-1.000000119,-21,0,0,62.27999744,21.05999929
27,41.31999638,-1.000000119,-54.59999996,3,0,68.23999874,28.67999911
28,17.53999889,0,-9,0,0,20.11999929,6.419999838
29,2.059999734,0,-3,0,0,4.759999692,0.300000012
30,50.159996,-1.000000119,-42.09999996,0,0,67.27999601,25.97999921
31,4.799999744,0,-1.5,0,0,5.999999642,0.300000012
32,3.099999756,0,-2,0,0,4.799999714,0.300000012
33,50.47999757,-1.000000119,-9.5,0,0,49.03999793,11.93999963
34,44.43999602,0,-10.5,0,0,43.8399957,11.09999977
35,56.35999615,-1.000000119,-21.10000002,0,0,57.99999611,20.45999958
36,6.619999558,0,-2,0,0,7.959999532,0.659999996
37,40.57999711,0,-23.29999995,0,0,55.71999802,8.159999862
38,6.419999599,0,-1,-6,0,6.759999603,0.659999996
39,4.099999905,0,-1,0,0,4.799999714,0.300000012
40,49.75999627,0,-17,0,0,43.95999835,22.79999938
41,39.11999629,-1.000000119,-20.80000001,0,0,49.15999742,11.75999977
42,46.29999728,0,-17.30000001,0,0,55.07999727,8.519999824
43,35.21999595,-1.000000119,-25.89999998,-5,0,50.59999743,11.51999984
44,55.35999675,0,-29.89999998,0,0,59.63999705,25.61999946
45,53.25999692,0,-25.80000001,0,0,57.27999684,21.77999942
46,25.93999666,-1.000000119,-21,0,0,36.23999684,11.69999973
47,57.59999549,-1.000000119,-18.5,0,0,53.63999707,23.45999906
48,43.13999739,-1.000000119,-14,0,0,44.63999751,13.4999996
49,62.17999638,-1.000000119,-21.5,0,0,63.07999723,21.59999941
50,44.19999665,0,-14.5,4,0,50.71999674,7.97999984
51,18.87999856,0,-8,0,0,24.8399983,2.039999992
52,51.81999701,-1.000000119,-20.89999998,0,0,50.07999769,23.63999934
53,52.53999607,0,-4,0,0,42.91999812,13.61999969
54,21.25999919,0,-2,3,0,21.27999926,1.979999967
55,77.07999513,0,-25.29999995,0,0,69.5199956,40.85999861
56,44.61999642,-1.000000119,-18,0,0,47.83999856,15.77999941
57,35.05999799,0,-20.60000002,0,0,46.5999983,9.059999868
58,4.099999756,0,-1,0,0,4.799999714,0.300000012
59,28.21999793,0,-9.5,0,0,28.8399983,8.879999638
60,41.29999697,0,-8.5,0,0,28.39999783,17.39999933
61,74.43999663,0,-13,0,0,51.75999856,37.67999861
62,5.499999732,0,-2,0,0,7.199999571,0.300000012
63,43.7199972,0,-7.800000012,0,0,34.47999859,17.03999943
64,73.69999518,-1.000000119,-27.5,-12,0,75.19999641,26.99999896
65,3.999999702,0,-3.5,0,0,7.199999571,0.300000012
66,5.999999642,0,-1.5,-1,0,7.199999571,0.300000012
67,4.099999726,0,-1,0,0,4.799999714,0.300000012
68,48.15999596,-1.000000119,-13,0,0,44.99999602,17.15999951
69,4.099999726,0,-1,0,0,4.799999714,0.300000012
70,37.03999595,-1.000000119,-20.5,0,0,49.95999713,8.579999827
71,66.11999667,0,-12.30000001,0,0,49.31999819,29.09999888
72,37.03999862,0,-4.5,0,0,31.99999803,15.53999947
73,50.35999656,-1.000000119,-10.5,0,0,47.8799964,13.9799997
74,25.85999775,0,0,0,0,25.31999773,0.540000007
75,7.319999695,0,0.5,0,0,6.159999639,0.659999996
76,112.5599956,0,-18,0,0,62.71999933,63.83999754
77,32.65999828,0,-11.30000001,0,0,36.95999792,8.999999814
78,70.51999705,-1.000000119,-21.80000001,9,0,65.59999823,27.71999903
79,33.91999758,-1.000000119,-27.5,-4,0,45.43999833,16.97999938
80,78.55999439,0,-44.70000005,0,0,77.71999665,45.53999841
81,47.27999768,0,-12,0,0,38.47999722,22.79999912
82,53.35999568,0,-18.09999996,0,0,49.79999557,21.65999959
83,55.11999591,-1.000000119,-21.5,0,0,59.43999679,18.17999932
84,50.29999677,-1.000000119,-15.5,0,0,54.6799991,18.1199994
85,49.97999727,-1.000000119,-8,0,0,48.35999809,10.61999973
86,21.57999891,0,-5.300000012,0,0,22.32000011,4.55999995
87,23.35999858,0,-7,5,0,22.95999867,11.39999962
88,38.03999805,-1.000000119,-20.80000001,0,0,45.43999815,14.39999965
89,72.39999247,-1.000000119,-36.10000002,0,0,75.11999451,34.37999874
90,5.819999635,0,-1,-4,0,6.159999639,0.659999996
91,3.899999648,0,-3,0,0,6.599999607,0.300000012
92,28.81999738,-1.000000119,-29,0,0,49.03999722,9.779999629
93,49.83999664,0,-13.5,0,0,46.47999825,16.85999922
94,96.35999461,0,-20.39999986,-1,0,65.99999717,50.75999772
95,56.7399974,-1.000000119,-15,0,0,50.75999631,25.97999907
96,3.859999716,0,-1,0,0,4.559999704,0.300000012
97,7.21999985,0,1,0,0,5.559999675,0.659999996
98,74.89999577,0,-11.30000001,0,0,58.4799974,27.71999887
99,41.15999636,-1.000000119,-9.5,0,0,43.31999658,8.339999832
100,7.959999532,0,-2.5,0,0,9.799999416,0.659999996
101,13.15999869,0,-5.800000012,0,0,16.67999875,2.280000009
102,60.2199952,0,-19.59999996,0,0,67.27999698,12.53999979
103,5.099999726,0,0,0,0,4.799999714,0.300000012
104,17.79999906,0,-4.5,0,0,20.91999906,1.379999988
105,63.23999278,-1.000000119,-30.49999994,0,0,71.83999597,30.89999945
106,36.83999859,0,-4.5,0,0,27.39999786,17.93999948
107,4.599999785,0,-0.5,0,0,4.799999714,0.300000012
108,35.79999611,0,-15.5,0,0,44.39999637,6.899999864
109,13.81999892,0,-4,0,0,16.079999,1.739999972
110,41.77999656,0,-20.30000001,0,0,55.35999699,6.719999894
111,40.03999597,-1.000000119,-26.30000001,0,0,38.47999673,28.85999913
112,8.979999661,0,0,-11,0,8.67999965,0.300000012
113,37.07999589,-1.000000119,-19.5,0,0,52.3599956,5.219999902
114,66.39999644,-1.000000119,-19.30000001,0,0,64.55999679,28.13999934
115,37.57999737,-1.000000119,-14.29999995,1,0,45.19999773,7.679999873
116,30.85999651,-1.000000119,-23.89999998,0,0,45.55999652,10.19999986
117,38.97999506,-1.000000119,-22.29999995,0,0,55.19999668,7.079999886
118,13.21999863,0,-8,0,0,19.83999848,1.379999988
119,25.13999838,0,-2,0,0,24.43999845,2.699999958
120,48.59999516,-1.000000119,-29.29999995,0,0,68.99999614,9.899999857
121,96.07999433,0,-23.79999995,0,0,71.67999656,52.19999811
122,58.35999741,0,-24.39999992,0,0,55.51999664,27.23999943
123,42.75999755,-1.000000119,-14.80000001,0,0,52.1999983,6.359999903
124,6.819999486,0,-1,0,0,7.15999946,0.659999996
125,54.13999677,-1.000000119,-17.30000001,0,0,54.79999612,17.63999937
126,3.599999815,0,-1.5,0,0,4.799999714,0.300000012
127,4.69999969,0,-1,0,0,5.399999678,0.300000012
128,30.83999804,0,-13.09999996,0,0,32.47999811,11.45999981
129,54.91999723,0,-11.39999992,0,0,52.75999922,13.55999975
130,28.0199984,0,-11.89999998,-1,0,32.71999811,7.199999958
131,5.819999635,0,-1,0,0,6.159999639,0.659999996
132,4.099999726,0,-1,0,0,4.799999714,0.300000012
133,81.05999584,0,-27,0,0,53.39999646,54.65999819
134,7.299999535,0,0,0,0,6.159999579,1.139999986
135,52.41999651,0,-16.30000001,0,0,57.07999778,11.63999973
136,5.599999785,0,0.5,0,0,4.799999714,0.300000012
137,37.13999695,-1.000000119,-16,1,0,38.35999788,15.77999932
138,43.49999307,-1.000000119,-64.5,0,0,79.59999672,29.39999954
139,4.099999726,0,-1,0,0,4.799999714,0.300000012
140,38.8399969,-1.000000119,-23.5,0,0,49.35999765,13.97999963
141,3.899999648,0,-3,0,0,6.599999607,0.300000012
142,24.89999866,0,-5.299999952,0,0,27.55999833,2.639999986
143,102.9999932,0,-11,0,0,65.55999631,46.43999834
144,76.41999441,0,-15.60000002,0,0,64.03999609,25.97999929
145,14.63999891,0,-5.5,0,0,18.03999898,2.099999964
146,93.01999625,0,-16.90000004,0,0,69.5599981,42.35999864
147,65.91999573,0,-34.09999996,0,0,69.55999475,32.45999917
148,39.63999741,-1.000000119,-13.80000001,1,0,45.43999813,8.999999844
149,4.099999726,0,-1,0,0,4.799999714,0.300000012
150,5.099999726,0,0,0,0,4.799999714,0.300000012
151,4.69999969,0,-1,0,0,5.399999678,0.300000012
152,5.099999845,0,0,0,0,4.799999714,0.300000012
153,62.01999803,-1.000000119,-15.29999995,0,0,54.31999882,23.99999937
154,5.299999535,0,-2,0,0,6.639999539,0.659999996
155,79.07999348,-1.000000119,-38.49999994,0,0,75.55999731,43.01999871
156,7.839999616,0,0.5,0,0,7.039999485,0.300000012
157,7.159999669,0,0.5,0,0,6.359999597,0.300000012
158,104.499993,-1.000000119,-24,0,0,77.99999675,49.49999818
159,50.07999668,0,-9,0,0,35.27999768,19.79999938
160,70.81999663,0,-29.89999998,0,0,54.91999713,37.79999914
161,94.07999476,-1.000000119,-48.59999996,1,0,97.4799948,46.1999988
162,12.43999881,0,-10.5,0,0,21.6799987,1.25999999
163,72.61999272,0,-17.40000004,0,0,57.3599962,36.65999877
164,61.35999545,-1.000000119,-14.80000001,0,0,51.83999742,25.3199991
165,36.73999719,0,-21,0,0,49.39999714,8.339999832
166,52.89999706,0,-2,0,0,35.95999831,26.93999897
167,50.63999517,-1.000000119,-19.79999995,0,0,59.07999636,12.35999976
168,52.33999558,0,-23,0,0,54.39999637,20.93999943
169,3.799999744,0,-2.5,0,0,5.999999642,0.300000012
170,4.739999563,0,-2,0,0,6.439999521,0.300000012
171,53.87999297,0,-69.00000006,0,0,83.87999587,38.99999907
172,35.49999765,-1.000000119,-21.29999995,0,0,43.27999897,14.51999971
173,9.339999527,0,-2,0,0,11.03999949,0.300000012
174,24.65999949,1.000000119,0,0,1,15.87999922,6.779999793
175,5.819999635,0,-1,-6,0,6.159999639,0.659999996
176,70.55999593,-1.000000119,-36,0,0,71.55999593,35.99999921
177,49.77999646,-1.000000119,-20.30000001,0,0,60.87999789,10.19999978
178,6.299999833,0,0,0,0,5.999999642,0.300000012
179,41.33999714,0,-18,0,0,44.87999864,14.45999963
180,45.45999672,-1.000000119,-18.5,0,0,47.4399974,17.5199995
181,5.099999726,0,0,0,0,4.799999714,0.300000012
182,41.81999747,0,-14.60000002,0,0,41.59999776,14.81999958
183,67.39999732,0,-12,0,0,42.91999704,36.47999876
184,5.299999654,0,-1,0,0,5.999999642,0.300000012
185,4.559999824,0,-0.5,0,0,4.759999692,0.300000012
186,66.43999442,-1.000000119,-34.80000001,0,0,73.4799958,32.7599991
187,3.69999972,0,-2,0,0,5.399999678,0.300000012
188,5.599999785,0,0.5,0,0,4.799999714,0.300000012
189,4.599999785,0,-0.5,0,0,4.799999714,0.300000012
190,41.79999641,-1.000000119,-37.5,0,0,53.47999799,26.81999908
191,6.759999692,0,0.5,0,0,5.959999621,0.300000012
192,7.419999599,0,0,0,0,6.759999603,0.659999996
193,48.63999605,-1.000000119,-15.80000001,0,0,56.55999705,8.879999846
194,44.63999707,-1.000000119,-15.79999995,0,0,55.19999662,6.239999905
195,14.3599993,0,-7.800000012,0,0,20.11999941,2.039999999
196,29.31999703,0,-18.10000002,0,0,39.07999794,8.339999899
197,108.5599954,0,-46.39999998,0,0,86.19999658,68.75999838
198,32.99999547,-1.000000119,-31.29999995,0,0,55.03999735,10.25999983
199,59.77999593,-1.000000119,-11.5,0,0,55.99999642,14.27999973
200,3.099999726,0,-2,-2,0,4.799999714,0.300000012
201,4.099999726,0,-1,0,0,4.799999714,0.300000012
202,4.69999969,0,-3,0,0,7.399999678,0.300000012
203,33.63999696,0,-14.30000001,0,0,45.11999738,14.81999961
204,80.81999628,-1.000000119,-10.10000002,0,0,59.83999658,34.0799989
205,57.23999602,-1.000000119,-19,0,0,50.95999783,26.27999912
206,35.35999768,0,-16.5,0,0,42.91999836,8.939999782
207,6.779999763,0,0,0,0,6.119999617,0.659999996
208,27.75999865,0,-6.100000024,0,0,28.75999844,5.099999957
209,32.61999863,0,-11.30000001,0,0,38.99999851,4.919999927
210,58.71999665,0,-22.5,0,0,59.91999826,21.29999917
211,70.85999653,0,-11.5,-2,0,53.7199973,32.63999874
212,39.33999746,-1.000000119,-10,0,0,44.15999764,6.17999988
213,45.53999693,-1.000000119,-13.30000001,0,0,52.27999789,7.559999876
214,36.03999674,0,-20.79999995,0,0,39.07999833,17.75999932
215,6.919999719,0,-0.5,0,0,6.759999603,0.659999996
216,4.799999714,0,-1.5,0,0,5.999999642,0.300000012
217,98.339995,-1.000000119,-24.10000002,0,0,77.51999624,49.91999854
218,49.35999714,0,-15.5,0,0,49.19999869,15.65999939
219,5.099999726,0,0,-4,0,4.799999714,0.300000012
220,67.53999561,-1.000000119,-24.5,0,0,58.63999785,38.39999868
221,9.259999514,0,0,0,0,8.599999487,0.659999996
222,41.29999813,0,-16,0,0,42.71999799,14.57999948
223,47.63999645,0,-12.5,0,0,48.31999791,11.81999967
224,40.55999817,-1.000000119,-11.5,0,0,43.39999707,9.659999803
225,50.47999568,-1.000000119,-14.69999999,0,0,54.95999651,11.21999987
226,4.419999719,0,-2,0,0,6.119999707,0.300000012
227,50.87999623,-1.000000119,-12.5,0,0,53.87999757,10.49999978
228,66.07999586,-1.000000119,-17,0,0,65.71999788,18.35999948
229,4.259999812,0,-1,0,0,4.9599998,0.300000012
230,86.13999353,0,-17.5,3,0,69.23999567,32.39999896
231,24.09999937,1.000000119,-3,0,1,16.27999943,8.819999635
232,6.859999597,0,-2,0,0,8.559999585,0.300000012
233,5.499999769,0,-1,0,0,6.19999975,0.300000012
234,54.25999458,0,-17.80000001,0,0,61.07999739,10.97999988
235,6.739999592,0,0,0,0,6.079999596,0.659999996
236,48.53999654,0,-10,0,0,39.83999717,20.69999942
237,101.6599913,0,-27.40000004,-2,0,79.03999631,58.01999839
238,39.55999668,-1.000000119,-18.80000001,0,0,48.31999829,11.03999972
239,3.179999769,0,-2,-2,0,4.879999757,0.300000012
240,54.99999598,0,-10,0,0,46.75999761,18.2399992
241,112.1999917,0,-65.69999993,0,0,102.2399966,69.65999798
242,37.65999755,0,-11.09999996,0,0,39.39999872,9.359999843
243,4.179999769,0,-1,0,0,4.879999757,0.300000012
244,41.91999702,0,-17.5,-8,0,44.35999785,15.05999948
245,32.39999825,0,-5.800000012,-4,0,33.51999784,4.679999955
246,25.99999893,0,-5.100000024,0,0,26.35999876,4.739999965
247,121.7599916,0,-65.50000006,0,0,140.9999928,46.25999868
248,40.17999859,0,-6.800000012,4,0,35.91999841,15.05999953
249,4.69999969,0,-1,0,0,5.399999678,0.300000012
250,18.31999916,0,-2.5,0,0,18.83999902,1.979999974
251,26.37999856,0,-5.300000012,6,0,22.91999853,8.759999722
252,19.15999803,0,-8.099999964,0,0,22.75999891,4.499999985
253,7.539999604,0,0,0,0,7.239999592,0.300000012
254,24.35999817,0,-7.100000024,0,0,27.0799976,4.379999965
255,38.03999679,0,-24.5,0,0,48.07999781,14.45999949
256,46.77999823,0,-12,0,0,51.99999805,6.779999867
257,42.25999795,0,-10,0,0,30.11999899,22.13999919
258,43.13999821,-1.000000119,-15.60000002,0,0,50.55999884,9.179999866
259,22.15999861,0,-5.5,-2,0,19.07999879,8.579999566
260,23.57999894,0,-4,0,0,25.35999906,2.219999969
261,4.099999726,0,-1,0,0,4.799999714,0.300000012
262,13.87999877,0,-4.799999952,0,0,16.27999847,2.399999991
263,48.99999483,-1.000000119,-28.30000001,0,0,59.27999617,19.01999947
264,5.099999726,0,0,-4,0,4.799999714,0.300000012
265,56.13999563,-1.000000119,-40.5,0,0,65.95999604,31.67999887
266,79.69999705,-1.000000119,-47.39999998,0,0,78.19999766,51.89999868
267,59.3799969,-1.000000119,-24,0,0,65.11999816,19.25999923
268,90.97999257,0,-22.70000005,0,0,83.19999358,30.47999945
269,49.89999746,-1.000000119,-17,0,0,44.91999818,22.979999
270,35.73999648,-1.000000119,-13,27,0,44.27999739,5.459999897
271,6.819999635,0,0,0,0,6.159999639,0.659999996
272,43.07999532,-1.000000119,-38.70000005,-2,0,59.31999792,23.45999956
273,30.2999981,0,-7.5,0,0,24.55999935,9.239999652
274,3.099999756,0,-2,0,0,4.799999714,0.300000012
275,43.71999581,-1.000000119,-13.5,0,0,50.95999689,7.259999856
276,3.299999654,0,-3,1,0,5.999999642,0.300000012
277,26.37999779,0,-12.79999995,0,0,34.55999827,4.619999968
278,3.099999726,0,-2,0,0,4.799999714,0.300000012
279,59.95999761,0,-9.300000012,-7,0,38.35999887,30.89999911
280,5.139999747,0,0,0,0,4.839999735,0.300000012
281,59.13999263,-1.000000119,-56.90000004,0,0,84.63999577,32.39999925
282,57.29999764,0,-13.5,0,0,53.27999738,17.51999955
283,65.35999385,-1.000000119,-18.5,-2,0,59.6399972,29.21999871
284,23.75999767,0,-9.800000012,0,0,28.27999932,5.279999927
285,64.23999579,0,-19.5,0,0,57.51999827,26.21999903
286,4.099999726,0,-1,0,0,4.799999714,0.300000012
287,100.2999924,0,-11.5,0,0,65.95999563,45.83999796
288,26.93999825,0,-7,0,0,28.87999794,9.059999764
289,37.33999775,-1.000000119,-17.30000001,2,0,47.47999818,8.159999862
290,4.099999726,0,-1,0,0,4.799999714,0.300000012
291,56.69999726,-1.000000119,-23,0,0,55.67999806,25.01999889
292,57.15999477,-1.000000119,-29.59999996,0,0,69.75999706,17.9999997
293,45.93999757,-1.000000119,-12.5,0,0,44.63999867,16.79999941
294,35.59999663,-1.000000119,-19.5,0,0,36.95999824,19.13999937
295,4.299999654,0,-2,0,0,5.999999642,0.300000012
296,50.61999425,0,-33.80000007,0,0,57.83999704,26.57999957
297,38.47999763,0,-27.10000002,0,0,46.07999812,19.49999952
298,88.91999352,-1.000000119,-18.5,0,0,70.11999638,36.29999863
299,3.859999657,0,-2,0,0,5.19999966,0.659999996
300,5.099999726,0,0,0,0,4.799999714,0.300000012
301,5.099999726,0,0,0,0,4.799999714,0.300000012
302,4.099999756,0,-1,0,0,4.799999714,0.300000012
303,56.21999633,-1.000000119,-43.80000001,0,0,72.27999753,28.73999891
304,47.21999654,0,-12.30000001,-3,0,43.43999809,16.07999942
305,32.43999654,-1.000000119,-29,0,0,44.55999736,17.87999952
306,33.19999692,0,-19.5,-1,0,44.11999764,8.579999819
307,6.19999975,0,0.5,0,0,5.399999678,0.300000012
308,56.5999966,0,-14.30000001,0,0,44.43999779,26.4599991
309,8.459999681,0,1,0,0,7.159999549,0.300000012
310,39.63999613,-1.000000119,-12.80000001,-6,0,47.55999734,5.879999913
311,4.599999785,0,-0.5,0,0,4.799999714,0.300000012
312,31.45999685,0,-25.30000001,0,0,46.91999805,9.839999825
313,21.2799973,-1.000000119,-32.80000001,0,0,46.99999864,16.07999967
314,4.739999741,0,-1,0,0,5.4399997,0.300000012
315,74.03999407,0,-18.29999995,0,0,61.79999769,36.53999864
316,35.71999478,-1.000000119,-19.80000001,0,0,47.39999701,9.119999841
317,83.01999516,-1.000000119,-38.59999996,0,0,80.67999731,41.93999856
318,33.61999837,0,-15,0,0,33.55999893,15.05999947
319,4.819999635,0,-2,0,0,6.159999639,0.659999996
320,63.01999614,-1.000000119,-10.5,0,0,52.07999837,22.43999942
321,22.2999991,0,-9.300000012,-2,0,22.59999919,8.999999747
322,5.419999599,0,-2,0,0,6.759999603,0.659999996
323,155.0399939,0,-34.99999994,8,0,116.1599944,77.87999789
324,33.65999828,0,-9,0,0,25.79999885,16.85999926
325,44.03999744,-1.000000119,-19.80000001,1,0,55.95999785,8.879999846
326,57.03999506,-1.000000119,-14.5,-3,0,59.27999659,13.25999968
327,36.67999515,0,-33.80000001,0,0,59.67999649,10.79999981
328,70.19999622,0,-14,0,0,55.51999737,28.67999879
329,61.29999578,0,-18,0,0,57.75999758,21.53999893
330,48.73999843,0,-8.300000012,-8,0,45.0399987,11.99999972
331,62.69999618,-1.000000119,-19,0,0,59.11999731,23.57999924
332,59.15999718,0,-18.60000002,0,0,49.87999794,29.87999897
333,44.37999599,0,-17.5,0,0,44.47999866,17.39999948
334,22.35999847,0,-9.799999952,0,0,25.07999831,7.079999842
335,65.659995,-1.000000119,-21.5,0,0,61.83999623,28.31999909
336,55.33999657,-1.000000119,-17.40000004,-2,0,61.55999833,12.17999981
337,101.0799945,0,-26.40000004,6,0,65.83999586,65.63999826
338,61.59999525,0,-16.80000007,0,0,50.55999666,27.8399993
339,88.11999492,0,-13.10000002,0,0,70.63999552,32.57999927
340,84.73999579,0,-14.39999998,0,0,66.47999749,36.65999889
341,4.69999972,0,-1,0,0,5.399999678,0.300000012
342,98.49999203,0,-31.39999998,0,0,88.19999476,41.6999986
343,8.539999425,0,0,-4,0,8.239999413,0.300000012
344,25.15999871,0,-4.099999905,0,0,24.15999852,5.099999972
345,5.099999726,0,0,0,0,4.799999714,0.300000012
346,36.79999711,-1.000000119,-22.80000001,-8,0,51.83999805,8.759999849
347,6.299999654,0,0,0,0,5.999999642,0.300000012
348,127.1399891,0,-71.69999981,0,0,143.3999949,55.43999863
349,72.89999405,-1.000000119,-21.80000001,0,0,64.99999613,32.69999875
350,52.21999617,0,-14.30000001,0,0,55.71999666,10.7999998
351,4.819999635,0,-2,0,0,6.159999639,0.659999996
352,45.07999584,-1.000000119,-19,0,0,46.59999768,18.47999941
353,4.099999726,0,-1,0,0,4.799999714,0.300000012
354,68.47999628,-1.000000119,-18.5,0,0,70.15999496,29.81999905
355,55.11999379,0,-56.90000004,0,0,92.15999688,31.85999928
356,40.13999566,0,-16,3,0,47.67999668,8.45999983
357,50.81999557,0,-12,1,0,48.47999717,14.33999953
358,5.299999654,0,-1,0,0,5.999999642,0.300000012
359,99.87999316,0,-29.10000002,0,0,78.99999283,49.97999834
360,65.1999954,0,-56.59999996,0,0,77.3999968,44.39999904
361,27.99999589,-1.000000119,-23.5,0,0,44.51999713,7.97999984
362,2.099999726,0,-3,0,0,4.799999714,0.300000012
363,54.99999726,-1.000000119,-3,0,0,37.99999898,20.99999914
364,5.099999726,0,0,0,0,4.799999714,0.300000012
365,4.67999965,0,-1.5,9,0,5.879999578,0.300000012
366,50.73999634,-1.000000119,-7,0,0,48.35999615,10.37999973
367,31.75999769,0,-15.79999995,0,0,30.51999736,17.0399994
368,5.099999726,0,0,0,0,4.799999714,0.300000012
369,4.859999716,0,0,-4,0,4.559999704,0.300000012
370,52.81999537,-1.000000119,-15.59999996,3,0,56.51999748,12.89999978
371,66.57999516,-1.000000119,-25.5,0,0,67.35999717,27.71999928
372,35.87999658,-1.000000119,-28.80000001,0,0,49.59999655,16.07999969
373,52.95999655,0,-21.5,0,0,54.71999639,19.73999938
374,78.57999716,0,-29.60000002,0,0,53.39999788,54.77999776
375,6.779999554,0,0,-6,0,6.479999542,0.300000012
376,36.45999722,-1.000000119,-20.5,0,0,42.3599972,15.59999952
377,23.65999857,0,-6.5,0,0,27.5199984,2.639999978
378,41.01999602,-1.000000119,-15.59999996,0,0,51.07999736,6.539999925
379,7.419999599,0,0,0,0,6.759999603,0.659999996
380,74.17999303,-1.000000119,-37.70000005,15,0,70.83999658,44.03999895
381,18.51999891,0,-6.799999952,0,0,22.91999833,2.399999991
382,39.27999777,0,-16.0999999,-8,0,44.0399977,11.33999977
383,51.49999647,-1.000000119,-17,0,0,51.91999695,17.57999939
384,6.699999511,0,0,0,0,6.399999499,0.300000012
385,46.65999499,-1.000000119,-68.99999982,4,0,70.15999632,46.49999892
386,5.099999726,0,0,0,0,4.799999714,0.300000012
387,62.41999574,0,-19.30000001,0,0,44.35999866,33.35999897
388,79.15999454,0,-18,0,0,62.7199959,34.43999889
389,131.0599928,-1.000000119,-40.80000001,0,0,101.3599981,67.4999975
390,2.69999972,0,-3,0,0,5.399999678,0.300000012
391,6.499999583,0,-1,0,0,7.199999571,0.300000012
392,32.57999709,-1.000000119,-15,-6,0,42.99999812,5.579999894
393,3.69999969,0,-2,0,0,5.399999678,0.300000012
394,59.69999684,0,-12,0,0,60.71999691,10.97999977
395,3.69999972,0,-2,0,0,5.399999678,0.300000012
396,60.11999678,-1.000000119,-16.70000005,0,0,65.03999776,12.77999984
397,76.31999455,-1.000000119,-31.5,-2,0,77.6799963,31.1399988
398,54.5399971,0,-15.79999995,0,0,46.51999871,23.81999923
399,52.65999609,-1.000000119,-19,0,0,54.23999813,18.41999943
400,17.03999889,0,-1.800000012,0,0,15.83999878,2.999999978
401,33.85999845,0,-6.5,0,0,24.47999841,11.87999952
402,90.91999404,0,-30.80000001,0,0,75.91999665,43.7999985
403,26.65999791,1.000000119,-13,0,1,23.07999849,14.5799993
404,25.43999663,-1.000000119,-21.10000002,0,0,39.55999885,7.979999892
405,49.679995,-1.000000119,-19.79999995,0,0,57.27999683,13.19999975
406,19.09999841,0,-10,0,0,27.35999835,1.73999998
407,28.93999752,-1.000000119,-17,0,0,41.59999757,5.339999899
408,41.53999648,-1.000000119,-14.30000001,0,0,44.71999889,12.11999978
409,4.69999969,0,-1,0,0,5.399999678,0.300000012
410,43.53999691,0,-10,0,0,45.1999982,8.339999832
411,26.09999745,-1.000000119,-22,0,0,39.07999784,10.01999962
412,43.1399977,0,-6.600000024,0,0,36.47999805,13.25999968
413,95.57999453,-1.000000119,-37.79999995,0,0,93.23999446,49.1399985
414,3.69999972,0,-2,0,0,5.399999678,0.300000012
415,56.29999599,-1.000000119,-20.5,0,0,52.59999682,25.19999894
416,54.39999616,-1.000000119,-10.5,0,0,47.5999971,18.29999939
417,34.85999665,-1.000000119,-13.30000001,3,0,39.4399991,9.719999805
418,4.599999785,0,-0.5,0,0,4.799999714,0.300000012
419,5.099999726,0,0,0,0,4.799999714,0.300000012
420,69.31999642,-1.000000119,-18.5,0,0,62.11999825,32.69999869
421,45.61999464,0,-24.30000001,0,0,57.91999602,11.99999978
422,54.91999604,-1.000000119,-24,1,0,61.7999977,24.11999915
423,4.099999726,0,-1,0,0,4.799999714,0.300000012
424,4.199999809,0,-1.5,0,0,5.399999678,0.300000012
425,44.43999717,-1.000000119,-16.5,0,0,46.51999722,15.41999954
426,35.11999636,-1.000000119,-20.5,0,0,51.51999716,5.099999905
427,14.77999803,0,-11,0,0,22.71999866,3.05999995
428,5.099999726,0,0,0,0,4.799999714,0.300000012
429,5.099999726,0,0,0,0,4.799999714,0.300000012
430,41.43999688,0,-13.80000001,0,0,43.8399991,11.39999979
431,84.5399954,-1.000000119,-18.5,0,0,62.99999797,41.03999832
432,6.299999535,0,-1,0,0,6.639999539,0.659999996
433,25.07999852,0,-3.5,0,0,26.71999842,1.859999977
434,37.41999653,-1.000000119,-15,10,0,41.71999651,11.69999972
435,42.57999571,-1.000000119,-21.30000001,0,0,55.87999562,8.999999844
436,7.739999712,0,0,0,0,7.4399997,0.300000012
437,75.39999557,0,-12.30000001,0,0,51.99999872,29.6999993
438,28.71999724,-1.000000119,-17.5,-7,0,41.63999707,5.579999864
439,66.65999623,0,-9.300000012,0,0,43.79999727,32.15999877
440,44.47999755,0,-8.800000012,0,0,37.43999684,15.83999938
441,53.97999713,-1.000000119,-20,0,0,53.43999653,21.53999911
442,6.41999945,0,-2,0,0,7.759999424,0.659999996
443,4.799999774,0,-1.5,0,0,5.999999642,0.300000012
444,64.57999565,0,-10.80000001,3,0,60.67999808,14.69999976
445,64.6999964,-1.000000119,-12,0,0,62.87999533,14.81999956
446,27.97999714,0,-18.30000001,0,0,40.99999762,5.279999934
447,71.23999567,0,-23.80000001,0,0,72.39999568,26.63999944
448,56.59999682,-1.000000119,-14,0,0,52.67999774,28.91999908
449,44.77999556,-1.000000119,-23.5,0,0,60.27999778,8.999999844
450,38.27999771,0,-20.80000001,0,0,51.27999825,7.79999987
451,38.37999669,-1.000000119,-22.80000001,0,0,45.07999769,17.09999949
452,17.81999868,0,-6.300000012,0,0,22.07999867,2.039999999
453,44.09999768,-1.000000119,-10,0,0,49.15999812,5.939999886
454,73.77999532,0,-23.5,0,0,57.75999516,41.51999828
455,45.83999632,-1.000000119,-15.5,0,0,50.63999736,11.69999952
456,36.55999832,0,-12.30000001,0,0,38.75999874,20.09999928
457,20.51999769,0,-10.29999995,0,0,28.11999846,2.700000003
458,4.099999726,0,-1,0,0,4.799999714,0.300000012
459,22.3599968,0,-36.90000004,0,0,50.15999795,17.09999975
460,39.63999772,0,-15.80000001,0,0,45.59999841,9.839999825
461,36.459997,0,-5.800000012,0,0,35.11999661,7.139999852
462,5.299999654,0,-1,0,0,5.999999642,0.300000012
463,5.099999726,0,0,0,0,4.799999714,0.300000012
464,4.179999799,0,-1,0,0,4.879999757,0.300000012
465,7.519999653,0,-0.5,0,0,7.359999567,0.659999996
466,65.79999605,0,-15.5,0,0,56.19999686,23.09999925
467,4.299999654,0,-2,0,0,5.999999642,0.300000012
468,28.19999835,0,-6,-2,0,30.71999821,3.479999952
469,73.19999577,-1.000000119,-16.5,0,0,60.63999756,30.05999891
470,58.57999642,-1.000000119,-9,0,0,48.11999628,20.45999919
471,4.799999714,0,-1.5,0,0,5.999999642,0.300000012
472,42.1599983,0,-5.300000012,0,0,41.15999803,6.299999923
473,77.23999619,-1.000000119,-22.30000001,0,0,64.47999714,36.05999856
474,52.19999467,-1.000000119,-31.09999996,0,0,66.83999807,17.45999965
475,94.47999474,-1.000000119,-14.30000001,-1,0,70.8399944,44.9399986
476,43.8999963,0,-19.30000001,0,0,47.47999763,15.71999943
477,45.33999771,1.000000119,-7.5,5,1,31.11999774,15.71999942
478,50.33999664,0,-12.30000001,0,0,53.27999653,9.359999813
479,35.1599972,-1.000000119,-14.5,0,0,43.6399983,7.019999862
480,3.099999756,0,-2,-3,0,4.799999714,0.300000012
481,4.69999969,0,-1,0,0,5.399999678,0.300000012
482,28.71999854,0,-1,0,0,28.75999853,0.960000008
483,25.45999733,0,-9.299999952,6,0,28.7599982,5.999999903
484,41.25999813,0,-17,0,0,52.0799986,6.17999988
485,6.379999518,0,-1,0,0,6.599999517,0.779999994
486,60.97999512,0,-28.29999995,0,0,63.11999708,26.15999905
487,49.1599958,-1.000000119,-31,0,0,56.91999738,18.23999947
488,28.81999715,-1.000000119,-19,0,0,41.31999817,7.499999851
489,23.63999873,0,-6.299999952,0,0,26.51999843,3.419999979
490,4.599999785,0,-0.5,0,0,4.799999714,0.300000012
491,69.31999173,-1.000000119,-59.60000002,0,0,93.07999556,36.83999885
492,28.99999672,-1.000000119,-28.60000002,0,0,45.15999641,13.4399998
493,71.87999481,-1.000000119,-10.5,0,0,68.91999615,14.45999965
494,58.8999969,0,-10.5,0,0,44.3999979,20.9999992
495,7.019999564,0,-1,0,0,7.359999567,0.659999996
496,54.55999648,-1.000000119,-18.5,0,0,58.27999718,15.77999943
497,10.61999914,0,-6,0,0,15.1199991,1.499999985
498,5.499999762,0,-1,0,0,6.19999975,0.300000012
499,73.33999489,-1.000000119,-24.5,0,0,61.43999661,35.39999865
500,36.75999542,-1.000000119,-14.79999995,0,0,46.55999704,5.999999911
501,37.53999789,-1.000000119,-11.29999995,0,0,42.51999836,7.319999881
502,38.45999709,0,-12,0,0,46.19999743,4.259999923
503,50.93999537,0,-20,0,0,60.79999559,10.13999984
504,5.599999905,0,0.5,0,0,4.799999774,0.300000012
505,46.93999667,-1.000000119,-22.59999996,0,0,56.67999662,13.85999976
506,47.33999625,-1.000000119,-14,0,0,52.07999748,10.25999972
507,2.099999756,0,-3,0,0,4.799999714,0.300000012
508,5.69999969,0,0,0,0,5.399999678,0.300000012
509,98.95999297,0,-29.60000002,0,0,75.599994,54.9599985
510,44.31999691,-1.000000119,-14.5,0,0,52.91999759,6.899999864
511,67.51999506,-1.000000119,-23.39999998,0,0,65.87999903,26.03999939
512,55.31999768,0,-15.30000001,0,0,54.91999757,17.69999959
513,46.75999654,-1.000000119,-29,0,0,55.75999819,26.99999885
514,28.31999892,0,-2,0,0,23.7999987,8.519999646
515,126.3999916,-1.000000119,-14.5,0,0,77.2399967,60.6599975
516,3.299999684,0,-3,0,0,5.999999642,0.300000012
517,4.739999622,0,-2,0,0,6.079999596,0.659999996
518,5.099999726,0,0,0,0,4.799999714,0.300000012
519,49.01999708,-1.000000119,-24,0,0,59.55999745,14.4599996
520,6.799999714,0,0.5,0,0,5.999999642,0.300000012
521,4.599999785,0,-0.5,-5,0,4.799999714,0.300000012
522,6.979999661,0,0,0,0,6.67999965,0.300000012
523,50.2199963,-1.000000119,-19,0,0,53.79999749,18.41999955
524,61.81999676,-1.000000119,-13,3,0,51.99999636,23.81999931
525,43.41999748,0,-9,0,0,45.63999809,6.779999867
526,33.85999735,-1.000000119,-15.30000001,1,0,40.55999803,9.599999778
527,90.29999331,0,-17.30000001,0,0,65.1999964,38.3999989
528,48.83999348,-1.000000119,-42.80000001,0,0,66.5599974,34.07999908
529,26.47999601,0,-27.10000002,0,0,45.11999917,8.459999882
530,4.099999726,0,-1,0,0,4.799999714,0.300000012
531,47.57999717,0,-13,0,0,41.55999851,19.01999938
532,44.53999637,-1.000000119,-25.60000002,0,0,44.3199973,26.81999913
533,49.39999543,-1.000000119,-9.799999952,0,0,52.87999707,7.319999881
534,40.53999709,-1.000000119,-17,0,0,44.79999792,13.73999949
535,36.41999664,-1.000000119,-17.30000001,0,0,42.95999907,11.75999974
536,5.399999678,0,-1.5,0,0,6.599999607,0.300000012
537,23.21999817,0,-7,0,0,26.31999773,3.899999931
538,44.09999745,-1.000000119,-14.60000002,0,0,39.47999841,20.21999954
539,5.599999845,0,0.5,0,0,4.799999714,0.300000012
540,45.5199965,0,-25.5,0,0,49.23999627,21.77999909
541,4.099999756,0,-1,0,0,4.799999714,0.300000012
542,63.17999682,0,-11.30000001,-1,0,44.59999582,29.87999899
543,35.49999827,0,-17.89999998,0,0,48.7199977,4.68
544,37.59999606,-1.000000119,-29.30000001,0,0,54.51999622,13.37999978
545,59.79999658,-1.000000119,-9.5,0,0,54.75999884,15.53999952
546,40.4399967,-1.000000119,-17.80000001,-4,0,45.55999802,13.67999975
547,4.179999769,0,-3,0,0,6.879999757,0.300000012
548,57.95999802,-1.000000119,-11.79999995,0,0,58.87999855,11.87999976
549,30.75999664,0,-24.10000002,0,0,49.0399974,5.819999963
550,47.45999667,0,-7.300000012,-2,0,46.11999801,8.639999852
551,37.43999661,-1.000000119,-30.5,-4,0,45.83999775,23.09999899
552,64.55999709,0,-6.5,0,0,40.87999785,36.17999872
553,29.59999425,0,-75.60000002,1,0,68.75999751,40.4399994
554,42.45999663,0,-15.30000001,0,0,49.11999747,8.639999852
555,50.67999471,-1.000000119,-24.09999996,0,0,64.19999487,11.57999981
556,33.05999653,0,-18.29999995,0,0,40.07999733,11.27999977
557,85.51999357,-1.000000119,-33.10000002,0,0,85.11999728,34.49999912
558,7.599999607,0,-0.5,0,0,7.799999535,0.300000012
559,39.51999754,0,-21.09999996,0,0,48.07999754,12.53999966
560,52.93999712,-1.000000119,-19,0,0,55.83999661,17.09999938
561,13.07999879,0,-5.5,0,0,17.19999856,1.379999988
562,43.13999598,-1.000000119,-11.30000001,0,0,41.8799967,13.55999972
563,4.599999815,0,-0.5,-3,0,4.799999714,0.300000012
564,80.77999466,0,-12.80000001,0,0,59.71999782,31.85999881
565,35.83999778,0,-9.800000012,0,0,36.39999843,9.239999838
566,36.25999671,-1.000000119,-15.29999995,0,0,39.7199982,12.83999973
567,38.09999751,-1.000000119,-9,0,0,41.19999816,6.899999849
568,4.779999733,0,-1,0,0,5.479999721,0.300000012
569,33.8999976,0,-19.29999995,0,0,39.27999808,13.91999957
570,50.73999764,0,-13.5,0,0,48.31999795,19.91999941
571,18.87999868,0,-7.799999952,0,0,24.15999845,2.519999981
572,51.99999534,-1.000000119,-26,0,0,65.51999669,15.47999962
573,50.59999558,0,-14.5,0,0,54.35999848,10.73999973
574,45.79999804,-1.000000119,-11.80000001,0,0,46.47999831,12.11999974
575,7.019999683,0,0,0,0,6.719999671,0.300000012
576,46.69999756,-1.000000119,-10.90000004,0,0,51.87999758,6.719999947
577,48.93999627,0,-25.29999995,0,0,60.19999738,14.03999969
578,37.47999793,0,-10.30000001,0,0,43.03999794,4.739999965
579,22.83999699,-1.000000119,-23.5,0,0,37.43999878,9.899999723
580,60.79999425,0,-21.80000001,0,0,58.47999735,24.11999898
581,4.899999619,0,-2,0,0,6.599999607,0.300000012
582,4.299999654,0,-2,0,0,5.999999642,0.300000012
583,59.57999559,-1.000000119,-13.30000001,0,0,51.79999745,22.07999925
584,45.99999768,0,-7.5,0,0,42.79999879,14.69999948
585,42.31999755,-1.000000119,-14.5,0,0,51.7599975,6.059999883
586,105.3399972,0,-20.5999999,0,0,71.15999678,54.77999842
587,35.39999802,0,-9,0,0,31.43999738,12.9599996
588,5.099999726,0,0,0,0,4.799999714,0.300000012
589,11.73999897,0,-4.300000012,0,0,14.11999887,1.920000009
590,23.29999825,0,-7.599999964,0,0,26.15999803,4.73999998
591,17.73999871,0,-11,0,0,21.35999948,7.379999809
592,6.099999845,0,1,0,0,4.799999714,0.300000012
593,19.21999863,0,-5.599999964,0,0,21.27999854,3.539999999
594,14.73999891,0,-4.300000012,0,0,16.15999859,2.879999995
595,6.41999954,0,-1,0,0,7.119999528,0.300000012
596,52.33999687,-1.000000119,-9,0,0,47.63999736,14.69999942
597,40.01999775,0,-10,-3,0,34.71999764,15.29999955
598,53.97999638,0,-16.30000001,0,0,47.19999737,25.07999916
599,16.03999957,0,-10.09999996,0,0,22.83999931,3.300000012
600,56.57999746,0,-10.80000001,0,0,47.27999854,20.0999995
601,3.899999648,0,-3,8,0,6.599999607,0.300000012
602,30.93999813,0,-6.800000012,5,0,25.1999985,12.53999957
603,45.43999694,-1.000000119,-19.09999996,0,0,46.15999807,19.37999955
604,41.57999655,-1.000000119,-24,0,0,57.87999701,8.699999824
605,83.4799941,0,-60.69999993,0,0,90.55999615,49.61999868
606,5.099999905,0,0,0,0,4.799999714,0.300000012
607,53.77999616,-1.000000119,-14.30000001,0,0,50.83999716,18.23999951
608,6.199999809,0,0.5,0,0,5.399999678,0.300000012
609,5.599999785,0,0.5,0,0,4.799999714,0.300000012
610,29.339996,0,-22,0,0,45.99999788,5.339999899
611,54.91999684,-1.000000119,-13.10000002,0,0,53.95999713,15.05999946
612,48.23999667,-1.000000119,-14.79999995,0,0,50.11999609,13.91999971
613,68.09999692,0,-21.80000001,0,0,55.11999887,36.77999901
614,42.55999792,-1.000000119,-16.5,-4,0,41.27999742,18.77999919
615,38.63999809,0,-9,0,0,30.95999862,16.67999961
616,82.95999335,-1.000000119,-57.80000007,0,0,99.99999611,41.75999915
617,45.4799979,-1.000000119,-20.09999996,0,0,55.47999753,11.09999982
618,7.259999514,0,0,0,0,6.599999517,0.659999996
619,82.53999389,-1.000000119,-25.5,-18,0,83.43999386,33.59999878
620,47.95999725,-1.000000119,-10.5,0,0,44.63999793,14.81999935
621,39.79999743,0,-4.5,0,0,28.83999878,17.45999934
622,4.299999684,0,-2,0,0,5.999999642,0.300000012
623,49.53999754,0,-27.89999998,0,0,64.35999933,13.0799998
624,49.979996,0,-19,0,0,47.55999842,21.41999914
625,4.599999785,0,-0.5,0,0,4.799999714,0.300000012
626,45.91999757,-1.000000119,-17.80000001,-4,0,57.63999833,7.079999886
627,28.0999988,0,-4.800000012,0,0,30.07999891,2.82
628,42.23999456,0,-23.79999995,-6,0,54.99999455,11.03999979
629,44.09999666,-1.000000119,-11,0,0,50.03999755,6.059999883
630,87.51999339,-1.000000119,-25.5,0,0,66.67999731,47.3399983
631,85.01999488,0,-47.19999993,0,0,87.71999575,46.49999867
632,5.099999726,0,0,0,0,4.799999714,0.300000012
633,31.69999599,0,-21.29999995,0,0,43.51999608,9.479999833
634,4.099999726,0,-1,0,0,4.799999714,0.300000012
635,77.93999476,0,-37.59999996,0,0,73.51999709,40.019999
636,45.33999659,0,-24.79999995,0,0,49.51999876,22.61999903
637,38.83999768,0,-20,0,0,37.91999698,22.9199992
638,7.319999754,0,0.5,0,0,6.159999639,0.659999996
639,4.69999972,0,-1,0,0,5.399999678,0.300000012
640,49.17999808,0,-8.5,0,0,30.87999791,22.79999908
641,35.9999976,0,-5,6,0,30.75999779,12.23999958
642,124.2799918,-1.000000119,-41,0,0,108.6399929,59.63999826
643,62.35999539,0,-8,1,0,47.15999717,25.19999956
644,5.099999726,0,0,0,0,4.799999714,0.300000012
645,5.099999726,0,0,0,0,4.799999714,0.300000012
646,45.49999829,0,-5.300000012,0,0,40.47999772,10.31999967
647,122.5799934,-1.000000119,-24.59999996,0,0,91.03999832,55.13999837
648,4.099999726,0,-1,-5,0,4.799999714,0.300000012
649,50.89999776,-1.000000119,-12,0,0,53.5199984,10.37999972
650,4.599999785,0,-0.5,5,0,4.799999714,0.300000012
651,41.65999757,-1.000000119,-24.30000001,0,0,56.87999779,10.07999982
652,55.73999776,-1.000000119,-20,0,0,65.03999823,11.69999973
653,54.13999268,-1.000000119,-28.29999995,0,0,71.79999262,11.6399997
654,5.819999635,0,-1,0,0,6.159999639,0.659999996
655,131.9999938,0,-26.19999999,0,0,108.7599945,49.4399987
656,38.59999619,0,-22.80000001,0,0,50.71999744,10.67999981
657,55.41999731,-1.000000119,-8.599999964,0,0,54.63999735,10.37999984
658,118.9799932,0,-27.60000002,0,0,79.95999825,64.61999733
659,47.83999613,-1.000000119,-21.5,0,0,50.83999726,19.49999934
660,30.59999733,0,-11,0,0,31.95999807,5.639999919
661,22.37999851,0,-5,0,0,21.1999985,6.179999828
662,82.21999417,-1.000000119,-22.5,0,0,70.79999612,34.91999865
663,42.13999724,0,-12.5,0,0,45.51999629,15.11999961
664,34.35999608,0,-33.80000001,0,0,58.55999734,9.59999983
665,6.239999682,0,-0.5,0,0,6.079999596,0.659999996
666,39.51999757,0,-15.5,-2,0,41.51999825,13.49999935
667,22.19999897,0,-5.099999964,0,0,22.55999892,4.739999965
668,40.53999749,-1.000000119,-16,0,0,51.47999878,6.059999883
669,5.799999774,0,-0.5,0,0,5.999999642,0.300000012
670,20.8999987,0,-2,0,0,16.23999906,6.659999758
671,38.41999553,-1.000000119,-16.29999995,0,0,45.15999838,10.55999981
672,26.55999839,0,-2.100000024,0,0,24.27999789,4.37999998
673,53.49999608,0,-3,0,0,48.63999705,7.859999843
674,7.259999633,0,0,0,0,6.959999442,0.300000012
675,19.67999899,0,-4.5,0,0,16.91999906,7.259999722
676,5.099999726,0,0,0,0,4.799999714,0.300000012
677,5.179999769,0,0,0,0,4.879999757,0.300000012
678,45.99999779,0,-2,0,0,26.75999898,15.23999944
679,64.79999399,0,-34.09999996,0,0,76.23999529,24.65999936
680,68.7199969,0,-13,0,0,45.55999774,38.15999861
681,3.599999815,0,-1.5,0,0,4.799999714,0.300000012
682,23.91999835,0,-5.099999964,0,0,24.87999963,4.139999993
683,86.43999624,0,-12.5,0,0,61.3199961,43.61999816
684,44.61999646,0,-19.60000002,0,0,54.07999708,10.13999984
685,3.69999972,0,-2,0,0,5.399999678,0.300000012
686,37.49999619,-1.000000119,-24,0,0,53.19999614,9.299999863
687,2.099999756,0,-3,0,0,4.799999714,0.300000012
688,5.219999671,0,-1,0,0,5.559999675,0.659999996
689,5.199999779,0,-0.5,8,0,5.399999678,0.300000012
690,81.81999715,0,-10.5,0,0,63.63999826,28.6799992
691,31.17999747,0,-39.0999999,0,0,44.35999823,25.91999911
692,66.69999561,-1.000000119,-30,0,0,64.87999687,32.81999897
693,5.099999726,0,0,0,0,4.799999714,0.300000012
694,7.739999563,0,-1,0,0,8.439999521,0.300000012
695,26.91999862,0,-4.100000024,4,0,25.91999912,5.099999972
696,19.99999875,0,-6.5,1,0,23.91999906,2.579999961
697,30.739997,0,-12.30000001,0,0,36.43999666,6.599999912
698,5.199999809,0,-0.5,-5,0,5.399999678,0.300000012
699,4.099999726,0,-1,0,0,4.799999714,0.300000012
700,26.21999818,0,-1,0,0,26.79999816,0.420000009
701,68.8999954,-1.000000119,-18.5,0,0,70.15999557,18.23999939
702,3.859999716,0,-1,0,0,4.559999704,0.300000012
703,6.319999754,0,-0.5,0,0,6.159999639,0.659999996
704,44.91999742,-1.000000119,-19.79999995,-6,0,53.83999757,11.87999966
705,138.7199907,0,-42.20000005,0,0,103.239996,79.67999773
706,9.059999585,0,0,0,0,8.399999589,0.659999996
707,35.03999616,-1.000000119,-19.30000001,0,0,40.2799969,15.05999967
708,17.17999905,0,-5.300000012,0,0,19.35999897,3.119999968
709,5.459999651,0,-2,0,0,6.799999624,0.659999996
710,42.65999689,-1.000000119,-18,0,0,52.11999719,9.539999634
711,4.099999726,0,-1,0,0,4.799999714,0.300000012
712,46.99999603,-1.000000119,-18.5,0,0,55.63999753,10.85999978
713,85.43999304,0,-30.60000002,0,0,73.67999583,42.3599985
714,18.99999815,0,-6.5,0,0,16.43999898,9.059999548
715,45.0999979,0,-3.5,0,0,32.87999851,21.71999931
716,90.97999673,-1.000000119,-33.39999998,0,0,66.6399975,58.73999845
717,18.15999842,0,-3.5,3,0,16.55999893,5.099999845
718,7.039999664,0,-0.5,0,0,6.759999603,0.779999994
719,4.19999975,0,-1.5,0,0,5.399999678,0.300000012
720,116.3599923,0,-12.5,0,0,62.71999729,64.13999728
721,4.099999726,0,-1,0,0,4.799999714,0.300000012
722,21.61999893,0,-6.5,0,0,20.75999928,9.359999612
723,46.09999626,-1.000000119,-23.20000005,0,0,47.31999561,22.97999962
724,5.799999774,0,-0.5,0,0,5.999999642,0.300000012
725,5.299999833,0,-1,0,0,5.999999642,0.300000012
726,4.099999756,0,-1,-15,0,4.799999714,0.300000012
727,62.59999643,0,-24.5,0,0,67.91999686,21.17999951
728,54.97999404,-1.000000119,-32.59999996,0,0,68.23999863,20.33999965
729,3.599999845,0,-1.5,0,0,4.799999714,0.300000012
730,72.75999375,0,-37.5,0,0,76.7199972,33.53999884
731,53.219997,0,-10.5,0,0,50.07999802,17.63999936
732,6.779999614,0,0,0,0,6.479999602,0.300000012
733,34.39999686,0,-13,-5,0,36.59999698,10.79999977
734,73.73999675,-1.000000119,-14.5,0,0,64.83999763,26.39999933
735,72.31999486,-1.000000119,-17,0,0,50.83999753,33.47999886
736,97.99999332,-1.000000119,-43.79999995,0,0,93.83999519,48.95999873
737,18.67999855,0,-3.100000024,-15,0,18.3599984,3.420000002
738,7.399999738,0,0.5,0,0,6.599999607,0.300000012
739,21.27999836,0,-8.800000012,0,0,26.11999827,3.959999956
740,47.45999657,0,-16,0,0,45.27999751,18.17999925
741,55.279996,0,-34.10000002,0,0,56.35999732,31.01999921
742,17.17999822,0,-10.59999996,-10,0,23.39999788,4.379999988
743,38.59999837,-1.000000119,-9.799999952,-15,0,41.59999851,7.79999987
744,39.99999675,0,-11.79999995,0,0,45.67999643,6.119999923
745,13.21999848,0,-7,0,0,18.95999873,1.25999999
746,106.9599926,0,-39.30000001,0,0,91.07999563,51.17999806
747,38.35999776,0,-8.5,0,0,29.15999818,17.69999954
748,22.79999872,0,-11.09999996,0,0,25.43999874,8.459999874
749,88.07999408,0,-34.80000001,0,0,89.59999529,41.27999839
750,33.67999683,-1.000000119,-21.5,0,0,41.83999696,14.33999953
751,4.099999726,0,-1,0,0,4.799999714,0.300000012
752,44.7999967,-1.000000119,-17.30000001,0,0,43.51999767,23.57999919
753,105.1199963,0,-24.60000002,0,0,69.79999651,55.919998
754,35.11999685,0,-10.80000001,0,0,36.91999669,8.999999791
755,4.099999726,0,-1,0,0,4.799999714,0.300000012
756,76.49999449,-1.000000119,-26.10000002,0,0,71.43999529,32.15999907
757,30.09999698,0,-26.60000002,0,0,45.47999704,11.21999978
758,49.99999608,0,-14.10000002,0,0,53.71999653,10.37999985
759,63.69999725,-1.000000119,-13,0,0,54.43999762,31.25999877
760,4.639999837,0,-0.5,0,0,4.839999735,0.300000012
761,48.75999727,-1.000000119,-17.5,0,0,48.35999709,18.89999909
762,64.01999615,0,-20.5,0,0,55.15999702,33.35999876
763,27.67999589,-1.000000119,-31.10000002,0,0,48.31999729,11.45999981
764,55.01999637,0,-19.5,0,0,51.6399979,20.87999925
765,36.7399981,0,-3.800000012,0,0,36.27999777,4.259999968
766,40.83999701,0,-12.80000001,0,0,48.23999779,5.399999924
767,4.099999756,0,-1,0,0,4.799999714,0.300000012
768,91.01999518,-1.000000119,-18,0,0,66.87999763,55.1399977
769,4.099999726,0,-1,0,0,4.799999714,0.300000012
770,71.67999666,0,-18.5,0,0,57.1599967,37.0199987
771,107.3399966,0,-29.80000001,0,0,85.95999665,51.17999786
772,26.73999807,0,-7.5,0,0,29.27999875,6.959999837
773,52.81999616,-1.000000119,-19.29999995,0,0,57.51999821,15.5999997
774,4.599999815,0,-0.5,0,0,4.799999714,0.300000012
775,55.61999637,-1.000000119,-10,0,0,49.1599972,17.45999941
776,3.099999756,0,-2,0,0,4.799999714,0.300000012
777,5.099999845,0,0,0,0,4.799999714,0.300000012
778,36.7999966,0,-14.5,0,0,43.43999942,7.859999843
779,4.599999845,0,-0.5,0,0,4.799999714,0.300000012
780,4.679999828,0,-0.5,0,0,4.879999757,0.300000012
781,50.47999562,-1.000000119,-20.5,0,0,49.23999853,22.73999923
782,5.099999726,0,0,0,0,4.799999714,0.300000012
783,116.2799943,0,-17.60000002,0,0,74.55999619,67.31999746
784,5.69999969,0,0,0,0,5.399999678,0.300000012
785,65.07999485,-1.000000119,-22.80000001,0,0,65.47999633,23.39999928
786,49.49999627,-1.000000119,-10,0,0,52.87999686,7.619999848
787,28.89999703,0,-23,0,0,44.75999773,7.139999852
788,27.27999833,0,-8,0,0,25.19999868,10.07999963
789,21.65999839,0,-7.599999964,-35,0,23.91999829,5.339999966
790,5.999999642,0,-1.5,-10,0,7.199999571,0.300000012
791,14.17999829,0,-6.300000012,0,0,17.23999912,3.239999972
792,112.6199905,0,-54.10000002,0,0,108.9999941,57.71999852
793,89.95999525,-1.000000119,-11.5,0,0,66.7199968,37.73999865
794,36.95999786,0,-21.79999995,0,0,47.95999774,10.79999981
795,5.099999726,0,0,0,0,4.799999714,0.300000012
796,5.819999665,0,-1,5,0,6.159999639,0.659999996
797,72.71999746,0,-10.5,0,0,51.83999693,37.37999892
798,59.65999588,-1.000000119,-27,-10,0,56.35999793,33.29999883
799,24.09999809,0,-15.80000001,0,0,29.1999976,8.699999884
800,53.99999656,-1.000000119,-11.69999999,-10,0,51.5199984,15.17999981
801,45.2799973,-1.000000119,-18.5,0,0,45.5199981,19.25999939
802,50.51999627,-1.000000119,-19,0,0,57.99999803,14.51999963
803,4.599999785,0,-0.5,0,0,4.799999714,0.300000012
804,4.219999671,0,-2,0,0,5.559999675,0.659999996
805,18.31999928,0,-1.5,0,0,18.19999909,1.619999975
806,105.099998,1.000000119,-26.80000001,-10,1,74.03999719,61.85999795
807,41.75999613,-1.000000119,-16.80000001,0,0,51.03999785,8.519999854
808,71.25999616,-1.000000119,-34.30000001,5,0,71.99999839,34.55999863
809,5.299999833,0,-1,0,0,5.999999642,0.300000012
810,5.119999737,0,-0.5,0,0,5.319999635,0.300000012
811,38.07999687,0,-11.79999995,-10,0,34.5199984,15.35999947
812,39.87999717,-1.000000119,-27.80000001,0,0,54.99999776,13.67999974
813,51.77999689,0,-15.5,0,0,56.23999666,11.03999962
814,72.45999569,-1.000000119,-16.5,0,0,61.27999552,28.67999905
815,38.69999626,-1.000000119,-28,0,0,51.79999662,15.89999939
816,2.099999726,0,-3,0,0,4.799999714,0.300000012
817,45.75999719,-1.000000119,-32.10000002,0,0,61.27999911,17.57999964
818,54.87999729,-1.000000119,-15.5,0,0,50.39999634,22.97999933
819,49.17999813,0,-26.10000002,0,0,52.83999722,28.43999922
820,50.79999562,-1.000000119,-17.80000001,0,0,49.3199958,20.27999952
821,6.319999814,0,0.5,0,0,5.519999743,0.300000012
822,44.73999812,0,-7.800000012,0,0,33.75999933,18.77999929
823,64.69999531,0,-8,0,0,36.47999948,26.2199991
824,3.419999748,0,-3,0,0,6.119999707,0.300000012
825,5.619999588,0,-2,0,0,6.719999582,0.899999991
826,5.69999969,0,0,0,0,5.399999678,0.300000012
827,52.81999587,0,-11,0,0,41.27999759,18.53999936
828,4.639999837,0,-0.5,0,0,4.839999735,0.300000012
829,21.6199965,0,-23,0,0,35.91999759,8.699999794
830,53.89999668,0,-7.300000012,0,0,50.75999677,10.43999982
831,67.51999593,-1.000000119,-24.79999995,0,0,63.91999491,29.3999992
832,74.75999441,-1.000000119,-44.30000007,0,0,77.03999598,43.01999906
833,43.09999797,-1.000000119,-18.60000002,0,0,54.11999792,8.579999879
834,3.099999756,0,-2,0,0,4.799999714,0.300000012
835,28.43999594,-1.000000119,-30.80000001,0,0,53.87999792,6.359999903
836,16.29999737,0,-27.59999996,0,0,34.11999811,9.779999852
837,71.0599961,0,-16.90000004,0,0,57.3999967,34.55999896
838,44.53999726,0,-5.300000012,0,0,36.6399972,13.19999968
839,186.0599876,0,-59.49999988,0,0,150.3199927,87.23999748
840,4.69999969,0,-1,-15,0,5.399999678,0.300000012
841,21.61999869,0,-12.29999995,-5,0,30.43999839,3.479999967
842,37.75999631,0,-19.80000001,0,0,51.1999965,6.359999903
843,60.49999654,0,-10.5,0,0,53.0399963,21.95999913
844,36.75999676,-1.000000119,-22,0,0,44.15999864,15.59999952
845,51.85999641,0,-14,0,0,52.35999636,13.49999966
846,53.05999743,-1.000000119,-11.5,0,0,46.47999766,19.0799992
847,43.93999617,0,-15,0,0,48.19999866,10.73999975
848,36.579996,-1.000000119,-21.30000001,0,0,49.03999713,9.839999825
849,47.95999517,0,-12.80000001,0,0,43.23999792,17.51999962
850,24.13999879,0,-5.5,0,0,25.91999865,3.719999954
851,19.97999911,0,-1,0,0,15.39999896,5.579999745
852,21.01999839,0,-5.5,0,0,21.23999886,5.279999919
853,4.519999802,0,-0.5,0,0,4.719999671,0.300000012
854,5.099999726,0,0,0,0,4.799999714,0.300000012
855,50.41999764,0,-14.5,0,0,42.23999855,28.67999911
856,5.099999726,0,0,0,0,4.799999714,0.300000012
857,7.019999564,0,-1,0,0,6.759999603,1.259999961
858,34.83999861,0,-20.5,0,0,43.27999957,12.05999959
859,6.17999959,0,-1,0,0,6.879999578,0.300000012
860,52.75999738,0,-13.30000001,0,0,50.63999671,15.41999971
861,39.15999669,0,-16.80000001,0,0,46.47999761,9.479999833
862,83.2799928,-1.000000119,-28,0,0,66.23999608,38.0399987
863,49.15999636,-1.000000119,-13.5,0,0,55.55999741,8.099999838
864,74.17999352,-1.000000119,-30.29999995,0,0,74.51999657,30.95999927
865,3.69999972,0,-2,0,0,5.399999678,0.300000012
866,5.099999726,0,0,0,0,4.799999714,0.300000012
867,7.519999623,0,-0.5,0,0,6.759999603,1.259999961
868,60.41999664,-1.000000119,-8,0,0,45.87999807,21.53999943
869,5.299999654,0,-1,-25,0,5.999999642,0.300000012
870,112.7799952,-1.000000119,-17.79999995,0,0,66.11999747,71.45999713
871,96.95999544,0,-9.5,5,0,54.07999758,46.37999873
872,39.79999671,-1.000000119,-12.5,0,0,43.99999654,9.299999803
873,32.7399985,0,-4.5,0,0,25.27999854,9.959999748
874,43.31999686,-1.000000119,-15.5,0,0,50.03999797,9.779999793
875,4.69999969,0,-1,0,0,5.399999678,0.300000012
876,38.91999671,-1.000000119,-29.5,0,0,55.07999706,14.33999934
877,3.099999726,0,-2,0,0,4.799999714,0.300000012
878,4.299999684,0,-2,0,0,5.999999642,0.300000012
879,32.41999806,0,-5.600000024,0,0,29.67999843,8.339999884
880,6.639999688,0,-0.5,0,0,6.479999632,0.659999996
881,47.89999674,-1.000000119,-24.5,0,0,51.75999728,23.63999923
882,4.179999769,0,-1,-5,0,4.879999757,0.300000012
883,32.39999659,0,-30.79999995,0,0,50.3599958,12.83999976
884,60.39999652,0,-14.5,0,0,70.99999616,3.899999931
885,4.139999747,0,-1,0,0,4.839999735,0.300000012
886,3.099999756,0,-2,0,0,4.799999714,0.300000012
887,45.85999711,0,-7,0,0,38.87999758,13.97999953
888,46.23999768,0,-8.600000024,0,0,37.91999763,16.91999965
889,7.099999607,0,-1,0,0,7.43999961,0.659999996
890,70.83999476,-1.000000119,-17.5,0,0,64.31999627,19.01999959
891,6.819999635,0,0,0,0,6.159999639,0.659999996
892,3.599999785,0,-1.5,0,0,4.799999714,0.300000012
893,52.43999776,0,-14.10000002,0,0,44.03999805,22.49999925
894,29.19999608,-1.000000119,-22.5,0,0,42.31999847,10.37999979
895,2.739999741,0,-3,0,0,5.4399997,0.300000012
896,2.69999972,0,-3,0,0,5.399999678,0.300000012
897,58.71999727,-1.000000119,-19.70000005,0,0,67.11999831,12.29999985
898,49.95999674,0,-20.5,0,0,47.83999754,22.61999911
899,39.93999697,0,-14,0,0,32.5599975,25.3799991
900,30.03999591,-1.000000119,-21.5,0,0,46.71999723,5.819999889
901,6.19999975,0,0.5,0,0,5.399999678,0.300000012
902,41.07999621,0,-25.5,0,0,60.51999734,6.059999883
903,7.399999499,0,-0.5,0,0,7.599999428,0.300000012
904,82.41999532,0,-16.20000005,0,0,65.91999784,32.69999885
905,4.899999648,0,-2,0,0,6.599999607,0.300000012
906,41.05999734,0,-8,0,0,30.95999706,20.09999953
907,58.95999689,0,-16,0,0,54.91999777,20.03999934
908,3.899999738,0,-1,0,0,4.599999726,0.300000012
909,5.819999635,0,-1,0,0,6.159999639,0.659999996
910,19.89999866,0,-6,0,0,17.67999893,8.219999604
911,57.83999595,-1.000000119,-18,0,0,56.5999978,18.23999958
912,45.95999517,0,-27.5,0,0,59.59999738,13.85999961
913,6.839999616,0,-0.5,0,0,6.67999956,0.659999996
914,5.599999785,0,0.5,0,0,4.799999714,0.300000012
915,60.85999601,0,-16.60000002,0,0,62.39999512,15.05999973
916,73.53999477,0,-12.5,0,0,44.959997,37.07999852
917,78.39999647,0,-4.5,0,0,40.63999826,40.25999847
918,46.69999377,-1.000000119,-44.5999999,0,0,67.63999639,24.65999969
919,92.31999543,-1.000000119,-14,0,0,63.87999752,43.43999839
920,114.3599931,0,-10,0,0,60.27999844,58.07999752
921,4.099999726,0,-1,0,0,4.799999714,0.300000012
922,57.35999644,0,-15,0,0,58.47999606,17.87999952
923,86.53999574,-1.000000119,-28,0,0,80.55999801,40.97999863
924,50.95999492,-1.000000119,-37.29999995,0,0,63.39999776,25.85999937
925,54.67999654,0,-9.5,-10,0,58.11999753,6.059999883
926,56.39999755,0,-12.5,0,0,38.51999809,34.37999909
927,7.799999714,0,-0.5,0,0,7.999999642,0.300000012
928,84.29999249,0,-41.39999998,0,0,82.83999653,40.85999887
929,59.03999612,0,-16.30000001,0,0,45.27999736,36.05999908
930,85.79999281,-1.000000119,-14.5,0,0,64.03999674,31.25999898
931,50.35999705,0,-23.80000001,0,0,51.71999629,28.43999923
932,4.099999726,0,-1,0,0,4.799999714,0.300000012
933,104.1599941,1.000000119,-22.5,-5,1,69.83999723,50.81999803
934,54.97999489,0,-22,0,0,61.31999561,15.65999936
935,67.11999604,-1.000000119,-17,0,0,57.75999698,33.35999899
936,4.599999845,0,-0.5,0,0,4.799999714,0.300000012
937,47.21999572,-1.000000119,-50.10000002,0,0,70.23999655,28.07999934
938,4.099999726,0,-1,0,0,4.799999714,0.300000012
939,28.47999847,0,-3.5,0,0,23.27999836,8.699999653
940,34.69999608,-1.000000119,-14.60000002,0,0,35.47999746,14.81999967
941,75.85999644,0,-33.30000001,0,0,76.51999943,32.6399992
942,3.599999815,0,-1.5,0,0,4.799999714,0.300000012
943,38.59999692,-1.000000119,-20.09999996,0,0,51.71999968,7.9799999
944,25.57999852,0,-10.60000002,0,0,32.15999854,4.019999981
945,61.97999636,-1.000000119,-12.30000001,0,0,45.99999881,29.27999905
946,89.1599955,1.000000119,-2.5,0,1,49.23999697,42.41999838
947,93.09999467,0,-31.09999996,0,0,75.51999615,52.67999849
948,50.27999671,-1.000000119,-10.5,0,0,48.99999704,12.77999969
949,37.89999782,0,-9,0,0,40.11999945,6.779999822
950,4.099999726,0,-1,0,0,4.799999714,0.300000012
951,5.099999875,0,0,0,0,4.799999714,0.300000012
952,50.09999619,0,-17,0,0,46.39999859,20.69999915
953,40.63999762,0,-21.79999995,0,0,41.67999893,20.75999898
954,3.71999988,0,-1.5,0,0,4.919999778,0.300000012
955,55.93999549,-1.000000119,-27.40000004,0,0,63.27999671,21.05999958
956,19.4999982,0,-8.599999964,0,0,22.39999771,5.699999966
957,55.69999546,-1.000000119,-14,0,0,56.2399967,14.45999967
958,45.83999533,-1.000000119,-37.10000002,0,0,70.27999634,15.65999977
959,82.27999426,-1.000000119,-21.80000001,0,0,76.23999517,30.83999904
960,40.81999761,0,-23.5,0,0,48.19999842,18.1199993
961,39.81999648,-1.000000119,-18,0,0,49.51999669,9.299999811
962,4.399999678,0,-2.5,0,0,6.599999607,0.300000012
963,4.099999756,0,-1,0,0,4.799999714,0.300000012
964,117.0599954,-1.000000119,-12.79999995,-5,0,75.95999677,54.89999782
965,39.65999658,-1.000000119,-19,0,0,43.99999784,15.65999934
966,3.259999663,0,-3,0,0,5.959999621,0.300000012
967,63.41999712,-1.000000119,-16,0,0,56.55999653,25.85999924
968,6.259999543,0,-2,0,0,7.599999487,0.659999996
969,92.53999535,0,-26.80000001,0,0,67.7199965,55.61999783
970,33.83999851,-1.000000119,-19.5,0,0,41.91999921,12.41999964
971,4.69999972,0,-1,0,0,5.399999678,0.300000012
972,3.099999756,0,-2,0,0,4.799999714,0.300000012
973,3.099999726,0,-2,0,0,4.799999714,0.300000012
974,7.019999564,0,-1,0,0,7.359999567,0.659999996
975,32.71999748,0,-20.79999995,0,0,48.47999777,5.039999932
976,69.37999636,0,-18.5,0,0,51.31999706,40.55999824
977,9.219999492,0,0,0,0,8.559999496,0.659999996
978,66.37999596,-1.000000119,-36.90000004,0,0,65.5199977,38.75999875
979,40.03999709,0,-13.30000001,0,0,39.83999631,13.49999971
980,36.17999589,-1.000000119,-29.30000001,0,0,52.67999561,13.79999972
981,49.39999538,-1.000000119,-22,0,0,50.99999743,23.39999938
982,40.33999678,0,-14.80000001,-5,0,39.11999688,16.01999969
983,21.919999,0,-2.5,0,0,17.27999866,7.13999971
984,47.27999781,0,-12.5,0,0,51.19999747,8.579999819
985,7.479999542,0,-0.5,-10,0,7.679999471,0.300000012
986,62.6999973,0,-14.5,0,0,51.75999711,25.43999904
987,64.01999632,0,-17.60000002,0,0,61.27999924,20.33999959
988,50.21999715,-1.000000119,-14.5,0,0,50.71999873,20.99999923
989,95.23999403,0,-25.79999995,0,0,88.03999572,32.9999994
990,52.5199946,0,-38,0,0,59.51999529,32.99999944
991,45.45999721,-1.000000119,-17.30000001,0,0,50.55999728,13.19999973
992,35.5599971,-1.000000119,-30.79999995,0,0,53.679998,13.67999969
993,4.099999726,0,-1,0,0,4.799999714,0.300000012
994,41.59999825,-1.000000119,-10.5,0,0,47.51999795,5.579999857
995,50.93999673,0,-8,0,0,50.23999691,8.699999809
996,104.9999955,0,-17.59999996,0,0,72.75999391,51.83999832
997,54.05999789,0,-16,-5,0,53.55999848,16.49999928
998,14.15999824,0,-10,0,0,22.23999822,1.919999994
999,47.87999637,-1.000000119,-13.80000001,0,0,48.75999743,13.91999973
1000,5.599999785,0,0.5,0,0,4.799999714,0.300000012
1001,37.53999513,-1.000000119,-24.29999995,-10,0,52.63999757,10.19999982
1002,21.73999834,0,-5.599999964,0,0,22.83999901,4.499999978
1003,5.099999726,0,0,0,0,4.799999714,0.300000012
1004,70.95999776,-1.000000119,-14.5999999,0,0,59.87999666,28.67999902
1005,79.05999489,-1.000000119,-42.60000002,0,0,95.23999672,27.41999934
1006,6.099999577,0,-2,0,0,7.799999535,0.300000012
1007,30.29999849,0,-6.600000024,0,0,31.07999831,5.819999941
1008,32.57999696,0,-17,0,0,38.71999833,10.85999975
1009,3.099999726,0,-2,0,0,4.799999714,0.300000012
1010,6.819999635,0,0,0,0,6.159999639,0.659999996
1011,3.099999726,0,-2,0,0,4.799999714,0.300000012
1012,4.899999589,0,-3,0,0,6.759999603,1.139999986
1013,51.11999698,0,-16,0,0,57.87999685,9.239999831
1014,6.099999547,0,-2,0,0,7.799999535,0.300000012
1015,5.299999684,0,-1,0,0,5.999999642,0.300000012
1016,40.41999562,-1.000000119,-20.30000001,0,0,50.55999626,11.1599998
1017,20.05999731,0,-21.59999996,0,0,32.59999703,9.059999868
1018,20.55999829,0,-3.800000012,0,0,20.75999896,3.599999979
1019,30.11999866,0,-9,0,0,24.43999815,16.6799994
1020,57.3999957,0,-29.5,0,0,61.9999969,24.899999
1021,47.39999755,-1.000000119,-15,0,0,51.71999824,19.67999934
1022,14.67999795,0,-15.10000002,0,0,24.43999838,5.339999951
1023,44.45999558,0,-19.90000004,0,0,48.99999765,15.35999975
1024,86.8199961,0,-19.80000001,0,0,59.99999706,40.61999907
1025,3.739999712,0,-1,0,0,4.4399997,0.300000012
1026,36.03999716,0,-18.5,0,0,46.19999708,8.33999981
1027,6.759999573,0,-0.5,0,0,6.959999502,0.300000012
1028,57.69999657,-1.000000119,-15.30000001,0,0,49.71999758,26.27999928
1029,7.779999554,0,0,0,0,6.759999603,1.019999981
1030,48.61999847,0,-24.30000001,0,0,64.7599985,8.159999862
1031,3.599999815,0,-1.5,0,0,4.799999714,0.300000012
1032,5.799999714,0,-0.5,0,0,5.999999642,0.300000012
1033,44.6199972,-1.000000119,-23.5,0,0,49.39999738,21.71999945
1034,3.099999726,0,-2,-5,0,4.799999714,0.300000012
1035,38.53999753,0,-12.60000002,0,0,36.55999743,14.57999972
1036,46.45999736,0,-17.30000001,0,0,54.51999688,9.239999838
1037,37.11999749,0,-14.5,0,0,45.19999835,6.419999838
1038,5.099999726,0,0,0,0,4.799999714,0.300000012
1039,5.499999583,0,-2,0,0,7.199999571,0.300000012
1040,33.09999681,0,-17.60000002,0,0,44.99999762,5.699999958
1041,35.17999574,-1.000000119,-30.10000002,0,0,52.51999708,17.7599997
1042,4.099999726,0,-1,0,0,4.799999714,0.300000012
1043,31.19999763,-1.000000119,-27.60000002,0,0,45.39999739,14.39999977
1044,4.599999845,0,-0.5,0,0,4.799999714,0.300000012
1045,3.099999756,0,-2,0,0,4.799999714,0.300000012
1046,6.19999975,0,0.5,0,0,5.399999678,0.300000012
1047,4.099999726,0,-1,-20,0,4.799999714,0.300000012
1048,56.97999637,-1.000000119,-22.5999999,0,0,58.67999829,21.89999927
1049,48.39999795,-1.000000119,-9.800000012,0,0,47.67999855,11.5199997
1050,3.099999756,0,-2,0,0,4.799999714,0.300000012
1051,44.49999678,-1.000000119,-18.30000001,0,0,46.87999859,16.91999958
1052,50.07999596,-1.000000119,-27,0,0,58.75999761,19.31999938
1053,36.89999618,-1.000000119,-13,0,0,39.91999681,10.97999976
1054,7.259999454,0,0,0,0,6.959999442,0.300000012
1055,39.75999732,-1.000000119,-25.40000004,0,0,56.55999837,9.599999882
1056,56.67999651,-1.000000119,-19,0,0,55.87999626,16.79999966
1057,74.99999595,0,-17.40000004,0,0,76.43999563,15.95999968
1058,36.2599977,-1.000000119,-12.30000001,0,0,40.31999844,9.239999838
1059,46.71999657,0,-4,0,0,30.99999785,21.71999916
1060,24.81999798,0,-15,0,0,27.03999835,12.77999956
1061,46.31999735,-1.000000119,-14.5,0,0,45.55999865,16.25999933
1062,125.6999969,-1.000000119,-32.5,0,0,97.79999577,59.39999788
1063,45.87999748,0,-14.30000001,0,0,32.6399976,27.5399988
1064,4.439999759,0,-1.5,0,0,5.639999628,0.300000012
1065,78.21999459,0,-18.80000001,0,0,66.43999588,26.57999943
1066,3.45999977,0,-3,0,0,6.159999728,0.300000012
1067,50.03999743,0,-8.800000012,0,0,41.8799974,18.95999946
1068,73.05999774,0,-11,0,0,50.63999757,33.41999915
1069,5.69999969,0,0,0,0,5.399999678,0.300000012
1070,17.65999827,0,-10,0,0,23.99999824,3.659999967
1071,31.87999722,-1.000000119,-23.80000001,0,0,43.83999743,12.83999974
1072,67.51999595,-1.000000119,-22.80000001,0,0,66.95999683,24.3599991
1073,49.59999745,-1.000000119,-8.5,0,0,48.59999753,10.49999965
1074,37.13999581,-1.000000119,-25.30000001,0,0,50.95999756,12.4799997
1075,18.47999921,0,-6.5,0,0,17.59999943,7.379999638
1076,25.79999638,0,-19.79999995,0,0,41.7599975,3.839999974
1077,28.01999538,0,-32,0,0,52.63999659,7.379999854
1078,4.899999648,0,-2,0,0,6.599999607,0.300000012
1079,15.53999886,0,-4.300000012,0,0,17.67999929,2.159999996
1080,4.299999654,0,-2,0,0,5.999999642,0.300000012
1081,52.07999757,0,-8.5,0,0,47.67999788,12.89999957
1082,73.57999597,0,-12.40000004,0,0,59.87999782,26.09999917
1083,111.1199956,-1.000000119,-32.80000001,0,0,99.39999595,47.51999854
1084,37.65999799,0,-8.5,0,0,29.07999808,13.07999953
1085,16.53999847,0,-5,0,0,20.27999842,1.25999999
1086,3.099999756,0,-2,-45,0,4.799999714,0.300000012
1087,52.91999401,-1.000000119,-41,0,0,57.23999742,31.67999888
1088,60.17999384,-1.000000119,-32.39999998,0,0,76.59999396,16.97999974
1089,70.63999537,0,-29.5,0,0,77.11999482,25.01999921
1090,45.01999697,0,-14.30000001,0,0,52.59999843,6.719999894
1091,9.999999702,0,0.5,0,0,9.199999571,0.300000012
1092,58.99999604,-1.000000119,-17.10000002,0,0,55.4399976,21.65999941
1093,74.91999535,-1.000000119,-20.60000002,0,0,67.8399983,28.67999937
1094,80.33999532,-1.000000119,-14,0,0,61.63999636,29.69999889
1095,5.599999785,0,0.5,0,0,4.799999714,0.300000012
1096,69.03999506,0,-63.99999994,0,0,79.99999817,53.03999894
1097,20.87999749,0,-24.09999996,0,0,38.19999824,6.779999942
1098,48.2599967,0,-35.39999998,0,0,53.47999804,30.17999937
1099,59.99999574,-1.000000119,-22.30000001,0,0,56.15999748,31.139999
1100,21.07999831,0,-20.09999996,0,0,33.67999852,7.499999903
1101,2.179999769,0,-3,-10,0,4.879999757,0.300000012
1102,4.859999776,0,-1,0,0,5.559999764,0.300000012
1103,102.4399926,-1.000000119,-31,15,0,85.03999729,47.3999983
1104,66.13999652,0,-6,0,0,53.83999723,18.29999936
1105,61.29999639,-1.000000119,-28.79999995,0,0,60.19999634,30.89999884
1106,22.89999807,0,-11.89999998,0,0,30.47999841,4.320000015
1107,3.359999835,0,-1.5,-15,0,4.559999704,0.300000012
1108,58.01999713,0,-12.5,0,0,47.83999898,22.6799991
1109,21.37999725,-1.000000119,-18.59999996,0,0,31.79999782,9.179999866
1110,86.77999841,-1.000000119,-10.30000001,-20,0,67.59999746,30.47999879
1111,16.27999869,0,-5.800000012,0,0,19.31999874,2.75999999
1112,4.599999845,0,-0.5,0,0,4.799999714,0.300000012
1113,24.99999849,0,-11,0,0,26.71999896,11.27999963
1114,4.059999704,0,-1,0,0,4.759999692,0.300000012
1115,31.25999713,-1.000000119,-13,0,0,41.35999675,3.899999931
1116,48.53999587,0,-19.30000001,5,0,46.35999596,21.4799992
1117,45.5199967,-1.000000119,-16.30000001,0,0,48.59999728,14.21999966
1118,56.15999725,-1.000000119,-15,0,0,47.07999822,25.07999886
1119,132.3999871,-1.000000119,-44.10000002,0,0,125.9599939,45.53999864
1120,40.47999687,0,-29.29999995,0,0,44.47999784,27.29999907
1121,42.3799972,-1.000000119,-14.30000001,0,0,45.07999845,12.59999973
1122,85.75999508,0,-22.80000001,0,0,64.9199954,47.63999839
1123,43.77999637,-1.000000119,-13.30000001,0,0,48.83999608,9.239999838
1124,67.33999526,0,-45.29999995,-5,0,73.1599967,39.47999898
1125,107.0599955,0,-32.60000002,0,0,80.23999696,69.41999762
1126,38.99999684,0,-2.300000012,0,0,38.47999698,2.820000008
1127,4.099999726,0,-1,0,0,4.799999714,0.300000012
1128,41.75999652,-1.000000119,-19.80000001,0,0,49.47999628,13.07999974
1129,33.33999717,0,-21.30000001,-30,0,39.9999983,14.63999966
1130,23.25999862,0,-4.5,0,0,20.75999832,8.999999754
1131,47.33999644,0,-12.10000002,5,0,50.67999774,8.759999819
1132,33.05999692,0,-13,-10,0,38.91999726,7.139999859
1133,28.01999743,-1.000000119,-23,0,0,45.47999766,6.539999872
1134,6.499999613,0,-1,0,0,7.199999571,0.300000012
1135,1.179999799,0,-4,0,0,4.879999757,0.300000012
1136,5.999999642,0,-1.5,0,0,7.199999571,0.300000012
1137,8.039999545,0,-0.5,0,0,7.879999459,0.659999996
1138,7.399999678,0,0.5,-5,0,6.599999607,0.300000012
1139,66.53999326,-1.000000119,-71.69999999,0,0,88.07999634,53.15999854
1140,6.499999493,0,-2,0,0,7.839999467,0.659999996
1141,45.25999641,-1.000000119,-15.5,0,0,46.27999686,15.47999954
1142,62.45999675,0,-16,0,0,51.87999624,32.57999923
1143,4.099999726,0,-1,-10,0,4.799999714,0.300000012
1144,65.0799941,-1.000000119,-29,0,0,62.67999448,32.39999898
1145,94.63999574,-1.000000119,-15.5,0,0,69.5999964,45.53999843
1146,43.49999745,0,-7.5,0,0,32.07999778,16.91999948
1147,4.69999969,0,-1,0,0,5.399999678,0.300000012
1148,46.35999601,-1.000000119,-20.5,0,0,48.39999752,17.45999958
1149,45.49999683,0,-33.89999998,0,0,47.23999847,32.15999882
1150,47.8599961,0,-26,0,0,48.71999826,25.13999894
1151,102.1199952,-1.000000119,-27.59999996,0,0,80.19999507,50.51999807
1152,38.15999624,0,-16.5,0,0,46.43999654,8.219999768
1153,3.899999648,0,-3,0,0,6.599999607,0.300000012
1154,27.49999464,0,-45.40000004,0,0,53.43999735,23.45999956
1155,50.73999774,0,-13.89999986,5,0,52.39999837,12.23999983
1156,6.219999522,0,-3,0,0,8.559999496,0.659999996
1157,10.63999861,0,-7.800000012,0,0,16.39999902,2.040000014
1158,12.97999769,-1.000000119,-52.60000002,0,0,47.39999767,21.17999965
1159,116.3199936,0,-15.30000001,0,0,70.07999694,63.53999768
1160,62.53999539,0,-16.60000002,0,0,58.83999819,30.29999931
1161,8.159999669,0,-2.5,0,0,9.999999523,0.659999996
1162,47.57999752,0,-6.5,-5,0,32.95999902,21.11999914
1163,37.07999776,0,-12.79999995,0,0,36.55999772,13.31999952
1164,6.499999493,0,-2,0,0,7.839999467,0.659999996
1165,54.07999519,-1.000000119,-28.90000004,0,0,66.51999418,17.45999972
1166,33.81999646,0,-25.29999995,0,0,51.19999811,7.919999868
1167,66.89999527,0,-7.5,0,0,53.63999687,20.75999936
1168,60.57999778,0,-8.300000012,0,0,38.5599975,22.31999964
1169,63.39999495,0,-28.30000001,0,0,60.83999744,28.85999884
1170,5.899999797,0,0,-15,0,5.599999785,0.300000012
1171,14.47999835,0,-9.800000012,-5,0,22.23999852,2.039999999
1172,64.99999738,-1.000000119,-14.30000001,0,0,62.35999744,23.93999945
1173,35.27999598,-1.000000119,-18.5,0,0,44.75999744,10.01999979
1174,42.91999562,-1.000000119,-37.59999996,0,0,52.19999717,31.31999925
1175,7.299999833,0,1,0,0,5.999999642,0.300000012
1176,4.099999726,0,-1,0,0,4.799999714,0.300000012
1177,55.87999669,0,-24.5,0,0,62.19999757,18.17999963
1178,69.89999676,0,-12.29999995,0,0,53.59999692,30.59999902
1179,17.05999857,0,-7.600000024,0,0,20.99999827,3.659999996
1180,90.77999295,0,-23.79999995,0,0,57.83999763,58.73999781
1181,91.75999563,-1.000000119,-40,0,0,73.03999691,57.71999751
1182,65.49999552,-1.000000119,-30,0,0,58.75999781,31.73999906
1183,63.49999712,0,-28,0,0,62.47999887,31.0199991
1184,67.19999471,0,-16.5,0,0,41.83999796,43.85999798
1185,6.659999728,0,-1,0,0,6.999999732,0.659999996
1186,50.85999651,-1.000000119,-20,0,0,62.91999765,8.939999752
1187,49.15999425,-1.000000119,-26.00000006,0,0,55.75999938,20.39999971
1188,60.5999963,0,-23.5,0,0,57.63999683,26.45999894
1189,5.099999726,0,0,0,0,4.799999714,0.300000012
1190,47.89999464,-1.000000119,-31.80000001,0,0,65.03999485,15.6599996
1191,3.099999726,0,-2,0,0,4.799999714,0.300000012
1192,6.19999975,0,0.5,0,0,5.399999678,0.300000012
1193,36.31999688,-1.000000119,-29,0,0,50.67999838,17.63999942
1194,6.379999578,0,-1,0,0,6.719999582,0.659999996
1195,5.17999965,0,-1,0,0,5.519999653,0.659999996
1196,82.3199964,0,-14.10000002,0,0,63.23999834,33.1799989
1197,42.51999777,1.000000119,-3,0,1,26.4799968,17.0399994
1198,6.919999719,0,-0.5,0,0,6.759999603,0.659999996
1199,32.05999711,0,-19.30000001,0,0,42.23999757,9.119999848
1200,41.21999644,0,-11,0,0,45.07999815,7.139999859
1201,28.65999567,-1.000000119,-21.30000001,0,0,44.23999576,6.719999894
1202,38.13999714,0,-14.59999996,0,0,38.03999895,14.69999975
1203,71.25999492,0,-25.80000001,0,0,67.55999719,25.49999913
1204,63.29999727,0,-13.59999996,-5,0,49.47999751,27.41999934
1205,12.67999917,0,-6.5,0,0,13.59999907,5.579999864
1206,7.399999678,0,0.5,0,0,6.599999607,0.300000012
1207,78.89999581,0,-10.30000001,0,0,54.63999796,40.55999833
1208,50.93999633,-1.000000119,-14.5,0,0,50.23999789,16.19999959
1209,41.2799983,1.000000119,-12.5,0,1,37.27999794,16.49999961
1210,42.87999661,-1.000000119,-22.5,0,0,59.2399969,7.139999859
1211,32.73999742,0,-8.5,0,0,30.6799981,10.55999975
1212,72.17999552,-1.000000119,-26.5,0,0,65.8399943,39.83999906
1213,54.25999519,0,-19.80000001,0,0,58.19999719,19.85999938
1214,113.9799915,-1.000000119,-62.19999999,0,0,105.7199967,71.45999781
1215,57.77999486,0,-18.30000001,0,0,57.59999648,18.4799995
1216,44.47999702,-1.000000119,-17.5,0,0,50.67999759,12.29999962
1217,54.81999753,-1.000000119,-13.5,-5,0,49.63999829,19.67999927
1218,4.099999756,0,-1,0,0,4.799999714,0.300000012
1219,23.95999852,0,-7.800000012,0,0,27.43999796,4.319999948
1220,87.75999448,0,-19.60000002,0,0,64.03999744,37.31999926
1221,3.099999756,0,-2,0,0,4.799999714,0.300000012
1222,50.15999775,0,-13.5,0,0,51.95999774,11.69999968
1223,48.05999614,0,-11.30000001,0,0,45.79999773,13.55999959
1224,47.95999414,-1.000000119,-53.89999992,0,0,70.99999578,31.85999897
1225,45.75999561,-1.000000119,-17.79999995,0,0,47.99999626,16.55999961
1226,40.21999699,0,-12,0,0,43.99999954,8.219999835
1227,104.0799952,-1.000000119,-46,0,0,78.9199962,68.15999815
1228,34.79999769,0,-6.600000024,0,0,36.23999849,5.159999996
1229,122.5399952,-1.000000119,-15.5,0,0,86.2799959,50.75999808
1230,53.73999687,0,-9,0,0,55.11999694,7.619999848
1231,61.71999493,-1.000000119,-13.30000001,0,0,59.39999422,16.6199996
1232,5.599999785,0,0.5,0,0,4.799999714,0.300000012
1233,42.59999384,-1.000000119,-30.39999998,0,0,58.99999733,14.99999977
1234,4.21999979,0,-1,0,0,4.919999778,0.300000012
1235,5.779999733,0,0,0,0,5.479999721,0.300000012
1236,5.299999684,0,-1,0,0,5.999999642,0.300000012
1237,5.459999621,0,-2,0,0,6.799999624,0.659999996
1238,5.359999776,0,0.5,0,0,4.559999704,0.300000012
1239,57.67999651,0,-26.80000001,0,0,48.7199958,41.75999853
1240,50.43999501,-1.000000119,-25.5,0,0,59.71999793,17.21999943
1241,7.599999636,0,-0.5,0,0,7.799999535,0.300000012
1242,71.79999676,-1.000000119,-44.79999995,0,0,69.47999658,48.11999883
1243,49.51999724,-1.000000119,-19.30000001,0,0,53.19999866,16.61999957
1244,44.01999725,0,-15.60000002,0,0,49.95999725,9.659999855
1245,47.63999502,-1.000000119,-19.5,0,0,64.83999535,3.299999945
1246,17.83999902,0,-4.799999952,0,0,19.51999885,3.119999968
1247,49.05999623,0,-12,0,0,52.59999682,8.45999983
1248,74.1199951,-1.000000119,-36.60000002,0,0,60.95999701,50.75999834
1249,2.099999756,0,-3,0,0,4.799999714,0.300000012
1250,7.499999583,0,0,0,0,7.199999571,0.300000012
1251,6.779999584,0,-1,0,0,6.759999603,1.019999981
1252,6.419999599,0,-1,0,0,6.759999603,0.659999996
1253,55.51999645,0,-18,0,0,43.7599986,29.75999879
1254,7.89999944,0,0,0,0,7.599999428,0.300000012
1255,43.11999708,-1.000000119,-10.5,0,0,42.43999793,12.17999954
1256,28.71999662,0,-26.30000001,0,0,47.27999799,7.73999989
1257,43.83999789,0,-4.5,0,0,25.31999798,25.01999898
1258,38.01999792,-1.000000119,-28.09999996,0,0,55.8399983,11.27999978
1259,4.139999747,0,-1,0,0,4.839999735,0.300000012
1260,26.79999748,0,-13.80000001,0,0,35.67999804,4.919999935
1261,4.099999756,0,-1,0,0,4.799999714,0.300000012
1262,39.35999717,0,-28.5,0,0,50.87999813,16.97999955
1263,42.09999748,-1.000000119,-16,0,0,51.23999684,7.859999754
1264,5.099999905,0,0,0,0,4.799999714,0.300000012
1265,72.45999542,0,-8.600000024,0,0,50.55999547,28.49999915
1266,92.45999455,0,-6.5,0,0,55.43999702,41.51999871
1267,5.69999969,0,0,0,0,5.399999678,0.300000012
1268,65.75999638,0,-22.59999996,0,0,58.11999643,30.23999918
1269,40.97999683,0,-13.60000002,0,0,43.59999846,10.97999983
1270,51.13999686,0,-15,0,0,49.39999719,16.73999929
1271,2.099999756,0,-3,0,0,4.799999714,0.300000012
1272,15.17999899,0,-6,0,0,19.55999926,1.619999975
1273,6.259999633,0,0,0,0,5.959999621,0.300000012
1274,19.43999857,0,-5.800000012,5,0,22.23999839,2.999999993
1275,47.71999577,0,-9.600000024,0,0,47.71999633,9.59999989
1276,4.099999756,0,-1,0,0,4.799999714,0.300000012
1277,50.7599965,-1.000000119,-21.79999995,0,0,62.27999671,11.27999979
1278,66.49999569,-1.000000119,-19.5,0,0,60.2399971,20.75999921
1279,63.77999697,0,-6,0,0,51.23999888,18.53999939
1280,58.5199969,0,-7.5,0,0,43.67999843,26.3399993
1281,43.83999561,-1.000000119,-22.30000001,0,0,49.07999711,18.05999944
1282,42.17999717,-1.000000119,-49.99999994,0,0,56.83999825,38.33999903
1283,43.09999692,0,-18,0,0,45.43999799,15.65999928
1284,41.33999866,0,-10.30000001,0,0,42.35999781,11.27999973
1285,3.599999785,0,-1.5,15,0,4.799999714,0.300000012
1286,50.15999682,-1.000000119,-19.5,0,0,58.83999649,11.81999975
1287,26.19999568,-1.000000119,-33.09999996,0,0,45.47999769,14.81999975
1288,6.899999619,0,0,0,0,6.599999607,0.300000012
1289,63.87999541,-1.000000119,-40.80000001,0,0,75.15999811,32.51999909
1290,41.55999671,-1.000000119,-13,0,0,42.11999803,13.43999957
1291,44.53999943,-1.000000119,-12.59999996,0,0,48.83999933,9.299999833
1292,41.03999546,0,-21.10000002,0,0,51.39999718,10.73999983
1293,78.99999594,0,-41.39999998,5,0,89.6799961,30.71999911
1294,23.19999911,0,-0.5,0,0,17.03999907,6.659999788
1295,55.5399944,-1.000000119,-27.29999995,0,0,65.35999503,18.47999959
1296,43.87999614,-1.000000119,-20.5,0,0,47.91999698,17.45999933
1297,37.63999818,-1.000000119,-10.5,5,0,42.59999835,6.539999872
1298,19.13999787,0,-3,0,0,21.71999782,0.420000009
1299,79.43999349,-1.000000119,-27,-5,0,69.71999598,33.71999855
1300,34.25999805,-1.000000119,-19,0,0,49.15999934,5.099999905
1301,45.4399962,0,-38.10000002,0,0,55.91999653,31.6199991
1302,7.43999964,0,-0.5,0,0,7.279999524,0.659999996
1303,66.1799965,0,-8.600000024,0,0,57.31999846,17.45999951
1304,5.099999726,0,0,0,0,4.799999714,0.300000012
1305,57.89999805,0,-8.599999964,0,0,41.35999817,25.13999885
1306,5.099999577,0,-3,0,0,7.799999535,0.300000012
1307,33.83999743,0,-13.30000001,0,0,37.71999782,9.419999816
1308,138.8199899,0,-71.20000005,0,0,126.7999945,83.21999714
1309,37.29999749,0,-30.19999999,0,0,50.99999738,16.49999972
1310,9.379999578,0,0,0,0,8.719999582,0.659999996
1311,46.6199962,-1.000000119,-17.5,0,0,44.35999914,20.75999937
1312,45.61999802,0,-7.5,0,0,36.67999816,16.43999949
1313,23.25999781,0,-14.30000001,0,0,32.51999795,5.039999872
1314,72.53999505,-1.000000119,-21.5,0,0,64.19999608,30.83999863
1315,51.9999962,-1.000000119,-16.5,20,0,54.43999633,15.05999962
1316,78.95999387,-1.000000119,-16,0,0,68.71999611,27.23999906
1317,48.81999712,-1.000000119,-13.5,-40,0,47.71999738,15.59999955
1318,5.539999604,0,-1,-5,0,6.239999592,0.300000012
1319,39.95999785,-1.000000119,-10,0,0,41.67999811,17.27999937
1320,5.899999619,0,-1,0,0,6.599999607,0.300000012
1321,18.73999846,0,-8.599999964,0,0,22.71999823,4.619999982
1322,4.599999785,0,-0.5,0,0,4.799999714,0.300000012
1323,51.97999658,0,-12,0,0,56.3599968,7.619999796
1324,3.099999756,0,-2,0,0,4.799999714,0.300000012
1325,5.21999979,0,0,0,0,4.919999778,0.300000012
1326,60.47999808,0,-9,0,0,51.43999851,20.03999939
1327,57.51999684,0,-8.5,0,0,38.39999813,31.61999902
1328,62.77999753,-1.000000119,-17.90000004,0,0,62.95999736,18.7199996
1329,6.099999547,0,-2,0,0,7.799999535,0.300000012
1330,3.099999756,0,-2,0,0,4.799999714,0.300000012
1331,51.85999718,0,-13,0,0,47.87999724,16.97999926
1332,48.6399962,-1.000000119,-17.10000002,0,0,46.63999739,20.09999956
1333,3.859999597,0,-3,0,0,6.559999585,0.300000012
1334,39.99999535,-1.000000119,-24.5,0,0,50.91999643,14.57999948
1335,48.29999541,-1.000000119,-22,0,0,50.83999714,20.4599994
1336,45.91999625,0,-24.89999992,0,0,48.23999755,26.57999923
1337,20.19999616,-1.000000119,-54.80000001,5,0,60.75999797,15.23999958
1338,38.85999741,-1.000000119,-10,0,0,41.15999796,8.699999802
1339,70.31999598,-1.000000119,-7,0,0,49.63999733,22.67999916
1340,64.05999574,0,-17,0,0,50.23999758,32.81999905
1341,75.97999716,0,-15.80000001,0,0,58.23999782,33.53999887
1342,46.19999766,0,-8.5,0,0,50.79999815,3.899999931
1343,93.11999457,0,-19.29999995,0,0,66.67999601,49.73999831
1344,26.61999799,0,-6.5,0,0,24.71999854,8.399999619
1345,73.33999607,0,-18.80000001,0,0,62.79999784,29.33999903
1346,33.69999932,1.000000119,-6,0,1,23.239999,14.45999958
1347,4.099999726,0,-1,0,0,4.799999714,0.300000012
1348,5.599999785,0,0.5,0,0,4.799999714,0.300000012
1349,40.89999808,-1.000000119,-13,0,0,45.83999744,9.059999757
1350,112.4399903,0,-28.60000002,0,0,61.35999644,73.67999739
1351,28.35999677,-1.000000119,-24.5,0,0,44.91999763,8.939999789
1352,87.19999118,-1.000000119,-30.80000001,0,0,62.11999767,44.87999827
1353,4.71999988,0,-0.5,0,0,4.919999778,0.300000012
1354,22.999998,-1.000000119,-16.5,0,0,32.99999774,7.499999851
1355,58.15999623,0,-5.800000012,0,0,37.55999571,20.39999964
1356,36.07999863,0,-12,0,0,31.99999779,22.07999909
1357,55.9199948,-1.000000119,-13.5,10,0,52.11999659,18.29999962
1358,4.599999785,0,-0.5,0,0,4.799999714,0.300000012
1359,5.299999654,0,-1,5,0,5.999999642,0.300000012
1360,44.81999613,0,-29.60000002,0,0,48.43999782,25.97999898
1361,116.5999936,0,-21.5,0,0,87.39999567,50.69999821
1362,27.55999827,0,-5,0,0,25.1999982,9.359999768
1363,45.3399955,0,-21.60000002,0,0,51.87999701,15.05999972
1364,45.05999571,-1.000000119,-12.30000001,0,0,43.71999627,14.63999969
1365,37.33999608,-1.000000119,-15.30000001,0,0,47.03999865,6.599999897
1366,8.619999707,0,0,0,0,7.959999532,0.659999996
1367,63.13999607,0,-24.30000001,0,0,61.87999636,25.55999927
1368,41.23999746,0,-26,0,0,47.43999816,19.79999943
1369,21.25999838,0,-7.599999964,0,0,23.39999884,5.459999964
1370,4.099999756,0,-1,0,0,4.799999714,0.300000012
1371,30.2599989,0,-9.5,0,0,30.43999851,13.31999953
1372,38.77999767,-1.000000119,-10,0,0,44.19999877,5.579999894
1373,4.099999756,0,-1,0,0,4.799999714,0.300000012
1374,47.41999426,-1.000000119,-58.69999993,0,0,78.39999561,36.71999929
1375,79.37999595,0,-39.30000001,20,0,78.07999702,42.59999868
1376,3.659999698,0,-2,0,0,5.359999657,0.300000012
1377,65.2799949,-1.000000119,-23.80000001,0,0,68.95999686,21.11999936
1378,89.63999366,-1.000000119,-25.5,0,0,72.71999665,57.41999808
1379,60.81999584,-1.000000119,-10,0,0,60.71999595,11.0999997
1380,7.019999743,0,0,0,0,6.359999746,0.659999996
1381,38.59999645,0,-21.10000002,0,0,48.59999761,11.09999983
1382,44.0999964,-1.000000119,-23.5,0,0,51.83999588,20.75999937
1383,6.419999599,0,-1,0,0,6.759999603,0.659999996
1384,43.79999679,0,-22.80000001,0,0,41.27999854,25.31999902
1385,8.65999949,0,0,0,0,8.359999478,0.300000012
1386,64.81999453,0,-13.79999995,0,0,55.83999515,18.77999949
1387,52.65999813,0,-9.300000012,0,0,36.39999789,25.55999938
1388,72.61999676,-1.000000119,-11.5,0,0,62.75999786,30.35999893
1389,160.9399899,0,-25.49999994,0,0,115.1999936,75.23999783
1390,37.85999578,-1.000000119,-20.30000001,0,0,45.71999706,13.43999964
1391,3.139999747,0,-2,0,0,4.839999735,0.300000012
1392,86.17999624,0,-26.5,0,0,84.47999685,28.19999914
1393,16.43999851,0,-2.5,0,0,17.55999881,1.379999988
1394,65.35999613,0,-10.30000001,-5,0,51.71999681,23.93999901
1395,35.31999617,-1.000000119,-18.80000001,0,0,46.47999654,8.639999837
1396,6.859999537,0,-1,0,0,6.599999517,1.259999961
1397,70.07999529,-1.000000119,-18,0,0,53.35999769,27.7199989
1398,89.59999221,-1.000000119,-23.19999999,0,0,78.63999788,35.15999939
1399,5.099999726,0,0,0,0,4.799999714,0.300000012
1400,27.65999834,0,-9.5,-5,0,28.23999816,10.91999964
1401,32.95999762,0,-7.299999952,0,0,28.55999821,11.69999966
1402,44.99999712,0,-16.30000001,0,0,34.03999763,25.25999905
1403,64.65999591,0,-28.29999995,0,0,67.43999735,29.51999917
1404,50.87999562,-1.000000119,-12.5,0,0,48.23999698,16.13999938
1405,6.619999588,0,-1,0,0,6.719999582,0.899999991
1406,57.63999696,0,-19.60000002,0,0,42.63999772,36.59999884
1407,48.49999645,-1.000000119,-14.5,-10,0,45.63999693,18.35999939
1408,26.87999636,-1.000000119,-16.80000001,0,0,38.43999733,6.239999905
1409,87.79999557,-1.000000119,-26.90000004,0,0,95.79999517,21.89999957
1410,5.099999726,0,0,0,0,4.799999714,0.300000012
1411,22.35999832,0,-4.5,-15,0,24.51999831,2.339999959
1412,64.99999623,0,-25.5,0,0,61.27999748,29.21999925
1413,4.179999799,0,-1,0,0,4.879999757,0.300000012
1414,5.599999785,0,0.5,0,0,4.799999714,0.300000012
1415,85.01999751,0,-25.09999996,0,0,68.87999794,45.2399985
1416,37.65999745,-1.000000119,-11,0,0,37.95999692,11.69999973
1417,46.63999596,-1.000000119,-12.79999995,0,0,48.43999644,11.99999975
1418,5.099999726,0,0,-35,0,4.799999714,0.300000012
1419,58.25999685,-1.000000119,-14,0,0,53.03999682,20.21999951
1420,64.37999658,-1.000000119,-8,0,0,48.47999805,24.89999921
1421,40.29999721,-1.000000119,-21.5,0,0,47.91999829,14.8799995
1422,5.999999672,0,-1.5,0,0,7.199999571,0.300000012
1423,54.37999688,-1.000000119,-23.5,0,0,54.0799986,28.79999927
1424,67.53999621,-1.000000119,-8.5,10,0,48.27999765,20.7599991
1425,4.099999726,0,-1,-25,0,4.799999714,0.300000012
1426,57.61999761,-1.000000119,-23,15,0,53.47999816,28.13999893
1427,6.499999583,0,-1,0,0,7.199999571,0.300000012
1428,58.51999736,0,-10.80000001,0,0,58.759997,10.55999981
1429,22.9399986,0,-2.600000024,0,0,21.2799987,4.259999976
1430,81.43999644,-1.000000119,-10.5,0,0,66.51999755,30.4199992
1431,41.05999622,0,-23.30000001,0,0,47.6799984,16.67999959
1432,104.3599934,0,-34.80000001,0,0,86.2399969,52.91999803
1433,2.21999982,0,-3,0,0,4.919999778,0.300000012
1434,14.69999909,0,-3.300000012,5,0,14.75999929,3.239999972
1435,6.059999555,0,-2,0,0,7.759999514,0.300000012
1436,44.13999816,-1.000000119,-10,0,0,40.67999814,14.45999948
1437,61.7799969,-1.000000119,-8,0,0,58.83999823,11.93999968
1438,43.81999709,0,-28.5,0,0,50.07999828,24.23999919
1439,45.55999681,-1.000000119,-12.5,0,0,43.27999713,15.77999951
1440,28.69999823,0,-2.600000024,0,0,27.15999948,4.139999978
1441,37.63999641,0,-19.5,10,0,49.15999678,7.97999984
1442,40.79999728,-1.000000119,-15.30000001,0,0,40.83999844,16.25999948
1443,5.539999783,0,-1,-5,0,6.239999771,0.300000012
1444,80.89999402,-1.000000119,-37.60000002,0,0,70.71999747,48.77999821
1445,56.29999585,-1.000000119,-14.5,0,0,49.55999805,24.23999926
1446,64.59999785,1.000000119,-5.800000012,-10,1,43.79999727,30.59999913
1447,41.77999482,-1.000000119,-28.29999995,0,0,56.07999631,14.99999957
1448,46.37999569,0,-24.89999998,0,0,56.63999814,14.63999977
1449,13.29999858,0,-9,0,0,20.55999851,1.73999998
1450,55.73999657,0,-6.5,0,0,44.11999796,18.11999924
1451,104.1999965,0,-16,0,0,72.43999702,59.75999814
1452,51.65999658,-1.000000119,-8,0,0,52.43999706,8.219999798
1453,2.099999726,0,-3,0,0,4.799999714,0.300000012
1454,54.87999732,-1.000000119,-25,0,0,55.79999829,25.07999897
1455,95.75999422,-1.000000119,-39.19999999,0,0,93.63999651,46.31999868
1456,56.79999673,-1.000000119,-13.10000002,0,0,58.47999649,12.41999974
1457,4.099999726,0,-1,10,0,4.799999714,0.300000012
1458,6.919999629,0,-2.5,0,0,9.119999528,0.300000012
1459,3.099999726,0,-2,0,0,4.799999714,0.300000012
1460,4.819999754,0,0,0,0,4.519999743,0.300000012
1461,27.25999904,0,-8.300000012,0,0,28.71999949,6.839999884
1462,6.659999549,0,-2,0,0,7.999999523,0.659999996
1463,63.09999652,0,-5.300000012,0,0,54.19999629,16.19999965
1464,48.71999675,0,-25.80000001,0,0,55.79999858,18.71999954
1465,48.91999598,0,-13.80000001,0,0,40.63999742,22.07999928
1466,18.49999923,0,-7.599999964,10,0,21.95999901,4.139999993
1467,5.099999726,0,0,0,0,4.799999714,0.300000012
1468,87.01999444,-1.000000119,-21.5,0,0,63.07999587,40.43999829
1469,144.2799915,-1.000000119,-19.30000001,0,0,102.6399924,59.93999793
1470,38.49999713,0,-20,0,0,42.83999746,15.65999938
1471,91.35999303,-1.000000119,-22.80000001,0,0,84.35999513,34.79999869
1472,63.91999634,0,-5.5,0,0,50.99999596,18.41999938
1473,47.35999635,0,-24.09999996,0,0,48.23999703,23.21999918
1474,28.75999828,0,-8.5,0,0,29.39999807,7.859999843
1475,30.43999862,0,0,0,0,25.39999884,5.039999925
1476,2.779999763,0,-2,0,0,4.479999721,0.300000012
1477,35.29999766,-1.000000119,-19,0,0,44.55999866,10.7399997
1478,31.59999749,0,-13.10000002,0,0,35.63999896,9.059999868
1479,58.35999713,0,-13.79999995,0,0,46.55999789,27.59999914
1480,46.01999618,0,-18.30000001,0,0,50.39999664,13.91999959
1481,86.39999538,-1.000000119,-17.5,0,0,55.71999631,39.17999853
1482,4.099999756,0,-1,0,0,4.799999714,0.300000012
1483,113.4799938,0,-42.89999998,0,0,93.43999481,56.93999808
1484,32.81999708,-1.000000119,-34,0,0,49.75999728,18.05999926
1485,8.099999547,0,0,0,0,7.799999535,0.300000012
1486,23.39999881,0,-6.799999952,5,0,27.19999884,2.999999978
1487,5.099999726,0,0,0,0,4.799999714,0.300000012
1488,53.8399977,0,-12,0,0,39.55999765,26.27999896
1489,41.77999733,0,-18,0,0,40.75999822,19.01999932
1490,58.45999566,-1.000000119,-16,0,0,54.75999661,20.69999918
1491,72.69999352,-1.000000119,-34.29999995,5,0,84.55999553,25.43999939
1492,5.799999714,0,-0.5,0,0,5.999999642,0.300000012
1493,6.099999905,0,1,0,0,4.799999714,0.300000012
1494,51.0399956,-1.000000119,-17.5,-10,0,56.63999596,12.89999965
1495,6.019999802,0,1,0,0,4.719999671,0.300000012
1496,56.01999624,0,-21.80000001,0,0,50.99999738,26.81999888
1497,20.25999861,0,-4,0,0,18.43999875,5.819999725
1498,45.99999715,-1.000000119,-18,0,0,43.63999897,21.35999941
1499,57.65999554,-1.000000119,-11,-20,0,51.35999709,18.29999936
1500,5.779999584,0,-1,0,0,6.479999542,0.300000012
1501,39.35999654,0,-19.79999995,0,0,52.9199973,6.239999905
1502,56.47999492,0,-27,0,0,73.51999506,9.959999822
1503,52.71999746,1.000000119,-9.5,10,1,41.05999869,23.15999903
1504,3.759999901,0,-1.5,0,0,4.9599998,0.300000012
1505,73.01999636,-1.000000119,-17.80000001,0,0,63.55999758,28.25999925
1506,3.099999756,0,-2,10,0,4.799999714,0.300000012
1507,3.099999756,0,-2,0,0,4.799999714,0.300000012
1508,5.219999611,0,-1,0,0,5.919999599,0.300000012
1509,55.31999728,0,-11.5,0,0,48.75999777,18.05999923
1510,80.13999525,0,-11,10,0,43.79999751,41.33999828
1511,42.65999724,0,-11.30000001,0,0,38.95999816,14.99999942
1512,59.87999613,0,-22.40000004,-5,0,55.15999557,27.1199994
1513,49.6999964,-1.000000119,-20,0,0,51.91999637,18.77999941
1514,81.9399941,1.000000119,-54.29999989,0,1,93.71999606,38.51999909
1515,5.879999757,0,-0.5,0,0,6.079999685,0.300000012
1516,51.25999767,-1.000000119,-8,0,0,52.99999859,7.259999856
1517,102.2399929,0,-38.10000002,0,0,89.27999583,51.05999881
1518,52.37999609,-1.000000119,-15,0,0,56.19999677,18.17999943
1519,65.75999489,-1.000000119,-31.10000002,0,0,76.4399972,21.41999958
1520,3.099999726,0,-2,5,0,4.799999714,0.300000012
1521,5.69999969,0,0,0,0,5.399999678,0.300000012
1522,4.599999785,0,-0.5,0,0,4.799999714,0.300000012
1523,15.65999923,0,-7,0,0,17.55999959,5.099999845
1524,69.85999592,1.000000119,-15.30000001,0,1,57.07999718,28.07999903
1525,44.63999317,-1.000000119,-65.39999992,0,0,73.11999708,37.91999894
1526,6.139999747,0,-1,0,0,6.839999735,0.300000012
1527,45.33999638,-1.000000119,-18,0,0,48.31999754,16.01999946
1528,61.95999737,-1.000000119,-20,5,0,61.2399971,21.71999923
1529,16.4999992,0,-4.300000012,0,0,17.91999875,2.879999995
1530,29.19999675,-1.000000119,-45,0,0,44.9599975,30.23999938
1531,9.859999478,0,0,0,0,9.199999452,0.659999996
1532,6.899999559,0,-1,0,0,6.759999603,1.139999986
1533,27.45999791,0,-11.5,-10,0,25.67999846,11.27999973
1534,41.49999717,0,-16,0,0,40.51999734,16.97999942
1535,18.73999864,0,-5,0,0,21.87999874,1.859999977
1536,4.739999712,0,0,0,0,4.4399997,0.300000012
1537,72.85999604,-1.000000119,-12.80000001,0,0,53.63999814,31.01999873
1538,59.3599952,0,-19.29999995,0,0,47.27999792,31.37999889
1539,45.41999654,0,-11.30000001,0,0,44.23999771,12.47999974
1540,44.29999655,0,-10.30000001,0,0,39.8399967,14.75999966
1541,123.2599929,0,-32.60000002,0,0,90.51999779,65.33999801
1542,6.89999947,0,-1,0,0,7.599999428,0.300000012
1543,30.15999731,-1.000000119,-25.09999996,0,0,47.67999727,8.579999879
1544,124.3999928,0,-13.5,-25,0,83.39999719,52.49999832
1545,57.35999519,-1.000000119,-23,0,0,66.15999661,19.1999993
1546,6.919999599,0,-0.5,0,0,7.119999528,0.300000012
1547,42.05999739,-1.000000119,-11,0,0,41.27999789,12.7799996
1548,36.07999577,-1.000000119,-21.80000001,0,0,49.75999728,9.119999841
1549,75.91999519,0,-25.19999999,0,0,67.27999681,33.83999934
1550,5.099999726,0,0,0,0,4.799999714,0.300000012
1551,40.93999754,-1.000000119,-12,0,0,45.23999793,8.699999794
1552,43.63999675,0,-14.5,0,0,50.3999978,7.739999846
1553,3.939999729,0,-3,0,0,6.279999703,0.659999996
1554,38.51999658,-1.000000119,-22.80000001,0,0,57.27999756,5.039999932
1555,52.8999972,-1.000000119,-8.300000012,0,0,49.11999761,13.07999969
1556,36.11999791,-1.000000119,-16.5,10,0,47.9199984,5.699999891
1557,7.019999564,0,-1,0,0,7.359999567,0.659999996
1558,4.059999704,0,-1,0,0,4.759999692,0.300000012
1559,63.11999633,-1.000000119,-18.90000004,-5,0,56.79999739,26.21999928
1560,14.8799988,0,-11.09999996,0,0,22.5599986,3.419999987
1561,30.35999864,-1.000000119,-24.80000001,0,0,48.95999897,7.199999891
1562,96.15999511,0,-7,0,0,52.27999854,44.87999797
1563,43.41999771,0,-15,0,0,45.39999816,13.01999959
1564,41.85999563,-1.000000119,-12.30000001,0,0,38.47999813,16.67999956
1565,56.65999729,-1.000000119,-10,0,0,46.47999777,21.17999923
1566,5.099999726,0,0,0,0,4.799999714,0.300000012
1567,61.59999738,-1.000000119,-26,0,0,63.63999696,24.95999913
1568,50.25999567,-1.000000119,-7,0,0,48.59999626,9.659999758
1569,55.27999628,-1.000000119,-9.5,0,0,48.43999882,17.33999944
1570,17.63999853,0,-7.100000024,0,0,20.7199986,4.019999996
1571,46.37999809,0,-14,0,0,51.43999851,8.939999662
1572,25.73999701,0,-34.69999999,0,0,43.07999883,21.35999967
1573,62.63999707,0,-9,0,0,46.23999755,23.39999913
1574,5.099999726,0,0,0,0,4.799999714,0.300000012
1575,24.93999887,0,-3.300000012,0,0,23.19999872,5.039999947
1576,41.71999688,-1.000000119,-5.5,0,0,43.59999719,4.619999915
1577,34.99999899,1.000000119,-2.5,0,1,24.39999843,11.09999967
1578,78.53999353,-1.000000119,-25.10000002,0,0,73.07999603,31.55999916
1579,90.11999486,0,-22.20000005,0,0,79.19999552,33.11999924
1580,37.13999586,-1.000000119,-15.30000001,0,0,45.51999798,7.919999868
1581,71.17999547,-1.000000119,-17.5,0,0,54.31999861,33.35999866
1582,58.89999796,-1.000000119,-12.30000001,0,0,49.87999758,22.31999918
1583,28.21999884,0,-7.5,0,0,24.15999854,7.559999846
1584,113.6199944,0,-26.5,0,0,76.67999811,55.43999825
1585,5.759999692,0,-0.5,0,0,5.959999621,0.300000012
1586,73.23999517,0,-32,30,0,61.07999748,44.15999817
1587,116.1999929,0,-23.5,20,0,92.87999636,50.8199984
1588,45.69999632,0,-14,0,0,52.91999669,6.779999867
1589,48.3199964,-1.000000119,-9.5,0,0,45.91999821,12.89999968
1590,51.75999796,-1.000000119,-20,-5,0,51.43999761,25.31999923
1591,48.55999596,-1.000000119,-10.80000001,0,0,53.27999546,7.079999886
1592,4.599999785,0,-0.5,0,0,4.799999714,0.300000012
1593,52.19999591,-1.000000119,-18.5,0,0,51.59999682,20.09999942
1594,120.0999937,0,-16.80000001,0,0,89.03999533,55.85999789
1595,48.97999637,-1.000000119,-12,0,0,50.87999745,11.0999997
1596,67.67999416,-1.000000119,-27.5,0,0,66.47999777,29.69999869
1597,4.899999619,0,-2,0,0,6.599999607,0.300000012
1598,35.69999675,0,-21.20000005,0,0,42.91999894,13.97999975
1599,3.099999756,0,-2,0,0,4.799999714,0.300000012
1600,59.63999122,0,-40.60000002,-10,0,79.31999572,22.91999953
1601,35.17999907,0,0,0,0,25.75999856,9.419999853
1602,50.05999693,-1.000000119,-14,0,0,47.95999859,17.09999939
1603,4.599999815,0,-0.5,0,0,4.799999714,0.300000012
1604,3.099999756,0,-2,0,0,4.799999714,0.300000012
1605,4.099999726,0,-1,0,0,4.799999714,0.300000012
1606,6.539999694,0,-1,0,0,6.879999667,0.659999996
1607,48.29999657,-1.000000119,-20,0,0,60.71999668,8.579999827
1608,28.93999746,0,-7.900000036,0,0,31.07999788,5.759999968
1609,34.73999728,0,-17,0,0,45.07999769,6.659999862
1610,38.51999668,-1.000000119,-19.5,0,0,49.59999739,9.419999808
1611,74.7799942,0,-24.89999998,0,0,57.91999876,41.75999866
1612,3.059999704,0,-2,35,0,4.759999692,0.300000012
1613,41.65999669,-1.000000119,-12,0,0,46.79999685,7.859999843
1614,76.11999384,-1.000000119,-31.30000001,0,0,59.91999917,46.49999886
1615,34.75999728,0,-12.5,0,0,37.95999867,9.299999811
1616,3.299999654,0,-3,0,0,5.999999642,0.300000012
1617,25.77999723,0,-16,0,0,31.03999871,10.73999967
1618,20.2399984,0,-1.5,0,0,20.11999834,1.619999982
1619,42.5399966,-1.000000119,-24.5,0,0,54.11999676,13.91999974
1620,72.35999557,-1.000000119,-26.19999999,0,0,73.51999652,26.03999942
1621,19.7799992,0,-3.300000012,0,0,20.19999903,2.87999998
1622,7.299999714,0,-1,0,0,7.639999688,0.659999996
1623,4.099999726,0,-1,0,0,4.799999714,0.300000012
1624,5.299999654,0,-1,0,0,5.999999642,0.300000012
1625,23.57999881,0,-4,0,0,19.8399986,7.739999816
1626,58.53999749,0,-9.5,5,0,51.23999763,16.79999959
1627,5.099999726,0,0,0,0,4.799999714,0.300000012
1628,2.599999815,0,-2.5,-10,0,4.799999714,0.300000012
1629,53.09999654,-1.000000119,-13,0,0,46.15999834,20.93999926
1630,15.87999827,0,-13.0999999,0,0,24.83999823,4.139999993
1631,35.51999755,0,-13.5,0,0,41.15999871,7.859999843
1632,85.07999339,-1.000000119,-20.80000001,0,0,67.55999595,37.31999867
1633,7.699999511,0,-1,0,0,8.399999499,0.300000012
1634,42.03999734,-1.000000119,-11.5,0,0,45.95999703,8.579999827
1635,67.37999612,-1.000000119,-23,0,0,60.35999741,31.01999854
1636,9.219999492,0,0,-5,0,8.559999496,0.659999996
1637,4.099999756,0,-1,0,0,4.799999714,0.300000012
1638,70.95999491,0,-20.19999993,0,0,61.67999512,33.47999895
1639,91.19999314,-1.000000119,-34.80000001,0,0,76.07999704,52.91999768
1640,3.099999726,0,-2,0,0,4.799999714,0.300000012
1641,82.61999477,-1.000000119,-23.5,0,0,66.95999607,38.15999847
1642,3.299999684,0,-3,0,0,5.999999642,0.300000012
1643,121.9799934,0,-26.5,0,0,77.9199958,76.55999696
1644,41.41999649,0,-27,0,0,51.79999697,16.61999946
1645,8.619999528,0,0,0,0,7.959999532,0.659999996
1646,46.61999647,0,-13,0,0,48.99999641,10.61999958
1647,56.81999691,0,-16,15,0,54.03999707,18.77999927
1648,57.43999591,0,-20,0,0,53.23999771,22.19999921
1649,58.83999585,0,-20.90000004,0,0,53.03999755,26.69999945
1650,80.75999358,0,-22.80000001,0,0,55.67999832,47.87999798
1651,4.099999756,0,-1,0,0,4.799999714,0.300000012
1652,41.25999704,-1.000000119,-30,5,0,52.27999733,19.9799993
1653,108.1799944,0,-1,0,0,58.91999757,52.25999791
1654,33.2199963,-1.000000119,-20,0,0,43.4799964,10.73999976
1655,68.2399947,0,-20,0,0,58.11999732,30.11999895
1656,51.8599977,0,-9,0,0,36.19999816,24.65999889
1657,64.45999532,-1.000000119,-19.79999995,0,0,64.75999582,22.49999928
1658,5.379999697,0,-1,0,0,6.079999685,0.300000012
1659,3.099999756,0,-2,0,0,4.799999714,0.300000012
1660,3.099999726,0,-2,0,0,4.799999714,0.300000012
1661,65.27999532,0,-17,5,0,51.59999752,28.67999893
1662,42.21999568,-1.000000119,-17.30000001,15,0,45.51999596,14.99999968
1663,39.1799964,-1.000000119,-22.80000001,0,0,50.91999789,12.0599998
1664,79.17999572,0,-31.30000001,0,0,70.15999777,40.31999849
1665,24.91999903,0,-5.5,0,0,20.39999849,10.01999963
1666,3.599999845,0,-1.5,0,0,4.799999714,0.300000012
1667,7.239999592,0,-0.5,0,0,6.599999517,1.139999986
1668,5.41999954,0,-2,0,0,6.639999539,0.779999994
1669,25.93999803,0,-9.600000024,0,0,29.47999945,6.059999943
1670,72.35999517,-1.000000119,-16.5,0,0,61.23999766,28.61999919
1671,70.91999593,-1.000000119,-17.5,0,0,54.15999798,37.25999846
1672,121.6399911,0,-29.69999999,0,0,88.19999515,61.13999829
1673,5.099999726,0,-2,0,0,6.799999714,0.300000012
1674,4.019999713,0,-3,0,0,6.719999671,0.300000012
1675,57.65999471,-1.000000119,-16.30000001,0,0,58.75999735,16.19999965
1676,78.39999563,0,-10.30000001,0,0,53.31999785,37.3799988
1677,4.099999756,0,-1,0,0,4.799999714,0.300000012
1678,6.099999547,0,-2,0,0,7.799999535,0.300000012
1679,27.43999821,0,-6.299999952,0,0,29.35999846,4.379999965
1680,5.799999774,0,-0.5,0,0,5.999999642,0.300000012
1681,57.8999953,-1.000000119,-39.5,0,0,59.15999775,39.23999871
1682,6.099999845,0,1,-20,0,4.799999714,0.300000012
1683,41.01999693,-1.000000119,-19,0,0,44.6399985,16.37999934
1684,50.61999764,-1.000000119,-3,0,0,47.35999762,7.259999856
1685,49.23999589,-1.000000119,-17,0,0,50.91999817,22.31999929
1686,36.49999754,0,-17,0,0,45.27999799,8.219999835
1687,5.919999689,0,-1.5,0,0,6.759999603,0.659999996
1688,12.39999864,0,-9.799999952,0,0,20.03999871,2.159999996
1689,53.39999569,-1.000000119,-20.5,0,0,52.15999688,22.73999909
1690,37.49999836,0,-5,0,0,30.83999807,15.65999958
1691,35.55999678,-1.000000119,-13.5,0,0,42.07999846,7.979999833
1692,5.059999734,0,-2,0,0,6.759999692,0.300000012
1693,3.099999726,0,-2,0,0,4.799999714,0.300000012
1694,53.43999762,0,-9,0,0,40.8399978,27.5999991
1695,19.17999873,0,-6.599999964,0,0,21.39999896,4.379999988
1696,53.31999679,0,-18.30000001,0,0,44.43999961,27.17999888
1697,55.27999481,0,-15,0,0,49.1199968,17.15999951
1698,32.61999783,0,-6.300000012,0,0,32.07999807,6.839999907
1699,82.01999492,0,-34.99999976,0,0,68.71999748,48.29999854
1700,48.61999384,0,-35.89999998,0,0,57.03999642,27.47999942
1701,47.69999637,-1.000000119,-18,0,0,51.75999732,14.93999957
1702,49.65999691,-1.000000119,-5,0,0,45.99999785,9.659999803
1703,72.95999584,0,-11.5,0,0,58.99999802,29.45999897
1704,6.019999534,0,-2,15,0,7.719999492,0.300000012
1705,6.799999774,0,0.5,0,0,5.999999642,0.300000012
1706,108.6199912,0,-13.5,0,0,73.59999406,50.51999836
1707,41.43999576,-1.000000119,-27,0,0,47.51999673,19.91999941
1708,59.47999644,0,-11,0,0,50.7999983,19.67999922
1709,71.79999398,0,-23.5,0,0,67.55999723,31.73999901
1710,61.8199964,-1.000000119,-31.79999995,0,0,54.55999806,36.05999878
1711,40.33999789,0,-26.29999995,0,0,60.39999814,6.239999905
1712,3.099999726,0,-2,0,0,4.799999714,0.300000012
1713,29.83999689,0,-22.80000001,0,0,48.55999844,4.079999968
1714,55.19999672,-1.000000119,-20.80000001,0,0,57.67999768,19.31999953
1715,54.51999683,0,-13.5,0,0,43.9599987,24.05999916
1716,4.599999845,0,-0.5,0,0,4.799999714,0.300000012
1717,40.11999561,0,-18.80000001,-10,0,47.75999647,11.15999974
1718,4.099999756,0,-1,0,0,4.799999714,0.300000012
1719,81.41999631,0,-13.59999996,0,0,61.67999804,35.33999904
1720,60.43999655,-1.000000119,-16.5,0,0,58.07999637,19.85999953
1721,35.65999702,-1.000000119,-11,-5,0,42.43999648,5.219999902
1722,7.979999661,0,-1,0,0,8.67999965,0.300000012
1723,42.49999602,0,-14,25,0,45.27999587,11.21999975
1724,5.099999726,0,0,0,0,4.799999714,0.300000012
1725,41.55999749,-1.000000119,-13.5,0,0,49.75999748,6.299999878
1726,5.379999578,0,-2,0,0,7.079999566,0.300000012
1727,38.87999898,0,-5,0,0,28.71999842,17.15999927
1728,4.599999845,0,-0.5,0,0,4.799999714,0.300000012
1729,4.819999665,0,-2,0,0,6.159999639,0.659999996
1730,63.73999523,-1.000000119,-25.09999996,0,0,65.47999711,24.35999946
1731,39.5599969,-1.000000119,-17.80000001,0,0,49.47999716,8.879999846
1732,43.43999599,-1.000000119,-12.5,0,0,52.91999581,4.019999929
1733,2.099999756,0,-3,0,0,4.799999714,0.300000012
1734,55.85999615,0,-22.09999996,0,0,59.35999757,18.59999964
1735,34.31999727,0,-14.5,0,0,41.91999805,6.899999864
1736,45.83999454,-1.000000119,-34.79999995,-5,0,60.99999721,20.63999955
1737,44.87999681,0,-15.5,0,0,53.11999759,7.259999856
1738,46.77999777,-1.000000119,-8,0,0,47.31999844,8.45999983
1739,31.41999786,-1.000000119,-19,-20,0,46.79999783,4.619999915
1740,70.15999322,-1.000000119,-38.59999996,0,0,73.47999673,38.27999857
1741,71.07999626,-1.000000119,-26,20,0,65.67999733,32.39999874
1742,41.53999616,0,-17.59999996,0,0,42.87999696,16.25999966
1743,5.599999785,0,0.5,0,0,4.799999714,0.300000012
1744,68.59999587,0,-18.39999998,20,0,53.8399958,35.1599994
1745,34.97999689,-1.000000119,-10,15,0,40.519998,5.459999897
1746,57.03999746,-1.000000119,-15.5,20,0,58.11999704,15.41999947
1747,89.65999459,0,-40.60000002,0,0,86.11999458,46.13999842
1748,61.75999625,-1.000000119,-16,0,0,59.79999711,18.95999934
1749,70.97999618,0,-17.30000001,0,0,50.95999816,37.31999858
1750,39.93999871,0,-4,0,0,24.07999891,19.859999
1751,5.599999785,0,0.5,0,0,4.799999714,0.300000012
1752,73.65999655,0,-17,0,0,60.11999674,30.53999873
1753,3.359999806,0,-1.5,0,0,4.559999704,0.300000012
1754,69.85999399,0,-12.5,0,0,52.87999636,21.47999948
1755,5.259999633,0,-1,0,0,5.959999621,0.300000012
1756,35.43999581,-1.000000119,-21.5,0,0,51.99999616,5.939999886
1757,31.91999811,-1.000000119,-18.5,0,0,46.79999863,4.619999915
1758,68.63999578,0,-16.5,0,0,54.71999593,30.41999923
1759,17.37999904,0,-8,0,0,23.3999992,1.979999974
1760,40.69999842,0,-15,0,0,44.47999877,11.21999972
1761,54.77999746,0,-10.29999995,0,0,45.75999771,19.31999958
1762,5.21999979,0,0,0,0,4.919999778,0.300000012
1763,50.57999628,-1.000000119,-18,0,0,53.07999592,16.49999955
1764,24.05999804,0,-6.299999952,0,0,26.03999788,4.319999956
1765,75.41999587,1.000000119,-38.60000002,0,1,72.79999729,41.21999875
1766,139.2999937,0,-27.90000004,0,0,101.5999968,63.59999795
1767,37.9399965,-1.000000119,-10,0,0,44.79999755,4.139999926
1768,33.63999628,0,-18.80000001,0,0,46.31999798,6.119999908
1769,97.95999418,-1.000000119,-18.40000004,0,0,78.07999493,41.27999881
1770,52.39999668,-1.000000119,-23.5,0,0,51.15999826,25.73999885
1771,33.93999733,0,-13.59999996,0,0,39.79999724,7.739999861
1772,58.67999433,0,-25.80000001,-20,0,59.79999523,22.6799995
1773,47.95999639,-1.000000119,-9,0,0,42.47999752,15.47999963
1774,33.11999653,0,-21.10000002,5,0,41.4399983,12.77999973
1775,14.13999856,0,-8,0,0,20.63999879,1.499999985
1776,4.099999756,0,-1,0,0,4.799999714,0.300000012
1777,122.8799871,0,-38.10000002,0,0,91.95999444,61.01999792
1778,57.89999725,0,-2.300000012,0,0,36.43999725,23.75999937
1779,47.79999577,0,-23.39999998,0,0,49.47999662,21.71999955
1780,55.89999385,-1.000000119,-23.09999996,-20,0,61.39999685,18.59999952
1781,6.519999743,0,-0.5,0,0,6.719999671,0.300000012
1782,5.099999726,0,0,5,0,4.799999714,0.300000012
1783,5.41999957,0,-2,0,0,7.119999528,0.300000012
1784,72.09999482,-1.000000119,-24.10000002,0,0,69.71999559,27.479999
1785,26.21999863,0,-6.899999976,0,0,28.07999825,5.039999984
1786,6.299999654,0,0,0,0,5.999999642,0.300000012
1787,32.39999616,-1.000000119,-26.79999995,0,0,48.91999784,11.27999974
1788,64.4799959,-1.000000119,-28.5,0,0,67.71999678,28.25999911
1789,36.53999759,0,-4.5,0,0,26.2399985,16.79999945
1790,3.979999721,0,-1,0,0,4.679999709,0.300000012
1791,3.099999726,0,-2,0,0,4.799999714,0.300000012
1792,48.27999716,0,-20,0,0,45.71999782,22.55999905
1793,4.099999726,0,-1,0,0,4.799999714,0.300000012
1794,38.05999759,0,-23.30000001,0,0,50.43999781,10.91999981
1795,5.69999969,0,0,0,0,5.399999678,0.300000012
1796,5.599999845,0,0.5,0,0,4.799999714,0.300000012
1797,5.099999726,0,0,0,0,4.799999714,0.300000012
1798,71.39999612,-1.000000119,-21.80000001,0,0,69.95999798,24.23999919
1799,47.43999596,-1.000000119,-33,0,0,58.75999727,22.67999917
1800,75.79999404,-1.000000119,-18.5,0,0,69.79999687,19.49999961
1801,5.71999985,0,0.5,0,0,4.919999778,0.300000012
1802,29.03999886,0,-5.800000012,0,0,31.2399984,3.599999957
1803,5.099999726,0,-2,0,0,6.799999714,0.300000012
1804,5.579999626,0,0,0,0,5.279999614,0.300000012
1805,61.6399961,0,-12.5,0,0,47.27999792,28.85999891
1806,27.85999893,0,-3.5,0,0,23.47999924,11.87999953
1807,57.07999619,-1.000000119,-20.29999995,0,0,60.43999791,17.93999953
1808,59.29999629,0,-7.5,0,0,51.35999778,19.43999945
1809,41.93999664,-1.000000119,-24,0,0,56.55999821,10.37999979
1810,114.1199928,0,-12.10000002,5,0,71.31999755,48.89999827
1811,7.819999665,0,-1,0,0,8.159999639,0.659999996
1812,55.99999686,0,-19.60000002,0,0,51.95999834,23.63999929
1813,73.97999565,0,-23,0,0,63.75999786,41.21999875
1814,15.45999882,0,-5,0,0,18.23999876,2.219999969
1815,4.099999726,0,-1,0,0,4.799999714,0.300000012
1816,157.5399927,0,-54.39999992,0,0,105.3999963,108.5399966
1817,5.719999731,0,-0.5,-15,0,5.559999675,0.659999996
1818,55.9199964,0,-27,10,0,56.95999759,27.95999883
1819,48.97999744,-1.000000119,-20,0,0,58.87999796,11.09999977
1820,37.11999765,-1.000000119,-14.10000002,0,0,41.59999844,10.61999983
1821,99.05999207,-1.000000119,-30,0,0,82.59999418,47.45999814
1822,41.2399969,-1.000000119,-11.5,0,0,48.87999721,4.85999991
1823,17.25999898,0,-3,0,0,18.99999875,1.25999999
1824,100.8799937,0,-22.70000005,0,0,94.47999652,29.09999926
1825,53.49999778,0,-12.30000001,0,0,46.59999774,19.19999935
1826,61.25999664,0,-17,0,0,61.11999558,19.13999954
1827,4.599999815,0,-0.5,0,0,4.799999714,0.300000012
1828,42.09999569,-1.000000119,-25.5,0,0,58.87999763,9.719999827
1829,61.79999603,-1.000000119,-9.800000012,0,0,54.4799955,18.11999942
1830,60.49999632,0,-8,0,0,49.23999637,19.25999945
1831,74.8799957,-1.000000119,-16,10,0,63.3199961,28.55999929
1832,4.139999747,0,-1,0,0,4.839999735,0.300000012
1833,21.03999883,0,-6.299999952,0,0,24.75999868,2.580000006
1834,45.05999596,0,-15,-30,0,50.51999682,9.539999805
1835,44.83999772,1.000000119,-8,0,1,26.43999815,20.39999913
1836,37.97999699,0,-26.5999999,0,0,48.91999875,15.65999955
1837,17.09999864,0,-10,0,0,20.79999898,6.299999848
1838,5.299999595,0,-1,0,0,5.999999583,0.300000012
1839,50.55999736,0,-12.79999995,0,0,48.23999909,15.11999951
1840,4.679999828,0,-0.5,25,0,4.879999757,0.300000012
1841,74.79999543,0,-22,0,0,58.79999816,29.99999909
1842,41.95999683,0,-13.5,0,0,44.47999853,10.97999962
1843,17.03999913,0,-11.09999996,35,0,23.99999886,4.139999993
1844,67.85999643,-1.000000119,-11.5,0,0,57.55999761,22.79999927
1845,69.61999547,-1.000000119,-26.30000001,0,0,66.47999629,34.43999884
1846,61.73999608,-1.000000119,-41.69999993,0,0,64.47999653,39.9599988
1847,43.23999703,-1.000000119,-11.5,0,0,46.6799987,9.059999801
1848,3.199999779,0,-2.5,0,0,5.399999678,0.300000012
1849,38.7399974,-1.000000119,-13.30000001,0,0,45.47999792,7.559999876
1850,40.33999674,-1.000000119,-23.29999995,0,0,55.99999788,8.639999852
1851,6.839999616,0,-0.5,0,0,6.559999496,0.779999994
1852,5.579999626,0,-1,0,0,5.919999629,0.659999996
1853,26.25999905,1.000000119,-4.5,0,1,21.73999906,7.019999653
1854,70.17999568,-1.000000119,-14,0,0,54.79999772,34.37999898
1855,5.599999785,0,0.5,0,0,4.799999714,0.300000012
1856,4.599999785,0,-0.5,0,0,4.799999714,0.300000012
1857,47.21999656,-1.000000119,-23.19999999,0,0,53.95999736,17.45999955
1858,53.9999944,-1.000000119,-30.20000005,40,0,69.83999564,15.35999978
1859,42.51999602,-1.000000119,-15,0,0,41.59999676,16.91999947
1860,63.79999533,-1.000000119,-16,0,0,62.67999443,24.11999935
1861,34.01999657,0,-9,-5,0,35.87999704,7.139999859
1862,23.81999785,0,-8.100000024,0,0,27.83999765,4.079999998
1863,4.69999972,0,-1,0,0,5.399999678,0.300000012
1864,17.41999918,0,-6,0,0,15.91999918,7.499999642
1865,33.65999866,0,-14.30000001,-25,0,35.11999916,12.83999968
1866,22.27999869,0,-10.80000001,0,0,24.31999913,8.759999722
1867,72.2199954,-1.000000119,-12.5,10,0,61.3599971,24.35999937
1868,36.939998,0,-13.10000002,0,0,39.71999782,10.31999979
1869,42.71999662,-1.000000119,-12.5,0,0,49.31999663,6.899999864
1870,133.9799893,-1.000000119,-30.59999996,0,0,110.6799916,54.89999875
1871,4.599999785,0,-0.5,0,0,4.799999714,0.300000012
1872,18.67999786,0,-7.800000012,0,0,22.99999821,3.479999982
1873,59.17999621,0,-16.60000002,0,0,57.23999578,18.53999971
1874,51.67999557,0,-14.5,0,0,53.63999555,12.53999974
1875,39.03999774,0,-16.5,0,0,48.27999845,7.259999856
1876,57.57999565,0,-20.5,0,0,47.23999792,24.83999923
1877,5.819999665,0,-1,0,0,6.159999639,0.659999996
1878,4.059999704,0,-1,0,0,4.759999692,0.300000012
1879,123.9199898,-1.000000119,-38.60000002,0,0,120.7199948,46.79999865
1880,74.93999517,-1.000000119,-28.79999995,-10,0,77.79999734,26.93999889
1881,70.09999537,-1.000000119,-7,0,0,57.03999688,21.05999917
1882,4.099999726,0,-1,0,0,4.799999714,0.300000012
1883,72.85999652,0,-12.80000001,0,0,48.47999862,39.17999833
1884,83.01999342,-1.000000119,-42.80000001,0,0,80.35999419,50.45999846
1885,10.69999951,0,0,0,0,10.3999995,0.300000012
1886,43.55999754,0,-16.5,0,0,44.15999746,15.89999961
1887,7.899999619,0,0,0,0,6.879999667,1.019999981
1888,42.33999831,-1.000000119,-9,0,0,43.51999864,8.819999784
1889,47.81999652,-1.000000119,-17,-15,0,42.83999845,22.97999913
1890,45.69999772,0,-11,0,0,41.75999902,14.93999924
1891,64.13999628,0,-7.299999952,0,0,39.67999887,29.7599991
1892,30.37999874,0,-11.5,0,0,32.95999759,16.91999933
1893,47.81999637,0,-13.5,0,0,47.11999892,16.19999952
1894,63.63999654,-1.000000119,-29.5,15,0,65.39999682,28.73999916
1895,27.67999719,0,-20.60000002,0,0,36.23999822,14.03999979
1896,3.179999799,0,-2,0,0,4.879999757,0.300000012
1897,40.91999586,-1.000000119,-23.10000002,10,0,56.67999798,8.339999884
1898,92.03999345,-1.000000119,-32.80000001,0,0,80.43999588,47.39999824
1899,60.01999646,0,-30.30000001,0,0,56.27999777,38.03999908
1900,101.7999951,0,-43.19999999,0,0,91.59999514,53.39999845
1901,21.61999939,0,-6.5,0,0,24.99999851,9.119999722
1902,36.75999749,-1.000000119,-21.5,5,0,49.47999752,9.779999644
1903,40.89999616,-1.000000119,-15.30000001,-10,0,47.83999756,9.359999783
1904,104.9799916,-1.000000119,-29,0,0,82.71999652,52.25999802
1905,78.33999671,-1.000000119,-9,0,0,60.59999825,31.73999888
1906,92.03999445,0,-32.59999996,0,0,73.67999727,60.95999832
1907,6.059999734,0,-2,0,0,7.399999708,0.659999996
1908,29.39999859,-1.000000119,-15.5,0,0,41.03999849,4.85999991
1909,44.07999814,0,-7,0,0,29.67999794,23.39999904
1910,3.099999726,0,-2,5,0,4.799999714,0.300000012
1911,71.91999419,-1.000000119,-22.30000001,5,0,68.39999828,26.8199992
1912,41.5799972,-1.000000119,-8,0,0,43.43999682,7.139999852
1913,6.199999809,0,0.5,0,0,5.399999678,0.300000012
1914,50.11999542,0,-21.09999996,0,0,51.71999836,19.49999967
1915,4.099999726,0,-1,0,0,4.799999714,0.300000012
1916,3.899999648,0,-3,0,0,6.599999607,0.300000012
1917,5.139999747,0,0,0,0,4.839999735,0.300000012
1918,3.099999726,0,-2,10,0,4.799999714,0.300000012
1919,3.139999747,0,-2,0,0,4.839999735,0.300000012
1920,22.35999882,0,-1.5,15,0,15.39999896,8.459999621
1921,5.17999959,0,-1,0,0,5.879999578,0.300000012
1922,33.33999592,-1.000000119,-23,0,0,40.11999824,17.21999959
1923,30.29999766,-1.000000119,-16.59999996,0,0,32.83999917,15.05999971
1924,38.23999749,1.000000119,-17.80000001,0,1,39.15999667,14.87999968
1925,13.05999902,0,-5,0,0,16.79999882,1.25999999
1926,4.099999726,0,-1,0,0,4.799999714,0.300000012
1927,115.3199892,0,-41.90000004,0,0,103.3999942,53.81999844
1928,2.599999815,0,-2.5,5,0,4.799999714,0.300000012
1929,44.17999568,-1.000000119,-17,0,0,51.31999552,10.85999975
1930,45.37999842,0,-6,0,0,35.19999832,18.17999943
1931,43.87999777,-1.000000119,-7.800000012,0,0,45.5999974,7.079999894
1932,81.81999627,0,-22.5,0,0,68.55999696,35.7599986
1933,51.19999661,0,-7.100000024,0,0,39.6399993,18.65999976
1934,27.85999703,0,-26.29999995,0,0,39.75999738,14.39999963
1935,185.1799896,0,-32.80000001,0,0,113.1999955,108.7799955
1936,47.9799963,-1.000000119,-15,0,0,49.8799971,14.09999964
1937,4.099999726,0,-1,0,0,4.799999714,0.300000012
1938,6.799999714,0,0.5,0,0,5.999999642,0.300000012
1939,58.7599941,0,-73.60000002,10,0,93.19999572,47.15999908
1940,6.859999597,0,0,0,0,6.559999585,0.300000012
1941,4.099999726,0,-1,0,0,4.799999714,0.300000012
1942,5.099999875,0,0,0,0,4.799999714,0.300000012
1943,36.79999655,-1.000000119,-25.69999999,0,0,51.7999991,11.69999986
1944,5.819999635,0,-1,-10,0,6.159999639,0.659999996
1945,5.299999654,0,-1,0,0,5.999999642,0.300000012
1946,30.75999814,0,-3.300000012,0,0,30.03999871,4.019999973
1947,45.19999562,-1.000000119,-7.800000012,0,0,44.75999524,9.239999846
1948,45.35999782,0,-10.5,0,0,48.83999796,7.019999862
1949,8.539999485,0,0,0,0,7.879999489,0.659999996
1950,39.05999761,-1.000000119,-24.5,0,0,43.43999897,21.11999914
1951,36.21999711,0,-13.59999996,0,0,42.79999752,7.019999914
1952,27.01999603,-1.000000119,-28.30000001,0,0,39.87999782,16.43999968
1953,33.13999683,0,-8.300000012,35,0,35.19999623,6.23999992
1954,6.859999657,0,0,0,0,6.559999645,0.300000012
1955,48.19999523,0,-16.60000002,0,0,54.59999594,10.19999986
1956,71.39999599,0,-17.5,0,0,53.63999712,37.25999861
1957,4.759999871,0,-0.5,0,0,4.9599998,0.300000012
1958,7.419999599,0,0,0,0,6.759999603,0.659999996
1959,20.57999915,0,-2,0,0,16.99999893,5.579999775
1960,4.599999785,0,-0.5,0,0,4.799999714,0.300000012
1961,62.87999666,-1.000000119,-8,0,0,48.63999791,27.23999882
1962,38.19999743,0,-14.79999995,0,0,48.79999837,4.199999966
1963,4.499999762,0,-2,0,0,6.19999975,0.300000012
1964,4.599999815,0,-0.5,0,0,4.799999714,0.300000012
1965,7.319999695,0,0.5,0,0,6.159999639,0.659999996
1966,26.29999742,0,-20.30000001,0,0,42.63999814,3.959999971
1967,29.83999836,0,-0.5,0,0,29.91999829,0.420000009
1968,36.25999714,-1.000000119,-10,0,0,39.87999893,7.379999854
1969,21.71999836,0,-12.29999995,0,0,27.83999807,6.17999994
1970,54.01999643,-1.000000119,-15,0,0,50.15999791,19.8599994
1971,55.27999508,0,-15.79999995,0,0,56.79999659,14.27999972
1972,3.599999785,0,-1.5,0,0,4.799999714,0.300000012
1973,49.69999735,0,-10,10,0,43.3199988,22.37999941
1974,66.09999658,0,-16.60000002,0,0,71.359997,11.33999981
1975,54.65999658,-1.000000119,-19,0,0,55.15999735,19.49999925
1976,4.099999726,0,-1,0,0,4.799999714,0.300000012
1977,106.6199951,-1.000000119,-26.09999996,0,0,80.31999791,53.39999809
1978,46.7799964,-1.000000119,-17,0,0,50.31999688,14.45999955
1979,2.299999684,0,-4,0,0,5.999999642,0.300000012
1980,36.87999761,0,-9.800000012,0,0,32.87999746,13.79999952
1981,60.4799957,-1.000000119,-37,0,0,64.83999848,35.63999837
1982,4.099999726,0,-1,-5,0,4.799999714,0.300000012
1983,5.69999969,0,0,0,0,5.399999678,0.300000012
1984,6.799999684,0,-0.5,0,0,6.639999598,0.659999996
1985,57.37999699,-1.000000119,-34,0,0,62.19999781,30.17999895
1986,39.85999624,-1.000000119,-31.39999998,0,0,44.99999914,25.25999913
1987,18.33999869,0,-7.600000024,20,0,22.15999852,3.780000001
1988,74.29999585,0,-13.5,0,0,59.95999771,27.83999905
1989,58.03999722,-1.000000119,-11,0,0,46.63999669,23.39999901
1990,48.43999594,0,-13.10000002,0,0,45.51999786,16.01999965
1991,85.43999629,-1.000000119,-14.80000001,0,0,65.79999761,31.43999887
1992,5.879999578,0,-1.5,0,0,7.079999506,0.300000012
1993,4.599999845,0,-0.5,0,0,4.799999714,0.300000012
1994,74.83999743,0,-4,0,0,63.47999717,21.35999935
1995,4.69999969,0,-1,0,0,5.399999678,0.300000012
1996,44.95999707,-1.000000119,-13.80000001,0,0,47.15999687,12.59999965
1997,22.79999855,0,-6.800000012,-15,0,25.75999837,3.839999959
1998,47.47999758,0,-15.30000001,10,0,42.55999868,20.21999954
1999,5.339999676,0,0,0,0,5.039999664,0.300000012
2000,104.4799948,0,-25.59999996,-5,0,79.79999642,50.27999823
2001,38.97999588,-1.000000119,-28.79999995,0,0,52.239997,18.53999959
2002,27.03999883,0,-2.800000012,0,0,26.59999871,3.239999972
2003,43.19999772,0,-15.29999995,20,0,38.59999812,21.89999919
2004,18.07999849,0,-5.799999952,0,0,21.23999828,2.640000001
2005,3.69999969,0,-2,0,0,5.399999678,0.300000012
2006,75.0999939,0,-16.5,0,0,59.4799993,24.11999938
2007,44.31999728,0,-14.5,0,0,40.63999835,18.1799992
2008,52.43999745,-1.000000119,-7.5,0,0,51.51999727,9.419999808
2009,25.65999779,0,-4.299999952,0,0,25.87999897,4.079999954
2010,45.93999617,0,-5,0,0,41.63999747,9.299999788
2011,49.33999695,0,-14,0,0,50.91999774,12.41999962
2012,51.09999711,-1.000000119,-14.59999996,0,0,55.95999671,10.73999985
2013,4.799999744,0,-1.5,0,0,5.999999642,0.300000012
2014,4.599999845,0,-0.5,0,0,4.799999714,0.300000012
2015,96.19999592,0,-21.79999995,0,0,82.83999568,35.15999876
2016,49.33999637,0,-23,0,0,53.67999795,18.65999929
2017,6.699999809,0,1,0,0,5.399999678,0.300000012
2018,46.83999792,-1.000000119,-26.69999999,0,0,51.43999811,23.09999953
2019,54.7999955,-1.000000119,-13.10000002,-5,0,50.2399981,18.65999964
2020,17.85999912,0,-3,0,0,16.71999943,4.139999852
2021,84.0999954,0,-26.29999995,0,0,64.63999566,47.75999815
2022,5.579999626,0,-2,0,0,7.279999614,0.300000012
2023,49.95999785,0,-5,0,0,34.55999838,20.39999932
2024,36.69999732,0,-8.299999952,0,0,32.1199972,14.87999966
2025,5.099999726,0,0,0,0,4.799999714,0.300000012
2026,36.91999649,0,-24.39999998,0,0,38.99999844,22.3199994
2027,102.0399918,0,-46.60000002,0,0,99.91999634,48.71999833
2028,43.5999956,0,-21.80000001,-5,0,58.91999707,6.4799999
2029,52.17999647,-1.000000119,-15,0,0,50.47999654,17.69999948
2030,3.599999815,0,-1.5,0,0,4.799999714,0.300000012
2031,6.299999654,0,0,0,0,5.999999642,0.300000012
2032,5.299999654,0,-1,0,0,5.999999642,0.300000012
2033,22.89999895,0,-5.5,0,0,19.51999837,8.879999712
2034,14.05999812,0,-9.300000012,0,0,19.99999824,3.359999962
2035,32.33999684,0,-11.5,0,0,37.23999745,6.599999838
2036,92.69999339,-1.000000119,-15,0,0,78.75999421,29.93999875
2037,42.51999667,-1.000000119,-18,0,0,49.03999834,18.47999942
2038,27.99999839,0,-10.80000001,0,0,27.6399979,11.1599998
2039,51.55999592,0,-14.5,0,0,55.31999621,10.73999978
2040,96.63999286,-1.000000119,-25.80000001,0,0,77.43999567,47.99999873
2041,45.33999819,-1.000000119,-12,-15,0,42.07999873,16.25999933
2042,37.61999673,-1.000000119,-21.30000001,0,0,51.75999831,8.159999847
2043,34.35999723,-1.000000119,-20.5,0,0,41.39999758,14.45999949
2044,5.099999726,0,0,0,0,4.799999714,0.300000012
2045,18.91999885,0,-2.5,0,0,19.67999876,1.73999998
2046,47.43999719,0,-8.800000012,0,0,35.83999777,20.39999957
2047,34.09999698,0,-22,0,0,45.71999614,10.37999977
2048,30.45999852,0,-6.5,0,0,22.55999869,14.39999947
2049,52.31999502,-1.000000119,-47.69999993,0,0,77.67999652,23.33999961
2050,3.69999969,0,-2,0,0,5.399999678,0.300000012
2051,46.45999615,-1.000000119,-20,0,0,49.51999818,17.93999939
2052,5.099999726,0,0,0,0,4.799999714,0.300000012
2053,47.25999509,-1.000000119,-20.19999999,0,0,56.75999576,11.69999986
2054,45.77999691,-1.000000119,-15,-5,0,47.79999746,13.97999949
2055,75.05999499,0,-33.90000004,0,0,71.71999721,39.23999876
2056,50.53999684,-1.000000119,-12.30000001,0,0,43.79999817,20.03999935
2057,62.05999734,0,-8.5,0,0,39.99999648,28.55999882
2058,43.67999798,0,-14.09999996,0,0,45.71999754,12.05999975
2059,5.69999969,0,0,0,0,5.399999678,0.300000012
2060,5.599999845,0,0.5,0,0,4.799999714,0.300000012
2061,59.73999532,-1.000000119,-13.5,0,0,61.63999641,12.59999972
2062,46.97999649,0,-9,0,0,49.7999967,6.17999988
2063,42.91999726,0,-14.5,0,0,48.83999753,8.579999827
2064,59.17999759,0,-12.30000001,0,0,56.2399985,15.2399996
2065,28.67999828,0,-8.5,0,0,22.15999877,13.01999953
2066,57.21999589,0,-17,0,0,56.35999596,25.85999924
2067,45.7399975,0,-11,0,0,40.75999889,19.97999928
2068,83.9399939,-1.000000119,-24.80000001,0,0,74.0399967,41.69999864
2069,38.23999818,0,-9,0,0,28.95999885,20.27999928
2070,4.179999799,0,-1,0,0,4.879999757,0.300000012
2071,77.25999306,0,-30.40000004,15,0,84.83999546,26.81999937
2072,6.199999809,0,0.5,0,0,5.399999678,0.300000012
2073,7.659999669,0,-1,5,0,7.999999672,0.659999996
2074,4.419999719,0,-2,0,0,6.119999707,0.300000012
2075,40.73999794,0,-10.80000001,0,0,31.19999832,20.33999915
2076,27.23999807,0,-3.100000024,0,0,25.59999799,4.73999998
2077,62.97999537,0,-26.10000002,0,0,56.55999607,32.51999901
2078,4.299999684,0,-2,0,0,5.999999642,0.300000012
2079,22.4399966,-1.000000119,-27.79999995,0,0,46.91999754,4.319999948
2080,4.599999845,0,-0.5,5,0,4.799999714,0.300000012
2081,40.9599975,-1.000000119,-24.80000001,0,0,55.83999772,10.91999968
2082,6.41999954,0,-1,0,0,6.639999539,0.779999994
2083,6.499999762,0,0,0,0,6.19999975,0.300000012
2084,63.55999541,0,-15.5,0,0,49.79999751,31.25999887
2085,35.31999829,-1.000000119,-7.5,0,0,38.59999873,5.219999902
2086,22.91999835,0,-0.5,0,0,21.31999826,2.099999972
2087,38.87999701,0,-13.80000001,0,0,48.95999685,3.719999962
2088,37.69999611,-1.000000119,-13,0,0,40.35999735,11.33999973
2089,38.9799971,0,-13.59999996,0,0,47.83999789,4.73999998
2090,116.4799937,-1.000000119,-42.10000002,0,0,104.8799956,62.69999814
2091,79.25999522,-1.000000119,-19.59999996,0,0,59.68000016,36.17999892
2092,93.29999558,0,-36.09999996,0,0,84.39999777,50.9999987
2093,29.03999901,0,-5,0,0,21.43999839,12.5999996
2094,48.59999599,-1.000000119,-22,0,0,47.79999704,19.79999935
2095,5.839999795,0,0.5,0,0,5.039999664,0.300000012
2096,20.29999945,0,-5.599999964,0,0,21.99999922,3.899999999
2097,58.53999696,-1.000000119,-4,0,0,44.99999776,18.53999929
2098,90.13999347,0,-27.10000002,0,0,77.63999626,39.59999882
2099,64.7399979,-1.000000119,-8.5,0,0,53.3199977,22.91999905
2100,53.61999379,-1.000000119,-20.89999998,0,0,62.91999737,12.59999982
2101,3.659999669,0,-2,0,0,5.359999657,0.300000012
2102,4.599999785,0,-0.5,0,0,4.799999714,0.300000012
2103,39.07999611,-1.000000119,-28.5,0,0,50.39999808,18.17999931
2104,42.45999686,-1.000000119,-11,0,0,47.67999823,6.779999867
2105,101.219996,0,-65.50000006,0,0,97.59999626,69.1199983
2106,34.23999605,0,-20.80000001,0,0,49.75999697,5.279999942
2107,24.95999908,0,-1,0,0,22.95999926,2.99999997
2108,118.8199945,0,-25.39999998,0,0,83.95999512,58.25999867
2109,29.9999979,0,-8,20,0,28.03999816,9.959999651
2110,46.81999661,-1.000000119,-8,0,0,48.79999662,7.019999862
2111,4.599999785,0,-0.5,0,0,4.799999714,0.300000012
2112,85.99999635,0,-38,0,0,88.67999721,37.31999926
2113,144.3599917,0,-25.29999995,0,0,99.55999501,80.09999743
2114,45.33999721,-1.000000119,-35.19999999,0,0,59.51999731,22.01999956
2115,29.51999626,-1.000000119,-21.10000002,0,0,38.59999759,13.01999976
2116,44.15999597,-1.000000119,-10.79999995,0,0,47.1999981,8.759999849
2117,4.599999815,0,-0.5,0,0,4.799999714,0.300000012
2118,45.65999655,-1.000000119,-24.30000001,0,0,56.31999826,14.63999959
2119,65.77999662,0,-14.5,15,0,50.23999722,26.03999894
2120,32.65999849,0,-14,0,0,35.55999815,11.09999978
2121,67.97999526,0,-31.10000002,0,0,65.47999617,33.59999873
2122,6.19999975,0,0.5,0,0,5.399999678,0.300000012
2123,65.2399969,0,-17.60000002,0,0,49.59999633,33.23999905
2124,62.83999576,-1.000000119,-4.5,0,0,50.87999745,17.45999929
2125,4.799999714,0,-1.5,0,0,5.999999642,0.300000012
2126,45.29999655,-1.000000119,-15,0,0,49.11999727,12.17999975
2127,57.55999684,0,-13,0,0,42.63999748,25.91999929
2128,47.519997,0,-7.5,0,0,50.15999746,4.85999991
2129,4.099999756,0,-1,0,0,4.799999714,0.300000012
2130,63.85999595,-1.000000119,-20,0,0,57.4399977,27.41999871
2131,73.0799946,-1.000000119,-29.80000001,0,0,75.91999616,27.95999902
2132,11.17999911,0,-6,15,0,15.31999892,1.85999997
2133,96.21999254,-1.000000119,-38,0,0,88.07999714,49.13999806
2134,94.83999485,0,-41.40000004,0,0,85.03999647,49.19999851
2135,7.019999564,0,-1,0,0,7.359999567,0.659999996
2136,3.099999726,0,-2,0,0,4.799999714,0.300000012
2137,6.319999814,0,0.5,0,0,5.519999743,0.300000012
2138,47.35999802,0,-23,0,0,51.67999786,22.67999937
2139,5.099999845,0,0,0,0,4.799999714,0.300000012
2140,1.69999972,0,-4,0,0,5.399999678,0.300000012
2141,38.07999606,-1.000000119,-54.79999995,-15,0,63.99999671,29.87999891
2142,5.099999875,0,0,0,0,4.799999714,0.300000012
2143,25.51999756,-1.000000119,-21.5,0,0,33.67999826,14.33999947
2144,64.23999722,-1.000000119,-9,0,0,47.19999812,23.03999911
2145,85.41999815,0,-15,0,0,66.03999621,40.37999871
2146,10.75999969,0,0.5,0,0,9.959999621,0.300000012
2147,48.49999738,0,-6,0,0,45.79999793,8.699999794
2148,63.25999665,-1.000000119,-8,0,0,44.83999847,27.41999888
2149,13.01999931,0,-4,0,0,14.67999929,2.339999966
2150,4.219999671,0,-2,25,0,5.559999675,0.659999996
2151,50.39999644,0,-25.60000002,0,0,50.91999647,25.07999912
2152,47.51999674,-1.000000119,-21.5,0,0,47.9999976,22.01999924
2153,58.51999775,0,-8,0,0,53.07999745,13.43999968
2154,95.09999748,0,-22.70000005,0,0,64.15999851,53.63999789
2155,49.15999673,0,-13.5,0,0,53.11999695,9.539999761
2156,73.55999643,-1.000000119,-7,0,0,55.75999814,25.79999906
2157,78.21999598,-1.000000119,-18.5,0,0,71.31999743,38.39999875
2158,5.899999619,0,-1,0,0,6.599999607,0.300000012
2159,3.599999785,0,-1.5,0,0,4.799999714,0.300000012
2160,41.09999712,0,-16,0,0,43.71999731,13.37999972
2161,2.099999756,0,-3,10,0,4.799999714,0.300000012
2162,52.47999477,-1.000000119,-23,0,0,57.0399949,19.43999946
2163,68.659996,-1.000000119,-16.29999995,-15,0,63.51999737,22.43999932
2164,41.23999663,0,-15.09999996,0,0,42.83999816,13.49999978
2165,6.939999551,0,-1,0,0,7.279999524,0.659999996
2166,32.47999778,0,-9.800000012,0,0,29.0799998,13.1999997
2167,69.31999663,0,-6.800000012,0,0,47.43999732,28.67999908
2168,6.999999583,0,-2.5,0,0,9.199999511,0.300000012
2169,10.59999967,0,0.5,0,0,9.43999961,0.659999996
2170,45.75999643,0,-20.10000002,0,0,47.5599988,18.29999957
2171,3.099999756,0,-2,0,0,4.799999714,0.300000012
2172,64.77999526,-1.000000119,-32.60000002,0,0,66.0799975,36.29999903
2173,4.69999969,0,-1,0,0,5.399999678,0.300000012
2174,50.99999584,-1.000000119,-26.5,0,0,56.35999736,22.13999928
2175,66.81999577,0,-18.5,0,0,56.63999705,28.67999893
2176,66.65999655,-1.000000119,-22,0,0,63.07999683,26.57999914
2177,3.69999969,0,-2,0,0,5.399999678,0.300000012
2178,24.79999819,0,-10,0,0,23.39999884,11.39999961
2179,61.91999619,-1.000000119,-14,0,0,59.51999775,17.3999994
2180,5.099999726,0,0,0,0,4.799999714,0.300000012
2181,5.299999654,0,-1,0,0,5.999999642,0.300000012
2182,6.499999583,0,-1,0,0,7.199999571,0.300000012
2183,26.53999884,0,-5,0,0,23.03999853,10.49999978
2184,5.69999969,0,0,0,0,5.399999678,0.300000012
2185,48.51999661,-1.000000119,-9.5,0,0,45.15999837,13.85999951
2186,61.19999443,-1.000000119,-22.5,0,0,63.75999583,20.93999916
2187,5.299999803,0,-1,0,0,5.999999642,0.300000012
2188,49.33999769,0,-11,0,0,45.75999744,14.57999947
2189,42.25999548,-1.000000119,-23.30000001,0,0,55.39999759,11.1599998
2190,78.05999669,-1.000000119,-19.5,0,0,61.63999753,28.91999922
2191,34.01999797,0,-24.30000001,0,0,39.59999762,18.71999954
2192,5.699999809,0,0,0,0,5.399999678,0.300000012
2193,55.89999801,1.000000119,-5.5,0,1,33.87999874,29.51999879
2194,37.03999811,0,-6,0,0,26.31999815,18.71999934
2195,34.93999819,0,-12.80000001,0,0,43.35999775,4.379999965
2196,52.09999625,0,-14.5,0,0,47.99999824,18.59999925
2197,72.5399952,-1.000000119,-25,0,0,70.03999596,28.49999882
2198,3.099999756,0,-2,-15,0,4.799999714,0.300000012
2199,100.9599938,0,-9.5,0,0,73.67999528,30.77999879
2200,44.6399977,0,-22.80000001,0,0,47.39999789,20.03999925
2201,26.01999721,0,-15.60000002,0,0,28.95999838,12.65999974
2202,7.499999583,0,0,0,0,7.199999571,0.300000012
2203,73.73999681,-1.000000119,-11.60000002,0,0,59.63999644,26.69999905
2204,3.099999756,0,-2,0,0,4.799999714,0.300000012
2205,33.17999761,0,-7.799999952,0,0,35.6399983,5.339999944
2206,37.31999803,0,-4.800000012,0,0,37.31999868,4.799999937
2207,51.37999772,0,-2.799999952,0,0,32.43999825,19.73999928
2208,4.099999726,0,-1,0,0,4.799999714,0.300000012
2209,26.95999767,-1.000000119,-18.79999995,0,0,40.15999871,6.59999989
2210,2.859999597,0,-4,0,0,6.559999585,0.300000012
2211,124.099991,0,-39.60000002,0,0,98.91999424,66.77999759
2212,63.3399954,-1.000000119,-24.30000001,0,0,68.71999678,19.91999952
2213,6.279999852,0,0.5,0,0,5.479999721,0.300000012
2214,54.37999628,0,-12,0,0,46.99999714,19.37999932
2215,49.79999512,-1.000000119,-33.5,0,0,69.35999754,14.93999951
2216,3.299999654,0,-3,0,0,5.999999642,0.300000012
2217,30.71999853,0,-4,0,0,27.87999815,6.839999847
2218,48.33999622,-1.000000119,-23,0,0,51.23999709,23.09999933
2219,85.17999295,-1.000000119,-36.09999996,0,0,89.11999685,35.15999889
2220,3.099999756,0,-2,0,0,4.799999714,0.300000012
2221,5.599999785,0,0.5,0,0,4.799999714,0.300000012
2222,35.45999771,0,-20.29999995,0,0,37.63999762,18.11999933
2223,4.899999648,0,-2,0,0,6.599999607,0.300000012
2224,4.539999634,0,-3,0,0,6.759999603,0.779999994
2225,4.619999677,0,-1,0,0,5.319999635,0.300000012
2226,84.23999427,-1.000000119,-26.30000001,0,0,69.23999801,42.29999867
2227,17.49999878,0,-9.300000012,0,0,22.95999908,3.839999959
2228,131.6999905,-1.000000119,-38.20000005,0,0,112.9199929,61.97999791
2229,30.21999863,0,-5.200000048,0,0,28.99999832,6.419999994
2230,4.899999648,0,-2,0,0,6.599999607,0.300000012
2231,105.0799933,-1.000000119,-39.69999993,0,0,91.67999551,56.09999856
2232,39.77999841,0,-5,0,0,28.27999848,16.49999949
2233,6.799999714,0,0.5,15,0,5.999999642,0.300000012
2234,63.27999708,-1.000000119,-14.09999996,0,0,56.47999915,21.8999994
2235,54.31999596,-1.000000119,-36,0,0,56.0799975,39.23999864
2236,49.39999612,-1.000000119,-35.5,0,0,54.87999867,31.01999867
2237,65.5999977,-1.000000119,-18.79999995,0,0,66.07999817,19.31999924
2238,6.099999845,0,1,0,0,4.799999714,0.300000012
2239,5.819999635,0,-1,0,0,6.159999639,0.659999996
2240,81.23999205,-1.000000119,-45.60000002,0,0,89.87999576,39.95999897
2241,52.35999727,0,-10.20000005,20,0,41.67999879,20.87999955
2242,127.2199897,0,-25.60000002,0,0,94.23999526,50.57999807
2243,7.019999564,0,-1,0,0,7.359999567,0.659999996
2244,88.55999518,-1.000000119,-12.5,0,0,58.19999756,37.85999863
2245,41.1399987,0,-2,0,0,37.27999797,13.85999964
2246,82.01999488,0,-41.59999996,0,0,79.03999605,44.5799989
2247,2.099999756,0,-3,0,0,4.799999714,0.300000012
2248,51.99999715,0,-7.5,0,0,31.11999768,16.3799995
2249,94.37999474,-1.000000119,-14.5,0,0,71.15999607,42.71999848
2250,3.099999756,0,-2,0,0,4.799999714,0.300000012
2251,119.839994,-1.000000119,-34.5,0,0,76.83999643,70.49999811
2252,35.57999645,-1.000000119,-15,0,0,43.2399976,8.339999832
2253,5.599999785,0,0.5,0,0,4.799999714,0.300000012
2254,63.7199955,0,-33.69999993,0,0,62.79999535,34.61999914
2255,43.37999703,-1.000000119,-5,0,0,42.47999866,6.899999864
2256,5.099999726,0,0,-5,0,4.799999714,0.300000012
2257,4.69999969,0,-1,0,0,5.399999678,0.300000012
2258,57.67999758,0,-7,0,0,42.91999716,23.75999946
2259,62.47999698,-1.000000119,-21.80000001,0,0,55.03999902,30.23999931
2260,53.49999704,0,-21.60000002,-5,0,54.63999756,20.45999939
2261,7.419999599,0,0,0,0,6.759999603,0.659999996
2262,25.47999898,0,-6,0,0,22.95999896,8.519999765
2263,21.67999825,0,-8.799999952,0,0,26.03999935,4.439999953
2264,5.699999869,0,0,0,0,5.399999678,0.300000012
2265,67.21999595,-1.000000119,-12,0,0,58.55999619,21.65999926
2266,35.89999671,-1.000000119,-18,0,0,41.63999799,13.25999951
2267,43.21999741,-1.000000119,-19.30000001,0,0,51.7599979,11.75999975
2268,47.87999653,0,-14,0,0,47.23999788,14.63999952
2269,30.65999794,0,-1,0,0,31.23999792,0.420000009
2270,3.099999756,0,-2,0,0,4.799999714,0.300000012
2271,6.419999599,0,-1,0,0,6.759999603,0.659999996
2272,74.85999507,-1.000000119,-19.30000001,0,0,55.91999726,39.23999897
2273,4.099999756,0,-1,0,0,4.799999714,0.300000012
2274,24.05999875,0,-6.900000036,0,0,25.43999849,5.519999988
2275,34.01999682,0,-20.30000001,0,0,40.27999796,14.03999946
2276,8.099999547,0,0,0,0,7.799999535,0.300000012
2277,147.0199905,0,-30.80000001,0,0,110.1199951,77.69999725
2278,15.03999871,0,-4.5,0,0,18.27999908,1.25999999
2279,67.95999576,0,-15.5,0,0,66.95999658,16.49999957
2280,101.4199937,-1.000000119,-33.80000001,-5,0,87.59999758,52.61999822
2281,5.779999554,0,-2,0,0,6.639999539,1.139999986
2282,4.299999684,0,-2,0,0,5.999999642,0.300000012
2283,5.9399997,0,-1,0,0,6.279999703,0.659999996
2284,32.93999803,0,-13.29999995,0,0,35.79999787,10.43999962
2285,40.8399981,0,-9.300000012,0,0,45.47999632,12.65999969
2286,4.799999714,0,-1.5,0,0,5.999999642,0.300000012
2287,67.05999701,-1.000000119,-12,0,0,59.11999649,20.93999947
2288,46.93999791,0,-3.300000012,15,0,43.39999855,6.839999892
2289,50.45999639,-1.000000119,-21.5,0,0,50.23999819,24.71999902
2290,5.099999726,0,0,0,0,4.799999714,0.300000012
2291,56.7999969,-1.000000119,-21.79999995,20,0,67.95999776,11.63999978
2292,6.699999571,0,-1,0,0,6.67999956,1.019999981
2293,45.23999697,-1.000000119,-10.5,0,0,40.95999731,15.77999952
2294,40.09999621,-1.000000119,-12,0,0,43.67999691,9.419999808
2295,65.91999677,-1.000000119,-10.80000001,0,0,51.19999789,26.51999889
2296,34.75999597,0,-24.80000001,0,0,49.83999731,9.719999827
2297,57.25999621,-1.000000119,-10,0,0,47.319998,20.93999923
2298,4.379999697,0,-2,0,0,6.079999685,0.300000012
2299,76.11999517,-1.000000119,-17.5,0,0,59.15999723,35.45999847
2300,57.41999653,0,-17,0,0,55.75999685,18.6599993
2301,59.05999647,-1.000000119,-17.5,0,0,58.31999579,27.23999923
2302,45.67999519,-1.000000119,-33.30000001,0,0,61.99999666,19.97999944
2303,28.29999782,-1.000000119,-17,5,0,40.35999836,5.939999864
2304,55.25999631,0,-11.5,0,0,42.9999982,23.75999908
2305,61.55999696,0,-18.69999987,0,0,67.83999652,12.41999985
2306,4.099999726,0,-1,0,0,4.799999714,0.300000012
2307,47.41999665,-1.000000119,-19,0,0,48.27999772,19.13999936
2308,34.45999828,-1.000000119,-18.30000001,0,0,46.19999847,7.559999861
2309,74.29999737,0,-9.300000012,0,0,58.23999777,27.35999919
2310,14.99999863,0,-5.5,0,0,15.51999879,4.979999885
2311,46.87999631,-1.000000119,-7.100000024,0,0,42.19999792,12.77999979
2312,48.29999641,0,-9,0,0,31.83999936,17.45999954
2313,5.599999785,0,0.5,0,0,4.799999714,0.300000012
2314,52.01999561,-1.000000119,-26,0,0,52.91999775,26.09999895
2315,64.03999707,-1.000000119,-12,0,0,51.03999646,29.99999884
2316,22.01999795,0,-3.600000024,0,0,20.75999902,4.859999977
2317,49.93999556,-1.000000119,-10,0,0,50.43999565,10.49999975
2318,6.859999597,0,0,0,0,6.559999585,0.300000012
2319,43.41999709,-1.000000119,-21.29999995,0,0,57.79999667,7.919999868
2320,52.29999637,-1.000000119,-13.5,0,0,49.15999652,17.63999945
2321,6.299999654,0,0,0,0,5.999999642,0.300000012
2322,60.37999593,-1.000000119,-23,0,0,57.99999705,28.37999903
2323,43.43999588,0,-14.5,10,0,49.11999591,8.819999754
2324,44.39999682,0,-19,0,0,46.55999848,18.83999935
2325,14.23999918,0,-6.800000012,0,0,18.15999895,2.879999995
2326,43.95999618,-1.000000119,-27.5,0,0,54.0399981,18.41999944
2327,4.179999769,0,-1,0,0,4.879999757,0.300000012
2328,58.99999729,0,-6.100000024,0,0,49.11999694,19.97999959
2329,45.69999789,0,-16.89999986,0,0,50.47999708,12.1199998
2330,46.89999676,-1.000000119,-14,0,0,42.03999773,19.85999922
2331,44.79999603,0,-14.5,0,0,50.71999834,8.579999827
2332,57.39999545,0,-40.69999999,0,0,79.67999773,18.41999973
2333,43.21999724,0,-19.30000001,0,0,54.47999799,8.03999982
2334,35.77999781,-1.000000119,-16,-5,0,45.99999842,6.779999867
2335,3.099999756,0,-2,0,0,4.799999714,0.300000012
2336,5.599999785,0,0.5,-5,0,4.799999714,0.300000012
2337,59.73999614,0,-11.30000001,0,0,38.43999809,30.59999869
2338,4.599999845,0,-0.5,-20,0,4.799999714,0.300000012
2339,7.819999456,0,-2,45,0,9.15999946,0.659999996
2340,6.799999624,0,-0.5,0,0,6.639999539,0.659999996
2341,5.999999702,0,-1.5,0,0,7.199999571,0.300000012
2342,49.81999785,0,-18.60000002,0,0,50.83999866,17.57999961
2343,50.35999656,0,-25.80000001,0,0,47.35999735,28.79999901
2344,75.01999623,0,-21.10000002,0,0,55.91999809,40.19999834
2345,3.099999726,0,-2,0,0,4.799999714,0.300000012
2346,46.33999631,-1.000000119,-19,0,0,49.59999743,16.73999941
2347,18.29999831,0,-5.300000012,0,0,20.83999839,2.759999976
2348,4.639999807,0,-0.5,0,0,4.839999735,0.300000012
2349,40.1199976,-1.000000119,-12.80000001,0,0,43.59999752,10.31999981
2350,5.69999969,0,0,0,0,5.399999678,0.300000012
2351,4.599999785,0,-0.5,0,0,4.799999714,0.300000012
2352,56.35999651,-1.000000119,-10.80000001,0,0,52.19999759,15.95999952
2353,50.99999449,-1.000000119,-10.5,0,0,51.15999784,11.33999977
2354,2.099999726,0,-3,0,0,4.799999714,0.300000012
2355,7.299999595,0,0,10,0,6.639999598,0.659999996
2356,52.41999651,0,-15,0,0,52.23999833,15.17999954
2357,5.299999684,0,-1,0,0,5.999999642,0.300000012
2358,27.07999747,-1.000000119,-15.80000001,0,0,34.87999782,8.999999829
2359,6.279999673,0,-1.5,0,0,7.119999617,0.659999996
2360,8.699999809,0,1,0,0,7.399999678,0.300000012
2361,3.099999726,0,-2,0,0,4.799999714,0.300000012
2362,38.85999677,0,-7.300000012,0,0,31.9199979,18.23999943
2363,3.099999756,0,-2,0,0,4.799999714,0.300000012
2364,50.17999507,0,-12.80000001,-15,0,54.63999662,8.339999869
2365,7.659999549,0,-1,0,0,7.999999523,0.659999996
2366,4.139999747,0,-1,0,0,4.839999735,0.300000012
2367,81.23999528,-1.000000119,-20.60000002,0,0,70.55999541,32.27999892
2368,39.11999727,-1.000000119,-11.5,15,0,46.51999789,5.099999905
2369,99.95999279,-1.000000119,-34.80000001,0,0,83.51999421,54.23999763
2370,5.099999726,0,0,0,0,4.799999714,0.300000012
2371,90.31999415,-1.000000119,-29,0,0,66.79999681,59.51999822
2372,4.099999726,0,-1,0,0,4.799999714,0.300000012
2373,4.859999627,0,-2,0,0,6.559999585,0.300000012
2374,43.01999728,0,-7.5,0,0,30.75999844,17.75999926
2375,61.3799941,-1.000000119,-20,0,0,65.599996,18.77999949
2376,38.29999605,0,-20.90000004,0,0,43.23999697,15.9599997
2377,4.379999608,0,-3,0,0,6.719999582,0.659999996
2378,48.15999642,0,-17.69999999,0,0,48.51999855,17.33999963
2379,44.83999635,-1.000000119,-19.80000001,0,0,51.51999791,18.11999955
2380,20.85999846,0,-8,0,0,21.83999807,7.019999795
2381,49.35999599,-1.000000119,-10.5,0,0,50.11999774,10.73999973
2382,52.47999757,-1.000000119,-15.5,0,0,47.55999811,21.41999914
2383,7.019999564,0,-1,-20,0,7.359999567,0.659999996
2384,18.17999837,0,-4.299999952,0,0,18.8799988,3.599999957
2385,39.29999833,0,-16.80000001,0,0,46.07999898,10.0199998
2386,38.95999816,0,-9.299999952,-5,0,40.99999887,7.259999879
2387,6.299999654,0,0,0,0,5.999999642,0.300000012
2388,6.799999714,0,0.5,0,0,5.999999642,0.300000012
2389,35.95999679,0,-11.40000004,10,0,39.67999677,7.679999925
2390,69.85999718,-1.000000119,-21.5,0,0,62.59999723,29.75999867
2391,113.2799935,-1.000000119,-37.10000002,0,0,89.63999707,55.73999818
2392,109.7999949,-1.000000119,-26.29999995,0,0,90.75999583,44.33999823
2393,27.95999669,0,-18.39999998,10,0,33.03999824,13.31999981
2394,27.33999842,0,-5.300000012,0,0,22.19999886,10.43999976
2395,18.09999916,0,-8.300000012,0,0,22.55999887,3.839999974
2396,6.799999714,0,0.5,0,0,5.999999642,0.300000012
2397,78.07999416,-1.000000119,-27,0,0,64.91999633,41.15999815
2398,70.73999644,0,-14.5,0,0,52.95999712,38.27999865
2399,8.299999654,0,1,0,0,6.639999539,0.659999996
2400,4.859999776,0,-1,0,0,5.559999764,0.300000012
2401,58.3999962,-1.000000119,-22.09999996,0,0,67.27999607,14.21999975
2402,21.07999897,0,-3.099999964,0,0,20.03999883,4.139999993
2403,45.47999614,-1.000000119,-19.30000001,0,0,50.35999823,15.41999963
2404,4.699999839,0,-1,15,0,5.399999678,0.300000012
2405,78.69999461,-1.000000119,-18.10000002,0,0,64.91999638,26.87999908
2406,42.49999779,0,-15,0,0,36.95999897,24.5399992
2407,82.95999596,-1.000000119,-15.79999995,0,0,77.07999513,22.67999942
2408,78.67999513,0,-10,0,0,59.07999785,33.59999876
2409,31.21999815,0,-3.799999952,0,0,30.87999789,4.139999963
2410,46.19999906,0,-9,0,0,40.75999862,16.43999963
2411,2.979999751,0,-2,0,0,4.679999709,0.300000012
2412,46.53999738,0,-11,0,0,43.67999755,13.85999965
2413,48.47999747,0,-20.60000002,0,0,47.47999823,21.59999928
2414,5.299999654,0,-1,0,0,5.999999642,0.300000012
2415,26.51999891,0,-1.800000012,-15,0,24.59999931,3.719999954
2416,41.53999572,-1.000000119,-20.79999995,5,0,50.67999528,18.65999945
2417,48.69999546,0,-18.60000002,0,0,52.95999523,14.33999968
2418,4.139999598,0,-3,-20,0,6.839999557,0.300000012
2419,4.599999815,0,-0.5,0,0,4.799999714,0.300000012
2420,4.099999726,0,-1,0,0,4.799999714,0.300000012
2421,38.79999846,0,-11.80000001,0,0,31.87999904,18.71999937
2422,6.619999707,0,-1,0,0,6.95999971,0.659999996
2423,5.179999441,0,-2,0,0,6.879999399,0.300000012
2424,52.55999652,0,-6.5,0,0,35.7999984,19.25999947
2425,98.69999456,0,-25.40000004,0,0,74.95999563,49.13999837
2426,157.7799942,-1.000000119,-19.30000001,0,0,104.1999961,71.87999737
2427,38.05999719,0,-12.30000001,0,0,40.51999761,9.839999795
2428,53.85999601,-1.000000119,-19,0,0,52.43999571,21.41999912
2429,67.83999522,0,-27.10000002,10,0,59.63999765,39.2999985
2430,2.559999794,0,-2.5,0,0,4.759999692,0.300000012
2431,90.57999584,-1.000000119,-15,0,0,61.07999723,43.49999886
2432,78.27999314,0,-42.69999999,30,0,63.35999836,49.61999837
2433,26.13999823,0,-8.300000012,0,0,29.51999842,4.919999942
2434,6.779999673,0,0,0,0,6.479999661,0.300000012
2435,43.79999615,-1.000000119,-19.5,0,0,56.31999588,7.97999984
2436,25.47999837,0,-8,-25,0,26.51999861,6.959999844
2437,37.79999755,-1.000000119,-13.5,0,0,44.07999861,8.21999979
2438,67.73999533,0,-21.89999998,0,0,76.07999568,13.55999979
2439,56.27999568,0,-19,0,0,55.91999616,21.35999931
2440,70.01999654,0,-13.10000002,15,0,57.31999761,25.79999936
2441,68.27999733,0,-18.5,0,0,59.31999952,35.45999869
2442,28.03999823,0,0.5,0,0,27.2399981,0.300000012
2443,7.059999585,0,-1,0,0,7.399999559,0.659999996
2444,101.9199952,-1.000000119,-24.10000002,0,0,81.35999701,45.65999904
2445,8.039999664,0,0.5,0,0,6.759999603,0.779999994
2446,53.91999671,-1.000000119,-12,-5,0,53.87999833,17.03999943
2447,41.47999834,0,-8.300000012,0,0,41.07999852,8.699999854
2448,14.23999882,0,-10.79999995,0,0,22.51999873,2.519999981
2449,5.559999764,0,0.5,0,0,4.759999692,0.300000012
2450,13.2999987,0,-7,0,0,18.91999841,1.379999988
2451,63.57999633,0,-6.5,0,0,45.43999714,26.63999892
2452,52.999998,0,-7.5,0,0,39.47999763,19.01999921
2453,30.43999758,0,-22.10000002,0,0,44.43999697,8.099999823
2454,3.059999734,0,-2,0,0,4.759999692,0.300000012
2455,33.99999645,-1.000000119,-27.10000002,0,0,52.079997,10.01999985
2456,49.77999709,0,-10,0,0,34.95999873,20.8199994
2457,54.45999579,-1.000000119,-16.59999996,0,0,57.71999563,14.33999971
2458,9.539999306,0,0,0,0,8.87999931,0.659999996
2459,34.63999902,1.000000119,-2.5,0,1,22.83999819,12.29999948
2460,32.75999719,0,-12.10000002,0,0,33.75999749,11.09999982
2461,5.69999969,0,0,0,0,5.399999678,0.300000012
2462,49.97999764,-1.000000119,-12,0,0,51.1599991,11.81999962
2463,21.71999818,0,-3.800000012,0,0,22.75999802,2.759999983
2464,58.95999712,-1.000000119,-14.30000001,0,0,53.55999845,26.69999892
2465,120.3999902,0,-16,0,0,84.7199946,49.67999779
2466,51.49999614,-1.000000119,-20.5,0,0,55.71999627,23.27999915
2467,26.21999861,0,-4.5,20,0,20.51999909,10.19999965
2468,55.43999492,-1.000000119,-20,0,0,51.27999754,23.15999907
2469,43.17999795,-1.000000119,-21,0,0,50.23999788,14.93999945
2470,110.3199938,-1.000000119,-18,0,0,70.35999699,54.95999773
2471,64.97999653,-1.000000119,-27.10000002,0,0,63.55999694,29.51999902
2472,67.31999498,0,-13.30000001,0,0,57.39999597,23.21999931
2473,47.29999705,0,-11,-5,0,47.31999686,10.97999977
2474,4.599999845,0,-0.5,0,0,4.799999714,0.300000012
2475,90.0199929,-1.000000119,-17.5,0,0,76.03999417,36.4799988
2476,46.79999588,-1.000000119,-20.80000001,0,0,56.59999806,11.99999978
2477,28.17999884,1.000000119,-4,0,1,21.11999875,9.059999742
2478,47.53999749,-1.000000119,-15,0,0,52.31999779,11.21999977
2479,115.4399936,-1.000000119,-29.40000004,0,0,82.55999597,65.27999787
2480,6.819999635,0,0,0,0,6.159999639,0.659999996
2481,52.49999771,-1.000000119,-10,0,0,53.83999747,9.659999803
2482,7.999999642,0,0.5,0,0,7.199999571,0.300000012
2483,4.099999726,0,-1,0,0,4.799999714,0.300000012
2484,5.599999845,0,0.5,0,0,4.799999714,0.300000012
2485,62.07999587,-1.000000119,-20.5,0,0,54.83999754,28.73999914
2486,63.37999643,0,-12.39999998,0,0,50.91999668,28.85999904
2487,47.33999763,-1.000000119,-5,5,0,44.27999824,9.059999816
2488,54.15999548,0,-31.5,0,0,72.19999643,17.45999953
2489,60.49999681,-1.000000119,-4,0,0,52.47999677,13.01999952
2490,55.09999696,-1.000000119,-11.79999995,0,0,45.9599981,23.9399991
2491,32.7399978,0,-5.600000024,0,0,30.59999943,7.73999992
2492,49.83999821,-1.000000119,-9.799999952,0,0,47.55999858,13.07999968
2493,4.099999726,0,-1,0,0,4.799999714,0.300000012
2494,55.87999582,-1.000000119,-18,10,0,53.51999751,21.35999945
2495,24.87999903,0,-1.800000012,0,0,22.47999883,4.199999951
2496,202.2599868,0,-28.10000002,0,0,107.3599943,116.9999959
2497,44.09999515,0,-34.5,0,0,70.43999674,8.159999855
2498,40.81999752,-1.000000119,-15.29999995,0,0,50.27999748,6.839999892
2499,72.53999656,0,-18.59999996,0,0,64.1999957,26.9399991
2500,37.49999801,1.000000119,-9.5,0,1,26.5599978,16.43999944
2501,82.35999496,0,-11.5,0,0,48.47999775,37.37999853
2502,19.09999865,0,-2.300000012,0,0,16.83999856,4.55999995
2503,62.11999611,-1.000000119,-11.30000001,15,0,48.75999705,27.65999901
2504,51.35999616,0,-13.5,0,0,54.23999673,10.61999977
2505,41.49999829,1.000000119,-12,0,1,31.67999935,23.81999909
2506,50.69999787,0,-10,0,0,46.239998,14.45999957
2507,3.099999756,0,-2,0,0,4.799999714,0.300000012
2508,41.43999774,0,-11.5,15,0,44.59999886,8.339999817
2509,5.739999712,0,0,10,0,5.4399997,0.300000012
2510,43.99999712,-1.000000119,-14.30000001,0,0,51.31999849,7.979999892
2511,27.51999861,0,-2.800000012,0,0,27.31999847,2.999999993
2512,30.97999886,0,-1.5,-5,0,26.43999887,8.039999783
2513,4.179999769,0,-1,0,0,4.879999757,0.300000012
2514,33.79999691,-1.000000119,-35,0,0,57.67999808,12.11999977
2515,107.5599915,0,-24.80000001,0,0,96.59999406,41.75999879
2516,4.099999726,0,-1,0,0,4.799999714,0.300000012
2517,65.99999584,0,-15,0,0,56.27999674,24.71999901
2518,6.19999975,0,0.5,0,0,5.399999678,0.300000012
2519,69.93999463,0,-15.59999996,0,0,59.91999659,25.61999925
2520,58.77999669,0,-11.80000001,35,0,49.99999815,20.57999925
2521,18.7799983,0,-6.299999952,0,0,22.3199982,2.759999976
2522,36.05999681,0,-22.30000001,0,0,41.91999818,16.43999941
2523,44.89999754,-1.000000119,-13,0,0,51.99999711,6.899999864
2524,5.739999533,0,-1,0,0,6.439999521,0.300000012
2525,74.99999514,0,-21.69999999,0,0,62.43999469,34.25999892
2526,77.29999588,-1.000000119,-14.5,0,0,61.35999636,31.43999851
2527,42.35999624,-1.000000119,-23.0999999,0,0,58.23999602,8.219999887
2528,84.51999472,0,-20.5,0,0,65.15999755,37.85999846
2529,39.27999884,0,-9,0,0,29.43999881,18.83999917
2530,42.2799963,0,-23.80000001,10,0,51.31999828,14.75999968
2531,10.91999923,0,-7.799999952,0,0,16.19999903,2.519999988
2532,68.69999731,0,-12.5,0,0,55.91999859,23.27999923
2533,70.89999518,0,-29.59999996,0,0,59.63999735,40.85999895
2534,63.97999732,0,-10.80000001,0,0,42.75999752,34.01999896
2535,44.29999698,-1.000000119,-9.300000012,0,0,46.67999811,7.919999875
2536,40.67999703,-1.000000119,-12.5,0,0,47.51999648,6.65999987
2537,80.99999689,0,-12.80000001,0,0,56.03999762,35.75999883
2538,44.779998,1.000000119,-10.5,0,1,35.85999775,21.41999933
2539,59.25999571,-1.000000119,-16,0,0,50.75999682,25.49999921
2540,57.19999622,-1.000000119,-19.80000001,0,0,52.91999902,25.07999931
2541,31.55999739,-1.000000119,-15.5,-15,0,44.15999794,3.899999931
2542,32.27999589,-1.000000119,-32.79999995,0,0,49.51999673,16.55999959
2543,62.3799977,0,-9,0,0,37.43999773,35.93999863
2544,41.75999689,-1.000000119,-8.5,0,0,44.23999782,7.019999862
2545,43.03999551,0,-21.10000002,0,0,48.47999872,15.65999969
2546,33.31999582,0,-20.5,0,0,34.31999862,19.49999958
2547,34.05999799,0,-17,0,0,44.63999751,6.419999875
2548,9.299999356,0,-1,0,0,9.63999936,0.659999996
2549,3.739999622,0,-3,0,0,6.43999958,0.300000012
2550,15.03999901,0,-3.800000012,0,0,16.79999922,2.040000014
2551,35.5999968,-1.000000119,-14.5,0,0,43.95999848,7.139999859
2552,71.51999593,0,-15.09999996,0,0,54.59999712,34.01999924
2553,5.419999629,0,-2,0,0,6.759999603,0.659999996
2554,42.63999765,0,-12.5,25,0,43.07999837,12.0599997
2555,5.219999611,0,-1,0,0,5.919999599,0.300000012
2556,20.73999849,0,-4.600000024,0,0,21.19999932,4.139999978
2557,6.319999695,0,-0.5,0,0,6.159999639,0.659999996
2558,62.81999685,0,-17.80000001,0,0,60.15999922,20.45999959
2559,37.43999709,0,-21.39999998,0,0,47.31999789,11.51999983
2560,52.85999706,-1.000000119,-13.60000002,0,0,47.95999806,19.49999937
2561,39.89999497,0,-29,0,0,58.03999677,10.85999972
2562,69.31999639,0,-23.29999995,0,0,64.59999727,28.01999911
2563,72.65999711,-1.000000119,-13.5,0,0,58.95999719,28.19999886
2564,68.25999609,0,-42.19999999,0,0,71.51999592,38.93999902
2565,38.51999807,0,-6,0,0,33.79999793,18.71999907
2566,4.739999712,0,-1,0,0,5.4399997,0.300000012
2567,38.41999756,-1.000000119,-17.09999996,0,0,39.07999747,13.4399998
2568,6.099999845,0,1,0,0,4.799999714,0.300000012
2569,2.099999756,0,-3,0,0,4.799999714,0.300000012
2570,49.89999777,-1.000000119,-14,0,0,54.87999801,10.01999979
2571,31.89999881,0,-5.5,0,0,22.07999845,19.31999909
2572,33.21999718,0,-13.30000001,0,0,39.79999739,6.719999887
2573,65.6399971,0,-16.5,0,0,42.63999817,43.49999804
2574,55.53999685,0,-17.79999995,0,0,49.99999747,23.33999909
2575,33.07999718,0,-13.80000001,0,0,41.35999757,5.519999966
2576,64.59999487,-1.000000119,-44.29999995,0,0,61.0799953,44.81999873
2577,46.919998,0,-13.5,0,0,52.79999812,7.619999848
2578,51.53999665,0,-20.09999996,0,0,39.35999763,32.27999885
2579,95.79999367,-1.000000119,-30,0,0,88.03999478,32.75999895
2580,13.11999875,0,-3.5,0,0,15.23999923,1.379999988
2581,5.599999785,0,0.5,0,0,4.799999714,0.300000012
2582,77.17999779,0,-10,0,0,49.1599986,40.01999822
2583,25.27999908,0,-11.60000002,0,0,29.79999882,7.079999954
2584,6.19999975,0,0.5,0,0,5.399999678,0.300000012
2585,55.81999554,-1.000000119,-36.60000002,0,0,64.35999677,33.05999901
2586,114.4399901,-1.000000119,-21.80000001,0,0,77.83999583,47.39999811
2587,41.01999688,-1.000000119,-15.29999995,0,0,46.03999851,11.27999979
2588,69.41999424,0,-20.5,0,0,58.23999773,31.67999871
2589,42.53999694,0,-24,0,0,47.75999805,18.77999912
2590,39.23999756,0,-15,0,0,31.87999827,24.35999896
2591,50.1399972,0,-12.30000001,0,0,54.63999757,7.79999987
2592,33.0199983,0,-11.30000001,0,0,27.15999852,17.15999927
2593,50.41999484,-1.000000119,-14.5,0,0,52.59999631,13.31999967
2594,50.25999501,-1.000000119,-11.90000004,0,0,50.79999678,12.35999984
2595,4.099999756,0,-1,0,0,4.799999714,0.300000012
2596,76.99999376,-1.000000119,-31.69999999,0,0,73.99999636,35.69999894
2597,38.05999687,0,-19.69999993,0,0,48.27999651,9.479999937
2598,8.499999583,0,-1,0,0,9.199999571,0.300000012
2599,99.81999356,-1.000000119,-17.80000001,0,0,74.0799955,42.53999843
2600,39.03999886,1.000000119,-5.799999952,0,1,26.99999833,15.83999953
2601,6.099999845,0,1,0,0,4.799999714,0.300000012
2602,7.419999599,0,0,0,0,6.759999603,0.659999996
2603,47.23999502,0,-18.10000002,0,0,53.27999723,12.0599998
2604,15.31999934,0,-4.5,0,0,18.43999946,1.379999988
2605,66.21999585,-1.000000119,-22.69999999,0,0,57.23999713,40.67999884
2606,58.95999698,0,-12.5,0,0,48.23999716,23.21999927
2607,56.41999499,-1.000000119,-45.89999998,0,0,63.11999743,40.19999886
2608,98.95999472,0,-23.30000001,0,0,62.03999668,62.21999758
2609,38.19999641,-1.000000119,-13.5,20,0,40.27999674,12.41999958
2610,4.859999716,0,0,0,0,4.559999704,0.300000012
2611,6.19999975,0,0.5,0,0,5.399999678,0.300000012
2612,99.97999466,0,-26,0,0,75.1599979,50.81999788
2613,6.899999619,0,0,0,0,6.599999607,0.300000012
2614,31.07999744,0,-19.5,0,0,43.19999713,7.379999854
2615,61.61999682,0,-4.300000012,0,0,54.27999794,11.63999977
2616,38.65999734,0,-8.199999988,0,0,39.59999686,7.259999976
2617,5.359999835,0,0.5,0,0,4.559999704,0.300000012
2618,96.05999377,0,-36.80000001,0,0,81.9599957,48.89999859
2619,23.95999873,0,-4.099999964,0,0,24.03999835,4.019999996
2620,53.0599964,-1.000000119,-11.89999998,0,0,53.95999826,11.99999983
2621,31.2999965,-1.000000119,-17.09999996,0,0,44.47999854,10.91999985
2622,41.05999617,-1.000000119,-28,0,0,60.15999724,9.899999797
2623,5.599999845,0,0.5,0,0,4.799999714,0.300000012
2624,36.89999714,-1.000000119,-21.30000001,0,0,49.47999656,9.719999827
2625,62.47999657,0,-7.300000012,0,0,41.63999802,28.13999894
2626,31.09999877,0,-4.300000012,0,0,27.83999944,7.559999838
2627,124.0399926,0,-19.60000002,0,0,85.31999674,64.31999811
2628,55.49999647,-1.000000119,-16.5,0,0,50.55999665,22.43999939
2629,105.3999951,0,-23.79999995,0,0,72.55999754,50.63999802
2630,4.099999726,0,-1,0,0,4.799999714,0.300000012
2631,89.99999408,0,-25.5,0,0,75.07999696,42.41999898
2632,5.099999845,0,0,0,0,4.799999714,0.300000012
2633,43.85999747,0,-7.800000012,0,0,43.15999734,16.49999946
2634,63.15999543,-1.000000119,-18.5,0,0,62.91999642,19.73999929
2635,4.599999785,0,-0.5,0,0,4.799999714,0.300000012
2636,51.39999685,0,-12.5,0,0,36.23999828,27.65999927
2637,8.039999664,0,0.5,0,0,7.239999592,0.300000012
2638,5.599999964,0,0.5,0,0,4.799999714,0.300000012
2639,42.8999969,0,-18.80000001,0,0,45.71999753,13.97999962
2640,55.03999664,0,-23.5,0,0,58.91999674,19.61999929
2641,48.77999808,-1.000000119,-8,0,0,47.51999761,10.25999969
2642,19.35999933,0,-3.5,0,0,16.43999916,6.419999719
2643,28.51999682,-1.000000119,-18.5,5,0,44.47999682,3.53999994
2644,4.099999726,0,-1,0,0,4.799999714,0.300000012
2645,65.8799963,0,-16,0,0,52.47999743,17.39999946
2646,45.85999446,0,-15.90000004,0,0,52.6399955,9.119999908
2647,129.4399899,-1.000000119,-26.10000002,0,0,97.55999403,58.97999773
2648,7.419999599,0,0,0,0,6.759999603,0.659999996
2649,39.79999788,0,-6,0,0,30.55999845,15.23999938
2650,3.099999756,0,-2,0,0,4.799999714,0.300000012
2651,39.87999675,0,-16.79999995,-5,0,51.39999652,5.279999927
2652,81.65999409,-1.000000119,-20.5,0,0,70.35999708,34.79999883
2653,54.53999657,-1.000000119,-14,0,0,55.55999695,13.97999958
2654,62.77999433,-1.000000119,-20,0,0,55.15999744,28.61999898
2655,34.81999724,-1.000000119,-14,0,0,35.59999731,14.21999947
2656,48.41999584,-1.000000119,-14.30000001,0,0,54.47999622,9.239999838
2657,64.41999528,-1.000000119,-18.80000001,0,0,57.15999672,27.05999908
2658,4.69999969,0,-1,0,0,5.399999678,0.300000012
2659,69.75999631,0,-7.800000012,0,0,55.59999776,21.95999932
2660,54.15999432,0,-32.40000004,0,0,69.3999982,17.15999959
2661,3.69999972,0,-2,0,0,5.399999678,0.300000012
2662,35.55999784,0,-5,0,0,26.99999911,13.55999949
2663,48.41999538,-1.000000119,-25,0,0,52.83999728,17.57999941
2664,26.5599975,-1.000000119,-20.5,15,0,42.83999826,5.219999902
2665,5.69999969,0,0,0,0,5.399999678,0.300000012
2666,89.23999146,0,-45,0,0,84.91999765,49.31999809
2667,6.17999962,0,-2,0,0,7.879999578,0.300000012
2668,51.19999741,0,-10.10000002,0,0,55.7199973,5.579999946
2669,61.819996,0,-15.90000004,0,0,53.59999746,24.11999942
2670,79.99999579,0,-18.10000002,0,0,59.27999684,38.8199986
2671,73.71999668,-1.000000119,-12.60000002,0,0,65.23999865,22.07999957
2672,5.579999685,0,0,0,0,5.279999673,0.300000012
2673,24.01999821,0,-5.800000012,10,0,26.39999843,3.419999987
2674,57.079997,-1.000000119,-13.5,0,0,50.51999864,21.05999926
2675,88.4999957,-1.000000119,-18.30000001,0,0,67.23999873,40.55999857
2676,59.2199972,0,-15.5,0,0,57.67999755,17.03999945
2677,40.37999681,-1.000000119,-18,0,0,52.23999743,7.139999859
2678,57.69999611,0,-10,0,0,50.1199981,17.5799993
2679,5.599999845,0,0.5,0,0,4.799999714,0.300000012
2680,4.69999969,0,-1,0,0,5.399999678,0.300000012
2681,110.0599919,-1.000000119,-13.10000002,0,0,87.47999465,34.679999
2682,6.399999708,0,-0.5,0,0,6.599999607,0.300000012
2683,31.75999689,0,-18.79999995,0,0,45.15999691,5.399999939
2684,5.69999969,0,0,0,0,5.399999678,0.300000012
2685,37.05999622,0,-20.79999995,0,0,51.67999709,6.179999918
2686,88.85999291,0,-15.5,0,0,77.51999712,24.83999917
2687,67.9799972,0,-10,0,0,43.71999845,34.25999878
2688,7.759999573,0,0.5,0,0,6.599999517,0.659999996
2689,3.599999815,0,-1.5,-10,0,4.799999714,0.300000012
2690,19.29999951,0,-3.300000012,0,0,14.67999901,7.919999816
2691,24.33999941,0,-7.299999952,0,0,26.95999943,4.67999994
2692,5.299999654,0,-1,0,0,5.999999642,0.300000012
2693,49.55999704,-1.000000119,-15.5,0,0,47.63999766,18.41999944
2694,42.43999694,-1.000000119,-17.39999998,25,0,51.83999789,8.999999881
2695,39.21999845,0,-11,0,0,42.95999911,7.259999856
2696,22.17999962,0,-2,0,0,15.59999907,8.579999655
2697,51.5399976,-1.000000119,-24.5,0,0,53.35999843,25.67999883
2698,65.7199962,1.000000119,-12.79999995,15,1,51.39999622,33.11999875
2699,49.01999566,-1.000000119,-19.30000001,0,0,52.27999812,17.03999964
2700,48.9799962,-1.000000119,-14,0,0,50.11999673,13.85999952
2701,16.01999852,0,-10.60000002,0,0,23.19999832,3.420000002
2702,5.819999635,0,-1,0,0,6.159999639,0.659999996
2703,53.29999548,-1.000000119,-29.19999987,0,0,56.07999854,27.41999935
2704,5.139999747,0,0,0,0,4.839999735,0.300000012
2705,49.579996,0,-15.30000001,0,0,55.39999723,9.47999984
2706,8.419999778,0,1,5,0,6.759999603,0.659999996
2707,51.23999617,-1.000000119,-21.30000001,20,0,57.03999557,16.49999969
2708,21.39999813,0,-3.099999964,0,0,19.63999802,4.859999985
2709,55.0199967,-1.000000119,-13,30,0,52.75999782,16.25999934
2710,112.1399907,-1.000000119,-25.0999999,0,0,107.8399959,26.39999942
2711,38.91999814,0,-11.80000001,0,0,31.03999751,19.67999947
2712,33.67999785,0,-8.5,0,0,33.07999903,11.09999964
2713,4.599999785,0,-0.5,0,0,4.799999714,0.300000012
2714,41.35999814,-1.000000119,-13.5,0,0,44.51999889,11.33999977
2715,5.819999665,0,-1,0,0,6.159999639,0.659999996
2716,72.15999672,-1.000000119,-15.5,0,0,68.91999739,19.73999926
2717,60.81999695,-1.000000119,-15.5,0,0,60.0399985,17.27999938
2718,2.099999756,0,-3,0,0,4.799999714,0.300000012
2719,63.87999728,0,-5.5,0,0,40.23999947,31.13999909
2720,35.09999679,-1.000000119,-35,0,0,59.99999879,11.09999973
2721,73.35999808,-1.000000119,-4,0,0,60.59999853,17.7599996
2722,48.95999509,0,-10.80000001,0,0,46.1999945,13.55999975
2723,3.059999734,0,-2,0,0,4.759999692,0.300000012
2724,5.599999785,0,0.5,0,0,4.799999714,0.300000012
2725,6.899999619,0,0,40,0,6.599999607,0.300000012
2726,55.65999683,0,-11,0,0,47.11999784,21.53999928
2727,60.05999597,-1.000000119,-7,0,0,47.71999852,20.33999936
2728,60.53999797,0,-8.800000012,0,0,50.03999712,21.29999925
2729,5.599999785,0,0.5,0,0,4.799999714,0.300000012
2730,51.1199953,-1.000000119,-19.5,0,0,57.51999655,14.09999964
2731,127.5999907,-1.000000119,-21.5,0,0,89.75999464,68.33999732
2732,69.51999535,0,-14.80000001,0,0,54.9599967,27.35999881
2733,84.81999601,-1.000000119,-18.10000002,0,0,68.5199974,35.39999884
2734,20.43999904,0,-10.10000002,0,0,26.39999914,4.139999986
2735,5.19999975,0,-0.5,0,0,5.399999678,0.300000012
2736,52.03999739,-1.000000119,-8.5,0,0,51.03999741,10.49999974
2737,3.099999756,0,-2,0,0,4.799999714,0.300000012
2738,46.39999684,-1.000000119,-11.5,0,0,49.83999691,9.059999816
2739,62.83999599,0,-13.39999998,0,0,51.8799966,24.3599994
2740,43.49999698,0,-8,0,0,45.55999787,5.939999886
2741,64.59999546,0,-21.30000001,0,0,51.23999822,30.65999918
2742,38.21999753,-1.000000119,-4,0,0,37.87999941,5.339999899
2743,55.55999408,0,-37.89999998,0,0,70.59999599,22.85999947
2744,50.85999696,0,-19,0,0,52.99999771,16.85999949
2745,22.01999788,0,-9.299999952,0,0,23.99999767,7.319999874
2746,111.3999956,-1.000000119,-28.09999996,-15,0,90.15999479,50.33999892
2747,15.97999901,0,-5,-35,0,19.71999878,1.25999999
2748,77.19999577,0,-10.60000002,0,0,53.95999604,33.83999923
2749,80.17999551,-1.000000119,-6,0,0,61.51999542,21.65999944
2750,25.05999804,0,-10.30000001,0,0,23.59999895,11.75999959
2751,59.2199969,-1.000000119,-25,0,0,61.2799961,23.93999905
2752,70.33999409,-1.000000119,-34.80000007,0,0,75.4799972,30.6599995
2753,49.0199969,-1.000000119,-14.90000004,0,0,47.75999926,17.15999965
2754,3.099999756,0,-2,0,0,4.799999714,0.300000012
2755,6.299999654,0,0,0,0,5.999999642,0.300000012
2756,49.89999615,-1.000000119,-14,0,0,53.79999763,11.09999973
2757,95.5999949,0,-10.5,0,0,56.87999713,53.21999791
2758,3.599999785,0,-1.5,0,0,4.799999714,0.300000012
2759,36.59999388,0,-51.20000005,0,0,67.399997,20.39999967
2760,65.03999631,0,-10.30000001,0,0,51.2399981,26.09999917
2761,68.01999699,-1.000000119,-4,0,0,58.55999883,14.45999952
2762,75.55999287,-1.000000119,-21.90000004,-20,0,70.51999509,29.93999933
2763,6.099999577,0,-2,0,0,7.799999535,0.300000012
2764,105.0999936,-1.000000119,-29,0,0,77.91999637,51.17999826
2765,106.0999928,0,-22.39999998,0,0,75.15999466,53.33999836
2766,6.819999635,0,0,0,0,6.159999639,0.659999996
2767,19.4999987,0,-7,0,0,18.63999891,7.859999686
2768,6.819999635,0,0,0,0,6.159999639,0.659999996
2769,42.27999675,0,-14.5,0,0,49.27999665,7.499999851
2770,47.33999544,-1.000000119,-29.30000001,0,0,62.35999835,17.27999972
2771,19.11999857,0,-9.100000024,0,0,23.11999834,5.099999964
2772,4.099999726,0,-1,0,0,4.799999714,0.300000012
2773,7.099999577,0,-1,-15,0,7.799999535,0.300000012
2774,1.099999756,0,-4,0,0,4.799999714,0.300000012
2775,51.81999634,-1.000000119,-15.59999996,0,0,52.03999592,16.37999972
2776,43.15999654,-1.000000119,-11.10000002,0,0,44.87999775,10.37999984
2777,106.2799924,-1.000000119,-17,20,0,89.15999736,39.11999881
2778,4.599999815,0,-0.5,0,0,4.799999714,0.300000012
2779,4.599999845,0,-0.5,0,0,4.799999714,0.300000012
2780,66.29999615,0,-8.5,0,0,43.23999798,37.55999859
2781,20.1399987,0,-5.300000012,0,0,21.59999858,3.839999974
2782,6.459999621,0,-1,0,0,6.799999624,0.659999996
2783,41.97999629,-1.000000119,-16,0,0,47.03999718,11.93999951
2784,7.079999566,0,-1.5,0,0,7.91999951,0.659999996
2785,53.03999561,1.000000119,-30.30000001,25,1,49.99999714,35.33999883
2786,41.29999765,-1.000000119,-13,0,0,42.87999895,12.41999966
2787,5.099999726,0,0,0,0,4.799999714,0.300000012
2788,14.85999858,0,-3,0,0,16.35999846,1.499999985
2789,110.5399925,-1.000000119,-14,0,0,77.63999739,51.8999976
2790,5.499999583,0,-2,0,0,7.199999571,0.300000012
2791,36.23999768,0,-1.800000012,0,0,33.3599984,4.679999955
2792,4.099999875,0,-1,0,0,4.799999714,0.300000012
2793,36.63999589,-1.000000119,-16.5,0,0,48.67999685,5.459999897
2794,56.6599945,-1.000000119,-17.5,0,0,69.15999435,5.999999903
2795,35.55999672,-1.000000119,-11.5,0,0,40.07999811,7.979999818
2796,17.55999848,0,-6.100000024,0,0,19.15999805,4.499999985
2797,52.17999804,-1.000000119,-3,0,0,48.31999851,7.859999843
2798,31.67999722,-1.000000119,-17.80000001,0,0,45.4399979,5.039999932
2799,107.3199946,0,-25.5,-10,0,92.43999255,52.37999851
2800,58.55999705,-1.000000119,-9.099999964,-10,0,48.19999879,20.45999933
2801,53.97999701,0,-8.299999952,0,0,41.75999713,20.51999909
2802,6.899999619,0,0,0,0,6.599999607,0.300000012
2803,48.23999693,0,-5.300000012,0,0,28.23999918,21.299999
2804,52.2399969,-1.000000119,-7,0,0,44.15999785,16.07999952
2805,61.31999406,0,-29.40000004,10,0,60.71999699,35.99999889
2806,48.9999942,-1.000000119,-24.39999998,0,0,57.71999623,16.67999969
2807,105.4799944,-1.000000119,-17.30000001,0,0,91.19999447,32.57999898
2808,3.69999972,0,-2,-5,0,5.399999678,0.300000012
2809,100.2199943,0,-42.59999996,0,0,110.8399967,31.97999934
2810,62.87999687,0,-12.80000001,5,0,49.39999659,26.27999925
2811,55.03999734,-1.000000119,-19,0,0,54.63999687,20.39999947
2812,3.099999756,0,-2,0,0,4.799999714,0.300000012
2813,4.69999969,0,-1,0,0,5.399999678,0.300000012
2814,42.51999693,0,-16.80000001,5,0,49.71999803,9.599999808
2815,45.8399972,0,-11,0,0,49.99999776,6.839999892
2816,86.85999404,0,-19.10000002,0,0,77.91999543,32.03999899
2817,53.35999508,-1.000000119,-16.5,-15,0,58.19999471,12.6599997
2818,96.7399945,0,-30.19999993,0,0,72.07999536,58.85999807
2819,55.33999567,0,-21.39999998,0,0,57.47999562,19.25999971
2820,42.75999765,0,-9.5,0,0,45.47999832,6.779999822
2821,98.39999582,0,-7,-6,0,66.63999516,44.75999853
2822,52.11999474,-1.000000119,-23.5,0,0,67.43999448,9.179999813
2823,4.099999726,0,-1,0,0,4.799999714,0.300000012
2824,49.29999685,0,-9.5,-4,0,39.03999828,23.75999925
2825,41.49999779,-1.000000119,-6,0,0,40.27999771,8.219999835
2826,32.83999819,0,-3.300000012,0,0,24.91999802,11.21999958
2827,5.279999614,0,-1.5,0,0,6.479999542,0.300000012
2828,6.099999845,0,1,0,0,4.799999714,0.300000012
2829,114.5999968,-1.000000119,-20.80000001,0,0,81.67999618,54.71999773
2830,3.979999781,0,-1,0,0,4.679999769,0.300000012
2831,109.8799915,0,-34.70000005,0,0,85.71999551,58.85999775
2832,28.59999833,0,-3.5,0,0,23.87999833,8.219999649
2833,7.799999595,0,0.5,0,0,6.639999539,0.659999996
2834,4.099999726,0,-1,0,0,4.799999714,0.300000012
2835,60.13999749,-1.000000119,-12,0,0,45.59999791,27.53999908
2836,49.17999563,0,-12.29999995,0,0,51.03999703,10.4399998
2837,62.95999633,0,-8.300000012,-4,0,45.79999846,29.45999878
2838,22.27999848,0,-8,0,0,27.87999839,2.399999976
2839,84.3799955,-1.000000119,-23,0,0,66.55999711,41.81999844
2840,58.13999493,0,-46.30000001,-4,0,73.75999615,34.67999871
2841,7.399999678,0,0.5,0,0,6.599999607,0.300000012
2842,51.07999703,0,-9.599999964,4,0,35.31999809,21.35999926
2843,120.5199903,-1.000000119,-25.30000001,2,0,81.99999691,62.81999762
2844,6.519999593,0,-1.5,0,0,7.719999492,0.300000012
2845,44.13999683,0,-8.300000012,2,0,35.91999823,14.5199996
2846,64.09999692,0,-15.5,0,0,56.19999766,23.39999951
2847,110.2999915,-1.000000119,-28.09999996,0,0,97.51999667,41.87999869
2848,6.89999944,0,-1,0,0,7.599999428,0.300000012
2849,43.43999586,0,-11.5,0,0,46.5999957,8.33999981
2850,35.77999642,0,-17.30000001,0,0,45.03999668,8.039999872
2851,53.17999732,-1.000000119,-4,0,0,42.63999835,15.53999949
2852,6.499999613,0,-1,0,0,7.199999571,0.300000012
2853,15.89999872,0,-2.300000012,0,0,16.03999865,2.159999996
2854,51.23999624,-1.000000119,-12.80000001,0,0,50.15999646,14.8799996
2855,56.11999528,0,-18,0,0,57.55999684,16.55999948
2856,25.11999798,0,-0.5,0,0,22.79999802,2.819999948
2857,59.4999962,0,-26.39999998,0,0,65.31999697,20.57999963
2858,41.81999652,-1.000000119,-15.60000002,0,0,51.63999715,6.779999919
2859,56.73999545,0,-10.5,4,0,49.67999823,13.55999956
2860,85.65999541,0,-9.600000024,0,0,61.95999674,33.29999933
2861,4.599999815,0,-0.5,0,0,4.799999714,0.300000012
2862,52.0399965,-1.000000119,-12.5,0,0,54.3199964,11.2199997
2863,4.099999726,0,-1,0,0,4.799999714,0.300000012
2864,53.57999748,0,-7,0,0,39.0399987,21.53999896
2865,176.0399913,1.000000119,-41,-4,1,129.5199948,89.51999788
2866,59.73999792,-1.000000119,-23.5,0,0,61.67999773,22.55999944
2867,4.69999969,0,-1,0,0,5.399999678,0.300000012
2868,36.6999966,-1.000000119,-31.09999996,-4,0,51.31999816,21.47999961
2869,14.81999874,0,-6,0,0,18.71999872,2.099999964
2870,37.73999557,-1.000000119,-21,0,0,51.27999717,8.45999983
2871,33.47999679,-1.000000119,-20.5,0,0,46.03999747,8.939999603
2872,52.45999552,0,-9.799999952,0,0,52.71999577,9.539999865
2873,63.49999696,-1.000000119,-17.80000001,-4,0,60.91999659,25.37999925
2874,39.71999706,-1.000000119,-16.79999995,0,0,52.35999703,5.159999929
2875,7.319999695,0,0.5,0,0,6.159999639,0.659999996
2876,100.1999954,0,-14.10000002,0,0,83.03999753,31.25999897
2877,25.07999867,1.000000119,-11.30000001,-6,1,31.67999792,8.699999779
2878,43.15999641,-1.000000119,-19,-2,0,52.43999679,12.71999954
2879,43.41999564,0,-15,0,0,48.75999796,9.659999803
2880,53.83999597,0,-16.5,0,0,53.23999713,17.09999942
2881,53.63999654,-1.000000119,-14.79999995,0,0,51.55999874,17.87999947
2882,5.999999702,0,-1.5,0,0,7.199999571,0.300000012
2883,68.19999765,-1.000000119,-13,-2,0,58.63999721,25.55999901
2884,6.819999784,0,0,0,0,6.159999639,0.659999996
2885,60.39999629,0,-16.80000001,-8,0,57.11999743,28.07999881
2886,35.23999722,0,-5.300000012,0,0,32.79999715,7.73999989
2887,46.63999523,0,-33.90000004,-2,0,63.27999711,19.25999969
2888,41.03999688,0,-11.5,0,0,50.31999695,2.219999969
2889,70.61999522,0,-36.20000005,0,0,73.27999458,33.53999921
2890,49.55999687,0,-4.5,0,0,43.07999684,10.97999966
2891,6.719999671,0,0.5,0,0,5.919999599,0.300000012
2892,74.19999418,-1.000000119,-17,-4,0,70.87999628,25.3199994
2893,4.679999858,0,-0.5,0,0,4.879999757,0.300000012
2894,64.41999355,0,-20.30000001,0,0,68.03999603,16.67999969
2895,37.63999662,-1.000000119,-11.30000001,-4,0,42.7199969,11.21999982
2896,49.4399963,-1.000000119,-16.5,0,0,51.63999763,15.29999943
2897,3.599999785,0,-1.5,0,0,4.799999714,0.300000012
2898,3.799999714,0,-2.5,0,0,5.999999642,0.300000012
2899,4.059999704,0,-1,0,0,4.759999692,0.300000012
2900,66.57999724,0,-14.80000001,-4,0,53.7599985,31.61999903
2901,50.71999566,-1.000000119,-5.800000012,0,0,41.19999757,16.31999952
2902,27.11999938,0,-3.5,0,0,21.79999822,8.819999725
2903,54.43999623,0,-10.5,0,0,50.47999831,14.45999967
2904,47.47999534,-1.000000119,-17.10000002,0,0,50.87999849,14.69999971
2905,5.4399997,0,-1.5,0,0,6.639999628,0.300000012
2906,68.07999566,-1.000000119,-18,0,0,58.03999791,29.03999911
2907,14.51999897,0,-10.80000001,0,0,22.67999911,2.639999986
2908,35.71999791,0,-5.299999952,-2,0,31.19999945,11.81999964
2909,21.51999879,0,-6.5,0,0,26.39999884,1.619999982
2910,54.59999603,-1.000000119,-8,0,0,46.55999516,17.0399996
2911,5.099999905,0,0,0,0,4.799999714,0.300000012
2912,43.65999666,0,-15,0,0,49.71999733,8.939999819
2913,77.93999548,0,-14.60000002,0,0,67.27999535,25.25999914
2914,4.099999756,0,-1,0,0,4.799999714,0.300000012
2915,70.77999605,0,-16.5,0,0,65.19999662,22.07999913
2916,84.63999458,0,-22.00000006,8,0,59.51999563,39.11999905
2917,24.11999874,0,-2,0,0,18.91999912,7.199999884
2918,41.87999565,-1.000000119,-14.80000001,0,0,50.71999815,6.959999897
2919,3.099999726,0,-2,0,0,4.799999714,0.300000012
2920,27.33999863,0,-1.600000024,0,0,24.43999898,4.499999985
2921,3.599999815,0,-1.5,0,0,4.799999714,0.300000012
2922,40.59999692,0,-16.59999996,0,0,45.07999702,12.11999981
2923,59.1999986,0,-12.30000001,0,0,44.91999903,26.57999905
2924,50.07999725,-1.000000119,-11,0,0,42.27999863,19.79999936
2925,5.099999726,0,0,0,0,4.799999714,0.300000012
2926,50.13999722,0,-7,6,0,32.35999864,18.77999942
2927,6.099999845,0,1,0,0,4.799999714,0.300000012
2928,46.69999643,0,-10,0,0,46.3199966,10.3799997
2929,37.01999599,-1.000000119,-24,0,0,52.83999596,9.179999813
2930,6.919999599,0,-0.5,0,0,7.119999528,0.300000012
2931,64.27999628,-1.000000119,-41.89999998,0,0,71.11999635,36.05999906
2932,11.07999957,0,0.5,0,0,9.91999951,0.659999996
2933,72.71999693,-1.000000119,-15.10000002,0,0,54.43999563,34.37999877
2934,11.69999894,0,-6.300000012,0,0,15.35999881,2.640000001
2935,60.75999618,0,-8.5,0,0,48.67999709,20.57999926
2936,15.57999888,0,-7,0,0,20.35999864,2.219999962
2937,6.659999549,0,0,0,0,5.999999553,0.659999996
2938,3.69999972,0,-2,0,0,5.399999678,0.300000012
2939,4.099999726,0,-1,0,0,4.799999714,0.300000012
2940,3.099999756,0,-2,0,0,4.799999714,0.300000012
2941,52.89999555,0,-16.60000002,0,0,57.31999688,12.17999981
2942,8.879999816,0,-1.5,0,0,10.07999969,0.300000012
2943,4.099999726,0,-1,0,0,4.799999714,0.300000012
2944,62.97999753,0,-7.800000012,4,0,38.7599991,28.01999894
2945,95.0199948,0,-10,-4,0,71.39999616,37.61999855
2946,70.4399974,-1.000000119,-7.5,0,0,56.31999753,22.61999907
2947,75.8999963,-1.000000119,-12.5,-2,0,65.11999649,26.27999919
2948,77.69999722,0,-5,-10,0,47.15999824,45.53999817
2949,6.919999689,0,-0.5,0,0,6.759999603,0.659999996
2950,46.25999765,0,-8.5,0,0,32.55999807,22.19999918
2951,33.77999692,-1.000000119,-26.30000001,0,0,51.5999981,9.479999833
2952,49.49999622,-1.000000119,-18.30000001,0,0,53.91999662,14.87999971
2953,55.519995,-1.000000119,-19.80000001,0,0,62.39999673,13.91999973
2954,4.599999815,0,-0.5,0,0,4.799999714,0.300000012
2955,51.93999623,0,-16.10000002,0,0,51.95999748,16.07999955
2956,41.69999604,-1.000000119,-12.30000001,0,0,49.47999817,5.519999921
2957,51.51999649,-1.000000119,-10.5,0,0,46.75999756,16.2599994
2958,65.79999661,0,-8.5,0,0,68.59999701,5.699999891
2959,39.09999736,0,-10,0,0,33.67999876,15.41999961
2960,34.61999707,0,-10.60000002,0,0,40.959998,4.25999999
2961,57.31999732,-1.000000119,-8,-4,0,52.19999856,18.11999942
2962,4.099999726,0,-1,0,0,4.799999714,0.300000012
2963,72.33999669,0,-17.59999996,-2,0,55.51999778,36.41999888
2964,37.07999803,0,-18.69999999,0,0,39.39999883,16.37999962
2965,57.07999632,-1.000000119,-12.5,0,0,63.79999638,6.779999867
2966,37.19999669,0,-14.5,0,0,42.7599977,8.939999819
2967,66.93999637,-1.000000119,-6.600000024,2,0,46.31999953,26.2199992
2968,51.33999662,0,-20.30000001,0,0,56.51999636,15.11999971
2969,83.71999592,0,-12.79999995,0,0,73.95999628,22.55999912
2970,4.099999726,0,-1,0,0,4.799999714,0.300000012
2971,61.63999636,-1.000000119,-14,-8,0,57.15999652,27.47999866
2972,77.29999538,1.000000119,-16.00000006,2,1,54.31999806,34.9799991
2973,53.65999667,0,-10,0,0,49.07999729,14.57999948
2974,18.25999856,0,-8,0,0,24.27999896,1.979999974
2975,140.1999961,0,-19.69999999,0,0,67.19999621,92.69999614
2976,46.65999627,0,-4.299999952,0,0,43.03999686,7.919999868
2977,51.17999744,-1.000000119,-22,0,0,50.9599972,23.21999933
2978,50.95999755,0,-8.5,0,0,45.47999705,13.97999967
2979,118.6199926,0,-10,-8,0,73.43999666,63.1799976
2980,39.21999647,0,-10.60000002,0,0,39.55999613,10.25999981
2981,5.69999969,0,0,0,0,5.399999678,0.300000012
2982,60.3599979,-1.000000119,-9.5,0,0,51.35999722,19.49999929
2983,20.71999893,0,-3,0,0,21.91999936,1.799999997
2984,4.599999845,0,-0.5,0,0,4.799999714,0.300000012
2985,61.95999733,0,-9,0,0,49.47999768,21.47999931
2986,60.35999735,0,-7.5,0,0,43.91999817,23.93999904
2987,79.5999964,0,-3,4,0,54.47999591,24.11999912
2988,4.599999785,0,-0.5,0,0,4.799999714,0.300000012
2989,32.57999818,0,-4.800000012,0,0,32.99999779,4.379999958
2990,55.27999779,0,-7,-4,0,46.8399981,19.43999921
2991,130.7999956,-1.000000119,0.5,0,0,84.91999331,46.37999863
2992,45.31999676,-1.000000119,-8.5,0,0,43.95999834,10.85999973
2993,46.11999688,-1.000000119,-13,0,0,44.15999673,15.95999951
2994,102.4599924,0,-40,0,0,96.43999546,46.0199986
2995,5.599999785,0,0.5,0,0,4.799999714,0.300000012
2996,7.019999564,0,-1,0,0,7.359999567,0.659999996
2997,100.8399942,-1.000000119,-14.5,0,0,82.43999673,33.89999855
2998,16.99999915,0,-0.5,0,0,15.03999877,2.459999964
2999,60.47999682,0,-11.80000001,0,0,50.91999614,21.35999919
3000,86.03999518,-1.000000119,-17.40000004,0,0,67.71999694,36.71999904
3001,6.039999723,0,-1.5,0,0,6.759999603,0.779999994
3002,44.71999839,0,-8,0,0,32.5599981,20.15999919
3003,30.37999733,-1.000000119,-24.30000001,0,0,48.59999834,7.079999886
3004,43.35999598,0,-6.800000012,0,0,42.4799986,7.679999873
3005,7.659999549,0,0,0,0,6.639999539,1.019999981
3006,104.4399945,0,-12.10000002,-4,0,69.95999613,50.57999837
3007,5.099999726,0,0,0,0,4.799999714,0.300000012
3008,32.27999707,-1.000000119,-11.5,0,0,39.31999809,5.459999897
3009,3.599999815,0,-1.5,0,0,4.799999714,0.300000012
3010,5.999999642,0,-1.5,0,0,7.199999571,0.300000012
3011,51.51999535,0,-17.30000001,0,0,50.99999933,17.81999964
3012,3.099999756,0,-2,0,0,4.799999714,0.300000012
3013,25.97999731,0,-10.30000001,0,0,30.39999729,5.879999898
3014,43.11999763,-1.000000119,-8.5,0,0,45.35999776,7.259999856
3015,6.939999461,0,-1,0,0,7.639999449,0.300000012
3016,2.299999684,0,-4,0,0,5.999999642,0.300000012
3017,59.81999476,-1.000000119,-17.59999996,0,0,56.27999623,22.13999947
3018,55.59999782,0,-10.80000001,0,0,51.87999877,14.51999953
3019,3.979999721,0,-1,0,0,4.679999709,0.300000012
3020,4.099999756,0,-1,0,0,4.799999714,0.300000012
3021,52.87999684,0,-9,0,0,48.07999685,13.79999973
3022,81.81999604,-1.000000119,-15.10000002,0,0,59.87999697,38.03999873
3023,52.97999798,0,-3.299999952,0,0,47.03999797,9.239999756
3024,41.69999653,0,-8,0,0,43.63999817,6.059999883
3025,19.89999869,0,-9.5,2,0,18.39999884,8.999999702
3026,63.35999606,-1.000000119,-12,0,0,54.75999738,21.59999914
3027,7.21999979,0,1,0,0,5.919999599,0.300000012
3028,67.21999741,0,-11.30000001,-2,0,55.91999754,24.59999919
3029,65.83999501,0,-13.09999996,0,0,66.51999657,12.41999979
3030,149.8399939,0,-20.80000001,-10,0,86.79999624,93.83999598
3031,43.87999602,-1.000000119,-5.800000012,0,0,38.19999786,12.47999974
3032,63.31999613,0,-22.10000002,8,0,56.83999717,20.57999952
3033,6.919999689,0,-0.5,0,0,6.759999603,0.659999996
3034,5.499999613,0,-2,0,0,7.199999571,0.300000012
3035,50.23999618,0,-10.5,0,0,47.95999743,12.77999953
3036,23.77999848,0,-6.599999964,0,0,26.83999836,3.540000007
3037,54.039997,-1.000000119,-5.800000012,0,0,50.87999724,9.959999822
3038,6.399999678,0,-0.5,0,0,6.599999607,0.300000012
3039,5.699999541,0,-3,0,0,8.399999499,0.300000012
3040,24.45999926,0,-7.799999952,0,0,29.31999898,2.939999998
3041,4.21999979,0,-1,0,0,4.919999778,0.300000012
3042,52.81999715,-1.000000119,-10,0,0,44.31999724,19.49999922
3043,25.87999761,0,-7.300000012,0,0,27.71999857,5.459999964
3044,40.27999732,0,-15.5,0,0,40.35999785,15.41999939
3045,49.37999614,0,-19.80000001,0,0,51.59999862,17.57999962
3046,2.179999769,0,-3,0,0,4.879999757,0.300000012
3047,58.29999682,0,-15.5,2,0,49.71999818,22.07999932
3048,40.3199976,1.000000119,-2,-2,1,25.99999905,16.31999935
3049,41.35999586,-1.000000119,-13.5,0,0,42.11999753,13.73999961
3050,133.8399942,-1.000000119,-36.39999998,-6,0,106.679994,70.55999763
3051,21.99999914,0,-8.100000024,0,0,25.35999888,4.73999998
3052,6.099999845,0,1,0,0,4.799999714,0.300000012
3053,37.17999596,-1.000000119,-25.80000001,-2,0,49.11999835,16.85999963
3054,36.35999659,-1.000000119,-10.5,0,0,42.15999769,5.699999891
3055,5.799999714,0,-0.5,0,0,5.999999642,0.300000012
3056,4.199999779,0,-1.5,0,0,5.399999678,0.300000012
3057,104.8799924,0,-21.80000001,12,0,72.07999703,42.59999854
3058,30.5799982,0,-2.800000012,0,0,27.19999814,6.17999988
3059,3.099999726,0,-2,0,0,4.799999714,0.300000012
3060,13.49999887,0,-5,0,0,16.99999887,1.499999985
3061,58.87999581,0,-19.30000001,0,0,54.95999771,23.21999952
3062,7.319999695,0,0.5,0,0,6.159999639,0.659999996
3063,49.27999751,0,-5.5,0,0,49.07999763,5.699999891
3064,26.85999879,0,-3,0,0,27.39999884,2.459999964
3065,23.67999911,0,0.200000048,0,0,20.47999921,2.99999997
3066,5.599999785,0,0.5,0,0,4.799999714,0.300000012
3067,71.35999729,-1.000000119,-12,-2,0,58.03999901,28.31999888
3068,8.819999695,0,1,0,0,6.799999624,1.019999981
3069,8.819999456,0,-1,0,0,9.15999946,0.659999996
3070,47.4999966,0,-10,0,0,47.95999654,9.53999979
3071,50.87999637,-1.000000119,-9.799999952,0,0,52.91999755,8.759999797
3072,71.43999688,0,-12.79999995,-6,0,54.47999585,35.75999894
3073,54.11999528,-1.000000119,-16.80000001,10,0,47.39999764,14.51999978
3074,89.55999576,-1.000000119,-8.300000012,-2,0,72.23999692,28.61999922
3075,49.89999596,-1.000000119,-9,0,0,48.07999557,11.81999967
3076,55.35999694,-1.000000119,-11.5,0,0,51.5999966,16.25999936
3077,64.59999672,-1.000000119,-15,0,0,48.79999736,31.7999987
3078,43.9599978,-1.000000119,-8.5,0,0,43.43999751,10.01999979
3079,53.41999649,-1.000000119,-22.30000001,0,0,69.87999694,6.839999892
3080,32.09999949,0,0,0,0,29.8799994,2.219999969
3081,6.099999845,0,1,0,0,4.799999714,0.300000012
3082,7.139999658,0,-1,0,0,6.999999732,1.139999986
3083,50.51999699,-1.000000119,-2.5,0,0,46.39999603,7.619999848
3084,3.299999654,0,-3,0,0,5.999999642,0.300000012
3085,42.61999731,-1.000000119,-13.5999999,0,0,45.63999882,11.57999976
3086,56.4199965,-1.000000119,-6,0,0,55.31999724,8.099999815
3087,60.15999737,0,-4.5,0,0,51.03999783,13.61999964
3088,6.259999633,0,0,0,0,5.959999621,0.300000012
3089,93.67999551,0,-8.800000012,6,0,52.19999692,44.27999835
3090,70.21999405,0,-13.89999992,0,0,65.03999828,19.07999968
3091,84.59999447,0,-22.09999996,-2,0,69.99999654,38.69999886
3092,52.95999777,0,-12.90000004,-2,0,50.75999874,17.09999957
3093,96.89999376,-1.000000119,-9.799999952,-4,0,81.15999654,30.53999908
3094,37.6599986,0,-9.599999964,0,0,36.15999812,11.0999998
3095,62.19999352,-1.000000119,-17.30000001,-2,0,60.95999768,21.53999946
3096,37.75999725,0,-17.5,0,0,47.63999833,7.619999848
3097,45.65999621,-1.000000119,-10.30000001,0,0,41.95999886,14.99999968
3098,56.03999692,0,-8.5,0,0,52.83999823,11.69999968
3099,60.45999839,0,-3,0,0,42.75999822,20.69999935
3100,3.099999756,0,-2,0,0,4.799999714,0.300000012
3101,64.39999759,1.000000119,-3,4,1,33.43999809,27.95999877
3102,50.79999529,0,-15.5,0,0,54.11999829,12.17999975
3103,5.799999714,0,-0.5,0,0,5.999999642,0.300000012
3104,36.51999658,0,-18.5,0,0,46.91999747,8.09999983
3105,3.139999777,0,-2,0,0,4.839999735,0.300000012
3106,49.73999674,-1.000000119,-8.300000012,0,0,50.03999695,8.999999844
3107,129.9399927,-1.000000119,-12.5,2,0,82.75999634,58.67999763
3108,9.119999647,0,0.5,0,0,7.959999532,0.659999996
3109,69.59999518,0,-9,0,0,50.99999814,27.59999878
3110,59.43999814,-1.000000119,-11.5,0,0,52.319998,19.61999931
3111,43.29999749,-1.000000119,-11.20000005,0,0,45.83999827,9.659999907
3112,90.3999939,0,-18.60000002,4,0,62.39999695,42.59999882
3113,5.779999733,0,0,0,0,5.479999721,0.300000012
3114,16.77999942,0,-8,0,0,20.8799994,3.899999917
3115,86.59999721,0,-12.90000004,0,0,64.6399978,34.85999897
3116,64.15999538,0,-13.5,0,0,64.75999673,12.89999973
3117,56.41999662,0,-5.299999952,0,0,50.79999667,10.9199998
3118,4.599999845,0,-0.5,0,0,4.799999714,0.300000012
3119,94.95999514,0,-33.90000004,-8,0,83.99999831,52.85999844
3120,23.67999931,0,-2,-2,0,19.99999917,7.679999776
3121,80.8199935,-1.000000119,-20.80000001,0,0,77.95999525,24.65999918
3122,23.0599981,0,-1,0,0,23.75999808,0.300000012
3123,60.51999684,-1.000000119,-16.5,0,0,51.19999649,26.81999903
3124,55.55999641,0,-17.80000001,0,0,56.19999628,17.15999959
3125,79.71999625,1.000000119,-8.299999952,-8,1,57.95999783,36.05999888
3126,46.47999793,0,-14.09999996,0,0,41.31999774,19.25999945
3127,57.73999656,-1.000000119,-8.800000012,0,0,49.71999805,17.8199996
3128,79.4199954,0,-11.39999998,0,0,51.87999805,38.93999863
3129,125.5199908,-1.000000119,-22.60000002,0,0,108.6799934,40.43999862
3130,45.19999725,-1.000000119,-14.5,0,0,45.63999775,15.05999943
3131,8.279999614,0,-0.5,0,0,8.479999542,0.300000012
3132,124.0399924,-1.000000119,-30.59999996,0,0,105.3599957,50.27999879
3133,74.5199961,-1.000000119,-17,0,0,55.55999733,36.95999859
3134,6.899999619,0,0,0,0,6.599999607,0.300000012
3135,90.55999558,-1.000000119,-17.80000001,0,0,68.91999881,40.4399987
3136,53.53999719,0,-9.300000012,-6,0,41.95999759,26.87999898
3137,40.43999716,-1.000000119,-14.80000001,0,0,48.43999758,7.799999878
3138,65.75999733,0,-8,-2,0,58.47999698,17.27999943
3139,66.07999526,0,-10.29999995,0,0,54.59999573,21.77999915
3140,79.49999635,0,-2.800000012,0,0,48.51999861,33.77999857
3141,8.099999607,0,0,0,0,7.43999961,0.659999996
3142,120.1999954,0,-21.30000001,2,0,73.319997,66.17999816
3143,62.65999527,-1.000000119,-10.59999996,0,0,50.43999727,23.8199995
3144,57.29999669,-1.000000119,-11,0,0,55.19999745,14.09999949
3145,7.919999659,0,0.5,0,0,6.759999603,0.659999996
3146,32.29999989,0,-0.799999952,-4,0,31.27999818,5.819999941
3147,39.73999512,-1.000000119,-14.90000004,0,0,42.4399953,13.19999976
3148,31.91999812,0,-0.800000012,0,0,27.67999826,5.039999932
3149,59.13999626,-1.000000119,-9.800000012,0,0,54.39999871,15.5399997
3150,12.3799994,0,-1,0,0,11.39999919,1.979999974
3151,66.4199956,-1.000000119,-17.60000002,0,0,63.71999717,21.29999933
3152,41.59999766,0,-4.800000012,0,0,34.75999936,11.63999976
3153,89.59999646,0,-0.600000024,-8,0,50.31999728,47.87999867
3154,22.89999905,0,-2.800000012,0,0,23.11999923,2.580000006
3155,41.33999614,0,-10,0,0,39.99999838,11.33999977
3156,27.73999852,0,-6,0,0,28.03999912,5.699999891
3157,5.69999969,0,0,0,0,5.399999678,0.300000012
3158,52.97999701,-1.000000119,-10.60000002,0,0,50.71999635,13.85999969
3159,4.599999815,0,-0.5,0,0,4.799999714,0.300000012
3160,60.4199944,-1.000000119,-18.5,2,0,45.63999835,32.27999907
3161,68.11999726,0,-8,-6,0,52.59999651,29.51999911
3162,5.139999747,0,0,0,0,4.839999735,0.300000012
3163,5.69999969,0,0,0,0,5.399999678,0.300000012
3164,72.87999585,-1.000000119,-5.5,0,0,53.6399971,25.73999894
3165,51.33999658,0,-3,0,0,46.83999762,7.499999769
3166,34.15999833,0,-1.5,-2,0,29.91999799,7.739999913
3167,46.13999734,-1.000000119,-22.30000001,0,0,52.39999769,17.03999966
3168,4.099999726,0,-1,0,0,4.799999714,0.300000012
3169,39.2399971,0,-8,0,0,28.7599982,18.47999921
3170,5.599999785,0,0.5,0,0,4.799999714,0.300000012
3171,49.79999468,-1.000000119,-12.30000001,0,0,55.11999488,7.979999892
3172,70.73999505,0,3.099999964,0,0,52.51999815,15.11999978
3173,38.11999674,-1.000000119,-12.30000001,0,0,44.51999879,6.899999917
3174,114.3199916,0,-18.60000002,2,0,91.55999538,39.35999852
3175,75.57999676,0,-4.800000012,-6,0,57.9999944,28.37999927
3176,20.47999859,0,-4.800000012,0,0,20.35999906,4.91999995
3177,43.19999768,0,-10.5,0,0,45.23999767,8.459999815
3178,6.719999731,0,0.5,0,0,5.559999675,0.659999996
3179,35.1999976,-1.000000119,-8.5,0,0,38.15999827,6.539999872
3180,52.93999709,-1.000000119,-10.29999995,0,0,53.19999676,11.03999981
3181,48.29999622,-1.000000119,-11.60000002,0,0,49.43999865,11.45999978
3182,75.35999516,-1.000000119,-10,0,0,67.87999726,18.47999939
3183,6.619999737,0,-1,0,0,6.95999971,0.659999996
3184,38.99999744,0,-10,0,0,28.71999794,20.27999919
3185,5.099999726,0,0,0,0,4.799999714,0.300000012
3186,51.43999723,-1.000000119,-5.800000012,0,0,48.39999726,9.839999802
3187,25.41999844,0,-10,-6,0,30.67999715,10.7399998
3188,20.59999838,0,-3.100000024,0,0,18.9599992,4.739999965
3189,58.57999653,0,-21.09999996,0,0,59.99999836,19.6799996
3190,61.31999782,-1.000000119,-0.800000012,0,0,51.59999721,11.51999979
3191,60.47999698,-1.000000119,-16,0,0,50.11999772,27.35999885
3192,99.29999487,0,-11.80000001,0,0,59.67999791,51.41999833
3193,72.97999656,0,-2.100000024,0,0,56.23999739,18.83999965
3194,22.83999919,0,-4,0,0,15.55999865,11.27999955
3195,4.099999726,0,-1,0,0,4.799999714,0.300000012
3196,52.23999738,-1.000000119,-11.5,0,0,56.39999763,8.339999832
3197,30.59999812,0,0.199999988,0,0,26.43999749,3.959999956
3198,45.85999688,0,-17.30000001,0,0,50.7999991,12.35999977
3199,5.299999654,0,-1,0,0,5.999999642,0.300000012
3200,12.4999997,0,1,0,0,11.19999957,0.300000012
3201,46.45999627,0,-12.10000002,-2,0,49.03999734,11.51999982
3202,66.55999602,-1.000000119,-3.100000024,0,0,45.27999944,25.37999941
3203,6.699999869,0,1,0,0,5.399999678,0.300000012
3204,62.65999668,-1.000000119,-6,0,0,52.79999673,16.8599994
3205,87.0599946,-1.000000119,-30,2,0,78.79999623,37.25999888
3206,61.93999641,-1.000000119,-12,0,0,54.11999759,20.81999917
3207,3.099999726,0,-2,0,0,4.799999714,0.300000012
3208,32.65999787,0,0,4,0,18.0399989,10.61999965
3209,4.899999619,0,-2,0,0,6.599999607,0.300000012
3210,7.899999797,0,1,0,0,6.599999607,0.300000012
3211,43.31999703,0,-16.79999995,0,0,40.31999849,19.79999933
3212,31.3199971,0,-9.399999917,0,0,33.27999835,7.439999931
3213,54.47999556,-1.000000119,-15.80000001,0,0,56.99999672,14.27999966
3214,29.49999857,1.000000119,-7.5,0,1,25.99999875,8.999999829
3215,6.799999774,0,0.5,0,0,5.999999642,0.300000012
3216,51.91999639,0,-17.5,0,0,54.35999709,15.05999941
3217,26.35999824,0,-4.100000024,0,0,26.55999832,3.899999999
3218,100.0799959,-1.000000119,-6.799999952,-6,0,67.19999751,46.67999823
3219,75.27999698,0,-23.79999995,-6,0,66.9199973,38.1599991
3220,4.099999726,0,-1,0,0,4.799999714,0.300000012
3221,49.25999762,-1.000000119,-7,0,0,47.83999747,9.419999793
3222,51.8599976,0,-8.300000012,0,0,49.1199985,11.03999974
3223,119.1199941,0,-3,4,0,60.39999574,57.71999772
3224,42.07999702,-1.000000119,-5.5,0,0,42.63999665,5.939999886
3225,26.69999772,0,-7.599999964,0,0,30.39999789,3.899999999
3226,77.9799959,0,-1.5,0,0,41.91999811,37.55999885
3227,55.2399977,0,-4.800000012,0,0,53.31999834,6.719999894
3228,71.6399976,0,-0.5,0,0,41.47999763,30.65999869
3229,48.33999727,-1.000000119,-9.300000012,0,0,44.35999765,14.27999961
3230,91.89999664,-1.000000119,-5,0,0,67.23999818,30.65999874
3231,50.85999823,-1.000000119,-4.900000036,0,0,45.83999938,10.91999986
3232,4.099999756,0,-1,0,0,4.799999714,0.300000012
3233,62.19999447,-1.000000119,-7.300000012,0,0,52.31999755,18.17999958
3234,37.19999729,-1.000000119,-10.80000001,0,0,38.79999737,10.19999979
3235,19.97999874,0,-2,0,0,20.239999,1.73999998
3236,7.419999599,0,0,0,0,6.759999603,0.659999996
3237,77.45999599,0,-3.800000012,0,0,49.8799977,31.3799988
3238,176.3999946,0,-8.200000048,0,0,93.03999543,91.55999695
3239,17.17999882,0,-4,0,0,19.55999887,1.619999982
3240,5.199999809,0,-0.5,0,0,5.399999678,0.300000012
3241,6.919999719,0,-0.5,0,0,6.759999603,0.659999996
3242,54.879998,0,-12.5,0,0,51.59999864,15.77999955
3243,73.75999486,0,-17.5,-4,0,60.39999442,34.85999896
3244,25.21999848,0,-7.300000012,0,0,26.75999856,5.759999916
3245,103.7199948,-1.000000119,-2,-2,0,67.43999606,41.27999853
3246,49.8999964,0,-6.600000024,0,0,47.31999686,9.179999866
3247,43.3999964,0,-8.600000024,0,0,45.39999753,6.599999942
3248,5.299999684,0,-1,0,0,5.999999642,0.300000012
3249,19.73999882,0,-6.300000012,0,0,22.91999939,3.119999968
3250,58.65999807,0,-7,0,0,42.67999923,22.97999895
3251,67.85999715,-1.000000119,-15.5,2,0,54.63999879,27.71999918
3252,140.9799939,0,-26.5,0,0,102.9199952,64.55999808
3253,59.33999631,-1.000000119,-12,0,0,51.27999671,21.05999917
3254,86.09999583,-1.000000119,-12,-2,0,64.79999751,36.29999895
3255,23.33999869,0,-5.799999952,0,0,26.1999985,2.939999998
3256,51.11999729,0,-8.099999964,0,0,48.95999767,10.25999984
3257,71.0399957,0,-14.80000001,0,0,64.35999766,21.47999946
3258,61.49999635,-1.000000119,-4.299999952,0,0,50.95999829,15.83999969
3259,7.419999599,0,0,0,0,6.759999603,0.659999996
3260,4.099999726,0,-1,0,0,4.799999714,0.300000012
3261,7.399999678,0,0.5,0,0,6.599999607,0.300000012
3262,5.299999654,0,-1,0,0,5.999999642,0.300000012
3263,6.099999577,0,-2,0,0,7.799999535,0.300000012
3264,49.53999621,-1.000000119,-7.799999952,-2,0,40.71999762,19.61999945
3265,5.599999845,0,0.5,0,0,4.799999714,0.300000012
3266,56.85999745,0,-4.5,0,0,44.91999838,16.43999945
3267,5.69999969,0,0,0,0,5.399999678,0.300000012
3268,4.099999726,0,-1,0,0,4.799999714,0.300000012
3269,50.83999717,-1.000000119,-7.800000012,0,0,48.71999735,10.91999979
3270,42.97999649,-1.000000119,-14.60000002,0,0,50.11999616,8.459999837
3271,43.73999692,-1.000000119,-5,0,0,42.47999714,7.259999856
3272,37.09999831,0,0.199999988,-6,0,32.39999872,10.49999979
3273,51.25999629,-1.000000119,-6.300000012,0,0,48.23999847,10.31999982
3274,127.3799925,0,-36.80000007,0,0,99.91999523,64.25999784
3275,55.39999768,-1.000000119,-3.800000012,0,0,51.9199968,8.27999986
3276,5.759999871,0,0.5,0,0,4.9599998,0.300000012
3277,5.799999714,0,-0.5,0,0,5.999999642,0.300000012
3278,79.13999521,-1.000000119,-10.29999995,0,0,78.19999486,12.23999968
3279,29.599998,0,-4.800000012,0,0,25.27999809,9.119999669
3280,79.31999516,0,-10,-2,0,67.4399946,23.87999924
3281,5.599999785,0,0.5,0,0,4.799999714,0.300000012
3282,54.89999583,0,-7.300000012,0,0,54.15999597,8.039999865
3283,89.13999613,0,-1,0,0,49.15999795,40.97999848
3284,65.13999642,0,-2,0,0,57.47999676,9.659999803
3285,5.69999969,0,0,0,0,5.399999678,0.300000012
3286,37.81999864,1.000000119,-1.5,4,1,24.43999833,8.879999779
3287,3.859999627,0,-3,0,0,6.559999585,0.300000012
3288,65.69999649,0,-2.5,0,0,49.83999734,18.35999951
3289,104.7399955,-1.000000119,-4.300000012,-4,0,74.31999519,39.71999874
3290,54.11999786,-1.000000119,-1.5,0,0,43.8399992,12.77999961
3291,72.05999557,-1.000000119,-2.800000012,0,0,49.6399974,26.21999913
3292,80.81999642,0,-5.5,-6,0,63.63999696,28.67999908
3293,49.87999579,-1.000000119,-26.30000001,-2,0,49.59999702,29.57999925
3294,72.51999527,0,-14.29999995,-4,0,53.0799976,37.73999862
3295,3.339999706,0,-2,0,0,5.039999664,0.300000012
3296,6.599999964,0,1.5,0,0,4.799999714,0.300000012
3297,18.57999924,0,-2,0,0,16.19999999,4.379999854
3298,59.49999818,0,-2.600000024,0,0,41.87999946,20.21999954
3299,87.15999741,-1.000000119,2,-2,0,60.5599969,27.59999913
3300,89.89999592,-1.000000119,-6.099999964,0,0,58.11999801,38.87999838
3301,6.999999642,0,-0.5,0,0,7.199999571,0.300000012
3302,28.53999889,0,0,0,0,28.11999875,0.420000009
3303,24.69999832,0,-4,0,0,27.43999861,1.25999999
3304,6.079999804,0,0.5,0,0,5.279999673,0.300000012
3305,7.379999578,0,0,0,0,6.239999622,1.139999986
3306,4.099999726,0,-1,0,0,4.799999714,0.300000012
3307,2.099999756,0,-3,0,0,4.799999714,0.300000012
3308,60.11999609,0,-12,0,0,52.79999799,19.3199993
3309,69.13999588,-1.000000119,-8.900000036,0,0,59.71999538,19.31999959
3310,5.519999623,0,-2.5,0,0,7.359999567,0.659999996
3311,3.099999726,0,-2,0,0,4.799999714,0.300000012
3312,64.5199964,0,-2.800000012,0,0,51.47999719,15.83999964
3313,42.55999684,0,-2.5,0,0,41.99999833,3.05999995
3314,67.35999688,-1.000000119,-5,-4,0,49.99999863,27.35999916
3315,3.099999726,0,-2,0,0,4.799999714,0.300000012
3316,44.87999693,-1.000000119,-4.800000012,0,0,43.35999765,7.319999881
3317,6.379999548,0,-1,0,0,7.079999506,0.300000012
3318,73.91999711,0,-2.5,0,0,58.59999691,17.81999948
3319,4.599999845,0,-0.5,0,0,4.799999714,0.300000012
3320,43.5599957,-1.000000119,-11.5,0,0,49.63999704,6.419999875
3321,65.3999975,0,-1,-2,0,46.31999822,22.0799992
3322,4.099999726,0,-1,0,0,4.799999714,0.300000012
3323,5.919999689,0,-1.5,0,0,6.759999603,0.659999996
3324,5.799999744,0,-0.5,0,0,5.999999642,0.300000012
3325,47.4599974,0,-4,0,0,41.79999867,9.659999803
3326,22.97999931,0,-1.5,0,0,21.23999888,3.239999972
3327,37.73999673,0,-8.800000012,0,0,34.9599973,11.57999981
3328,52.61999843,0,-0.600000024,0,0,39.83999783,13.37999975
3329,3.099999726,0,-2,0,0,4.799999714,0.300000012
3330,9.779999644,0,-1,0,0,10.11999962,0.659999996
3331,4.379999727,0,-2,0,0,6.079999685,0.300000012
3332,4.359999776,0,-0.5,0,0,4.559999704,0.300000012
3333,59.65999795,-1.000000119,-1,0,0,46.4799989,15.17999955
3334,106.9799944,-1.000000119,-3,8,0,62.11999844,40.85999851
3335,84.33999546,0,-6.5,4,0,56.95999835,29.87999894
3336,70.0999963,-1.000000119,-0.300000012,0,0,53.99999767,17.39999953
3337,4.599999785,0,-0.5,0,0,4.799999714,0.300000012
3338,3.099999756,0,-2,0,0,4.799999714,0.300000012
3339,40.25999867,0,-3.5,0,0,27.6799987,16.07999936
3340,3.599999845,0,-1.5,0,0,4.799999714,0.300000012
3341,69.77999561,0,0,0,0,49.55999637,20.21999948
3342,5.819999635,0,-1,0,0,6.159999639,0.659999996
3343,130.1199904,0,-19.59999996,-14,0,85.71999563,77.9999972
3344,6.879999876,0,0.5,0,0,5.71999976,0.659999996
3345,69.05999638,-1.000000119,4.5,-4,0,46.03999753,23.519999
3346,5.69999969,0,0,0,0,5.399999678,0.300000012
3347,48.53999829,0,-8.099999964,0,0,48.23999745,8.399999902
3348,25.89999843,0,-1.5,0,0,25.35999858,2.039999992
3349,6.099999905,0,1,0,0,4.799999714,0.300000012
3350,5.599999845,0,0.5,0,0,4.799999714,0.300000012
3351,65.85999803,-1.000000119,-0.5,-4,0,49.27999833,22.07999928
3352,8.039999664,0,0.5,0,0,7.239999592,0.300000012
3353,59.37999687,0,-11.30000001,0,0,59.99999835,10.67999981
3354,47.47999853,0,3.5,0,0,32.15999818,11.81999954
3355,28.7799983,0,0,0,0,28.35999817,0.420000009
3356,54.09999716,-1.000000119,0,0,0,46.63999775,8.45999983
3357,107.2799952,0,-2.899999976,0,0,73.03999647,37.13999867
3358,5.459999681,0,0,0,0,5.159999669,0.300000012
3359,14.69999851,0,-8.5,0,0,18.51999936,4.679999933
3360,5.599999785,0,0.5,0,0,4.799999714,0.300000012
3361,4.099999726,0,-1,0,0,4.799999714,0.300000012
3362,59.17999784,-1.000000119,-9.5,0,0,60.67999877,8.999999844
3363,5.719999731,0,-0.5,0,0,5.559999675,0.659999996
3364,56.49999662,0,-7.300000012,0,0,55.99999735,7.79999987
3365,56.15999757,-1.000000119,-5.5,0,0,48.31999712,14.3399995
3366,55.93999813,0,-3.299999952,0,0,44.23999788,14.99999968
3367,60.23999649,0,-3,0,0,41.15999621,22.07999925
3368,65.23999736,-1.000000119,-3.5,0,0,52.51999754,17.21999928
3369,6.319999754,0,-0.5,0,0,6.159999639,0.659999996
3370,55.9599966,-1.000000119,-3.5,0,0,47.79999842,12.65999973
3371,53.05999773,-1.000000119,-21,-2,0,55.27999666,21.77999943
3372,5.099999875,0,0,0,0,4.799999714,0.300000012
3373,53.75999685,0,-3.5,0,0,49.15999837,8.099999838
3374,52.11999778,-1.000000119,-4.5,0,0,37.75999853,19.85999918
3375,53.63999717,0,-6.100000024,0,0,51.63999689,8.099999905
3376,3.099999726,0,-2,0,0,4.799999714,0.300000012
3377,51.07999677,-1.000000119,-4.800000012,0,0,45.83999777,11.0399998
3378,48.95999753,0,-3.5,0,0,29.95999897,22.49999911
3379,52.09999767,0,-5,0,0,45.15999857,11.93999955
3380,27.59999949,0,-2.800000012,0,0,27.15999942,3.239999972
3381,48.75999822,0,1.199999988,0,0,42.87999812,4.67999994
3382,60.09999615,0,-5.599999964,0,0,45.2399976,20.45999955
3383,44.4999971,0,-7.599999964,0,0,40.75999725,11.33999973
3384,88.35999557,0,-0.300000012,8,0,51.6799981,28.97999878
3385,4.099999726,0,-1,0,0,4.799999714,0.300000012
3386,106.079995,-1.000000119,-6.100000024,0,0,72.55999736,40.61999866
3387,5.69999969,0,0,0,0,5.399999678,0.300000012
3388,8.019999564,0,0,0,0,6.759999603,1.259999961
3389,68.49999713,0,0.099999964,0,0,45.83999756,22.55999926
3390,61.79999611,-1.000000119,1.5,0,0,49.83999746,11.45999952
3391,5.69999969,0,0,0,0,5.399999678,0.300000012
3392,52.49999712,0,-5,0,0,44.11999741,13.3799995
3393,4.599999785,0,-0.5,0,0,4.799999714,0.300000012
3394,134.5399964,0,1.5,-8,0,86.91999255,54.11999814
3395,68.83999647,-1.000000119,-4.800000012,0,0,56.87999643,17.75999949
3396,5.69999969,0,0,0,0,5.399999678,0.300000012
3397,7.619999856,0,0,0,0,7.319999695,0.300000012
3398,81.03999518,-1.000000119,-1.300000012,0,0,62.15999722,21.17999938
3399,67.39999703,0,2.899999976,0,0,42.47999845,22.01999933
3400,17.71999873,0,-3.799999952,0,0,19.59999877,1.920000009
3401,64.77999696,0,-7.5,0,0,50.79999678,21.47999935
3402,61.87999703,0,-7.5,0,0,60.67999779,8.699999824
3403,6.139999568,0,-1,0,0,6.839999557,0.300000012
3404,47.21999695,0,-5.799999952,0,0,34.47999734,18.53999928
3405,121.5399939,1.000000119,-6.799999952,4,1,76.43999463,45.89999847
3406,5.599999785,0,0.5,0,0,4.799999714,0.300000012
3407,6.099999577,0,-2,0,0,7.799999535,0.300000012
3408,19.27999923,0,-5.100000024,0,0,21.19999903,3.18
3409,48.23999813,0,-7.799999952,0,0,40.19999789,15.83999938
3410,4.099999726,0,-1,0,0,4.799999714,0.300000012
3411,17.4999993,0,-1.300000012,0,0,16.39999907,2.400000006
3412,50.35999852,0,-4.5,0,0,45.0799987,9.779999636
3413,77.75999666,0,-6.800000012,-8,0,57.87999807,34.67999867
3414,43.55999655,-1.000000119,-8.5,0,0,43.27999814,9.779999763
3415,27.6399987,0,-3.100000024,0,0,25.99999827,4.73999998
3416,79.13999619,-1.000000119,-5.899999917,0,0,57.71999763,28.31999885
3417,6.839999735,0,0.5,0,0,6.039999664,0.300000012
3418,8.499999762,0,1,0,0,7.199999571,0.300000012
3419,3.69999972,0,-2,0,0,5.399999678,0.300000012
3420,4.099999726,0,-1,0,0,4.799999714,0.300000012
3421,82.13999636,-1.000000119,-9.100000024,0,0,61.87999761,30.35999916
3422,6.219999522,0,-3,0,0,8.559999496,0.659999996
3423,96.07999593,1.000000119,-7.300000012,6,1,54.15999812,41.21999827
3424,6.19999975,0,0.5,0,0,5.399999678,0.300000012
3425,63.53999773,-1.000000119,1,-2,0,47.95999873,17.57999951
3426,71.25999704,0,-0.5,0,0,48.9599994,22.79999916
3427,5.099999726,0,0,0,0,4.799999714,0.300000012
3428,75.49999473,0,-10.29999995,0,0,56.63999784,29.1599992
3429,7.719999731,0,-0.5,0,0,7.919999599,0.300000012
3430,5.099999726,0,0,0,0,4.799999714,0.300000012
3431,4.099999726,0,-1,0,0,4.799999714,0.300000012
3432,101.3799949,0,-4.100000024,-10,0,77.19999486,38.27999859
3433,28.17999907,0,2.5,0,0,16.55999863,9.119999588
3434,55.31999765,0,-4.800000012,0,0,38.27999835,21.83999924
3435,73.19999573,-1.000000119,-7.800000012,0,0,66.87999491,15.11999971
3436,75.91999446,-1.000000119,-9.5,4,0,63.6399965,18.77999936
3437,33.73999868,0,-1.5,-4,0,27.47999799,11.75999956
3438,2.099999726,0,-3,0,0,4.799999714,0.300000012
3439,23.13999882,0,-0.5,0,0,18.47999901,5.159999922
3440,102.3399955,-1.000000119,-16.69999999,-2,0,78.23999687,43.79999905
3441,44.55999791,0,-9.5,0,0,42.23999906,11.81999969
3442,32.75999917,0,-3.600000024,0,0,32.75999922,3.600000009
3443,75.95999755,0,3.199999988,-4,0,46.15999675,30.59999858
3444,43.45999698,-1.000000119,-8,0,0,44.59999751,7.859999843
3445,50.47999776,-1.000000119,-1.5,0,0,45.47999883,7.499999844
3446,51.49999659,-1.000000119,-8.300000012,0,0,45.07999666,15.71999969
3447,7.4599998,0,0,0,0,6.799999624,0.659999996
3448,4.099999726,0,-1,0,0,4.799999714,0.300000012
3449,88.39999723,0,-4.00000006,0,0,60.95999675,31.4399991
3450,88.61999682,0,-1.800000072,-4,0,60.03999788,34.37999917
3451,5.69999969,0,0,0,0,5.399999678,0.300000012
3452,52.79999688,-1.000000119,-5.5,0,0,41.59999797,17.69999938
3453,57.6399966,0,-0.800000012,0,0,49.9199971,8.519999854
3454,52.77999756,0,-7.5,-2,0,38.51999718,23.75999902
3455,47.67999756,0,-2.800000012,0,0,34.27999771,16.19999933
3456,71.63999571,0,-3,0,0,62.63999663,11.99999975
3457,42.39999816,0,1.199999988,0,0,36.5199983,4.67999994
3458,26.5799983,0,-3.5,0,0,23.35999811,6.719999827
3459,6.859999627,0,-1,0,0,6.719999582,1.139999986
3460,22.95999834,0,-4.800000012,0,0,24.75999895,2.99999997
3461,69.35999519,-1.000000119,-10.09999996,0,0,54.71999772,25.73999935
3462,29.7199989,0,-1.100000024,0,0,25.95999819,4.859999977
3463,4.579999715,0,-1,0,0,5.279999673,0.300000012
3464,67.25999725,0,-1,0,0,47.19999687,21.05999937
3465,139.9799944,-1.000000119,-7.600000024,-4,0,92.27999531,60.29999821
3466,112.8399955,-1.000000119,0.699999988,0,0,72.2799968,40.85999871
3467,7.419999599,0,0,0,0,6.759999603,0.659999996
3468,4.099999726,0,-1,0,0,4.799999714,0.300000012
3469,126.519995,-1.000000119,-13.00000006,0,0,82.67999694,57.83999857
3470,100.5599953,-1.000000119,-2.599999964,-6,0,77.27999781,32.87999888
3471,33.17999858,0,-4.5,0,0,27.47999811,10.19999973
3472,65.39999709,-1.000000119,-6.5,0,0,55.67999836,17.21999953
3473,5.899999619,0,-1,0,0,6.599999607,0.300000012
3474,40.95999844,1.000000119,-2.300000012,-4,1,29.59999782,15.65999955
3475,3.359999776,0,-1.5,0,0,4.559999704,0.300000012
3476,5.099999726,0,0,0,0,4.799999714,0.300000012
3477,5.059999704,0,0,0,0,4.759999692,0.300000012
3478,50.51999718,0,-6.5,0,0,44.11999738,12.89999946
3479,125.4399934,0,3,-4,0,65.95999753,60.47999737
3480,2.139999747,0,-3,0,0,4.839999735,0.300000012
3481,82.2799959,0,-10.39999998,0,0,58.47999738,34.1999992
3482,4.599999785,0,-0.5,0,0,4.799999714,0.300000012
3483,63.9799974,0,-0.300000012,0,0,52.75999784,11.51999969
3484,56.85999633,-1.000000119,-0.300000012,0,0,48.07999611,10.07999982
3485,129.7799945,-1.000000119,-2.800000012,-4,0,91.67999488,45.89999808
3486,3.299999684,0,-3,0,0,5.999999642,0.300000012
3487,5.21999979,0,0,0,0,4.919999778,0.300000012
3488,83.43999609,-1.000000119,-2.5,0,0,57.83999683,29.09999885
3489,7.099999547,0,-1,0,0,7.799999535,0.300000012
3490,6.239999622,0,-0.5,0,0,6.439999521,0.300000012
3491,67.13999788,-1.000000119,2,0,0,50.23999712,15.8999995
3492,17.37999868,0,-3,0,0,16.71999896,3.659999922
3493,66.31999665,0,2.099999964,0,0,52.63999712,11.57999986
3494,71.61999516,-1.000000119,3.699999988,0,0,60.99999695,7.919999868
3495,72.53999665,0,1,4,0,44.07999778,23.45999926
3496,70.19999707,0,-0.300000012,0,0,51.7199972,18.77999944
3497,6.819999635,0,0,0,0,6.159999639,0.659999996
3498,52.93999743,0,-4,0,0,45.83999701,11.09999977
3499,84.79999475,0,-10.10000002,-2,0,66.71999498,30.17999889
3500,128.759995,0,-8.600000024,-2,0,101.0799951,38.27999912
3501,80.35999584,0,-0.5,8,0,43.1599974,29.69999929
3502,25.93999901,0,1.399999976,0,0,20.39999913,4.139999993
3503,48.39999815,-1.000000119,0.5,0,0,40.91999848,7.979999796
3504,51.11999749,-1.000000119,2.5,0,0,42.95999834,6.65999987
3505,64.03999583,0,-4.5,0,0,56.35999839,12.17999968
3506,5.099999726,0,0,0,0,4.799999714,0.300000012
3507,6.19999975,0,0.5,0,0,5.399999678,0.300000012
3508,50.75999666,0,-1.800000012,0,0,48.11999649,4.43999996
3509,33.01999792,0,-6.299999952,0,0,31.63999853,7.679999918
3510,6.119999826,0,0.5,0,0,5.319999695,0.300000012
3511,102.439994,-1.000000119,2,-2,0,68.99999516,34.43999868
3512,65.65999787,0,3.5,0,0,35.03999722,27.11999908
3513,6.219999611,0,0,0,0,5.919999599,0.300000012
3514,62.27999647,0,3.5,0,0,45.15999728,13.61999952
3515,91.01999452,-1.000000119,-4,0,0,73.99999739,22.01999918
3516,18.3799991,0,-2,0,0,17.91999888,2.459999964
3517,71.23999657,-1.000000119,1,4,0,48.99999632,18.23999947
3518,25.65999907,0,1.5,0,0,15.03999908,9.11999964
3519,102.4599974,0,4.099999964,0,0,51.91999815,46.43999831
3520,140.4799922,0,-0.300000012,-8,0,79.1199967,69.65999744
3521,139.3199943,0,-6.299999952,-4,0,99.87999541,49.7399988
3522,4.19999975,0,-1.5,0,0,5.399999678,0.300000012
3523,70.05999643,0,-1.5,0,0,48.87999865,22.67999906
3524,22.41999871,0,-5,0,0,19.55999845,7.859999679
3525,105.2599963,0,-5.599999964,2,0,64.27999869,44.57999848
3526,45.01999818,-1.000000119,-3,0,0,41.03999774,7.97999984
3527,85.2599944,-1.000000119,0.199999988,0,0,61.63999621,24.41999924
3528,17.55999911,0,-3.800000012,0,0,19.19999886,2.159999996
3529,92.53999579,-1.000000119,-1.099999964,0,0,74.23999412,20.39999942
3530,53.35999674,-1.000000119,-5.800000012,0,0,52.71999827,7.439999878
3531,48.83999833,1.000000119,-9,0,1,34.35999858,21.47999933
3532,102.6199937,0,-10.30000001,6,0,75.95999657,30.95999904
3533,124.8399956,0,1.399999976,-8,0,76.11999719,55.3199983
3534,24.45999828,0,0.399999976,0,0,20.39999793,3.659999989
3535,5.679999828,0,0.5,0,0,4.879999757,0.300000012
3536,120.0399951,-1.000000119,-0.300000012,-8,0,89.31999634,40.01999862
3537,36.23999826,0,-8.099999964,0,0,37.67999803,6.659999944
3538,147.4999947,-1.000000119,14.69999993,0,0,88.67999694,45.11999907
3539,69.03999618,0,-14.10000002,4,0,52.91999753,26.21999942
3540,107.0799955,-1.000000119,1.5,0,0,63.91999465,42.65999884
3541,131.4999941,0,5.5,8,0,64.47999814,53.51999847
3542,97.479993,-1.000000119,-5.5,0,0,69.35999668,34.61999831
3543,19.39999837,0,-3.5,0,0,21.1599986,1.73999998
3544,26.61999871,0,0.5,-4,0,20.99999809,9.119999699
3545,7.399999559,0,-0.5,0,0,6.759999603,1.139999986
3546,4.619999677,0,-1,0,0,5.319999635,0.300000012
3547,4.099999756,0,-1,0,0,4.799999714,0.300000012
3548,5.099999726,0,0,0,0,4.799999714,0.300000012
3549,58.65999754,-1.000000119,3,0,0,49.27999805,7.379999854
3550,44.33999757,-1.000000119,-4,0,0,43.27999864,6.059999883
3551,32.37999788,0,-4.800000012,0,0,27.99999863,9.179999813
3552,87.49999641,-1.000000119,0,0,0,65.27999659,23.21999913
3553,4.299999654,0,-2,0,0,5.999999642,0.300000012
3554,110.3999936,-1.000000119,2,0,0,63.55999656,45.83999805
3555,62.27999598,0,-5.300000012,0,0,51.3199974,16.25999948
3556,6.019999564,0,-2,0,0,6.759999603,1.259999961
3557,158.1599967,-1.000000119,-2.399999976,-2,0,117.3599969,46.19999879
3558,6.819999635,0,0,0,0,6.159999639,0.659999996
3559,73.13999684,-1.000000119,-6,0,0,58.23999798,21.89999939
3560,56.11999793,-1.000000119,-1.5,0,0,48.59999731,10.01999974
3561,6.199999809,0,0.5,0,0,5.399999678,0.300000012
3562,95.21999589,-1.000000119,-11.29999995,0,0,76.67999737,30.83999921
3563,64.37999569,-1.000000119,-7.800000012,0,0,60.15999657,13.01999978
3564,4.099999756,0,-1,0,0,4.799999714,0.300000012
3565,71.07999928,-1.000000119,-4.700000048,0,0,54.15999682,22.6199991
3566,68.69999555,0,-0.700000048,0,0,46.35999489,23.03999964
3567,74.57999545,-1.000000119,-1.5,6,0,53.67999755,17.39999953
3568,114.2399971,0,-0.5,-4,0,67.31999601,51.41999857
3569,67.49999481,-1.000000119,1.699999988,0,0,55.87999684,10.91999979
3570,73.31999475,-1.000000119,-4.300000012,6,0,57.07999688,15.53999966
3571,80.13999757,-1.000000119,6,0,0,51.31999782,23.81999904
3572,82.37999423,-1.000000119,2.199999988,0,0,64.55999699,16.61999965
3573,5.499999583,0,-2,0,0,7.199999571,0.300000012
3574,6.099999905,0,1,0,0,4.799999714,0.300000012
3575,110.1399945,0,-0.300000012,2,0,76.51999453,31.91999894
3576,54.71999738,-1.000000119,-7.5,0,0,47.91999786,15.29999954
3577,46.15999557,0,-6.5,0,0,46.47999687,6.17999988
3578,155.0399944,-1.000000119,5,4,0,86.91999649,60.11999818
3579,85.81999598,0,-0.200000048,0,0,66.519998,19.49999956
3580,81.59999521,-1.000000119,-17.89999998,-10,0,59.43999697,51.05999862
3581,68.91999526,0,-4.5,0,0,53.7999962,19.61999934
3582,5.919999778,0,-0.5,0,0,6.119999707,0.300000012
3583,99.87999714,-1.000000119,1,-4,0,67.27999717,36.59999856
3584,3.859999716,0,-1,0,0,4.559999704,0.300000012
3585,8.039999723,0,0.5,0,0,6.879999667,0.659999996
3586,63.43999704,0,2.199999988,0,0,50.19999811,11.03999974
3587,70.1199968,0,2.199999988,0,0,51.11999753,16.79999965
3588,62.59999699,-1.000000119,4,0,0,38.35999804,21.23999932
3589,50.91999705,0,1.199999988,0,0,45.15999871,4.559999943
3590,119.1999944,-1.000000119,-0.700000048,-6,0,80.27999669,46.6199989
3591,39.45999868,1.000000119,-0.5,0,1,23.3199982,14.63999942
3592,63.07999781,0,0.5,0,0,49.6799985,12.89999963
3593,110.9399947,-1.000000119,8.5,4,0,61.63999762,37.79999883
3594,58.11999679,0,-0.800000012,0,0,41.75999719,17.15999944
3595,4.599999845,0,-0.5,0,0,4.799999714,0.300000012
3596,89.69999668,-1.000000119,5.5,0,0,59.99999794,25.19999919
3597,4.559999824,0,-0.5,0,0,4.759999692,0.300000012
3598,46.21999931,1.000000119,3.5,-6,1,27.63999826,19.07999926
3599,129.7999945,0,4.599999964,-2,0,75.83999605,51.35999827
3600,92.65999386,-1.000000119,-7.5,0,0,79.79999591,21.35999933
3601,63.13999559,-1.000000119,2,0,0,50.91999775,11.21999973
3602,63.53999668,-1.000000119,4,0,0,47.03999761,13.49999954
3603,60.55999701,-1.000000119,1.199999988,0,0,52.55999734,7.79999987
3604,8.019999564,0,0,0,0,7.359999567,0.659999996
3605,28.29999866,0,1,0,0,20.87999868,6.419999704
3606,112.2599948,-1.000000119,2,0,0,72.07999675,39.17999893
3607,32.25999755,0,-6.100000024,0,0,32.59999776,5.759999961
3608,88.63999805,0,1.200000048,-4,0,55.67999744,35.75999881
3609,7.759999573,0,-1.5,0,0,8.599999487,0.659999996
3610,60.51999702,0,-2.600000024,2,0,43.59999844,17.51999952
3611,55.35999733,0,2.5,0,0,44.51999812,8.339999832
3612,47.05999659,0,2,0,0,36.59999686,8.459999785
3613,79.11999786,-1.000000119,-1.299999952,0,0,59.75999673,21.65999948
3614,27.33999842,0,-3,0,0,21.75999814,8.579999827
3615,65.53999679,0,8,0,0,49.55999725,7.97999984
3616,45.91999906,0,4.199999988,0,0,30.19999871,11.51999959
3617,51.7199965,-1.000000119,-1.5,0,0,42.51999649,11.69999974
3618,120.1599944,0,3.199999988,4,0,72.51999813,40.43999892
3619,121.1599967,0,6.5,0,0,71.75999868,42.89999841
3620,4.599999845,0,-0.5,0,0,4.799999714,0.300000012
3621,46.59999721,-1.000000119,-2.5,0,0,42.83999772,7.259999804
3622,130.5599924,-1.000000119,-2,-2,0,95.35999578,40.19999862
3623,88.51999743,-1.000000119,0.700000048,0,0,64.87999588,23.93999911
3624,40.33999798,0,-0.300000012,0,0,30.91999815,9.719999731
3625,5.099999726,0,0,0,0,4.799999714,0.300000012
3626,48.15999791,-1.000000119,-1.5,0,0,46.99999733,3.659999937
3627,132.8599947,0,17.19999993,2,0,62.35999703,51.29999883
3628,6.899999619,0,0,0,0,6.599999607,0.300000012
3629,183.8999948,-1.000000119,7,-8,0,117.9199969,67.97999781
3630,21.8199991,0,-4.300000012,0,0,22.99999911,3.119999968
3631,64.67999624,-1.000000119,1.700000048,0,0,50.23999485,13.73999977
3632,7.379999816,0,1,0,0,6.079999685,0.300000012
3633,67.45999759,0,7,0,0,42.15999806,18.29999963
3634,63.99999525,-1.000000119,-1.800000012,0,0,56.23999575,10.55999981
3635,71.69999656,0,0,0,0,56.63999783,15.05999953
3636,31.2199991,0,1.399999976,0,0,23.63999855,6.179999948
3637,5.839999795,0,0.5,0,0,5.039999664,0.300000012
3638,62.13999748,0,5,0,0,44.3599983,12.77999955
3639,5.859999448,0,-2,0,0,7.559999406,0.300000012
3640,137.9999948,0,10.69999999,0,0,90.27999768,37.01999871
3641,71.71999782,0,2.5,0,0,54.51999879,14.6999995
3642,29.87999874,0,1.5,-2,0,25.03999841,5.339999922
3643,4.099999756,0,-1,0,0,4.799999714,0.300000012
3644,137.5599942,-1.000000119,0.5,6,0,90.71999711,41.33999886
3645,45.13999833,0,1.699999988,0,0,38.75999773,4.679999955
3646,3.599999845,0,-1.5,0,0,4.799999714,0.300000012
3647,5.679999679,0,-0.5,0,0,5.879999578,0.300000012
3648,22.65999877,0,-1.300000012,0,0,20.7199983,3.239999965
3649,7.819999754,0,1,0,0,6.159999639,0.659999996
3650,51.87999846,0,-1.399999917,0,0,40.55999799,12.71999978
3651,8.17999959,0,0,0,0,7.879999578,0.300000012
3652,5.899999619,0,-1,0,0,6.599999607,0.300000012
3653,87.11999653,0,0,-2,0,57.43999712,31.67999884
3654,65.619997,-1.000000119,3,0,0,47.47999687,16.13999933
3655,99.75999554,-1.000000119,-0.899999976,0,0,71.59999619,30.05999915
3656,5.599999785,0,0.5,0,0,4.799999714,0.300000012
3657,4.599999785,0,-0.5,0,0,4.799999714,0.300000012
3658,96.57999448,-1.000000119,-4.5,-2,0,56.55999744,47.51999836
3659,57.11999571,-1.000000119,2.199999988,0,0,45.23999724,10.67999981
3660,66.49999809,-1.000000119,7,0,0,44.83999705,15.6599996
3661,22.65999913,0,-1.5,-2,0,20.63999885,5.519999914
3662,49.61999691,0,-4,0,0,44.79999733,8.819999821
3663,7.979999393,0,-3,0,0,10.31999937,0.659999996
3664,54.67999736,-1.000000119,-2,-6,0,41.11999813,22.55999917
3665,30.01999879,0,-3.599999964,0,0,28.6399982,4.979999974
3666,120.8599971,-1.000000119,8.399999976,0,0,82.31999633,31.13999897
3667,6.919999689,0,-0.5,0,0,6.759999603,0.659999996
3668,31.45999828,0,-3.5,-2,0,20.51999868,16.43999927
3669,130.8399956,-1.000000119,9,0,0,84.67999637,38.15999855
3670,53.71999699,0,-3.300000012,-2,0,42.03999844,16.97999974
3671,47.53999727,-1.000000119,-10.90000004,0,0,51.27999833,8.159999914
3672,7.419999599,0,0,0,0,6.759999603,0.659999996
3673,78.45999756,1.000000119,3.199999988,0,1,39.11999786,34.1399985
3674,44.87999856,0,1.5,-4,0,28.5999974,18.77999932
3675,94.73999587,-1.000000119,0.399999976,0,0,76.19999556,19.13999955
3676,78.39999652,-1.000000119,4.5,0,0,56.11999737,18.77999927
3677,6.299999774,0,0,0,0,5.999999642,0.300000012
3678,5.859999716,0,0,0,0,5.559999704,0.300000012
3679,159.2999967,0,7.199999988,-2,0,88.87999439,65.21999741
3680,81.15999603,0,-2.800000012,0,0,65.83999757,18.11999918
3681,71.33999605,-1.000000119,0.699999988,0,0,61.0799948,10.55999981
3682,7.319999695,0,0.5,0,0,6.159999639,0.659999996
3683,21.25999931,0,-8.5,-6,0,28.3199988,7.439999841
3684,4.099999726,0,-1,0,0,4.799999714,0.300000012
3685,53.59999771,-1.000000119,-3.5,0,0,47.59999761,10.49999976
3686,118.1399936,-1.000000119,5.5,0,0,69.8399967,43.79999866
3687,7.779999793,0,1,0,0,6.479999602,0.300000012
3688,49.91999844,0,-4.799999952,0,0,49.31999832,5.399999924
3689,55.59999724,0,0.5,0,0,48.07999896,7.019999862
3690,6.899999797,0,0,0,0,6.599999607,0.300000012
3691,57.45999646,0,-11.30000001,0,0,60.59999678,8.159999862
3692,57.93999822,0,-1.5,-2,0,35.03999746,26.39999884
3693,24.05999941,0,-4.299999952,0,0,19.83999875,8.519999713
3694,73.51999646,-1.000000119,-3.5,0,0,55.63999747,22.37999923
3695,105.4999945,-1.000000119,-2,0,0,73.6399949,34.85999886
3696,35.71999863,0,-3.400000036,0,0,31.91999763,7.199999951
3697,5.599999845,0,0.5,0,0,4.799999714,0.300000012
3698,5.659999669,0,0,0,0,5.359999657,0.300000012
3699,72.57999712,-1.000000119,6.699999988,0,0,53.55999772,13.31999975
3700,68.21999745,0,0,0,0,52.31999737,15.89999943
3701,94.57999669,-1.000000119,-0.300000012,0,0,59.39999707,36.47999869
3702,12.01999915,0,0,0,0,11.71999913,0.300000012
3703,65.85999702,-1.000000119,0,0,0,49.63999726,17.2199993
3704,5.199999779,0,-0.5,0,0,5.399999678,0.300000012
3705,66.1399979,0,1.699999988,0,0,52.07999763,12.35999954
3706,32.21999823,0,-0.5,0,0,26.47999823,6.239999831
3707,58.63999763,-1.000000119,4.199999988,0,0,48.47999812,6.959999889
3708,36.43999834,0,-1.800000012,0,0,28.87999803,9.359999821
3709,126.1599957,0,10.20000005,0,0,74.67999743,41.27999835
3710,48.19999564,0,-3.300000012,0,0,41.95999801,9.539999858
3711,39.89999807,0,0.100000024,0,0,33.19999772,6.599999949
3712,123.1999962,-1.000000119,6.899999976,8,0,76.47999686,32.8199993
3713,49.15999608,-1.000000119,-7.299999952,0,0,46.71999742,10.73999982
3714,191.8799933,0,20.39999998,0,0,91.43999644,80.03999726
3715,56.75999671,0,3,2,0,29.19999844,22.55999894
3716,68.53999698,-1.000000119,-0.300000012,0,0,58.43999879,11.39999979
3717,109.979993,0,0,2,0,74.31999585,33.65999879
3718,64.01999628,-1.000000119,-2.600000024,0,0,54.83999842,12.77999979
3719,74.55999646,-1.000000119,4,0,0,51.63999674,19.91999932
3720,87.47999708,0,5.5,0,0,59.35999644,22.61999927
3721,85.55999675,-1.000000119,7.5,0,0,51.63999669,27.41999894
3722,100.799996,-1.000000119,17.69999999,0,0,49.23999865,34.85999877
3723,5.819999635,0,-1,0,0,6.159999639,0.659999996
3724,55.81999796,-1.000000119,1,0,0,48.43999753,7.379999854
3725,46.09999658,-1.000000119,-7.299999952,0,0,47.31999797,7.079999886
3726,5.599999785,0,0.5,0,0,4.799999714,0.300000012
3727,85.83999558,-1.000000119,4.199999988,0,0,61.51999606,21.11999918
3728,77.09999653,-1.000000119,1.5,4,0,53.15999871,19.43999938
3729,94.71999773,-1.000000119,12.69999999,0,0,50.31999753,32.69999884
3730,57.17999713,-1.000000119,3.699999988,0,0,45.84000064,8.639999852
3731,58.09999783,-1.000000119,1.699999988,0,0,44.07999782,13.3199997
3732,63.93999702,0,9,0,0,47.07999806,7.859999843
3733,4.71999985,0,-0.5,0,0,4.919999778,0.300000012
3734,3.599999815,0,-1.5,0,0,4.799999714,0.300000012
3735,3.599999815,0,-1.5,0,0,4.799999714,0.300000012
3736,5.599999785,0,0.5,0,0,4.799999714,0.300000012
3737,7.319999695,0,0.5,0,0,6.159999639,0.659999996
3738,35.45999888,0,-0.5,0,0,24.79999936,11.15999959
3739,95.37999625,-1.000000119,10.19999999,0,0,62.95999803,23.21999904
3740,5.299999654,0,-1,0,0,5.999999642,0.300000012
3741,59.09999721,0,13.39999998,0,0,37.95999745,7.739999875
3742,8.499999702,0,1,0,0,7.199999571,0.300000012
3743,5.099999726,0,0,0,0,4.799999714,0.300000012
3744,108.4199947,0,11,2,0,48.0799982,47.33999828
3745,104.5399967,0,13.09999996,0,0,56.39999835,35.03999888
3746,207.2799922,0,15.5999999,0,0,114.3999917,77.27999765
3747,3.099999726,0,-2,0,0,4.799999714,0.300000012
3748,87.5399979,-1.000000119,12.59999996,-2,0,43.55999679,34.37999895
3749,74.09999686,-1.000000119,13.5,-2,0,43.67999766,19.9199993
3750,97.39999815,0,9.699999988,0,0,53.31999858,34.37999852
3751,72.09999692,0,7.899999976,-2,0,43.27999485,22.91999952
3752,158.8999941,-1.000000119,15.30000001,0,0,95.63999486,48.95999888
3753,81.89999752,-1.000000119,0.200000048,0,0,71.71999711,10.97999983
3754,72.29999679,0,3.399999976,0,0,61.03999613,7.859999895
3755,77.07999626,-1.000000119,4.199999988,0,0,57.31999712,16.55999955
3756,7.69999969,0,0,0,0,7.399999678,0.300000012
3757,73.93999748,-1.000000119,2,0,0,54.03999828,18.89999939
3758,61.85999805,0,5.199999988,0,0,35.47999823,21.17999914
3759,25.55999917,0,0.5,0,0,16.59999961,8.459999658
3760,5.099999726,0,0,0,0,4.799999714,0.300000012
3761,5.199999779,0,-0.5,0,0,5.399999678,0.300000012
3762,95.53999683,-1.000000119,13.99999994,-2,0,58.43999648,26.09999947
3763,72.23999782,0,14.19999999,0,0,50.83999808,7.199999884
3764,84.69999784,0,7,-2,0,50.83999741,28.85999916
3765,6.499999613,0,-1,0,0,7.199999571,0.300000012
3766,105.0199976,-1.000000119,13.19999999,-8,0,72.91999778,27.89999905
3767,9.299999893,0,2,0,0,6.639999598,0.659999996
3768,49.59999729,-1.000000119,7.299999952,0,0,27.63999871,15.65999977
3769,66.17999525,-1.000000119,5.699999988,0,0,49.47999802,11.99999978
3770,5.599999785,0,0.5,0,0,4.799999714,0.300000012
3771,19.87999906,0,-5.299999952,0,0,21.87999889,3.299999982
3772,90.27999705,-1.000000119,13,0,0,57.39999722,20.87999922
3773,6.799999714,0,0.5,0,0,5.999999642,0.300000012
3774,6.099999547,0,-2,0,0,7.799999535,0.300000012
3775,2.979999751,0,-2,0,0,4.679999709,0.300000012
3776,58.99999699,0,-1.300000012,0,0,41.63999912,18.65999952
3777,56.5199971,-1.000000119,-0.800000012,0,0,48.59999773,9.719999783
3778,172.9399925,1.000000119,14.5,-20,1,75.87999493,100.5599956
3779,7.319999695,0,0.5,0,0,6.159999639,0.659999996
3780,76.81999624,0,7.5,-8,0,39.87999797,37.4399986
3781,80.05999617,-1.000000119,8,0,0,52.1199968,20.93999942
3782,33.1599981,0,-3.5,0,0,26.99999774,9.659999758
3783,22.09999985,0,-1,0,0,14.87999904,8.219999671
3784,6.099999905,0,1,0,0,4.799999714,0.300000012
3785,171.9199906,0,17,2,0,100.5999956,52.31999747
3786,68.57999678,-1.000000119,4,0,0,52.79999869,12.77999973
3787,31.35999808,0,-4.800000012,0,0,30.51999784,5.639999919
3788,58.57999705,-1.000000119,3.699999988,0,0,44.95999689,10.91999976
3789,62.69999631,-1.000000119,0,0,0,45.51999871,18.17999934
3790,40.85999686,-1.000000119,0,0,0,35.91999759,5.939999886
3791,4.559999764,0,-0.5,0,0,4.759999692,0.300000012
3792,3.099999726,0,-2,0,0,4.799999714,0.300000012
3793,7.579999804,0,0,0,0,7.279999614,0.300000012
3794,6.819999635,0,0,0,0,6.159999639,0.659999996
3795,5.179999769,0,0,0,0,4.879999757,0.300000012
3796,122.259994,0,14.19999999,-2,0,74.11999595,35.93999902
3797,57.21999642,-1.000000119,0.700000048,0,0,47.43999757,10.07999982
3798,173.5999938,-1.000000119,12.89999998,-8,0,97.03999369,72.65999747
3799,68.75999604,-1.000000119,7.5,0,0,50.5599962,11.69999973
3800,5.69999969,0,0,0,0,5.399999678,0.300000012
3801,169.9799945,-1.000000119,22.09999996,0,0,96.79999787,52.07999802
3802,6.539999634,0,-1,0,0,6.759999603,0.779999994
3803,6.299999833,0,0,0,0,5.999999642,0.300000012
3804,43.67999841,0,0,0,0,30.35999876,13.31999956
3805,57.57999656,-1.000000119,0,0,0,52.27999768,6.299999878
3806,46.21999767,-1.000000119,-5.299999952,0,0,45.19999737,7.319999881
3807,30.37999865,0,-1.300000012,0,0,26.51999831,5.159999937
3808,24.95999813,0,-2,0,0,24.07999784,2.879999965
3809,22.219999,0,-1,0,0,17.39999861,5.81999974
3810,74.57999448,-1.000000119,-7.300000012,4,0,59.7999963,19.07999952
3811,36.3799984,0,-0.5,4,0,22.79999828,10.07999969
3812,61.51999784,0,3.5,0,0,43.31999806,14.69999952
3813,74.07999633,0,4.399999976,0,0,47.95999788,21.71999954
3814,157.1999921,-1.000000119,15.39999998,-2,0,79.87999699,64.91999725
3815,98.73999629,-1.000000119,7.5,6,0,55.87999725,30.35999892
3816,83.9799966,0,6,0,0,59.31999674,18.65999945
3817,68.21999668,0,2,0,0,57.51999561,8.699999824
3818,52.3399964,0,-5.100000024,-2,0,33.39999831,26.03999905
3819,58.47999655,-1.000000119,-3.799999952,0,0,50.19999766,13.07999965
3820,113.4399955,-1.000000119,6.5,0,0,68.8799945,39.05999823
3821,6.299999833,0,0,0,0,5.999999642,0.300000012
3822,35.83999828,0,-2.800000012,0,0,28.55999807,10.07999979
3823,5.659999669,0,0,0,0,5.359999657,0.300000012
3824,67.75999822,0,3.199999988,0,0,56.51999927,8.039999865
3825,76.77999642,0,8,0,0,50.47999626,18.29999948
3826,31.63999805,0,-0.800000012,0,0,25.95999873,6.479999885
3827,48.11999735,0,-0.5,0,0,41.71999818,6.899999827
3828,5.599999785,0,0.5,0,0,4.799999714,0.300000012
3829,6.819999635,0,0,0,0,6.159999639,0.659999996
3830,3.599999815,0,-1.5,0,0,4.799999714,0.300000012
3831,70.81999647,-1.000000119,-2,-2,0,60.99999867,14.81999967
3832,50.679997,-1.000000119,3.5,0,0,39.95999852,8.219999798
3833,5.899999619,0,-1,0,0,6.599999607,0.300000012
3834,69.11999694,0,2.5,0,0,50.59999809,16.01999961
3835,5.099999875,0,0,0,0,4.799999714,0.300000012
3836,4.69999969,0,-1,0,0,5.399999678,0.300000012
3837,120.4999953,-1.000000119,9.100000024,0,0,80.59999586,31.79999901
3838,16.69999881,0,-7.5,0,0,22.27999878,1.919999994
3839,73.73999704,0,2,0,0,51.9999966,19.73999932
3840,97.6199958,0,18.39999998,0,0,63.19999752,16.0199997
3841,43.93999764,0,-3.5,0,0,33.51999873,13.91999962
3842,60.77999726,0,-2.899999976,0,0,54.07999702,9.599999882
3843,118.4199941,-1.000000119,-0.5,-2,0,79.31999706,42.59999838
3844,160.279994,-1.000000119,23.89999998,-2,0,95.39999487,43.9799987
3845,96.33999646,-1.000000119,0,-2,0,72.03999534,27.29999924
3846,50.43999783,0,3.5,-2,0,35.19999868,13.73999968
3847,6.299999833,0,0,0,0,5.999999642,0.300000012
3848,68.13999655,0,5.400000036,0,0,44.55999914,18.1799996
3849,8.599999666,0,0.5,0,0,7.799999535,0.300000012
3850,50.45999765,0,-2,0,0,46.9999982,5.459999897
3851,8.759999752,0,0.5,0,0,7.959999621,0.300000012
3852,77.39999577,-1.000000119,4.5,0,0,50.19999804,23.69999897
3853,66.95999812,1.000000119,5.5,0,1,35.81999779,23.639999
3854,57.55999704,0,-1.800000012,0,0,49.3999968,9.959999777
3855,54.7199964,0,5.899999976,0,0,41.91999716,6.899999939
3856,5.9799999,0,1,0,0,4.679999769,0.300000012
3857,56.93999812,-1.000000119,4,0,0,44.99999775,8.939999811
3858,72.15999532,0,6.899999976,0,0,53.91999784,11.33999986
3859,93.09999494,0,5.700000048,0,0,78.2799951,9.119999841
3860,39.21999735,0,2.199999988,0,0,33.71999735,3.29999999
3861,53.67999762,0,0.400000036,0,0,41.51999795,11.7599998
3862,7.899999797,0,1,0,0,6.599999607,0.300000012
3863,74.55999865,0,10.89999998,0,0,45.47999802,18.17999949
3864,9.059999704,0,1,0,0,7.759999514,0.300000012
3865,18.39999893,0,-3.5,0,0,20.51999885,1.379999988
3866,22.17999893,0,-1.300000012,0,0,19.63999879,3.839999974
3867,6.299999654,0,0,0,0,5.999999642,0.300000012
3868,71.53999724,0,8.5,-4,0,48.43999828,18.59999938
3869,58.07999847,1.000000119,3,4,1,29.63999963,19.43999925
3870,71.79999752,0,5.900000036,0,0,57.43999717,8.459999889
3871,68.87999637,0,10.89999998,0,0,44.11999744,13.85999978
3872,231.3199911,-1.000000119,34.39999998,4,0,120.9599948,72.95999748
3873,169.5199964,0,20.69999999,-2,0,65.55999815,85.25999632
3874,59.49999763,0,7,0,0,46.31999771,6.17999988
3875,114.5199941,0,14.39999998,0,0,69.39999561,30.7199991
3876,77.19999754,0,7,0,0,62.03999753,8.159999855
3877,75.31999618,0,6.699999988,0,0,57.87999645,10.73999984
3878,4.099999756,0,-1,0,0,4.799999714,0.300000012
3879,93.9999969,0,9,0,0,55.23999839,29.75999892
3880,73.4399966,0,11.60000002,0,0,50.31999616,11.51999984
3881,4.099999726,0,-1,0,0,4.799999714,0.300000012
3882,44.49999771,0,4.699999988,0,0,34.99999815,4.79999993
3883,210.9399919,0,23.89999992,0,0,119.4799939,67.55999825
3884,8.319999874,0,1.5,0,0,6.159999639,0.659999996
3885,4.69999969,0,-1,0,0,5.399999678,0.300000012
3886,91.29999573,-1.000000119,9,0,0,58.51999751,24.77999901
3887,75.11999731,-1.000000119,9.199999988,0,0,58.39999789,8.519999854
3888,66.97999762,-1.000000119,11,0,0,50.319998,6.659999795
3889,56.67999804,0,4.5,0,0,28.71999891,23.45999899
3890,77.71999706,-1.000000119,15.19999999,0,0,55.83999772,7.679999873
3891,3.099999756,0,-2,0,0,4.799999714,0.300000012
3892,89.4999976,0,13.5,-2,0,47.03999649,30.95999914
3893,28.81999937,0,4.699999988,0,0,20.63999837,3.479999982
3894,6.219999611,0,0,0,0,5.919999599,0.300000012
3895,145.619996,0,30.39999998,0,0,84.07999618,31.13999888
3896,82.83999665,0,12.39999998,0,0,46.43999766,23.99999938
3897,56.99999857,0,7.899999976,0,0,38.11999768,10.97999978
3898,91.13999707,0,12.39999998,0,0,54.79999769,23.93999927
3899,129.8799943,-1.000000119,23.69999999,-6,0,64.75999673,48.41999787
3900,58.33999708,-1.000000119,13.69999999,0,0,38.19999851,7.439999878
3901,29.59999913,0,4.5,0,0,21.55999911,3.53999994
3902,6.719999731,0,0.5,0,0,5.559999675,0.659999996
3903,90.55999686,0,12.5,0,0,52.79999571,25.2599989
3904,111.159995,-1.000000119,13.69999999,-6,0,71.99999698,32.45999896
3905,63.67999828,0,8.699999988,-2,0,37.71999773,19.25999946
3906,118.5399962,-1.000000119,16.19999999,-4,0,82.31999683,25.01999943
3907,72.49999827,0,4,-8,0,38.39999747,38.09999838
3908,122.5599924,0,17.69999993,0,0,72.39999363,32.4599992
3909,64.49999732,-1.000000119,13,0,0,45.47999872,7.019999862
3910,67.53999798,-1.000000119,7.699999988,0,0,48.83999826,11.99999974
3911,83.37999722,-1.000000119,7,0,0,57.03999646,20.33999925
3912,69.73999649,-1.000000119,10,0,0,56.59999804,4.139999926
3913,211.4199913,0,31.59999996,-4,0,107.1999951,76.61999805
3914,64.87999652,-1.000000119,6.5,0,0,47.1999966,12.17999969
3915,77.15999807,0,5.199999988,0,0,50.83999689,21.11999951
3916,116.1599958,0,16,-4,0,53.51999679,50.63999809
3917,5.099999726,0,0,0,0,4.799999714,0.300000012
3918,68.49999683,-1.000000119,7,0,0,45.75999826,16.73999938
3919,72.73999748,-1.000000119,6,0,0,49.1999988,18.5399993
3920,38.05999905,0,4,-2,0,26.99999839,9.059999786
3921,11.51999944,0,0.5,0,0,10.35999939,0.659999996
3922,17.81999925,0,0,0,0,15.83999906,1.979999974
3923,121.4199929,-1.000000119,17.5,4,0,57.95999743,42.95999838
3924,100.3999961,0,25.59999996,0,0,52.71999761,22.07999966
3925,161.3799925,-1.000000119,19.19999999,0,0,97.87999278,45.29999829
3926,245.6199893,-1.000000119,39.39999998,-6,0,132.9999928,80.2199975
3927,3.099999756,0,-2,0,0,4.799999714,0.300000012
3928,78.19999743,0,11.19999999,2,0,39.07999772,25.91999917
3929,85.91999681,0,9.899999976,0,0,57.83999839,18.17999956
3930,88.4599968,-1.000000119,21,0,0,51.83999754,16.6199992
3931,37.71999939,1.000000119,4.5,-4,1,26.15999794,9.059999853
3932,175.2399917,0,26.69999999,-14,0,97.19999433,65.33999764
3933,4.599999815,0,-0.5,0,0,4.799999714,0.300000012
3934,66.07999866,-1.000000119,4.5,0,0,47.0399988,15.53999951
3935,89.49999619,-1.000000119,14.69999999,0,0,62.11999457,13.67999974
3936,98.99999602,-1.000000119,20,0,0,69.43999691,10.55999976
3937,82.61999722,0,8.5,2,0,48.35999782,23.75999917
3938,51.53999549,-1.000000119,4,0,0,38.63999687,9.899999753
3939,7.099999577,0,-1,0,0,7.799999535,0.300000012
3940,6.499999583,0,-1,0,0,7.199999571,0.300000012
3941,65.39999771,-1.000000119,12.5,0,0,40.51999812,13.37999955
3942,47.89999831,0,3.699999988,0,0,37.3599984,6.839999892
3943,4.599999815,0,-0.5,0,0,4.799999714,0.300000012
3944,74.15999814,0,6.5,-4,0,42.67999774,28.97999902
3945,57.91999805,0,1.5,0,0,41.95999829,14.45999945
3946,63.49999695,-1.000000119,11.69999999,0,0,46.67999819,6.119999908
3947,4.599999785,0,-0.5,0,0,4.799999714,0.300000012
3948,123.9799954,-1.000000119,15.5,0,0,61.83999699,47.63999832
3949,94.93999712,-1.000000119,12.5,0,0,55.59999818,27.83999897
3950,82.09999621,-1.000000119,6.5,0,0,47.79999829,28.79999884
3951,4.599999845,0,-0.5,0,0,4.799999714,0.300000012
3952,21.85999876,0,-1,0,0,21.23999858,1.619999982
3953,40.999998,0,2.599999964,0,0,31.0799979,7.319999948
3954,60.95999582,-1.000000119,8.5,0,0,45.23999579,8.219999835
3955,38.51999849,0,-2.300000012,0,0,35.83999842,4.979999959
3956,74.61999813,0,8.5,0,0,41.87999844,24.23999894
3957,97.23999576,-1.000000119,11,0,0,62.51999678,24.71999903
3958,21.19999874,0,-2.5,0,0,17.99999928,5.699999735
3959,4.599999785,0,-0.5,0,0,4.799999714,0.300000012
3960,6.099999845,0,1,0,0,4.799999714,0.300000012
3961,7.059999585,0,-1,0,0,7.399999559,0.659999996
3962,7.9399997,0,-1,0,0,8.279999673,0.659999996
3963,4.199999779,0,-1.5,0,0,5.399999678,0.300000012
3964,126.3599962,0,20.89999998,2,0,70.39999777,33.05999902
3965,108.6199943,-1.000000119,20.19999999,0,0,69.19999246,20.21999963
3966,68.17999676,-1.000000119,14,0,0,45.75999718,9.419999808
3967,50.79999635,-1.000000119,-3.800000012,0,0,47.67999741,7.919999875
3968,106.4399979,0,4.699999988,-2,0,75.23999795,28.49999879
3969,130.3999939,-1.000000119,21.19999999,0,0,68.55999574,41.63999872
3970,68.29999626,-1.000000119,-0.5,0,0,49.75999694,20.0399993
3971,29.51999837,0,-6.100000024,0,0,31.83999872,3.779999986
3972,15.93999947,0,-2,0,0,16.07999927,1.859999977
3973,4.599999815,0,-0.5,0,0,4.799999714,0.300000012
3974,138.2599925,-1.000000119,24.69999993,0,0,85.03999631,29.51999944
3975,48.45999692,-1.000000119,-7,0,0,44.63999923,11.81999973
3976,93.19999494,-1.000000119,-8.600000024,0,0,73.2799952,29.51999925
3977,32.43999784,-1.000000119,-23.09999996,0,0,46.0399988,10.49999984
3978,134.0599971,-1.000000119,19.39999998,-2,0,65.75999618,51.89999848
3979,30.73999715,0,-1,0,0,31.31999713,0.420000009
3980,48.49999571,0,-13.5,-2,0,43.71999617,20.27999938
3981,61.57999726,-1.000000119,-10.29999995,0,0,60.63999809,12.23999977
3982,4.499999583,0,-3,0,0,7.199999571,0.300000012
3983,95.35999605,0,8.199999988,0,0,52.59999834,34.55999868
3984,58.87999539,-1.000000119,-11.80000001,0,0,58.59999545,13.07999975
3985,56.09999709,-1.000000119,-7,0,0,47.11999828,16.97999936
3986,132.7199942,-1.000000119,2.199999988,0,0,75.23999721,56.27999835
3987,77.75999579,0,0.699999988,4,0,41.91999763,31.1399985
3988,6.839999735,0,0.5,0,0,6.039999664,0.300000012
3989,6.819999635,0,0,0,0,6.159999639,0.659999996
3990,41.29999746,-1.000000119,-6.300000012,0,0,43.19999866,5.399999924
3991,106.8599983,0,3.099999964,0,0,54.91999749,48.8399989
3992,55.51999576,-1.000000119,-19.80000001,0,0,62.15999703,14.15999974
3993,5.69999969,0,0,0,0,5.399999678,0.300000012
3994,116.4599961,0,10.5,0,0,57.47999747,48.47999831
3995,56.53999569,0,-7.300000012,0,0,54.83999623,8.999999844
3996,73.51999826,-1.000000119,8.5,0,0,54.19999877,11.81999975
3997,150.2799919,-1.000000119,11,6,0,76.07999584,58.19999777
3998,109.8799964,-1.000000119,8.5,0,0,72.55999731,29.81999888
3999,5.599999785,0,0.5,0,0,4.799999714,0.300000012
4000,7.419999599,0,0,0,0,6.759999603,0.659999996
4001,99.17999592,-1.000000119,3.699999988,0,0,64.19999678,32.27999875
4002,5.099999726,0,0,0,0,4.799999714,0.300000012
4003,6.919999838,0,0.5,0,0,6.119999707,0.300000012
4004,60.09999828,-1.000000119,12.39999998,0,0,36.63999793,12.05999982
4005,5.099999726,0,0,0,0,4.799999714,0.300000012
4006,65.79999721,0,1.199999988,0,0,47.43999895,17.15999962
4007,32.45999914,0,3.699999988,0,0,24.55999887,4.199999966
4008,78.11999643,-1.000000119,7.699999988,0,0,63.91999771,7.499999896
4009,78.83999768,-1.000000119,7.899999976,0,0,59.03999837,12.89999978
4010,66.9999981,0,4.5,0,0,31.11999859,31.37999854
4011,83.15999705,-1.000000119,18.69999999,0,0,41.03999819,24.41999916
4012,27.67999917,0,4.5,0,0,20.59999883,2.579999961
4013,6.999999702,0,-0.5,0,0,7.199999571,0.300000012
4014,4.099999726,0,-1,0,0,4.799999714,0.300000012
4015,77.99999782,-1.000000119,8.399999976,0,0,55.83999807,14.75999963
4016,5.599999785,0,0.5,0,0,4.799999714,0.300000012
4017,88.35999657,0,15.5,6,0,51.31999576,15.53999955
4018,92.87999693,-1.000000119,19.19999999,0,0,52.83999516,21.83999937
4019,95.93999511,-1.000000119,8.5,12,0,53.63999736,22.79999936
4020,68.49999811,-1.000000119,10,0,0,42.03999791,17.4599994
4021,107.319998,0,9.900000036,0,0,61.71999677,35.69999864
4022,4.97999984,0,0,0,0,4.679999709,0.300000012
4023,6.099999845,0,1,0,0,4.799999714,0.300000012
4024,118.4599969,0,21.5,0,0,67.5599949,29.39999912
4025,4.599999785,0,-0.5,0,0,4.799999714,0.300000012
4026,5.759999871,0,0.5,0,0,4.9599998,0.300000012
4027,85.2199983,-1.000000119,11,0,0,53.07999839,22.13999915
4028,3.099999726,0,-2,0,0,4.799999714,0.300000012
4029,70.0199987,0,9.399999976,0,0,50.47999735,10.13999984
4030,7.459999472,0,-1,0,0,7.799999446,0.659999996
4031,65.37999678,0,6.399999976,0,0,40.19999832,18.77999962
4032,71.03999765,0,9.399999976,0,0,41.11999673,20.5199993
4033,37.15999866,0,4,0,0,24.2799986,8.879999779
4034,93.0399961,-1.000000119,18.19999999,0,0,55.19999723,20.6399993
4035,73.31999616,-1.000000119,6.699999988,0,0,57.47999561,10.13999995
4036,253.0599905,-1.000000119,37.59999996,0,0,119.799994,96.65999609
4037,4.69999969,0,-1,0,0,5.399999678,0.300000012
4038,104.0599945,-1.000000119,14.39999998,0,0,67.43999725,23.21999946
4039,65.41999716,0,8.699999988,0,0,49.03999789,7.679999873
4040,70.47999784,-1.000000119,16.19999999,0,0,46.51999676,8.759999849
4041,5.899999648,0,-1,0,0,6.599999607,0.300000012
4042,4.599999785,0,-0.5,0,0,4.799999714,0.300000012
4043,23.83999938,0,2.5,0,0,14.19999897,7.139999643
4044,94.53999722,0,17.69999999,0,0,66.15999877,10.67999981
4045,4.199999809,0,-1.5,0,0,5.399999678,0.300000012
4046,63.91999778,-1.000000119,10.5,0,0,46.79999828,7.619999811
4047,48.03999944,0,6,-2,0,28.79999816,15.23999949
4048,49.87999764,0,1.199999988,0,0,34.5199983,14.15999955
4049,4.819999665,0,-2,0,0,6.159999639,0.659999996
4050,59.35999665,-1.000000119,7.199999988,0,0,43.31999713,9.839999825
4051,77.89999768,-1.000000119,11.69999999,0,0,47.03999845,20.1599995
4052,87.13999546,0,11.19999999,4,0,46.31999835,25.61999931
4053,5.099999726,0,0,0,0,4.799999714,0.300000012
4054,46.23999877,0,3,-4,0,30.79999888,16.43999933
4055,4.21999979,0,-1,0,0,4.919999778,0.300000012
4056,111.5799952,-1.000000119,25.5,0,0,64.27999686,22.79999916
4057,123.8799965,-1.000000119,22.59999996,0,0,57.39999802,44.87999849
4058,118.6399961,0,15.79999995,0,0,66.35999763,36.47999898
4059,71.45999651,-1.000000119,9.699999988,0,0,50.75999778,11.99999975
4060,40.73999865,1.000000119,5,0,1,22.03999859,11.69999948
4061,63.81999737,0,9.699999988,0,0,46.55999845,7.559999868
4062,74.25999677,0,11.5,-2,0,45.55999757,19.19999925
4063,5.099999845,0,0,0,0,4.799999714,0.300000012
4064,6.799999714,0,0.5,0,0,5.999999642,0.300000012
4065,64.43999681,-1.000000119,4.199999988,0,0,47.43999656,13.79999974
4066,64.31999715,0,7.199999988,0,0,43.43999785,13.6799997
4067,69.77999662,-1.000000119,8,0,0,46.15999727,16.61999943
4068,4.099999726,0,-1,0,0,4.799999714,0.300000012
4069,9.399999738,0,1.5,0,0,6.639999539,1.259999961
4070,71.51999699,0,13.19999999,0,0,50.75999841,7.559999876
4071,9.019999415,0,-1,0,0,9.359999388,0.659999996
4072,44.37999731,0,4.199999988,0,0,31.8399967,8.339999847
4073,77.31999809,0,8.199999988,0,0,38.27999902,30.83999851
4074,6.879999816,0,0.5,0,0,6.079999685,0.300000012
4075,142.2199952,-1.000000119,23.09999996,-2,0,80.11999667,41.99999899
4076,85.67999655,-1.000000119,13.5,2,0,49.87999684,21.29999933
4077,122.5199965,0,14.69999999,-6,0,75.83999574,37.97999867
4078,19.45999932,0,0,0,0,18.19999903,1.25999999
4079,66.97999704,0,9.5,4,0,38.71999788,14.75999955
4080,97.39999601,-1.000000119,14.69999999,0,0,66.47999637,17.21999966
4081,84.95999715,0,7,0,0,51.79999821,26.15999889
4082,32.51999938,0,3,-2,0,21.55999869,9.959999621
4083,58.07999795,-1.000000119,9.399999976,0,0,32.51999873,17.15999971
4084,4.859999597,0,-2,0,0,6.559999585,0.300000012
4085,9.19999969,0,0.5,0,0,8.039999574,0.659999996
4086,4.719999909,0,-0.5,0,0,4.919999778,0.300000012
4087,45.2399978,0,5.699999988,0,0,33.71999788,5.819999941
4088,81.07999742,-1.000000119,16,0,0,48.19999799,17.87999938
4089,155.7399936,-1.000000119,20.89999998,0,0,79.3199961,56.51999787
4090,169.5399946,-1.000000119,22.19999999,-2,0,83.79999713,66.53999764
4091,4.69999969,0,-1,0,0,5.399999678,0.300000012
4092,73.29999681,-1.000000119,14.69999999,0,0,52.27999689,7.319999881
4093,52.67999741,-1.000000119,5.5,0,0,42.59999742,5.579999894
4094,6.699999869,0,1,0,0,5.399999678,0.300000012
4095,75.01999567,-1.000000119,6.399999976,0,0,56.23999673,13.37999977
4096,100.0799964,0,17,6,0,45.63999696,31.43999927
4097,7.919999659,0,0.5,0,0,6.759999603,0.659999996
4098,151.3399953,0,29.49999994,0,0,75.75999569,46.07999844
4099,5.599999785,0,0.5,0,0,4.799999714,0.300000012
4100,4.599999785,0,-0.5,0,0,4.799999714,0.300000012
4101,131.3399933,-1.000000119,19.5,6,0,69.39999649,37.43999851
4102,63.53999829,0,12,0,0,40.91999829,10.61999977
4103,3.779999763,0,-2,0,0,5.479999721,0.300000012
4104,68.37999716,0,16.39999998,0,0,42.55999872,9.419999853
4105,103.3999962,0,20.19999999,0,0,62.91999759,20.27999943
4106,86.83999822,0,10.19999999,2,0,46.07999861,28.55999935
4107,60.3999967,0,7.699999988,-4,0,36.95999777,19.73999929
4108,23.49999896,0,0.699999988,0,0,19.79999882,2.999999985
4109,111.6199959,0,12,0,0,70.39999706,29.21999913
4110,5.099999905,0,0,0,0,4.799999714,0.300000012
4111,6.339999497,0,-1,0,0,7.039999485,0.300000012
4112,39.81999846,0,6.399999976,0,0,24.71999883,8.699999854
4113,4.099999726,0,-1,0,0,4.799999714,0.300000012
4114,73.89999632,-1.000000119,12.69999999,0,0,52.71999653,9.479999833
4115,61.05999757,0,15,0,0,43.2399978,2.819999956
4116,39.53999817,0,4.699999988,0,0,30.63999766,4.199999951
4117,6.699999809,0,1,0,0,5.399999678,0.300000012
4118,121.7599964,-1.000000119,23.5,0,0,64.63999663,34.6199986
4119,64.3599968,0,9.5,0,0,47.71999709,7.139999859
4120,5.099999726,0,0,0,0,4.799999714,0.300000012
4121,67.49999832,-1.000000119,11,0,0,44.83999766,12.65999955
4122,101.1999966,0,10.69999999,-4,0,54.83999608,39.6599986
4123,9.119999528,0,0.5,0,0,8.319999456,0.300000012
4124,113.2599979,0,20.29999995,0,0,67.27999629,25.67999951
4125,78.29999584,0,4.899999976,2,0,50.0399946,21.35999951
4126,50.41999799,0,10.69999999,0,0,32.1599986,7.559999861
4127,27.71999949,0,3,0,0,18.59999871,6.119999893
4128,100.3999979,0,15.19999999,-8,0,56.71999669,36.4799988
4129,6.699999869,0,1,0,0,5.399999678,0.300000012
4130,5.779999733,0,0,0,0,5.479999721,0.300000012
4131,4.639999807,0,-0.5,0,0,4.839999735,0.300000012
4132,7.159999579,0,-0.5,0,0,6.759999603,0.899999991
4133,7.399999738,0,0.5,0,0,6.599999607,0.300000012
4134,63.47999766,0,8.5,0,0,41.59999791,13.37999953
4135,72.89999742,0,11.39999998,0,0,42.11999689,19.37999947
4136,6.099999905,0,1,0,0,4.799999714,0.300000012
4137,195.3799955,0,21.49999988,0,0,78.3599982,95.51999628
4138,25.21999931,0,5,0,0,16.55999911,3.659999922
4139,5.099999726,0,0,0,0,4.799999714,0.300000012
4140,83.13999793,-1.000000119,14.69999999,0,0,53.71999705,15.71999969
4141,54.21999811,0,6,0,0,42.63999838,5.579999894
4142,121.7999959,0,19.19999999,0,0,75.59999566,26.99999905
4143,6.45999974,0,0,0,0,6.159999728,0.300000012
4144,66.29999699,-1.000000119,10,0,0,47.03999725,10.25999974
4145,128.0799944,-1.000000119,25.39999998,0,0,66.83999934,36.8399989
4146,66.2799964,-1.000000119,11.19999999,0,0,43.23999646,12.83999971
4147,5.299999654,0,-1,0,0,5.999999642,0.300000012
4148,120.5199945,0,16.5,0,0,68.31999645,35.69999837
4149,72.37999873,-1.000000119,8.700000048,0,0,53.75999694,10.91999979
4150,57.21999618,-1.000000119,5,0,0,42.7199965,10.49999975
4151,73.63999698,-1.000000119,14.5,0,0,50.83999744,9.299999811
4152,63.57999791,-1.000000119,10.69999999,0,0,48.83999768,5.039999932
4153,84.51999596,-1.000000119,19,0,0,57.99999674,8.519999847
4154,37.31999862,0,6.699999988,0,0,27.5599981,3.059999995
4155,57.7799978,0,9.699999988,0,0,39.67999791,8.399999857
4156,6.099999905,0,1,0,0,4.799999714,0.300000012
4157,205.0999936,-1.000000119,32.89999998,0,0,119.3199951,53.8799981
4158,159.9799962,-1.000000119,25.69999999,-2,0,62.75999478,74.51999699
4159,6.19999975,0,0.5,0,0,5.399999678,0.300000012
4160,113.0399959,-1.000000119,23.19999999,0,0,62.63999708,28.19999942
4161,88.77999663,-1.000000119,16.5,0,0,52.51999769,20.75999936
4162,6.779999793,0,0,0,0,6.479999602,0.300000012
4163,68.13999727,0,10,0,0,47.63999681,10.49999978
4164,70.99999686,-1.000000119,9.200000048,0,0,51.03999849,11.75999979
4165,2.599999815,0,-2.5,0,0,4.799999714,0.300000012
4166,8.919999838,0,1.5,0,0,6.759999603,0.659999996
4167,79.05999707,0,12,0,0,47.19999711,19.85999934
4168,119.719994,-1.000000119,20,8,0,65.35999795,27.35999913
4169,11.51999968,0,0.5,0,0,10.35999963,0.659999996
4170,78.03999653,0,8,2,0,51.59999722,16.43999945
4171,84.2999966,-1.000000119,19.29999995,2,0,49.23999684,14.75999982
4172,81.79999648,0,12.5,0,0,49.79999734,19.49999934
4173,39.19999892,0,4.199999988,0,0,25.63999927,9.359999619
4174,82.73999575,-1.000000119,15.59999996,0,0,53.43999751,14.69999979
4175,29.21999919,0,4.699999988,0,0,22.11999846,2.399999991
4176,66.69999748,0,7,0,0,50.51999812,9.179999813
4177,75.51999683,-1.000000119,11.19999999,0,0,51.51999498,13.79999973
4178,82.65999794,-1.000000119,18.69999999,0,0,54.15999812,10.79999974
4179,6.099999905,0,1,0,0,4.799999714,0.300000012
4180,5.599999785,0,0.5,0,0,4.799999714,0.300000012
4181,3.599999815,0,-1.5,0,0,4.799999714,0.300000012
4182,28.89999819,0,0.099999964,0,0,24.11999953,4.680000007
4183,81.19999734,0,16,0,0,57.87999824,7.319999881
4184,88.43999828,-1.000000119,12.5,0,0,50.71999857,26.21999879
4185,54.97999685,0,3,0,0,47.47999716,4.499999911
4186,68.89999776,-1.000000119,11.39999998,0,0,44.39999785,14.09999958
4187,5.599999785,0,0.5,0,0,4.799999714,0.300000012
4188,128.6999955,0,16.5,0,0,72.11999771,40.07999808
4189,119.2399954,-1.000000119,17.19999999,2,0,66.35999765,34.67999895
4190,86.91999634,0,11.19999999,0,0,55.19999856,20.51999915
4191,87.55999795,0,11.79999995,0,0,47.79999891,27.95999922
4192,132.8399945,-1.000000119,20.09999996,0,0,93.75999518,19.97999967
4193,86.17999725,0,10.69999999,0,0,54.95999604,20.51999924
4194,74.35999876,0,12.69999999,0,0,41.91999748,19.73999948
4195,91.89999619,-1.000000119,14.19999999,0,0,57.63999625,21.05999935
4196,6.19999975,0,0.5,0,0,5.399999678,0.300000012
4197,73.15999722,-1.000000119,7.5,0,0,56.27999694,10.37999975
4198,5.599999785,0,0.5,0,0,4.799999714,0.300000012
4199,112.1799951,0,19.69999999,-2,0,65.19999462,29.27999908
4200,75.91999689,-1.000000119,12.69999999,0,0,55.27999707,8.939999871
4201,5.599999785,0,0.5,0,0,4.799999714,0.300000012
4202,127.2599949,-1.000000119,18.19999999,0,0,64.15999786,45.89999833
4203,122.4799967,0,11.5,-10,0,75.07999857,45.89999843
4204,103.839996,-1.000000119,16.59999996,0,0,58.71999888,29.51999918
4205,23.45999932,0,3,0,0,19.19999886,1.25999999
4206,277.2799878,0,37.5,-2,0,135.7599931,106.0199958
4207,88.93999675,0,13.5,4,0,49.83999731,21.59999911
4208,58.27999774,-1.000000119,9.5,0,0,43.23999716,6.53999982
4209,5.21999979,0,0,0,0,4.919999778,0.300000012
4210,151.7199955,0,32.89999998,-2,0,62.07999737,58.73999798
4211,67.41999797,-1.000000119,15.69999999,0,0,44.19999744,8.519999854
4212,67.79999858,0,10.5,0,0,38.51999804,18.77999942
4213,58.53999782,0,5,0,0,45.79999714,7.739999846
4214,8.399999857,0,1.5,0,0,6.599999607,0.300000012
4215,6.899999976,0,1,0,0,5.599999785,0.300000012
4216,69.81999695,-1.000000119,12,0,0,45.43999663,13.37999958
4217,4.099999726,0,-1,0,0,4.799999714,0.300000012
4218,69.01999792,-1.000000119,14,0,0,49.95999725,6.059999883
4219,56.47999705,0,7.899999976,0,0,41.19999897,7.379999951
4220,109.3199944,0,25.29999995,0,0,61.03999731,22.97999963
4221,6.099999845,0,1,0,0,4.799999714,0.300000012
4222,9.279999614,0,0.5,0,0,8.479999542,0.300000012
4223,205.1999909,-1.000000119,31.29999995,0,0,111.8399937,63.05999862
4224,5.599999845,0,0.5,0,0,4.799999714,0.300000012
4225,5.799999774,0,-0.5,0,0,5.999999642,0.300000012
4226,120.9399961,-1.000000119,23.09999996,0,0,62.35999794,36.47999917
4227,73.7999965,-1.000000119,11.5,0,0,50.15999748,13.13999963
4228,63.81999838,0,12,0,0,44.07999761,7.739999838
4229,76.05999696,0,12,-2,0,39.23999792,26.81999919
4230,8.379999697,0,0,0,0,8.079999685,0.300000012
4231,115.3399955,0,17.39999998,0,0,53.47999692,44.45999841
4232,64.11999832,0,15.19999999,0,0,41.23999815,7.679999858
4233,131.399995,-1.000000119,35.09999996,-2,0,74.27999663,25.01999962
4234,30.25999919,0,1.699999988,0,0,24.35999863,4.199999966
4235,5.099999726,0,0,0,0,4.799999714,0.300000012
4236,74.13999599,0,9.299999952,0,0,53.55999619,11.27999988
4237,8.279999673,0,0.5,0,0,6.759999603,1.019999981
4238,112.9399976,-1.000000119,31.89999998,0,0,48.07999819,33.95999887
4239,125.7799957,0,13,2,0,55.1599983,55.61999781
4240,76.8999978,-1.000000119,12,0,0,49.99999903,15.89999927
4241,56.25999752,0,3,0,0,45.75999732,7.499999821
4242,62.55999756,-1.000000119,5,-4,0,47.5599969,14.99999966
4243,71.51999693,-1.000000119,7.5,0,0,45.99999806,19.01999924
4244,62.03999612,-1.000000119,5.199999988,0,0,41.15999679,16.67999958
4245,37.19999838,0,4,0,0,29.47999835,3.719999962
4246,5.599999785,0,0.5,0,0,4.799999714,0.300000012
4247,80.21999717,-1.000000119,9.5,-2,0,51.39999804,22.3199992
4248,75.21999653,-1.000000119,12,0,0,48.67999735,15.5399994
4249,123.9599966,-1.000000119,19.89999998,0,0,69.71999876,35.33999909
4250,79.15999661,0,11.5,-4,0,50.71999809,20.93999939
4251,117.7199959,1.000000119,9.99999994,-4,1,72.1599946,37.5599989
4252,6.599999964,0,1.5,0,0,4.799999714,0.300000012
4253,116.6999953,0,29.39999998,0,0,61.19999772,26.09999916
4254,67.13999671,0,15.89999998,0,0,37.31999935,13.91999976
4255,109.5199968,-1.000000119,19.29999995,0,0,52.63999622,38.57999883
4256,5.599999845,0,0.5,0,0,4.799999714,0.300000012
4257,5.699999809,0,0,0,0,5.399999678,0.300000012
4258,5.739999592,0,-1,0,0,6.079999596,0.659999996
4259,39.43999892,0,3.899999976,0,0,30.31999825,5.219999969
4260,131.3799966,-1.000000119,16.5,-6,0,74.71999516,47.15999854
4261,7.399999678,0,0.5,0,0,6.599999607,0.300000012
4262,21.31999901,0,0.199999988,0,0,18.11999863,2.999999978
4263,38.97999921,0,4.699999988,0,0,30.19999903,4.079999954
4264,72.37999728,0,10,0,0,47.19999827,15.17999954
4265,49.65999871,-1.000000119,11.39999998,0,0,30.31999868,8.939999871
4266,120.1799959,-1.000000119,14,0,0,69.55999762,37.6199988
4267,62.29999849,-1.000000119,6,0,0,40.55999771,16.73999946
4268,147.4599921,0,19.69999999,-6,0,83.8399967,49.91999868
4269,78.27999763,0,13.89999998,0,0,41.99999724,22.37999935
4270,5.699999869,0,0,0,0,5.399999678,0.300000012
4271,87.05999538,-1.000000119,12.5,2,0,57.47999562,16.07999957
4272,45.33999759,0,3.5,0,0,30.799999,11.03999966
4273,8.399999499,0,0.5,0,0,7.599999428,0.300000012
4274,94.27999705,-1.000000119,16.19999999,0,0,59.9999976,19.07999945
4275,25.47999901,0,3.5,0,0,19.87999842,2.099999964
4276,179.6599912,0,19.69999999,-8,0,101.7199962,66.23999749
4277,3.859999746,0,-1,0,0,4.559999704,0.300000012
4278,5.599999785,0,0.5,0,0,4.799999714,0.300000012
4279,8.19999975,0,0.5,0,0,7.399999678,0.300000012
4280,56.45999788,0,8.399999976,0,0,43.19999774,4.859999977
4281,102.7599965,0,16.69999999,-2,0,54.51999949,33.53999873
4282,71.39999796,1.000000119,3.699999988,0,1,38.51999807,27.17999906
4283,48.83999819,0,2.699999988,0,0,37.67999864,8.459999889
4284,70.19999702,-1.000000119,7.899999976,0,0,52.67999639,10.61999983
4285,6.399999797,0,-0.5,0,0,6.239999682,0.659999996
4286,26.05999911,0,1.699999988,0,0,19.91999979,4.439999953
4287,63.2399966,-1.000000119,7.5,0,0,48.15999807,8.579999827
4288,74.23999712,-1.000000119,8,0,0,42.87999775,24.35999918
4289,73.37999611,-1.000000119,13,0,0,52.79999746,8.579999827
4290,6.219999671,0,0,0,0,5.559999675,0.659999996
4291,79.39999712,0,12.89999998,0,0,56.95999824,9.539999858
4292,78.91999578,-1.000000119,11.5,0,0,50.47999585,17.93999932
4293,7.379999518,0,0,0,0,7.079999506,0.300000012
4294,55.7799989,1.000000119,6,-2,1,28.95999819,20.81999912
4295,76.39999597,0,9.5,0,0,47.6399979,19.25999917
4296,158.379995,0,26.09999996,4,0,83.27999692,44.99999849
4297,5.099999726,0,0,0,0,4.799999714,0.300000012
4298,5.599999785,0,0.5,0,0,4.799999714,0.300000012
4299,50.69999859,0,9.099999964,0,0,31.87999779,9.71999988
4300,4.599999785,0,-0.5,0,0,4.799999714,0.300000012
4301,25.3799991,0,2.699999988,0,0,19.67999871,2.999999993
4302,65.63999763,-1.000000119,11.5,0,0,36.95999826,18.17999936
4303,58.7799976,-1.000000119,6,0,0,44.95999776,8.819999784
4304,74.6599955,0,7,-4,0,45.79999739,25.85999916
4305,165.1199943,-1.000000119,27.89999998,-6,0,97.47999705,46.73999865
4306,74.49999526,0,13.39999998,0,0,48.55999736,12.53999979
4307,151.1799941,0,22.69999999,-4,0,78.59999762,53.87999801
4308,83.75999606,0,8.5,0,0,60.67999481,14.57999963
4309,39.03999853,0,5,0,0,22.27999902,11.7599995
4310,93.57999672,0,8.599999964,0,0,49.51999772,35.45999899
4311,94.93999679,0,12.69999999,0,0,52.59999685,29.63999885
4312,26.17999849,0,1.399999976,0,0,21.47999814,3.300000012
4313,8.43999964,0,0.5,0,0,6.919999689,1.019999981
4314,120.5599957,-1.000000119,23.5,2,0,59.75999743,36.29999892
4315,77.79999687,-1.000000119,12,0,0,44.35999708,22.43999934
4316,68.55999772,-1.000000119,9.200000048,0,0,44.15999908,16.19999941
4317,100.5399958,-1.000000119,11.69999999,-2,0,66.63999766,25.19999897
4318,74.97999637,-1.000000119,17.89999998,-6,0,47.15999855,16.91999972
4319,123.039996,-1.000000119,20,-2,0,72.55999817,33.47999908
4320,68.97999582,0,9.700000048,0,0,45.71999583,13.55999973
4321,71.65999646,-1.000000119,17,0,0,50.67999752,4.979999907
4322,4.599999785,0,-0.5,0,0,4.799999714,0.300000012
4323,31.79999888,0,3,0,0,20.39999908,8.399999708
4324,136.3799953,0,33.39999998,-6,0,78.43999704,30.53999943
4325,74.37999633,-1.000000119,12.69999999,0,0,54.63999681,8.039999865
4326,4.559999794,0,-0.5,0,0,4.759999692,0.300000012
4327,24.03999978,0,4,-6,0,20.27999854,5.759999886
4328,236.9999944,0,42.59999996,-6,0,95.03999433,105.3599965
4329,79.33999742,0,7,0,0,55.11999698,17.21999937
4330,75.55999644,-1.000000119,15.5,0,0,54.03999653,7.019999862
4331,64.53999662,0,9.699999988,0,0,40.19999726,14.63999968
4332,78.5599978,-1.000000119,13.19999999,0,0,48.95999753,17.39999942
4333,29.91999784,0,-1.400000036,0,0,23.63999908,7.679999955
4334,91.67999664,0,11.19999999,8,0,41.63999778,30.83999883
4335,44.13999867,0,6.099999964,0,0,30.95999728,7.079999954
4336,49.35999851,1.000000119,1,-2,1,35.03999853,13.31999958
4337,49.57999764,0,4.5,0,0,30.43999845,14.63999977
4338,71.23999591,-1.000000119,9.199999988,0,0,52.1199964,10.91999973
4339,39.81999809,0,3.5,-2,0,26.19999909,12.1199996
4340,32.9799991,0,2.399999976,0,0,26.55999851,4.019999996
4341,5.199999809,0,-0.5,0,0,5.399999678,0.300000012
4342,47.67999882,0,6,4,0,25.07999903,12.59999954
4343,98.21999598,0,15.19999999,-4,0,50.71999708,36.29999849
4344,66.11999688,-1.000000119,8.5,0,0,46.67999831,11.93999974
4345,3.099999756,0,-2,0,0,4.799999714,0.300000012
4346,5.099999726,0,0,0,0,4.799999714,0.300000012
4347,127.8199948,-1.000000119,20,-2,0,75.59999631,35.21999907
4348,69.55999748,-1.000000119,16.19999999,0,0,48.35999817,5.999999911
4349,46.71999907,0,7,2,0,25.2399987,12.47999956
4350,5.619999647,0,0,0,0,5.319999635,0.300000012
4351,5.399999708,0,-1.5,0,0,6.599999607,0.300000012
4352,101.9799976,-1.000000119,18.5,0,0,58.67999746,25.79999916
4353,42.79999816,0,7.199999988,0,0,26.83999741,8.759999819
4354,107.1599951,-1.000000119,18,0,0,64.35999513,25.79999934
4355,150.0599938,-1.000000119,17.69999999,0,0,90.63999265,42.71999861
4356,70.09999776,0,16.69999999,0,0,48.4799968,4.91999995
4357,39.93999916,0,8.899999976,0,0,26.95999849,4.079999998
4358,51.57999802,0,7.699999988,0,0,35.23999786,8.639999717
4359,77.69999631,0,5.699999988,0,0,49.19999818,22.79999924
4360,123.139996,0,17.19999999,-2,0,70.31999773,37.61999869
4361,90.25999612,0,10,0,0,56.67999762,23.57999903
4362,109.5199956,-1.000000119,21.5,-2,0,66.71999535,24.29999922
4363,28.95999897,0,2,-4,0,21.59999847,9.359999701
4364,159.6199951,0,34.39999998,2,0,77.19999699,46.01999824
4365,98.79999682,0,16.19999999,0,0,50.1999981,32.39999872
4366,4.699999839,0,-1,0,0,5.399999678,0.300000012
4367,92.87999666,0,16.5,-6,0,51.47999591,30.89999881
4368,56.0399982,0,5.699999988,-2,0,38.95999891,13.37999965
4369,150.2599963,0,31,0,0,78.63999511,40.61999889
4370,123.8399975,0,21,-10,0,62.55999714,50.27999799
4371,6.19999975,0,0.5,0,0,5.399999678,0.300000012
4372,150.6999926,-1.000000119,19.39999998,8,0,78.87999707,45.41999841
4373,6.399999738,0,-0.5,0,0,6.599999607,0.300000012
4374,56.13999675,0,10.39999998,0,0,41.11999728,4.619999982
4375,77.51999736,0,13.19999999,0,0,48.47999714,15.83999947
4376,40.99999911,0,8.199999988,0,0,27.99999881,4.799999937
4377,59.83999759,0,7.199999988,0,0,46.39999773,6.239999913
4378,30.25999886,0,3.699999988,0,0,22.3599981,4.199999951
4379,105.0599956,-1.000000119,11.89999998,-2,0,61.59999768,34.55999877
4380,7.599999785,0,-0.5,0,0,7.799999535,0.300000012
4381,130.1999956,-1.000000119,16,-2,0,73.39999735,43.79999835
4382,83.07999759,0,11.19999999,0,0,48.83999693,23.03999924
4383,76.91999754,0,11.5,0,0,53.71999712,11.69999976
4384,62.2999981,0,10,-6,0,34.239999,24.05999926
4385,79.23999697,0,9.5,0,0,52.0399964,17.69999938
4386,131.3399949,-1.000000119,15.89999998,0,0,76.11999378,40.31999882
4387,67.59999535,-1.000000119,9.899999976,0,0,46.75999858,11.9399998
4388,52.67999861,0,9,0,0,37.3199982,6.359999903
4389,48.7799992,0,9.5,0,0,29.43999887,9.83999978
4390,116.6199952,-1.000000119,14.79999995,0,0,81.27999486,21.53999932
4391,79.65999724,0,12,0,0,54.87999697,12.77999962
4392,6.099999845,0,1,0,0,4.799999714,0.300000012
4393,28.73999929,0,2.5,-8,0,24.87999821,9.359999642
4394,83.05999656,0,8.5,0,0,54.03999676,20.51999921
4395,139.6599981,0,18.69999999,4,0,67.27999765,49.67999814
4396,5.099999905,0,0,0,0,4.799999714,0.300000012
4397,8.639999628,0,0.5,0,0,7.839999557,0.300000012
4398,5.099999726,0,0,0,0,4.799999714,0.300000012
4399,4.099999726,0,-1,0,0,4.799999714,0.300000012
4400,5.71999985,0,0.5,0,0,4.919999778,0.300000012
4401,73.55999713,-1.000000119,8.5,0,0,50.87999855,15.1799995
4402,148.8399934,0,8,-6,0,76.87999532,69.95999751
4403,64.47999734,-1.000000119,5.5,0,0,43.83999719,16.13999938
4404,66.87999873,0,9.5,0,0,51.4399984,5.939999886
4405,4.599999815,0,-0.5,0,0,4.799999714,0.300000012
4406,63.01999789,0,9.5,-6,0,33.59999809,25.91999913
4407,29.33999866,0,0,0,0,28.91999865,0.420000009
4408,6.099999905,0,1,0,0,4.799999714,0.300000012
4409,93.29999813,0,12.5,0,0,55.59999742,25.19999903
4410,73.99999797,0,9.699999988,0,0,39.51999635,24.77999933
4411,5.599999845,0,0.5,0,0,4.799999714,0.300000012
4412,66.43999727,-1.000000119,11.5,0,0,45.91999827,10.01999977
4413,60.63999708,0,11.5,0,0,41.03999776,8.099999838
4414,66.79999757,0,11.19999999,0,0,45.15999748,10.43999982
4415,44.53999847,0,8,0,0,28.67999798,7.859999754
4416,63.79999708,-1.000000119,14.19999999,0,0,40.51999646,10.07999983
4417,45.45999789,0,3.199999988,0,0,35.35999882,6.899999917
4418,56.21999896,1.000000119,7,0,1,30.599998,16.61999942
4419,140.0199966,0,17,-8,0,59.07999527,71.93999716
4420,3.099999726,0,-2,0,0,4.799999714,0.300000012
4421,7.899999738,0,1,0,0,6.599999607,0.300000012
4422,5.019999683,0,0,0,0,4.719999671,0.300000012
4423,31.91999882,0,4,0,0,26.11999846,1.799999997
4424,6.19999975,0,0.5,0,0,5.399999678,0.300000012
4425,115.2599952,-1.000000119,19.19999999,-2,0,62.9999959,36.05999892
4426,128.2999951,-1.000000119,18.89999998,0,0,77.27999625,33.11999863
4427,60.09999785,-1.000000119,5,0,0,48.11999708,7.97999984
4428,30.07999858,0,3.199999988,0,0,22.3199985,4.55999995
4429,81.59999846,0,10,4,0,46.47999708,21.1199993
4430,158.9199933,-1.000000119,17.69999999,-4,0,78.47999562,67.73999714
4431,103.2799971,0,17.5,-2,0,67.9199965,19.85999962
4432,79.23999676,-1.000000119,12.59999996,0,0,55.27999617,12.35999982
4433,77.87999789,-1.000000119,8.5,0,0,49.67999637,20.69999909
4434,98.43999672,-1.000000119,19,-4,0,54.07999815,30.35999896
4435,57.27999714,0,9.5,0,0,39.31999822,8.45999983
4436,101.2199971,-1.000000119,19,0,0,63.23999596,19.97999915
4437,83.09999758,-1.000000119,14,0,0,59.95999739,10.13999979
4438,66.71999772,0,12.5,0,0,47.43999785,6.779999867
4439,68.19999821,0,13.19999999,-6,0,48.87999743,12.11999977
4440,7.379999876,0,1,0,0,6.079999685,0.300000012
4441,23.57999957,0,3,0,0,13.67999941,6.899999693
4442,69.31999654,0,14.5,0,0,49.7199965,5.099999897
4443,78.09999837,-1.000000119,9.5,-2,0,49.63999704,21.95999921
4444,64.59999698,-1.000000119,11.19999999,0,0,43.47999741,10.91999981
4445,5.69999969,0,0,0,0,5.399999678,0.300000012
4446,98.25999802,0,12,-6,0,65.43999729,26.81999916
4447,7.919999719,0,0.5,0,0,6.759999603,0.659999996
4448,9.799999535,0,0.5,0,0,8.999999464,0.300000012
4449,63.15999635,0,10.19999999,0,0,46.35999773,6.599999897
4450,106.219997,-1.000000119,15.09999996,-6,0,65.95999622,32.15999929
4451,4.21999979,0,-1,0,0,4.919999778,0.300000012
4452,36.01999897,0,4.399999976,0,0,27.59999822,4.019999996
4453,248.7799945,0,31.39999998,-16,0,121.8399945,111.5399963
4454,81.67999698,-1.000000119,16.5,0,0,55.07999595,11.09999964
4455,7.799999833,0,1.5,0,0,5.999999642,0.300000012
4456,62.65999711,0,6,-2,0,35.79999775,22.8599993
4457,5.69999969,0,0,0,0,5.399999678,0.300000012
4458,28.35999793,0,-0.5,0,0,28.43999791,0.420000009
4459,26.35999957,0,2.5,0,0,18.3999989,5.459999859
4460,27.55999953,0,5,0,0,18.12,4.439999893
4461,190.4799933,0,33.19999999,-12,0,90.7999932,78.47999703
4462,5.099999726,0,0,0,0,4.799999714,0.300000012
4463,7.959999621,0,0.5,0,0,7.159999549,0.300000012
4464,6.219999731,0,0,0,0,5.919999599,0.300000012
4465,5.099999726,0,0,0,0,4.799999714,0.300000012
4466,104.6599951,-1.000000119,17.39999998,0,0,63.23999557,25.01999926
4467,101.2999966,0,17.69999999,-2,0,57.63999763,27.9599992
4468,6.599999905,0,1.5,0,0,4.799999714,0.300000012
4469,6.359999895,0,0.5,0,0,5.559999764,0.300000012
4470,90.59999724,-1.000000119,11.5,0,0,56.39999854,23.69999912
4471,115.5799966,0,17.89999998,4,0,61.51999909,32.15999895
4472,66.27999721,-1.000000119,9.5,0,0,51.83999653,5.939999886
4473,130.0199958,0,28.69999993,0,0,61.35999606,39.95999894
4474,24.87999959,0,3,-4,0,17.95999902,7.919999778
4475,73.19999653,-1.000000119,7.699999988,-2,0,54.99999739,13.49999963
4476,7.819999754,0,1,0,0,6.519999564,0.300000012
4477,40.77999705,0,1.899999976,0,0,31.91999845,6.959999941
4478,100.3999947,0,12.39999998,-6,0,51.15999585,42.8399982
4479,6.999999702,0,-0.5,0,0,7.199999571,0.300000012
4480,6.139999926,0,1,0,0,4.839999735,0.300000012
4481,73.51999727,-1.000000119,7.5,0,0,49.67999826,17.33999931
4482,4.599999845,0,-0.5,0,0,4.799999714,0.300000012
4483,71.73999734,-1.000000119,14,0,0,43.799997,14.93999942
4484,39.31999898,0,7.199999988,0,0,23.239999,8.879999734
4485,105.2399958,0,9.5,0,0,50.43999922,45.29999821
4486,123.099996,0,15.69999999,0,0,64.55999647,42.83999836
4487,138.1799973,0,15.39999998,0,0,71.83999528,50.9399981
4488,79.51999851,-1.000000119,16.5,0,0,49.67999655,14.33999963
4489,6.819999635,0,0,0,0,6.159999639,0.659999996
4490,79.93999636,-1.000000119,9,0,0,50.87999707,21.05999924
4491,7.899999738,0,1,0,0,6.599999607,0.300000012
4492,140.6399956,-1.000000119,21.19999999,0,0,76.27999771,44.15999838
4493,78.29999834,0,10.69999999,0,0,43.71999884,23.87999926
4494,5.799999774,0,-0.5,0,0,5.999999642,0.300000012
4495,92.71999674,-1.000000119,11,-2,0,53.51999719,31.19999889
4496,156.7199917,-1.000000119,28.19999999,0,0,91.23999375,38.27999829
4497,61.81999719,-1.000000119,14.69999999,0,0,37.43999799,10.67999981
4498,27.95999897,0,2.899999976,0,0,20.6799981,4.37999998
4499,124.3799956,0,17,-4,0,70.51999715,40.85999868
4500,64.11999556,-1.000000119,5.5,0,0,49.47999623,10.1399996
4501,83.15999731,-1.000000119,16.19999999,0,0,55.3599975,12.59999972
4502,5.099999905,0,0,0,0,4.799999714,0.300000012
4503,112.719995,0,16.29999995,0,0,72.95999593,23.45999967
4504,84.99999725,-1.000000119,17.19999999,0,0,47.67999823,21.11999947
4505,109.2999965,0,8,8,0,50.75999801,42.53999836
4506,32.05999941,0,4.199999988,0,0,25.15999883,2.700000003
4507,85.13999689,0,12.39999998,0,0,57.19999777,15.53999972
4508,38.47999915,0,5.199999988,0,0,29.67999893,3.599999957
4509,11.03999984,0,2.5,0,0,7.879999489,0.659999996
4510,82.9399953,-1.000000119,12.39999998,0,0,59.35999653,12.1799998
4511,4.599999785,0,-0.5,0,0,4.799999714,0.300000012
4512,11.27999955,0,-0.5,0,0,11.11999944,0.659999996
4513,5.559999764,0,0.5,0,0,4.759999692,0.300000012
4514,94.67999683,0,17,0,0,57.63999794,20.0399996
4515,82.87999721,-1.000000119,10.5,0,0,56.87999572,16.49999949
4516,40.8399981,0,3,-2,0,28.43999809,11.39999957
4517,5.099999726,0,0,0,0,4.799999714,0.300000012
4518,62.09999719,0,7,0,0,46.7599975,8.339999788
4519,118.1399967,-1.000000119,27.89999998,0,0,58.59999663,32.639999
4520,5.659999669,0,0,0,0,5.359999657,0.300000012
4521,54.53999758,0,6.199999988,0,0,41.67999715,6.659999914
4522,7.599999666,0,0.5,0,0,6.799999595,0.300000012
4523,125.7199963,0,18.89999998,-2,0,75.99999616,32.81999924
4524,76.93999629,-1.000000119,9.5,0,0,47.67999797,20.75999921
4525,99.41999631,-1.000000119,12.89999998,0,0,64.11999626,23.3999994
4526,122.9199948,0,15.69999999,-2,0,67.75999743,41.45999821
4527,6.819999754,0,1,0,0,5.519999623,0.300000012
4528,133.7599966,0,28.5999999,-2,0,70.0799966,37.07999938
4529,5.599999785,0,0.5,0,0,4.799999714,0.300000012
4530,78.79999665,-1.000000119,10.19999999,0,0,50.99999764,18.59999963
4531,6.399999678,0,-0.5,0,0,6.599999607,0.300000012
4532,5.099999726,0,0,0,0,4.799999714,0.300000012
4533,79.4199964,0,9.099999964,0,0,52.9199993,17.39999968
4534,68.99999717,0,8.899999976,0,0,50.43999742,9.659999855
4535,4.599999785,0,-0.5,0,0,4.799999714,0.300000012
4536,115.499996,-1.000000119,16.5,-2,0,70.19999535,31.79999906
4537,6.219999671,0,0,0,0,5.559999675,0.659999996
4538,6.099999845,0,1,0,0,4.799999714,0.300000012
4539,88.09999719,-1.000000119,12,0,0,54.95999639,22.13999933
4540,99.03999633,-1.000000119,19.5,0,0,54.67999616,25.85999902
4541,102.0199983,-1.000000119,22.5,-2,0,61.39999709,21.11999945
4542,73.79999787,-1.000000119,11.5,-2,0,45.07999702,20.2199994
4543,111.859995,-1.000000119,21.89999998,0,0,61.67999598,29.27999908
4544,74.75999951,0,11.19999999,4,0,35.79999912,23.75999914
4545,8.819999456,0,-1,0,0,9.15999946,0.659999996
4546,5.639999866,0,0.5,0,0,4.839999735,0.300000012
4547,8.17999959,0,0,0,0,7.879999578,0.300000012
4548,77.09999731,-1.000000119,9,0,0,53.67999785,15.41999958
4549,66.07999714,-1.000000119,9.5,0,0,42.87999693,14.69999958
4550,61.05999774,0,7.5,-4,0,37.03999776,20.51999944
4551,8.099999547,0,0,0,0,7.799999535,0.300000012
4552,49.15999776,0,6.199999988,0,0,30.23999804,12.71999963
4553,71.21999834,0,11,0,0,47.31999768,12.89999963
4554,34.51999921,0,5.199999988,0,0,25.47999817,3.839999966
4555,37.95999849,0,5,0,0,22.51999858,10.43999958
4556,50.63999784,0,8.899999976,0,0,36.1599977,5.579999991
4557,5.559999824,0,0.5,0,0,4.759999692,0.300000012
4558,66.25999737,0,10.69999999,-6,0,48.9599973,12.59999968
4559,90.41999681,0,6.399999976,0,0,54.67999637,29.33999911
4560,7.799999595,0,0.5,0,0,6.639999539,0.659999996
4561,5.099999905,0,0,0,0,4.799999714,0.300000012
4562,101.5199966,-1.000000119,17,-6,0,58.7599984,32.75999881
4563,117.0199985,0,25.89999998,0,0,56.0799983,35.03999841
4564,5.179999769,0,0,0,0,4.879999757,0.300000012
4565,109.119997,0,17.29999995,0,0,62.959997,28.85999925
4566,137.0399943,-1.000000119,23.89999998,-2,0,81.39999802,34.73999905
4567,93.49999714,-1.000000119,15.5,-4,0,55.63999611,27.35999877
4568,6.19999975,0,0.5,0,0,5.399999678,0.300000012
4569,89.33999825,0,13.89999998,0,0,58.75999671,16.67999964
4570,6.099999845,0,1,0,0,4.799999714,0.300000012
4571,70.2999983,0,18,0,0,45.6399975,6.65999987
4572,6.599999964,0,1.5,0,0,4.799999714,0.300000012
4573,40.35999864,0,5.899999976,0,0,28.99999827,5.459999964
4574,81.65999642,-1.000000119,18.5,-4,0,54.59999815,13.55999959
4575,7.819999814,0,1,0,0,6.159999639,0.659999996
4576,72.2599961,-1.000000119,15,0,0,46.91999707,11.33999977
4577,81.61999778,0,12,0,0,45.55999793,24.05999918
4578,71.25999656,0,11,0,0,53.9599974,6.299999878
4579,7.299999833,0,1,0,0,5.999999642,0.300000012
4580,74.33999732,-1.000000119,11,0,0,47.95999658,16.37999961
4581,5.599999785,0,0.5,0,0,4.799999714,0.300000012
4582,80.83999741,-1.000000119,16.5,0,0,49.67999864,15.65999949
4583,51.29999828,0,8.399999976,0,0,35.99999827,6.899999931
4584,6.959999681,0,0.5,0,0,5.799999624,0.659999996
4585,80.05999762,0,10.69999999,0,0,46.91999757,22.43999908
4586,90.65999641,-1.000000119,12.69999999,0,0,54.59999849,24.35999898
4587,47.91999876,0,6,-2,0,31.43999821,12.47999962
4588,45.25999814,0,7.5,8,0,20.7599991,8.999999724
4589,8.899999917,0,2,0,0,6.599999607,0.300000012
4590,61.83999856,1.000000119,6.5,-12,1,39.1199978,26.21999909
4591,79.05999649,-1.000000119,17,0,0,52.67999765,10.37999974
4592,87.43999793,0,10.19999999,0,0,53.95999725,23.27999922
4593,61.63999769,0,7.5,-6,0,33.55999845,26.57999896
4594,9.119999588,0,0.5,0,0,7.959999532,0.659999996
4595,6.19999975,0,0.5,0,0,5.399999678,0.300000012
4596,6.819999576,0,0,0,0,6.159999579,0.659999996
4597,102.5999942,0,17.5,6,0,57.67999622,21.41999939
4598,71.3799973,0,10.5,0,0,50.67999683,10.19999982
4599,87.55999917,0,14.39999998,0,0,50.35999811,22.79999935
4600,4.099999726,0,-1,0,0,4.799999714,0.300000012
4601,80.53999764,0,15,0,0,53.71999802,11.81999975
4602,74.09999706,-1.000000119,14,0,0,47.95999789,13.13999961
4603,134.7999943,-1.000000119,20,-8,0,72.07999723,51.71999805
4604,71.01999646,0,14.09999996,0,0,42.39999631,14.51999979
4605,6.699999869,0,1,0,0,5.399999678,0.300000012
4606,87.53999586,0,10.39999998,0,0,49.47999668,27.65999951
4607,64.69999765,0,8,0,0,43.67999816,13.01999954
4608,77.17999733,0,8.699999988,0,0,54.19999753,14.27999968
4609,65.49999662,-1.000000119,10.39999998,0,0,48.35999672,7.739999913
4610,91.69999796,-1.000000119,19,0,0,57.79999895,15.8999995
4611,146.9599932,0,32,2,0,71.91999613,41.03999862
4612,84.03999756,0,9.5,0,0,60.5599985,13.97999945
4613,133.0199989,0,19.39999998,0,0,74.31999767,39.29999851
4614,82.73999716,0,16,0,0,46.63999784,20.0999993
4615,73.83999634,0,10.19999999,0,0,53.55999593,10.07999982
4616,128.3799945,-1.000000119,21.89999998,0,0,80.71999652,26.75999939
4617,59.89999819,1.000000119,6.5,-4,1,31.39999783,23.99999918
4618,172.7799968,0,41.79999995,0,0,55.79999646,75.17999789
4619,76.59999748,-1.000000119,11,0,0,48.95999652,17.63999944
4620,5.599999785,0,0.5,0,0,4.799999714,0.300000012
4621,42.37999949,0,5.699999988,0,0,30.67999887,5.999999911
4622,117.9599969,0,11,-6,0,71.7999946,41.15999849
4623,67.69999784,0,10.5,0,0,33.19999868,23.99999878
4624,84.71999758,0,12.19999999,0,0,56.79999776,15.71999943
4625,103.7199957,-1.000000119,16.59999996,0,0,69.1599962,18.95999972
4626,6.559999883,0,1.5,0,0,4.759999692,0.300000012
4627,73.87999632,-1.000000119,10.19999999,0,0,52.91999738,11.75999978
4628,31.55999887,0,0.5,0,0,30.63999879,0.420000009
4629,67.05999779,-1.000000119,12.69999999,0,0,46.23999821,9.119999848
4630,6.599999964,0,1.5,0,0,4.799999714,0.300000012
4631,6.299999684,0,-1,0,0,6.639999658,0.659999996
4632,51.41999793,-1.000000119,8.699999988,0,0,37.7199979,5.999999911
4633,94.07999825,-1.000000119,16.5,0,0,54.51999681,24.05999906
4634,28.2399987,0,0.899999976,0,0,22.71999846,4.619999982
4635,62.85999756,-1.000000119,8,0,0,48.59999782,7.259999856
4636,114.6599942,-1.000000119,22.39999998,0,0,61.63999431,31.61999922
4637,76.55999503,0,11,-4,0,50.11999555,19.43999937
4638,72.21999706,-1.000000119,12.69999999,0,0,52.59999683,7.919999868
4639,31.55999804,0,3.199999988,0,0,24.75999907,3.599999957
4640,92.29999663,0,12.5,0,0,62.15999813,17.63999943
4641,111.2199961,0,21.19999999,0,0,59.71999831,30.29999902
4642,10.81999964,0,1,0,0,9.15999946,0.659999996
4643,28.23999941,0,2.899999976,0,0,21.19999884,4.139999993
4644,72.0799972,0,11.5,0,0,52.71999824,7.859999843
4645,64.59999738,-1.000000119,7.5,0,0,50.35999766,7.739999793
4646,131.3999962,-1.000000119,38.99999994,0,0,66.27999616,27.11999951
4647,108.3599961,1.000000119,14.5,-8,1,55.75999776,44.09999861
4648,97.23999721,-1.000000119,20.09999996,0,0,57.07999815,21.05999962
4649,4.179999769,0,-1,0,0,4.879999757,0.300000012
4650,6.199999809,0,0.5,0,0,5.399999678,0.300000012
4651,113.0399944,0,24.59999996,-6,0,60.23999595,34.19999921
4652,48.61999762,0,3.199999988,0,0,32.63999858,12.77999961
4653,4.179999769,0,-1,0,0,4.879999757,0.300000012
4654,79.69999731,-1.000000119,16,0,0,54.67999748,10.01999979
4655,73.71999681,-1.000000119,6.199999988,0,0,52.43999626,16.07999958
4656,7.299999774,0,1,0,0,5.999999642,0.300000012
4657,67.35999703,0,14.5,0,0,46.07999784,6.779999867
4658,81.75999634,-1.000000119,11,4,0,46.99999832,20.75999936
4659,4.819999665,0,-2,0,0,6.159999639,0.659999996
4660,5.599999785,0,0.5,0,0,4.799999714,0.300000012
4661,70.17999756,0,6.5,8,0,35.75999826,19.91999945
4662,40.87999862,0,5,-4,0,26.67999893,13.19999952
4663,56.49999809,0,7.799999952,0,0,31.71999703,16.97999971
4664,144.5799967,0,21.19999999,0,0,75.31999505,48.05999827
4665,84.2799949,-1.000000119,13.69999999,0,0,54.83999442,16.7399997
4666,62.47999873,0,7,-4,0,34.75999939,24.71999899
4667,99.37999806,0,13.89999998,0,0,51.99999765,33.47999901
4668,66.65999801,0,10.5,-2,0,41.83999784,16.31999968
4669,63.5399977,0,13.69999999,0,0,41.7999983,8.039999835
4670,80.01999719,-1.000000119,12.69999999,0,0,59.67999624,8.639999852
4671,55.19999853,0,8.5,0,0,37.75999814,8.939999767
4672,30.75999808,0,0.199999988,0,0,29.59999803,0.960000038
4673,8.079999745,0,0.5,0,0,6.919999689,0.659999996
4674,113.9799963,-1.000000119,16.19999999,4,0,62.43999824,32.33999921
4675,81.05999547,-1.000000119,9.5,-2,0,52.11999698,22.43999896
4676,61.77999779,-1.000000119,9.699999988,0,0,45.51999743,7.559999876
4677,40.27999759,0,3.599999964,0,0,30.43999879,6.239999972
4678,7.799999893,0,1.5,0,0,5.999999642,0.300000012
4679,74.01999773,0,12,0,0,47.19999748,14.81999936
4680,91.41999678,-1.000000119,10.5,0,0,58.03999686,23.87999909
4681,4.599999785,0,-0.5,0,0,4.799999714,0.300000012
4682,3.099999726,0,-2,0,0,4.799999714,0.300000012
4683,76.37999743,-1.000000119,12,0,0,55.59999759,9.7799998
4684,79.99999633,-1.000000119,9.699999988,0,0,48.19999829,23.09999919
4685,80.67999661,0,13,-4,0,50.91999763,20.75999933
4686,6.599999964,0,1.5,0,0,4.799999714,0.300000012
4687,53.27999842,0,4,-4,0,31.43999743,21.8399991
4688,65.53999779,0,11,0,0,47.15999788,7.379999854
4689,53.41999704,-1.000000119,2,0,0,45.63999626,6.779999867
4690,91.55999624,-1.000000119,14.5,0,0,58.19999703,19.8599992
4691,80.47999685,0,11.5,0,0,54.15999773,14.81999949
4692,193.9999948,0,26.09999996,-8,0,88.95999691,86.93999645
4693,6.719999731,0,0.5,0,0,5.559999675,0.659999996
4694,68.07999811,0,9,2,0,35.71999761,21.35999928
4695,59.91999824,0,8.5,0,0,42.11999877,9.299999811
4696,35.01999819,0,2.5,2,0,20.19999945,10.31999962
4697,95.79999745,0,18,0,0,52.35999735,25.43999915
4698,79.6599977,-1.000000119,13,0,0,44.55999838,23.0999992
4699,6.019999743,0,-1,0,0,6.359999746,0.659999996
4700,6.099999905,0,1,0,0,4.799999714,0.300000012
4701,5.139999926,0,0,0,0,4.839999735,0.300000012
4702,127.079997,-1.000000119,21.5,-8,0,68.43999688,46.13999828
4703,99.71999729,0,14.19999999,-4,0,59.03999679,30.47999913
4704,43.35999864,0,6,-2,0,24.47999913,14.87999942
4705,7.819999754,0,1,0,0,6.159999639,0.659999996
4706,92.75999694,0,15.5,0,0,55.1199974,22.13999914
4707,4.599999845,0,-0.5,0,0,4.799999774,0.300000012
4708,140.8199957,0,17,4,0,65.75999618,54.05999778
4709,6.19999975,0,0.5,0,0,5.399999678,0.300000012
4710,113.3799954,0,19.79999995,0,0,66.87999617,26.69999949
4711,58.57999684,0,6,0,0,44.35999712,8.21999979
4712,78.43999685,-1.000000119,16.19999999,0,0,48.9599961,14.27999961
4713,73.03999749,-1.000000119,10.5,0,0,46.67999829,16.85999944
4714,118.1399944,0,16.69999999,0,0,75.99999532,25.43999929
4715,66.61999704,-1.000000119,8.699999988,0,0,42.95999685,15.95999969
4716,92.09999797,0,12.19999999,0,0,51.87999782,28.01999909
4717,176.6999955,0,25.59999996,-4,0,79.55999541,75.53999794
4718,84.95999628,0,9.599999964,0,0,54.95999634,20.39999949
4719,146.8799952,0,24.39999998,0,0,72.31999786,50.15999808
4720,10.21999961,0,1,0,0,8.559999496,0.659999996
4721,29.4799993,0,2.199999988,0,0,23.79999904,3.479999967
4722,7.919999719,0,0.5,0,0,7.119999647,0.300000012
4723,90.61999744,0,16.39999998,0,0,62.39999807,11.81999981
4724,7.399999738,0,0.5,0,0,6.599999607,0.300000012
4725,28.37999892,0,2.699999988,0,0,22.31999834,3.35999997
4726,108.459995,-1.000000119,21.89999998,-10,0,60.11999807,37.43999901
4727,88.19999647,0,10.5,-2,0,56.47999801,23.21999941
4728,82.63999769,-1.000000119,11,-2,0,54.1199977,20.51999924
4729,81.21999696,-1.000000119,14.5,0,0,56.91999845,10.79999974
4730,9.599999487,0,0.5,0,0,8.799999356,0.300000012
4731,52.59999883,0,6,-2,0,36.71999824,11.87999961
4732,6.899999619,0,0,0,0,6.599999607,0.300000012
4733,58.11999778,-1.000000119,12.5,0,0,38.39999618,8.219999835
4734,56.93999709,0,8,0,0,40.95999825,7.97999984
4735,80.73999579,0,16.59999996,0,0,51.71999849,12.41999984
4736,9.599999726,0,1.5,0,0,7.799999535,0.300000012
4737,80.67999735,0,13.5,-4,0,37.15999825,34.01999883
4738,53.19999751,-1.000000119,6.5,0,0,40.91999826,6.779999778
4739,92.11999749,-1.000000119,15.89999998,0,0,48.95999645,28.25999916
4740,79.3999978,0,7.399999976,0,0,46.43999732,25.55999932
4741,88.71999609,0,11.19999999,0,0,61.43999568,16.07999963
4742,9.799999833,0,2.5,0,0,6.999999464,0.300000012
4743,74.73999724,0,11,0,0,47.35999872,16.37999947
4744,7.299999774,0,1,0,0,5.999999642,0.300000012
4745,8.419999719,0,1,0,0,6.759999603,0.659999996
4746,40.57999814,0,7.699999988,0,0,25.79999799,7.079999894
4747,77.51999661,0,12,-8,0,53.71999764,19.79999939
4748,155.799994,-1.000000119,21.5,2,0,79.11999515,54.17999748
4749,151.8999923,-1.000000119,29.5,-4,0,73.03999556,54.35999765
4750,88.57999699,0,8.699999988,0,0,62.23999719,17.63999948
4751,71.09999666,-1.000000119,7.699999988,0,0,50.7199965,13.67999974
4752,8.599999666,0,0.5,0,0,7.799999535,0.300000012
4753,8.599999666,0,0.5,0,0,7.799999535,0.300000012
4754,109.3999967,0,22.59999996,0,0,58.59999695,28.19999944
4755,4.599999785,0,-0.5,0,0,4.799999714,0.300000012
4756,5.599999785,0,0.5,0,0,4.799999714,0.300000012
4757,126.359995,0,25.09999996,0,0,69.39999904,31.85999928
4758,39.91999841,0,5.699999988,0,0,28.87999785,5.339999951
4759,27.31999922,0,3,-4,0,20.7599991,7.559999689
4760,134.5199957,0,13.5,-12,0,66.83999598,66.17999722
4761,87.29999739,0,13.69999999,0,0,49.11999828,24.47999916
4762,88.11999671,-1.000000119,14.5,-2,0,55.31999868,21.29999932
4763,57.85999732,-1.000000119,9.699999988,0,0,39.19999719,9.959999815
4764,90.83999738,0,15.69999999,4,0,42.51999862,28.61999892
4765,67.63999891,0,11.19999999,0,0,41.67999762,14.75999948
4766,64.73999688,-1.000000119,12.69999999,0,0,45.95999807,7.079999886
4767,37.83999902,0,6,0,0,20.79999882,11.03999959
4768,31.33999914,0,2.700000048,0,0,24.07999939,4.559999943
4769,105.2999966,-1.000000119,12.59999996,0,0,69.63999687,24.05999935
4770,80.5799972,-1.000000119,11.19999999,0,0,58.67999759,11.69999977
4771,118.2799971,0,21.60000002,0,0,62.35999675,34.31999868
4772,32.97999886,0,4.699999988,0,0,25.15999804,3.119999975
4773,5.199999779,0,-0.5,0,0,5.399999678,0.300000012
4774,9.759999573,0,0.5,0,0,8.599999487,0.659999996
4775,3.69999972,0,-2,0,0,5.399999678,0.300000012
4776,72.47999763,-1.000000119,13.5,0,0,52.95999719,7.019999862
4777,137.2399951,-1.000000119,32.59999996,0,0,70.5999954,35.0399993
4778,72.95999628,-1.000000119,8.5,0,0,48.8399974,16.61999945
4779,93.73999573,-1.000000119,17.19999999,-4,0,51.71999736,29.8199992
4780,7.879999936,0,1.5,0,0,6.079999685,0.300000012
4781,6.319999874,0,0.5,0,0,5.519999743,0.300000012
4782,156.4399967,0,31.59999996,-4,0,84.9199965,43.91999877
4783,79.8799977,0,12.5,0,0,51.23999713,16.13999937
4784,76.89999658,0,13,0,0,50.99999668,12.89999973
4785,89.41999571,0,15,0,0,52.1599979,22.25999893
4786,6.819999635,0,0,0,0,6.159999639,0.659999996
4787,69.87999719,-1.000000119,12.5,0,0,44.6399969,13.73999949
4788,107.2799975,-1.000000119,19,0,0,65.0399982,24.23999906
4789,4.599999785,0,-0.5,0,0,4.799999714,0.300000012
4790,5.099999726,0,0,0,0,4.799999714,0.300000012
4791,139.9199945,-1.000000119,11.5,8,0,69.27999753,52.13999818
4792,6.619999528,0,-1,0,0,6.599999577,1.019999981
4793,68.87999791,0,9.5,2,0,33.55999857,23.81999906
4794,46.01999831,0,6.199999988,4,0,26.03999832,9.779999658
4795,68.83999768,0,15.5,0,0,45.23999903,8.099999838
4796,6.759999812,0,0.5,0,0,5.599999696,0.659999996
4797,180.1399957,0,30.69999999,-2,0,95.27999687,56.15999831
4798,83.03999601,-1.000000119,16,0,0,51.59999649,16.43999966
4799,54.91999659,-1.000000119,9.5,0,0,39.27999607,7.139999799
4800,50.7399984,1.000000119,6.5,-2,1,30.07999724,14.15999963
4801,64.41999759,0,11,0,0,42.6799974,10.73999972
4802,5.599999785,0,0.5,0,0,4.799999714,0.300000012
4803,166.0799956,-1.000000119,34.69999999,0,0,80.35999566,52.01999815
4804,63.09999646,0,16.39999998,0,0,37.63999897,9.059999868
4805,25.63999861,0,1.199999988,0,0,21.79999799,2.639999978
4806,61.31999741,0,14.19999999,0,0,37.15999608,9.959999733
4807,38.61999863,0,6,0,0,18.63999887,13.97999939
4808,88.7999976,-1.000000119,11.69999999,-4,0,48.55999894,33.53999872
4809,5.099999726,0,0,0,0,4.799999714,0.300000012
4810,5.799999744,0,-0.5,0,0,5.999999642,0.300000012
4811,67.27999778,0,8.5,0,0,45.99999748,12.77999957
4812,101.2199969,0,21.69999999,0,0,63.19999562,16.31999969
4813,106.3999973,-1.000000119,20.5,0,0,57.91999659,28.97999919
4814,6.699999809,0,1,0,0,5.399999678,0.300000012
4815,4.099999726,0,-1,0,0,4.799999714,0.300000012
4816,97.51999652,0,8.199999988,0,0,56.07999599,33.23999912
4817,107.8399956,0,11.19999999,0,0,60.51999485,36.11999896
4818,55.65999728,0,10,0,0,39.95999663,5.699999891
4819,77.65999667,-1.000000119,9,0,0,49.91999713,19.73999931
4820,76.71999655,-1.000000119,8.900000036,0,0,52.19999645,16.61999965
4821,5.69999969,0,0,0,0,5.399999678,0.300000012
4822,97.03999704,-1.000000119,28.19999999,0,0,60.71999799,9.119999826
4823,52.0799979,0,6,2,0,30.51999903,13.55999949
4824,69.679998,0,8.199999988,0,0,38.07999672,23.39999907
4825,80.47999866,0,14,-2,0,50.9599981,17.51999947
4826,63.91999719,-1.000000119,9.199999988,0,0,49.23999801,6.4799999
4827,8.899999917,0,2,0,0,6.599999607,0.300000012
4828,92.97999662,0,14,-8,0,50.55999643,36.41999862
4829,61.83999801,-1.000000119,5.5,0,0,49.47999777,7.859999843
4830,80.85999709,-1.000000119,15.39999998,0,0,56.91999555,9.539999858
4831,133.9999952,-1.000000119,18,-8,0,72.31999728,52.67999784
4832,7.559999824,0,0.5,0,0,6.759999692,0.300000012
4833,7.819999814,0,1,0,0,6.159999639,0.659999996
4834,61.05999699,-1.000000119,18.69999999,0,0,35.55999704,7.799999863
4835,82.61999626,-1.000000119,13,6,0,40.19999655,24.41999923
4836,79.27999622,-1.000000119,13,-2,0,50.43999618,18.8399992
4837,7.459999979,0,1,0,0,5.799999803,0.659999996
4838,98.41999719,-1.000000119,28.59999996,0,0,54.5599981,16.25999976
4839,35.67999846,0,4,-2,0,22.51999885,11.15999953
4840,5.099999726,0,0,0,0,4.799999714,0.300000012
4841,64.93999664,-1.000000119,4,0,0,47.71999672,14.2199995
4842,54.65999673,-1.000000119,4,0,0,40.67999853,10.97999974
4843,165.8199957,-1.000000119,34.89999998,0,0,85.35999565,46.55999833
4844,99.99999599,-1.000000119,15.19999999,0,0,60.35999538,25.4399993
4845,4.099999726,0,-1,0,0,4.799999714,0.300000012
4846,109.8799977,-1.000000119,19.5,0,0,60.35999746,31.01999868
4847,8.299999714,0,1,0,0,6.639999539,0.659999996
4848,75.73999664,0,9.699999988,0,0,43.59999858,22.43999919
4849,78.83999823,-1.000000119,17.5,0,0,51.35999668,10.97999977
4850,26.77999794,0,-1,0,0,27.47999793,0.300000012
4851,100.8599943,-1.000000119,14.69999999,10,0,56.15999635,20.99999947
4852,5.599999785,0,0.5,0,0,4.799999714,0.300000012
4853,6.939999521,0,-1,0,0,7.279999495,0.659999996
4854,82.15999699,0,15.19999999,0,0,54.11999761,12.83999959
4855,222.8399912,-1.000000119,28.69999999,-4,0,115.1999958,83.93999686
4856,4.69999969,0,-1,0,0,5.399999678,0.300000012
4857,174.2999935,-1.000000119,41.29999995,0,0,89.23999654,44.75999855
4858,78.91999836,0,14.19999999,0,0,42.39999622,22.31999967
4859,82.77999714,0,17.69999999,0,0,53.91999616,11.15999977
4860,250.6999937,0,48.99999988,-2,0,115.199997,88.49999711
4861,92.79999687,-1.000000119,8,0,0,57.47999808,28.31999889
4862,94.0599957,-1.000000119,19,-2,0,57.23999734,20.81999936
4863,6.299999654,0,0,0,0,5.999999642,0.300000012
4864,117.3599951,-1.000000119,14.59999996,0,0,76.15999441,27.59999935
4865,103.8999962,-1.000000119,23.19999999,2,0,52.5199977,27.17999928
4866,32.7199986,0,4.699999988,0,0,24.47999883,3.539999992
4867,5.599999785,0,0.5,0,0,4.799999714,0.300000012
4868,152.6199961,0,22.89999998,0,0,85.4399945,44.27999853
4869,106.3999965,0,16.5,0,0,58.51999794,31.37999866
4870,40.3599984,0,6.199999988,0,0,30.43999761,3.719999962
4871,5.599999785,0,0.5,0,0,4.799999714,0.300000012
4872,86.35999858,0,16,0,0,51.39999865,18.95999945
4873,6.219999909,0,1,0,0,4.919999778,0.300000012
4874,63.87999722,-1.000000119,10.19999999,0,0,45.67999771,8.999999844
4875,89.53999794,0,13,0,0,53.91999757,22.61999946
4876,69.97999746,0,11.69999999,0,0,42.31999695,15.95999934
4877,58.57999786,-1.000000119,6,0,0,41.15999754,12.41999974
4878,5.599999845,0,0.5,0,0,4.799999714,0.300000012
4879,55.69999857,-1.000000119,12.39999998,0,0,33.19999894,11.09999983
4880,74.23999685,-1.000000119,9,0,0,48.35999838,17.8799994
4881,102.9199965,-1.000000119,19,0,0,56.95999724,27.95999899
4882,6.199999809,0,0.5,0,0,5.399999678,0.300000012
4883,8.039999664,0,0.5,0,0,6.759999603,0.779999994
4884,75.85999787,0,15.5,-8,0,43.51999857,24.83999939
4885,162.4999964,-1.000000119,31.39999998,0,0,86.79999553,45.29999825
4886,65.61999875,0,7.5,-12,0,40.47999798,29.63999885
4887,118.9399955,0,32.09999996,0,0,68.95999651,17.87999972
4888,110.1199962,0,15,0,0,54.43999606,40.67999844
4889,85.879997,-1.000000119,9.5,0,0,51.15999505,26.21999937
4890,109.499997,-1.000000119,15.39999998,0,0,57.59999701,37.49999857
4891,56.03999777,0,5.399999976,0,0,40.55999824,10.07999979
4892,138.7199949,0,19.5,-6,0,86.63999657,38.57999878
4893,137.3399955,-1.000000119,28.69999999,2,0,77.99999646,29.63999927
4894,208.5799903,-1.000000119,31.49999994,4,0,125.5999928,48.47999902
4895,7.799999595,0,0.5,0,0,6.639999539,0.659999996
4896,62.93999742,-1.000000119,9.699999988,0,0,46.91999765,7.319999881
4897,63.63999678,-1.000000119,11.5,0,0,46.11999772,7.019999862
4898,42.6999982,0,5.199999988,0,0,32.63999817,4.859999955
4899,54.2599979,0,4,4,0,28.07999855,18.17999922
4900,49.27999794,1.000000119,7.199999988,0,1,30.83999854,9.239999764
4901,113.4199945,0,22.59999996,0,0,72.15999635,18.65999971
4902,27.45999879,0,4.699999988,0,0,19.75999835,2.99999997
4903,60.89999668,0,7,0,0,45.07999647,8.819999821
4904,44.87999886,0,8,-2,0,27.35999864,11.51999959
4905,6.599999964,0,1.5,0,0,4.799999714,0.300000012
4906,34.83999848,0,3.5,-4,0,25.91999862,9.419999689
4907,107.2599966,0,16.5,0,0,66.27999723,24.47999926
4908,68.25999807,-1.000000119,17,0,0,41.99999813,10.25999977
4909,4.699999869,0,-1,0,0,5.399999678,0.300000012
4910,98.75999644,-1.000000119,22.19999999,0,0,55.83999824,21.71999943
4911,78.93999751,-1.000000119,13,0,0,58.9599981,7.97999984
4912,74.89999725,-1.000000119,11,0,0,52.11999752,12.77999968
4913,5.659999669,0,0,0,0,5.359999657,0.300000012
4914,50.1399987,0,3,-2,0,29.03999817,20.09999926
4915,7.199999928,0,1.5,0,0,5.399999678,0.300000012
4916,68.47999948,0,9,0,0,34.39999837,25.07999901
4917,75.29999618,-1.000000119,9.399999976,0,0,52.43999891,14.45999973
4918,29.99999934,0,3.899999976,0,0,22.07999812,4.019999996
4919,5.099999726,0,0,0,0,4.799999714,0.300000012
4920,82.83999747,-1.000000119,9,2,0,56.39999822,16.43999948
4921,81.65999654,0,11,0,0,51.9999966,18.65999919
4922,38.35999879,0,6.699999988,0,0,27.51999865,4.139999971
4923,62.07999806,0,12.5,0,0,41.71999775,7.859999783
4924,71.33999713,-1.000000119,10,0,0,43.67999752,18.65999935
4925,14.73999906,0,0,0,0,14.07999906,0.659999996
4926,30.07999831,0,5.199999988,0,0,20.67999923,4.199999966
4927,39.7599985,0,4,-4,0,24.39999837,15.35999944
4928,101.819996,-1.000000119,13.19999999,0,0,61.47999535,28.13999914
4929,7.419999599,0,0,0,0,6.759999603,0.659999996
4930,85.71999663,-1.000000119,14,4,0,54.19999751,14.51999968
4931,5.099999726,0,0,0,0,4.799999714,0.300000012
4932,6.719999731,0,0.5,0,0,5.559999675,0.659999996
4933,34.87999904,0,3,-4,0,23.99999899,11.87999963
4934,100.9799955,0,11,6,0,51.15999639,32.8199989
4935,78.15999754,-1.000000119,10.5,0,0,52.039997,16.61999942
4936,140.1799952,-1.000000119,25.69999999,0,0,84.39999497,31.07999907
4937,175.959995,-1.000000119,42.39999998,-2,0,92.99999623,43.55999898
4938,56.13999712,0,4,0,0,45.11999786,7.019999854
4939,108.2399959,0,21,0,0,60.71999804,26.51999901
4940,69.23999667,0,3.599999964,0,0,47.15999928,18.4799997
4941,6.319999874,0,0.5,0,0,5.519999743,0.300000012
4942,75.49999593,-1.000000119,12.69999999,0,0,53.35999689,10.43999981
4943,6.699999869,0,1,0,0,5.399999678,0.300000012
4944,104.4199951,0,17.69999999,0,0,73.99999708,12.71999981
4945,57.31999826,0,4.5,0,0,40.39999934,12.41999962
4946,5.639999807,0,0.5,0,0,4.839999735,0.300000012
4947,83.77999584,-1.000000119,15,0,0,58.55999665,11.21999974
4948,91.47999697,-1.000000119,22.09999996,2,0,49.59999833,18.7799997
4949,52.13999784,0,7.5,2,0,31.23999792,11.3999996
4950,6.139999926,0,1,0,0,4.839999735,0.300000012
4951,11.3599996,0,1.5,0,0,9.559999406,0.300000012
4952,99.63999809,-1.000000119,14.69999999,-4,0,53.99999762,35.93999861
4953,7.299999833,0,1,0,0,5.999999642,0.300000012
4954,60.19999856,1.000000119,5.5,0,1,33.07999831,19.61999904
4955,123.8999935,-1.000000119,19,4,0,63.91999333,37.97999879
4956,79.53999709,0,15.69999999,0,0,46.07999733,17.75999936
4957,85.69999617,-1.000000119,15.19999999,0,0,58.71999554,12.7799997
4958,6.799999714,0,0.5,0,0,5.999999642,0.300000012
4959,70.29999772,1.000000119,4.899999976,0,1,34.47999811,28.91999885
4960,77.11999651,-1.000000119,13,0,0,49.51999722,15.5999997
4961,89.5999964,0,7.900000036,0,0,59.43999748,22.25999943
4962,89.33999681,0,9.699999988,4,0,51.87999761,23.75999915
4963,6.099999905,0,1,0,0,4.799999714,0.300000012
4964,67.89999765,0,7.199999988,-2,0,42.11999619,20.57999931
4965,5.599999785,0,0.5,0,0,4.799999714,0.300000012
4966,6.099999845,0,1,0,0,4.799999714,0.300000012
4967,7.559999883,0,1.5,0,0,5.759999633,0.300000012
4968,40.19999886,0,3.699999988,0,0,30.79999816,5.699999936
4969,69.19999664,0,11.19999999,0,0,46.4799978,11.51999979
4970,6.799999863,0,0.5,0,0,5.999999642,0.300000012
4971,118.339994,0,11.39999998,8,0,77.87999438,21.0599997
4972,44.3599987,0,6,-2,0,27.03999764,13.3199996
4973,131.979995,0,21.69999999,-4,0,74.43999685,39.83999867
4974,36.3199985,0,2.199999988,0,0,29.7999984,4.319999948
4975,5.599999785,0,0.5,0,0,4.799999714,0.300000012
4976,72.57999818,0,9.5,0,0,32.35999793,30.71999891
4977,45.07999825,0,5,-2,0,28.2799989,13.79999939
4978,4.099999756,0,-1,0,0,4.799999714,0.300000012
4979,5.099999905,0,0,0,0,4.799999714,0.300000012
4980,40.83999902,0,7.5,-2,0,23.99999934,11.33999956
4981,171.4599939,-1.000000119,32.5,10,0,81.95999598,47.99999879
4982,108.1599973,0,19.5,-2,0,63.59999713,27.05999927
4983,135.3599944,-1.000000119,21.5,4,0,66.03999757,44.81999847
4984,117.179996,0,20,-4,0,52.51999785,48.65999834
4985,4.819999754,0,-1,0,0,5.519999743,0.300000012
4986,5.219999671,0,-1,0,0,5.559999675,0.659999996
4987,44.63999912,0,4.399999976,0,0,35.43999915,4.799999982
4988,134.5199944,0,10.39999998,6,0,67.71999526,50.39999823
4989,111.2799959,0,32.39999998,0,0,56.5599979,22.31999955
4990,68.95999807,0,8.5,0,0,40.35999781,20.09999919
4991,68.95999797,-1.000000119,9.5,0,0,45.27999796,15.17999943
4992,64.45999756,1.000000119,5,4,1,32.15999827,21.29999922
4993,60.31999823,-1.000000119,6.5,0,0,47.79999846,7.019999862
4994,55.91999794,-1.000000119,10.19999999,0,0,37.11999831,9.599999785
4995,92.25999603,0,10.5,-4,0,47.35999735,38.39999854
4996,69.23999729,-1.000000119,5.199999988,0,0,51.47999779,13.5599997
4997,186.779991,0,22.59999996,4,0,102.6399958,57.53999807
4998,65.27999695,-1.000000119,10.5,0,0,50.43999697,5.339999899
4999,7.019999683,0,0,0,0,6.719999671,0.300000012
5000,85.75999806,-1.000000119,11,2,0,57.67999775,16.07999945
5001,116.5799946,-1.000000119,14,0,0,74.83999772,28.73999923
5002,60.79999739,0,8.5,0,0,47.31999767,4.979999907
5003,4.599999785,0,-0.5,0,0,4.799999714,0.300000012
5004,6.099999845,0,1,0,0,4.799999714,0.300000012
5005,115.6599961,-1.000000119,16.5,-4,0,71.87999706,32.27999891
5006,192.4399967,0,44.69999993,-6,0,94.15999584,59.57999853
5007,78.17999689,0,18,0,0,52.4399987,7.739999846
5008,6.19999975,0,0.5,0,0,5.399999678,0.300000012
5009,7.319999695,0,0.5,0,0,6.159999639,0.659999996
5010,6.099999845,0,1,0,0,4.799999714,0.300000012
5011,82.55999734,-1.000000119,16.89999998,0,0,54.23999734,12.41999981
5012,34.07999814,0,1.899999976,0,0,27.43999885,4.73999998
5013,69.59999835,0,8.5,0,0,45.19999835,15.89999948
5014,31.95999825,0,1.199999988,0,0,27.39999902,3.359999962
5015,78.67999735,-1.000000119,8.5,0,0,54.79999675,16.37999941
5016,73.53999688,0,9.699999988,0,0,54.35999745,9.479999833
5017,118.0399952,-1.000000119,31.5,0,0,57.11999756,30.41999868
5018,129.839995,0,16.19999999,-2,0,65.7199969,49.91999789
5019,61.25999688,-1.000000119,5,0,0,45.43999819,11.81999975
5020,71.67999586,0,11.69999999,8,0,36.9199959,15.05999961
5021,67.99999748,-1.000000119,7.5,0,0,45.83999833,15.65999956
5022,7.099999785,0,1,0,0,5.799999654,0.300000012
5023,6.259999633,0,0,0,0,5.959999621,0.300000012
5024,78.69999693,-1.000000119,13.5,0,0,50.23999815,15.95999949
5025,74.35999677,-1.000000119,12.5,0,0,49.3599985,13.49999969
5026,181.7199938,0,38.39999998,-12,0,86.55999587,68.75999741
5027,34.31999902,0,4.199999988,0,0,24.3599987,5.759999916
5028,55.01999809,-1.000000119,7,0,0,42.83999774,6.17999988
5029,7.919999719,0,0.5,0,0,6.759999603,0.659999996
5030,6.899999619,0,0,0,0,6.599999607,0.300000012
5031,179.6199928,0,30.29999995,0,0,86.55999523,62.75999773
5032,67.49999762,-1.000000119,11,0,0,51.79999851,5.699999891
5033,25.67999858,0,0.5,0,0,24.7599985,0.420000009
5034,9.519999802,0,1.5,0,0,7.359999567,0.659999996
5035,6.299999654,0,0,0,0,5.999999642,0.300000012
5036,130.8999966,0,36.69999999,2,0,57.39999723,34.79999913
5037,91.39999717,-1.000000119,17.19999999,0,0,56.599998,18.59999942
5038,57.27999717,-1.000000119,10.5,0,0,42.19999795,5.579999894
5039,65.7799978,0,10,0,0,44.19999717,11.57999963
5040,22.85999942,0,3,0,0,18.11999899,1.73999998
5041,56.67999701,-1.000000119,7.5,0,0,43.27999765,6.899999864
5042,3.599999785,0,-1.5,0,0,4.799999714,0.300000012
5043,5.599999785,0,0.5,0,0,4.799999714,0.300000012
5044,43.3599969,0,2.699999988,0,0,29.31999815,11.3399998
5045,60.11999637,0,9.199999988,0,0,46.59999794,4.319999948
5046,8.599999607,0,0.5,0,0,7.799999535,0.300000012
5047,67.35999696,-1.000000119,11.5,0,0,47.55999719,9.299999811
5048,45.19999842,0,4.899999976,0,0,33.399997,6.899999917
5049,118.179996,-1.000000119,15.5,0,0,70.19999737,33.47999882
5050,64.55999702,0,8.5,0,0,43.27999905,12.77999968
5051,7.599999666,0,-0.5,0,0,7.799999535,0.300000012
5052,7.319999695,0,0.5,0,0,6.159999639,0.659999996
5053,105.6199954,-1.000000119,12.19999999,0,0,84.15999536,10.25999983
5054,29.71999907,0,3.199999988,0,0,23.27999841,3.239999972
5055,71.97999634,0,9.699999988,0,0,50.51999649,11.75999978
5056,197.8799961,0,31.29999989,0,0,71.71999801,94.85999671
5057,89.15999716,0,14.5,0,0,53.47999852,21.17999911
5058,64.09999791,-1.000000119,8.100000024,0,0,44.39999694,12.59999982
5059,75.97999807,-1.000000119,14,0,0,54.39999729,8.579999797
5060,60.31999706,0,6.899999976,0,0,37.3999991,16.01999962
5061,5.099999726,0,0,0,0,4.799999714,0.300000012
5062,61.95999831,0,7.5,0,0,43.35999781,11.09999965
5063,77.59999767,0,15.5,0,0,49.31999868,12.77999964
5064,30.93999946,0,5,0,0,18.43999928,7.499999583
5065,116.5799965,-1.000000119,23.39999998,0,0,62.91999693,31.25999919
5066,4.099999726,0,-1,0,0,4.799999714,0.300000012
5067,71.65999825,0,14.69999999,0,0,49.39999789,7.559999876
5068,76.69999766,0,9.199999988,0,0,45.59999856,21.89999925
5069,38.91999888,0,5.199999988,0,0,30.47999811,3.239999972
5070,78.59999782,0,13.5,0,0,49.19999741,15.8999996
5071,5.599999785,0,0.5,0,0,4.799999714,0.300000012
5072,76.43999743,0,16.5,0,0,45.47999687,14.45999945
5073,66.77999792,-1.000000119,10,0,0,42.47999687,15.29999944
5074,69.63999744,0,14.19999999,0,0,46.79999879,8.639999852
5075,64.13999718,0,5.5,8,0,28.43999869,22.19999897
5076,37.07999867,0,5.5,0,0,29.1199981,2.459999956
5077,7.099999547,0,-1,0,0,7.799999535,0.300000012
5078,72.31999809,0,14.19999999,0,0,36.39999793,21.71999905
5079,71.95999652,0,9.199999988,0,0,48.71999668,14.03999969
5080,85.63999626,0,7.599999964,0,0,58.71999662,19.31999955
5081,8.399999857,0,1.5,0,0,6.599999607,0.300000012
5082,111.8599966,0,15.5,6,0,48.71999712,41.63999881
5083,71.21999741,0,9,0,0,46.43999882,15.77999957
5084,115.659997,0,11.69999999,4,0,57.47999555,42.47999822
5085,91.01999683,-1.000000119,11.5,-2,0,58.99999663,23.51999919
5086,84.77999718,0,13.19999999,0,0,51.47999665,20.09999952
5087,129.3199949,-1.000000119,19.59999996,0,0,84.5599935,26.15999941
5088,6.099999905,0,1,0,0,4.799999714,0.300000012
5089,113.2999965,-1.000000119,17.19999999,-4,0,64.31999782,36.77999863
5090,75.45999643,0,11.5,0,0,47.5199963,16.43999954
5091,7.999999642,0,0.5,0,0,7.199999571,0.300000012
5092,162.2999939,0,22.39999998,-6,0,81.51999575,64.37999798
5093,5.71999985,0,0.5,0,0,4.919999778,0.300000012
5094,82.97999746,-1.000000119,13.39999998,0,0,54.43999824,16.13999953
5095,7.919999659,0,0.5,0,0,6.759999603,0.659999996
5096,64.05999663,0,8,0,0,46.99999742,9.059999816
5097,81.55999672,-1.000000119,13.5,0,0,60.47999717,8.579999827
5098,137.9999949,-1.000000119,27.19999999,0,0,76.27999823,35.51999892
5099,5.599999785,0,0.5,0,0,4.799999714,0.300000012
5100,61.91999859,0,8,0,0,32.79999775,21.11999928
5101,90.67999676,-1.000000119,10.5,2,0,58.11999661,21.05999929
5102,154.7399973,0,20.69999999,0,0,79.55999523,54.47999801
5103,71.61999765,0,13,0,0,51.11999784,7.499999851
5104,6.720000029,0,1.5,0,0,4.919999778,0.300000012
5105,62.17999816,-1.000000119,9,0,0,46.19999729,7.97999984
5106,63.31999564,-1.000000119,8.199999988,0,0,42.19999692,13.91999974
5107,72.3999964,-1.000000119,13,0,0,40.59999712,19.79999948
5108,6.519999683,0,-1.5,0,0,7.359999567,0.659999996
5109,85.29999782,-1.000000119,15.39999998,0,0,60.75999762,10.13999984
5110,143.3599958,0,25.69999993,0,0,70.31999644,47.33999883
5111,62.31999667,-1.000000119,13.19999999,0,0,43.39999704,6.719999894
5112,50.93999928,0,8.5,0,0,26.2399981,16.19999948
5113,218.0599932,0,41.69999993,0,0,113.599995,62.75999822
5114,4.739999712,0,-1,0,0,5.4399997,0.300000012
5115,111.099995,-1.000000119,21.19999999,0,0,60.599995,30.29999871
5116,5.939999878,0,1,0,0,4.639999747,0.300000012
5117,132.8599932,0,12.39999998,8,0,84.79999329,27.65999916
5118,5.799999714,0,-0.5,0,0,5.999999642,0.300000012
5119,45.6199978,0,4.699999988,0,0,30.35999739,10.55999967
5120,112.2999975,-1.000000119,17.79999995,0,0,58.83999793,36.65999874
5121,5.599999785,0,0.5,0,0,4.799999714,0.300000012
5122,128.3999952,0,18.19999999,0,0,77.55999812,32.63999913
5123,231.1999933,-1.000000119,30.09999996,0,0,126.4399962,75.65999763
5124,64.71999678,-1.000000119,5,4,0,40.8799984,15.83999951
5125,5.599999785,0,0.5,0,0,4.799999714,0.300000012
5126,96.73999813,0,12.5,-6,0,46.0799967,44.15999889
5127,60.39999732,-1.000000119,8.5,0,0,46.83999707,6.059999883
5128,64.27999914,0,10,-6,0,33.75999701,26.51999898
5129,58.61999657,-1.000000119,9,0,0,39.87999597,10.73999968
5130,31.81999922,0,5.699999988,0,0,23.47999853,2.639999978
5131,156.019993,0,35.29999995,0,0,75.71999723,44.99999854
5132,6.599999964,0,1.5,0,0,4.799999714,0.300000012
5133,72.33999722,0,7,0,0,48.95999792,16.37999947
5134,7.679999709,0,0.5,0,0,6.519999653,0.659999996
5135,117.2199988,-1.000000119,16.29999995,-2,0,68.5199957,35.39999883
5136,96.55999875,1.000000119,12,-2,1,50.35999674,34.19999894
5137,106.1799962,0,14.5,0,0,59.39999822,32.27999872
5138,7.819999814,0,1,0,0,6.159999639,0.659999996
5139,21.69999892,0,4,0,0,16.31999898,1.379999988
5140,120.5799953,0,17,6,0,65.23999631,32.33999912
5141,72.39999779,-1.000000119,12.19999999,0,0,51.11999883,10.07999982
5142,169.8199936,-1.000000119,27.89999998,-4,0,92.07999571,54.83999831
5143,112.0399978,0,18.69999999,0,0,64.71999763,28.61999917
5144,95.29999471,0,19.19999999,0,0,55.6399958,20.45999959
5145,5.819999814,0,1,0,0,4.519999683,0.300000012
5146,74.6199978,0,14,0,0,49.75999732,10.85999974
5147,36.17999892,0,2,-2,0,26.87999851,9.299999647
5148,6.099999845,0,1,0,0,4.799999714,0.300000012
5149,73.17999797,0,13,0,0,51.23999767,8.939999819
5150,93.07999629,-1.000000119,12,0,0,60.3599973,21.71999923
5151,74.91999693,-1.000000119,10.19999999,0,0,51.31999689,14.3999997
5152,121.0199949,-1.000000119,9.5,0,0,67.27999872,45.23999899
5153,83.51999624,0,19.89999998,0,0,54.91999662,8.699999854
5154,6.099999905,0,1,0,0,4.799999714,0.300000012
5155,70.7999977,-1.000000119,14.5,0,0,43.0799979,14.21999945
5156,81.85999668,0,18,0,0,56.71999592,7.139999852
5157,58.27999738,0,6.899999976,0,0,40.51999779,10.85999978
5158,59.05999857,0,9.399999976,0,0,39.5199977,10.13999984
5159,64.73999774,0,7,0,0,43.27999681,14.45999965
5160,43.09999865,0,7.199999988,0,0,29.11999816,6.779999927
5161,87.35999647,0,13,4,0,51.15999843,19.19999942
5162,6.099999905,0,1,0,0,4.799999714,0.300000012
5163,6.339999557,0,-1,0,0,6.67999956,0.659999996
5164,25.67999941,0,4.5,0,0,19.91999924,1.25999999
5165,69.73999816,0,6.5,0,0,36.95999801,26.27999887
5166,104.4999967,0,21,0,0,48.7599972,34.73999891
5167,4.69999969,0,-1,0,0,5.399999678,0.300000012
5168,23.63999927,0,3.5,0,0,18.27999894,1.859999977
5169,71.43999845,0,10,-4,0,40.23999822,25.1999991
5170,197.3999925,-1.000000119,34.39999998,-6,0,86.71999654,83.27999781
5171,24.79999985,0,1.5,0,0,15.67999911,7.619999737
5172,72.91999684,-1.000000119,9.899999976,0,0,50.03999759,13.97999966
5173,76.7799981,-1.000000119,13,0,0,45.5199968,19.25999931
5174,58.81999716,0,7.799999952,0,0,41.11999822,9.899999917
5175,7.199999928,0,1.5,0,0,5.399999678,0.300000012
5176,7.659999549,0,0,0,0,6.759999603,0.899999991
5177,67.21999674,-1.000000119,18.39999998,0,0,40.3999974,9.419999868
5178,79.77999714,-1.000000119,15,0,0,53.71999802,12.05999975
5179,80.9799965,0,10.5,0,0,45.03999802,25.43999899
5180,92.25999755,0,12.80000001,0,0,50.59999767,28.85999925
5181,68.75999699,-1.000000119,9.5,0,0,51.67999661,8.579999797
5182,74.21999584,-1.000000119,13.69999999,0,0,47.95999737,13.55999957
5183,58.27999797,-1.000000119,8.5,0,0,39.67999877,11.09999964
5184,101.7599955,0,16.59999996,0,0,62.59999408,22.55999941
5185,6.199999809,0,0.5,0,0,5.399999678,0.300000012
5186,123.5799961,-1.000000119,18.59999996,0,0,66.79999445,39.17999861
5187,113.7199965,-1.000000119,14.69999999,2,0,66.15999828,31.85999896
5188,71.69999838,0,9,0,0,36.71999815,25.97999907
5189,105.1799968,-1.000000119,26.79999995,0,0,56.15999763,23.21999937
5190,109.5199973,0,21.19999999,0,0,57.71999839,30.59999908
5191,75.89999691,-1.000000119,10,0,0,60.59999771,6.299999878
5192,59.71999738,1.000000119,4.5,2,1,32.43999797,18.77999938
5193,75.81999651,-1.000000119,7,0,0,51.63999721,18.17999928
5194,143.9199971,0,30.59999996,-2,0,80.99999633,34.31999906
5195,152.1199939,-1.000000119,32.49999994,0,0,75.55999488,45.05999923
5196,171.8599923,-1.000000119,33.89999998,2,0,93.39999598,43.55999888
5197,140.7199945,-1.000000119,27.09999996,2,0,70.55999684,42.05999884
5198,146.8799944,-1.000000119,24,-10,0,83.35999478,50.51999851
5199,66.45999794,-1.000000119,10,0,0,40.35999872,17.0999993
5200,24.61999935,0,3,0,0,15.67999923,5.939999849
5201,110.6999976,-1.000000119,16.69999999,0,0,72.55999576,22.43999924
5202,33.25999868,0,5.699999988,0,0,24.31999883,3.239999965
5203,137.3599963,-1.000000119,19.39999998,0,0,72.99999572,45.95999831
5204,6.299999654,0,0,0,0,5.999999642,0.300000012
5205,8.099999547,0,0,0,0,7.799999535,0.300000012
5206,38.41999912,0,4.099999964,0,0,28.07999891,6.239999972
5207,58.83999743,0,12.19999999,0,0,38.83999756,7.799999878
5208,130.5199966,0,28.59999996,-2,0,74.63999636,29.27999929
5209,7.319999695,0,0.5,0,0,6.159999639,0.659999996
5210,94.7599963,-1.000000119,10.4000001,0,0,64.71999861,20.63999949
5211,171.819995,-1.000000119,42.99999994,2,0,86.59999633,41.21999917
5212,100.239998,0,20.5,4,0,43.27999838,32.45999883
5213,29.89999944,0,4.699999988,0,0,21.11999904,4.079999968
5214,5.099999726,0,0,0,0,4.799999714,0.300000012
5215,34.27999854,0,5,0,0,26.75999784,2.519999988
5216,6.099999845,0,1,0,0,4.799999714,0.300000012
5217,108.3799975,0,14,-2,0,63.31999722,33.05999914
5218,95.41999763,0,14,-2,0,42.31999788,41.09999827
5219,7.819999814,0,1,0,0,6.159999639,0.659999996
5220,5.71999985,0,0.5,0,0,4.919999778,0.300000012
5221,70.3999971,-1.000000119,21.5,0,0,43.47999844,6.419999875
5222,77.21999632,0,14.09999996,0,0,52.07999775,11.03999985
5223,65.33999708,-1.000000119,11.69999999,0,0,42.63999768,11.99999968
5224,165.9399938,0,30.39999998,4,0,96.55999559,34.97999941
5225,75.75999794,-1.000000119,16.19999999,0,0,42.91999659,17.63999953
5226,63.15999735,-1.000000119,9.199999988,0,0,43.67999747,11.27999979
5227,68.25999741,-1.000000119,10,0,0,50.9199977,8.339999832
5228,80.29999739,-1.000000119,8.399999976,0,0,57.59999696,15.29999973
5229,7.659999669,0,0,0,0,6.879999667,0.779999994
5230,60.35999756,-1.000000119,9.199999988,0,0,45.91999838,6.23999989
5231,69.59999771,-1.000000119,12.19999999,0,0,34.15999803,24.23999897
5232,7.239999771,0,-0.5,0,0,7.4399997,0.300000012
5233,8.799999774,0,0.5,0,0,7.999999642,0.300000012
5234,77.47999702,-1.000000119,8.199999988,0,0,53.71999766,16.55999965
5235,131.4599956,0,14.59999996,-4,0,70.99999693,49.85999833
5236,129.0799956,-1.000000119,15,4,0,63.31999724,47.75999796
5237,71.73999764,-1.000000119,9,0,0,48.07999727,15.65999959
5238,8.319999814,0,1.5,0,0,6.519999564,0.300000012
5239,82.77999502,-1.000000119,16.69999999,0,0,58.19999622,8.879999854
5240,5.099999726,0,0,0,0,4.799999714,0.300000012
5241,55.71999682,0,9.5,0,0,39.55999811,6.65999987
5242,94.1599943,0,9.5,-10,0,44.55999708,50.09999757
5243,37.17999886,0,3.699999988,0,0,28.67999804,4.799999937
5244,67.55999744,0,6,-2,0,49.39999704,14.15999952
5245,24.53999925,0,3,0,0,15.71999884,5.819999874
5246,6.699999869,0,1,0,0,5.399999678,0.300000012
5247,100.6599962,0,13.19999999,0,0,55.95999862,31.49999857
5248,142.7199951,-1.000000119,15.5,-8,0,88.87999566,47.33999818
5249,66.09999683,-1.000000119,13,0,0,48.9999966,5.099999905
5250,7.899999797,0,1,0,0,6.599999607,0.300000012
5251,92.99999633,0,14,-2,0,58.19999698,22.79999937
5252,184.0399923,0,34.99999994,0,0,124.5599935,24.47999964
5253,10.91999954,0,0.5,0,0,9.759999424,0.659999996
5254,5.099999726,0,0,0,0,4.799999714,0.300000012
5255,6.099999845,0,1,0,0,4.799999714,0.300000012
5256,95.4999966,0,19.89999998,-2,0,60.79999822,16.79999965
5257,84.13999653,0,19.69999999,0,0,52.55999827,11.87999976
5258,109.2399956,0,15.5,4,0,48.99999817,40.7399984
5259,74.69999714,0,8.699999988,0,0,53.87999645,12.11999967
5260,5.099999726,0,0,0,0,4.799999714,0.300000012
5261,6.099999905,0,1,0,0,4.799999714,0.300000012
5262,31.31999868,0,4.5,0,0,21.35999858,5.459999859
5263,173.7599947,0,24.59999996,0,0,98.27999544,50.8799983
5264,56.03999871,0,12.39999998,-4,0,36.1199975,11.5199998
5265,82.67999798,0,18.5,0,0,47.55999666,16.61999947
5266,96.95999695,0,21.39999998,0,0,43.99999869,31.55999876
5267,64.03999737,0,8.5,0,0,44.31999731,11.21999963
5268,67.71999723,-1.000000119,9.5,0,0,46.79999704,12.41999972
5269,108.7799958,-1.000000119,18,0,0,65.91999625,25.85999919
5270,7.399999738,0,0.5,0,0,6.599999607,0.300000012
5271,7.359999657,0,0.5,0,0,6.559999585,0.300000012
5272,65.49999689,0,10,0,0,49.07999705,6.419999875
5273,135.3999933,-1.000000119,21.69999999,4,0,67.31999543,43.3799984
5274,142.4399943,0,20.19999999,-6,0,67.27999684,60.95999762
5275,69.01999742,-1.000000119,4.699999988,0,0,52.59999733,12.71999977
5276,82.75999626,-1.000000119,14.19999999,0,0,58.51999824,11.0399998
5277,75.49999747,-1.000000119,17,0,0,52.35999857,7.139999859
5278,5.599999785,0,0.5,0,0,4.799999714,0.300000012
5279,77.09999692,-1.000000119,17,0,0,45.19999696,15.8999995
5280,75.11999711,-1.000000119,13.19999999,0,0,54.3999968,8.519999854
5281,10.21999961,0,1,0,0,8.559999496,0.659999996
5282,7.279999971,0,1.5,0,0,5.479999721,0.300000012
5283,6.599999964,0,1.5,0,0,4.799999714,0.300000012
5284,70.33999686,0,12.39999998,0,0,50.31999725,7.6199999
5285,4.599999785,0,-0.5,0,0,4.799999714,0.300000012
5286,64.93999642,-1.000000119,8.399999976,0,0,47.63999829,9.899999849
5287,6.239999622,0,-0.5,0,0,6.439999521,0.300000012
5288,57.25999865,0,5.799999952,0,0,36.99999812,14.45999976
5289,86.65999663,0,17.69999999,0,0,58.51999851,10.43999981
5290,42.59999835,0,4.899999976,0,0,31.87999821,5.819999956
5291,62.79999843,0,8.5,0,0,45.71999823,8.579999827
5292,77.45999715,0,11.19999999,0,0,55.0399974,11.21999982
5293,82.09999584,-1.000000119,15,0,0,60.23999703,7.859999843
5294,9.539999604,0,1,0,0,8.239999473,0.300000012
5295,23.3199991,0,2.5,0,0,18.35999912,2.459999956
5296,123.2199981,0,16.89999998,0,0,67.55999702,38.75999879
5297,123.9199956,-1.000000119,15.5,0,0,71.55999712,37.85999867
5298,8.799999774,0,0.5,0,0,7.639999688,0.659999996
5299,125.9599958,0,13,0,0,60.27999783,52.67999776
5300,5.679999888,0,0.5,0,0,4.879999757,0.300000012
5301,68.65999787,0,11.69999999,0,0,42.79999851,14.15999964
5302,85.91999711,-1.000000119,10.5,0,0,57.15999615,19.25999935
5303,5.599999845,0,0.5,0,0,4.799999714,0.300000012
5304,7.9599998,0,0.5,0,0,7.159999549,0.300000012
5305,7.799999893,0,1.5,0,0,5.999999642,0.300000012
5306,145.4399949,0,34.59999996,-4,0,78.7199965,36.11999892
5307,6.899999619,0,0,0,0,6.599999607,0.300000012
5308,110.0999952,-1.000000119,18.59999996,0,0,78.75999578,13.73999982
5309,87.87999779,0,15.19999999,0,0,51.55999832,21.11999933
5310,4.599999845,0,-0.5,0,0,4.799999714,0.300000012
5311,9.099999666,0,1,0,0,7.799999535,0.300000012
5312,26.07999867,0,-0.5,0,0,26.15999854,0.420000009
5313,124.8999968,-1.000000119,19.19999999,4,0,53.07999657,49.61999822
5314,4.69999969,0,-1,0,0,5.399999678,0.300000012
5315,7.499999583,0,0,0,0,7.199999571,0.300000012
5316,111.8999973,0,19.69999999,0,0,57.15999776,35.0399987
5317,88.49999517,-1.000000119,17.5,8,0,47.91999622,16.0799995
5318,106.5599952,0,15.89999998,-4,0,49.71999669,44.93999886
5319,79.33999623,-1.000000119,12.09999996,0,0,52.63999675,15.59999976
5320,111.2999963,0,15.69999999,4,0,53.19999695,38.39999841
5321,145.5399931,0,23.39999998,-10,0,92.83999358,39.29999868
5322,69.33999708,0,14,0,0,48.19999664,7.139999852
5323,62.67999655,0,5.699999988,0,0,37.83999704,19.13999947
5324,57.59999783,-1.000000119,9.5,0,0,42.31999879,6.779999867
5325,5.099999726,0,0,0,0,4.799999714,0.300000012
5326,5.599999785,0,0.5,0,0,4.799999714,0.300000012
5327,8.899999678,0,1,0,0,6.759999603,1.139999986
5328,159.1399957,0,22.59999996,-6,0,68.91999605,73.61999738
5329,5.69999969,0,0,0,0,5.399999678,0.300000012
5330,67.49999768,0,11,0,0,49.35999852,7.139999859
5331,127.7999961,0,19.39999998,0,0,67.47999811,40.91999897
5332,114.4599949,0,22.5,0,0,64.95999734,26.99999911
5333,62.07999742,0,6,-2,0,35.0399977,23.03999923
5334,86.03999776,0,11.89999998,0,0,51.51999725,22.61999915
5335,8.499999702,0,1,0,0,7.199999571,0.300000012
5336,95.13999786,-1.000000119,11.69999999,0,0,60.43999791,23.99999917
5337,188.5399922,0,53.39999992,0,0,81.91999513,53.21999893
5338,6.299999654,0,0,0,0,5.999999642,0.300000012
5339,6.599999964,0,1.5,0,0,4.799999714,0.300000012
5340,82.41999712,0,9.5,-6,0,57.07999681,21.83999912
5341,7.839999676,0,0.5,0,0,7.039999545,0.300000012
5342,29.43999909,0,2.199999988,0,0,23.51999843,3.719999962
5343,65.75999692,0,12.5,0,0,45.27999792,7.979999825
5344,35.31999829,0,4.699999988,0,0,25.99999897,4.619999968
5345,94.35999726,-1.000000119,12.5,0,0,58.55999897,24.29999914
5346,176.2199924,-1.000000119,25.89999998,4,0,86.83999642,60.4799981
5347,101.6199959,-1.000000119,15.09999996,0,0,66.15999615,21.35999951
5348,32.25999892,0,0.399999976,0,0,26.51999789,5.339999966
5349,74.05999713,-1.000000119,14.39999998,0,0,48.71999678,11.93999978
5350,169.699993,-1.000000119,23.69999999,0,0,99.59999533,47.39999834
5351,5.599999845,0,0.5,0,0,4.799999714,0.300000012
5352,52.09999658,-1.000000119,7,0,0,36.43999794,9.659999803
5353,109.5999959,-1.000000119,20,0,0,63.47999659,27.11999895
5354,29.75999975,0,5.199999988,0,0,20.5999984,3.959999971
5355,100.459995,-1.000000119,21.89999998,0,0,49.55999821,29.99999915
5356,5.759999931,0,0.5,0,0,4.9599998,0.300000012
5357,106.4799961,0,19.5,0,0,62.55999789,24.41999894
5358,77.85999645,0,12,0,0,49.83999784,16.01999947
5359,8.399999857,0,1.5,0,0,6.599999607,0.300000012
5360,34.09999859,0,7,0,0,23.43999815,3.659999929
5361,102.139994,0,13.59999996,0,0,59.43999666,29.09999924
5362,56.1599977,0,11.19999999,0,0,34.99999762,9.959999852
5363,26.49999875,0,1,0,0,22.67999846,2.819999948
5364,68.43999794,-1.000000119,12.19999999,0,0,48.11999833,9.119999841
5365,7.319999695,0,0.5,0,0,6.159999639,0.659999996
5366,6.799999833,0,0.5,0,0,5.999999642,0.300000012
5367,72.69999714,-1.000000119,13.69999999,0,0,48.9599967,11.03999981
5368,64.35999802,0,16.5,0,0,43.23999827,4.619999915
5369,11.07999974,0,1.5,0,0,8.91999948,0.659999996
5370,6.599999964,0,1.5,0,0,4.799999714,0.300000012
5371,80.05999826,0,16.19999999,0,0,41.95999824,21.89999933
5372,70.55999681,0,13.5,0,0,48.35999668,8.699999824
5373,27.31999937,0,5,0,0,20.27999888,2.039999999
5374,62.779998,0,9,0,0,44.95999762,8.819999821
5375,4.69999969,0,-1,0,0,5.399999678,0.300000012
5376,70.17999634,0,10,0,0,44.999997,15.17999965
5377,6.599999905,0,1.5,0,0,4.799999714,0.300000012
5378,5.599999845,0,0.5,0,0,4.799999714,0.300000012
5379,6.219999671,0,0,0,0,5.559999675,0.659999996
5380,5.099999726,0,0,0,0,4.799999714,0.300000012
5381,86.85999588,-1.000000119,11.69999999,0,0,59.59999557,16.55999955
5382,14.05999909,0,-0.300000012,0,0,12.19999892,2.159999996
5383,65.37999813,-1.000000119,12,0,0,49.99999839,4.379999921
5384,42.81999862,0,7.399999976,0,0,29.83999783,5.579999961
5385,92.9999973,-1.000000119,13.69999999,0,0,64.15999743,16.13999963
5386,72.45999648,0,10.69999999,0,0,52.03999768,9.719999827
5387,72.53999653,-1.000000119,11.69999999,0,0,46.47999802,15.3599997
5388,65.55999739,-1.000000119,11.5,0,0,43.23999912,11.81999957
5389,92.21999715,-1.000000119,12.80000007,0,0,61.75999663,18.65999971
5390,7.499999583,0,0,0,0,7.199999571,0.300000012
5391,70.85999781,-1.000000119,6,0,0,51.63999809,14.2199995
5392,56.53999729,-1.000000119,6,0,0,45.47999798,6.059999831
5393,6.699999869,0,1,0,0,5.399999678,0.300000012
5394,6.139999688,0,0,0,0,5.839999676,0.300000012
5395,71.79999749,-1.000000119,14.5,0,0,45.99999845,12.2999997
5396,37.61999802,0,4.399999976,0,0,27.99999863,5.219999954
5397,104.3199967,-1.000000119,15.5,0,0,56.27999754,33.53999887
5398,80.2399969,-1.000000119,8.5,0,0,57.19999611,15.53999956
5399,139.3199949,0,24.19999999,-2,0,69.719999,47.39999851
5400,53.97999913,0,7,4,0,28.87999856,14.09999953
5401,6.139999926,0,1,0,0,4.839999735,0.300000012
5402,60.77999797,-1.000000119,13,0,0,40.67999764,8.099999838
5403,85.51999694,0,15.89999998,0,0,52.27999794,17.33999962
5404,52.77999842,0,8.5,0,0,30.71999764,13.55999953
5405,6.219999969,0,1,0,0,4.919999778,0.300000012
5406,98.47999692,-1.000000119,13.5,0,0,60.59999742,25.37999891
5407,99.67999725,-1.000000119,22.5,0,0,60.2399964,17.93999947
5408,109.5199975,0,22.69999999,-2,0,55.63999768,33.17999883
5409,98.93999549,-1.000000119,13,-2,0,64.87999773,24.05999934
5410,8.039999783,0,0.5,0,0,6.879999667,0.659999996
5411,26.99999893,0,3.199999988,0,0,21.27999964,2.519999981
5412,6.099999845,0,1,0,0,4.799999714,0.300000012
5413,51.64000022,0,8.199999988,0,0,33.11999905,10.31999978
5414,141.7999934,0,23,2,0,83.43999553,33.35999883
5415,6.599999964,0,1.5,0,0,4.799999714,0.300000012
5416,8.519999862,0,1.5,0,0,6.719999671,0.300000012
5417,48.57999827,0,8.699999988,0,0,33.51999851,6.359999903
5418,5.599999785,0,0.5,0,0,4.799999714,0.300000012
5419,74.1199981,0,13,-4,0,43.87999806,21.23999934
5420,107.5999961,0,16.19999999,0,0,52.75999749,38.63999844
5421,72.41999815,-1.000000119,12.69999999,0,0,51.83999766,8.879999846
5422,66.35999716,0,9.199999988,0,0,49.5999978,7.559999831
5423,6.099999905,0,1,0,0,4.799999714,0.300000012
5424,108.9999976,-1.000000119,13.69999999,0,0,63.71999758,32.57999894
5425,6.139999866,0,1,0,0,4.839999735,0.300000012
5426,33.77999866,0,4.699999988,0,0,25.83999813,3.239999972
5427,118.679995,0,20.09999996,0,0,66.11999755,32.45999911
5428,70.53999698,0,12.69999999,0,0,51.35999748,6.4799999
5429,7.239999592,0,0.5,0,0,6.439999521,0.300000012
5430,71.31999619,-1.000000119,17,0,0,38.63999885,16.67999945
5431,39.57999718,0,5.099999964,0,0,26.9199978,7.559999943
5432,163.0599943,1.000000119,15.5,4,1,81.79999638,59.75999774
5433,59.99999894,0,10.19999999,0,0,37.55999818,12.23999969
5434,35.79999879,0,4,0,0,23.87999909,7.919999674
5435,82.27999814,0,10.5,0,0,51.91999659,19.85999937
5436,35.239999,0,5,0,0,26.39999884,3.839999959
5437,5.599999845,0,0.5,0,0,4.799999714,0.300000012
5438,6.099999845,0,1,0,0,4.799999714,0.300000012
5439,23.16,0,1.5,0,0,15.59999907,6.059999734
5440,4.099999726,0,-1,0,0,4.799999714,0.300000012
5441,5.179999769,0,0,0,0,4.879999757,0.300000012
5442,5.599999845,0,0.5,0,0,4.799999714,0.300000012
5443,5.099999905,0,0,0,0,4.799999714,0.300000012
5444,105.999996,0,14.19999999,0,0,74.51999737,17.27999957
5445,99.89999641,-1.000000119,17.5,0,0,57.83999798,25.55999901
5446,5.599999785,0,0.5,0,0,4.799999714,0.300000012
5447,45.63999832,0,8,4,0,23.91999874,9.719999671
5448,5.599999785,0,0.5,0,0,4.799999714,0.300000012
5449,71.93999685,0,17.09999996,0,0,46.43999796,8.399999924
5450,65.83999813,-1.000000119,11.5,0,0,42.5599979,12.77999968
5451,6.099999845,0,1,0,0,4.799999714,0.300000012
5452,96.75999692,0,8.199999988,0,0,52.19999807,36.35999887
5453,59.25999766,-1.000000119,4.699999988,0,0,45.95999696,9.59999983
5454,102.4599952,0,17.5,-2,0,55.51999792,31.43999855
5455,59.31999797,0,8.199999988,0,0,35.99999839,15.11999939
5456,9.819999456,0,0,0,0,9.15999946,0.659999996
5457,165.559992,0,19.19999999,18,0,87.07999764,41.27999879
5458,62.11999848,0,7.699999988,0,0,38.87999719,15.53999951
5459,94.91999692,0,14,-4,0,60.19999675,24.71999932
5460,92.79999633,0,17.5,0,0,63.23999572,12.05999975
5461,4.259999633,0,-2,0,0,5.959999621,0.300000012
5462,62.71999682,-1.000000119,4.5,0,0,50.39999786,8.819999821
5463,199.4399927,0,40.39999998,6,0,84.87999681,68.15999772
5464,5.599999785,0,0.5,0,0,4.799999714,0.300000012
5465,184.8199929,-1.000000119,40.89999998,2,0,81.95999833,60.95999832
5466,64.95999779,-1.000000119,9,-2,0,42.63999677,16.31999954
5467,65.8999975,-1.000000119,8,0,0,48.03999734,10.85999978
5468,56.09999844,0,4.5,-2,0,33.91999751,19.67999934
5469,4.099999905,0,-1,0,0,4.799999714,0.300000012
5470,104.7999982,0,10.5,0,0,66.51999836,27.77999894
5471,29.199999,0,3.199999988,0,0,22.87999956,3.119999975
5472,29.99999905,0,3.899999976,0,0,21.11999874,4.979999967
5473,122.8199947,0,17.69999999,0,0,63.83999871,41.27999862
5474,80.21999596,-1.000000119,22.69999999,0,0,52.15999705,6.359999903
5475,116.1599962,-1.000000119,11.39999998,0,0,69.99999717,35.75999884
5476,102.0599953,0,22.69999999,0,0,61.83999726,17.51999942
5477,50.27999817,-1.000000119,3.199999988,0,0,41.23999833,6.839999892
5478,85.55999841,0,16.19999999,0,0,55.91999801,13.43999971
5479,75.61999743,-1.000000119,13,0,0,48.55999629,15.05999945
5480,114.4799969,-1.000000119,17.99999994,0,0,73.23999625,24.23999955
5481,60.25999853,0,10,0,0,45.63999936,4.619999915
5482,62.99999689,-1.000000119,11.5,0,0,46.19999686,6.299999878
5483,36.63999891,0,4.5,0,0,21.51999813,10.61999962
5484,123.3399938,-1.000000119,15.19999999,-2,0,76.75999592,34.37999864
5485,6.119999766,0,0.5,0,0,5.319999695,0.300000012
5486,61.89999674,0,10.19999999,0,0,40.71999799,10.97999957
5487,67.87999677,0,3.199999988,0,0,47.51999786,17.1599996
5488,5.599999845,0,0.5,0,0,4.799999714,0.300000012
5489,29.05999878,0,2.099999964,0,0,22.15999829,4.800000004
5490,81.05999781,-1.000000119,20.39999998,0,0,45.87999863,15.77999972
5491,5.69999969,0,0,0,0,5.399999678,0.300000012
5492,6.319999695,0,0.5,0,0,5.519999623,0.300000012
5493,5.179999769,0,0,0,0,4.879999757,0.300000012
5494,50.77999845,0,9.399999976,0,0,31.23999809,10.13999978
5495,6.699999869,0,1,0,0,5.399999678,0.300000012
5496,53.23999918,0,10,-2,0,23.03999931,22.19999924
5497,27.93999934,0,5.699999988,0,0,19.35999875,2.879999995
5498,8.019999564,0,0,0,0,7.359999567,0.659999996
5499,58.85999823,-1.000000119,10,0,0,43.67999843,6.17999988
5500,159.679994,0,36.49999994,0,0,87.839995,35.33999933
5501,49.97999786,-1.000000119,9,0,0,36.63999753,5.339999899
5502,38.87999946,0,5.899999976,0,0,27.7599985,5.219999969
5503,32.21999866,0,3.199999988,0,0,25.11999813,3.899999976
5504,58.55999781,-1.000000119,12.5,0,0,38.23999912,8.819999732
5505,4.679999828,0,-0.5,0,0,4.879999757,0.300000012
5506,36.25999856,0,4.199999988,0,0,29.35999826,2.699999996
5507,9.459999859,0,2,0,0,7.159999549,0.300000012
5508,82.47999614,-1.000000119,11.19999999,0,0,53.07999806,19.19999961
5509,6.699999869,0,1,0,0,5.399999678,0.300000012
5510,80.69999775,0,14.5,0,0,48.55999792,17.63999949
5511,30.2199986,0,1.5,-2,0,22.91999847,7.799999729
5512,84.49999586,-1.000000119,21.19999999,0,0,53.43999799,10.85999982
5513,6.099999905,0,1,0,0,4.799999714,0.300000012
5514,142.3399954,-1.000000119,24.69999999,-6,0,81.91999608,42.71999864
5515,71.99999791,0,11.5,0,0,50.23999801,10.25999979
5516,27.99999881,0,4.5,0,0,17.43999898,6.059999853
5517,75.09999695,0,8,0,0,57.07999702,10.01999979
5518,60.25999723,0,9,0,0,43.39999762,7.859999798
5519,60.37999801,0,6.5,0,0,35.15999824,18.71999914
5520,34.49999839,0,6.199999988,0,0,24.99999848,3.299999982
5521,120.2399958,0,26,-2,0,70.79999532,25.43999911
5522,89.77999708,0,15,0,0,53.23999873,21.53999925
5523,73.43999732,0,11.19999999,0,0,48.07999784,14.15999965
5524,69.99999819,-1.000000119,5.199999988,0,0,48.75999657,17.03999938
5525,119.1399946,0,17.19999999,4,0,55.03999686,42.89999848
5526,64.27999818,0,16,-4,0,36.31999832,15.95999952
5527,63.31999665,-1.000000119,11.5,0,0,46.63999686,6.17999988
5528,104.6399965,-1.000000119,15.89999998,0,0,68.31999618,21.41999955
5529,70.29999739,0,13,0,0,50.99999772,6.299999878
5530,61.19999821,0,6.5,0,0,46.47999829,8.219999835
5531,79.01999681,-1.000000119,12.5,0,0,50.83999714,16.67999952
5532,9.099999666,0,1,0,0,7.799999535,0.300000012
5533,93.5199954,-1.000000119,11,4,0,54.19999752,25.31999923
5534,68.51999746,0,10.59999996,0,0,46.27999708,11.63999984
5535,74.21999733,0,8,0,0,48.63999781,17.5799996
5536,73.4399969,0,10.5,0,0,45.23999816,17.69999946
5537,132.6399951,-1.000000119,29.89999998,0,0,72.11999694,31.61999914
5538,5.599999785,0,0.5,0,0,4.799999714,0.300000012
5539,93.17999683,-1.000000119,11.39999998,0,0,65.43999685,17.33999962
5540,79.77999651,-1.000000119,12,0,0,44.71999779,24.05999915
5541,74.01999746,0,13.69999999,0,0,49.75999694,10.55999982
5542,132.6599939,-1.000000119,18.19999999,0,0,70.27999696,45.17999826
5543,25.25999904,0,3.699999988,0,0,19.27999842,2.280000009
5544,5.599999785,0,0.5,0,0,4.799999714,0.300000012
5545,117.5799973,0,12.19999999,0,0,60.79999541,44.57999853
5546,151.9399938,-1.000000119,13.39999998,0,0,98.79999551,40.73999893
5547,128.8999938,0,18.29999995,2,0,67.91999583,40.67999905
5548,149.8999946,0,23.59999996,-2,0,76.63999614,51.65999828
5549,69.75999688,-1.000000119,17.19999999,0,0,47.79999737,5.759999916
5550,57.6199975,0,10.39999998,0,0,41.9999975,5.219999969
5551,99.85999715,-1.000000119,18.5,2,0,53.95999834,26.39999933
5552,85.2399978,0,13.5,0,0,55.47999751,16.25999942
5553,112.199997,0,22,0,0,64.27999824,25.91999903
5554,48.93999761,0,6.699999988,0,0,29.279998,12.95999951
5555,7.899999797,0,1,0,0,6.599999607,0.300000012
5556,149.0999955,-1.000000119,17.5,0,0,97.19999583,35.39999886
5557,91.19999807,0,13.19999999,0,0,58.79999632,19.19999953
5558,5.599999785,0,0.5,0,0,4.799999714,0.300000012
5559,7.319999754,0,0.5,0,0,6.159999639,0.659999996
5560,42.89999914,0,9.199999988,-4,0,26.47999802,11.21999965
5561,49.89999741,0,5.899999976,0,0,35.23999801,8.759999879
5562,88.93999819,-1.000000119,14,0,0,52.83999787,23.09999891
5563,5.599999785,0,0.5,0,0,4.799999714,0.300000012
5564,6.099999845,0,1,0,0,4.799999714,0.300000012
5565,81.41999698,0,16.39999998,0,0,44.43999796,20.57999903
5566,51.81999688,-1.000000119,5,0,0,40.43999809,7.379999854
5567,92.85999656,0,8.600000024,0,0,56.23999941,28.01999914
5568,151.4799982,0,27.29999995,0,0,74.3199974,49.85999855
5569,56.39999799,-1.000000119,4.5,0,0,47.91999909,4.979999907
5570,115.539997,0,16.39999998,0,0,69.31999625,29.81999887
5571,175.9399919,-1.000000119,27.19999999,2,0,86.35999727,61.37999777
5572,9.959999621,0,0.5,0,0,9.159999549,0.300000012
5573,35.57999867,0,4.5,-2,0,22.03999889,11.03999953
5574,26.27999884,0,0,0,0,25.67999882,0.600000024
5575,6.279999793,0,0.5,0,0,5.479999721,0.300000012
5576,35.13999909,0,5.5,0,0,23.63999861,5.999999866
5577,117.0999951,-1.000000119,14.5,0,0,65.67999752,37.91999844
5578,96.23999542,0,9.5,0,0,62.79999678,23.93999924
5579,5.599999785,0,0.5,0,0,4.799999714,0.300000012
5580,68.75999752,-1.000000119,12.5,0,0,49.87999742,7.379999854
5581,73.49999639,-1.000000119,11.5,-2,0,46.51999831,18.47999934
5582,135.1399951,0,21.59999996,4,0,77.31999505,32.21999891
5583,61.73999721,0,12.09999996,0,0,45.0799979,4.56000001
5584,166.0399922,0,24.59999996,0,0,95.4799967,45.9599985
5585,64.21999818,0,8.199999988,0,0,36.63999951,19.37999951
5586,80.69999821,-1.000000119,10.09999996,0,0,62.71999845,8.879999898
5587,118.7999933,0,23.09999996,2,0,55.35999767,38.33999896
5588,5.599999785,0,0.5,0,0,4.799999714,0.300000012
5589,97.29999755,-1.000000119,21,0,0,52.99999611,24.29999918
5590,102.499997,-1.000000119,12.19999999,2,0,48.6799973,40.61999836
5591,153.7799935,0,23.69999999,-4,0,83.67999604,50.39999858
5592,56.23999896,0,3.699999988,0,0,32.91999872,19.61999935
5593,67.37999841,-1.000000119,9,0,0,47.55999871,11.81999975
5594,64.33999795,-1.000000119,8.699999988,0,0,42.71999815,13.91999964
5595,5.099999905,0,0,0,0,4.799999714,0.300000012
5596,61.45999648,-1.000000119,9.699999988,0,0,43.75999792,8.999999844
5597,111.4799971,-1.000000119,28.19999999,-4,0,52.51999773,35.75999887
5598,56.25999832,0,5.5,-4,0,33.63999796,21.11999917
5599,56.21999784,0,7,0,0,39.07999767,10.1399997
5600,7.339999557,0,0,0,0,6.67999956,0.659999996
5601,60.0799973,0,6.5,0,0,48.71999727,4.85999991
5602,120.4399951,-1.000000119,26.69999993,0,0,64.79999685,29.93999939
5603,7.919999659,0,0.5,0,0,6.759999603,0.659999996
5604,81.33999689,0,8,0,0,55.51999693,17.81999939
5605,103.1399972,-1.000000119,15.5,0,0,63.67999725,24.95999909
5606,51.39999789,1.000000119,5.5,-2,1,29.39999944,16.49999945
5607,100.1399952,1.000000119,11,6,1,50.59999698,30.53999899
5608,38.07999867,0,4.199999988,0,0,23.67999786,10.19999956
5609,63.61999768,-1.000000119,10.69999999,0,0,46.83999804,7.079999886
5610,71.73999804,0,5.5,0,0,48.71999763,17.51999949
5611,76.63999753,-1.000000119,12.19999999,0,0,46.71999851,18.71999947
5612,81.47999784,0,15.19999999,0,0,45.03999753,21.23999921
5613,72.99999756,-1.000000119,10.19999999,0,0,52.99999715,10.7999998
5614,5.599999785,0,0.5,0,0,4.799999714,0.300000012
5615,26.69999927,0,3.699999988,0,0,20.47999907,2.519999996
5616,29.65999889,0,3.699999988,0,0,21.87999946,4.079999961
5617,6.899999619,0,0,0,0,6.599999607,0.300000012
5618,7.799999595,0,0.5,0,0,6.999999464,0.300000012
5619,5.599999845,0,0.5,0,0,4.799999714,0.300000012
5620,6.599999905,0,1.5,0,0,4.799999714,0.300000012
5621,157.9399925,-1.000000119,16.39999998,4,0,93.23999448,45.29999816
5622,69.39999683,0,11.39999998,0,0,36.99999774,20.99999931
5623,114.6999953,0,14.19999999,2,0,62.19999826,36.29999877
5624,5.599999845,0,0.5,0,0,4.799999714,0.300000012
5625,96.99999499,-1.000000119,16.19999999,-4,0,62.03999789,23.75999936
5626,7.399999797,0,0.5,0,0,6.239999682,0.659999996
5627,88.5999966,-1.000000119,14.5,2,0,49.51999643,23.57999919
5628,63.65999721,0,10,0,0,49.27999845,4.379999921
5629,73.39999761,-1.000000119,13.19999999,0,0,49.43999672,11.75999978
5630,6.099999905,0,1,0,0,4.799999714,0.300000012
5631,6.599999964,0,1.5,0,0,4.799999714,0.300000012
5632,116.6599968,-1.000000119,17.60000002,-2,0,71.87999611,30.17999912
5633,9.119999588,0,1.5,0,0,7.319999397,0.300000012
5634,71.47999698,0,9.699999988,0,0,48.27999806,13.49999972
5635,78.15999663,0,14.19999999,0,0,46.43999912,17.5199996
5636,6.099999845,0,1,0,0,4.799999714,0.300000012
5637,36.11999893,1.000000119,3.5,0,1,22.27999842,8.339999788
5638,7.199999511,0,0.5,0,0,6.39999944,0.300000012
5639,80.41999665,-1.000000119,13,0,0,53.95999888,14.45999955
5640,48.83999696,0,2.899999976,0,0,35.67999695,10.25999984
5641,9.059999764,0,1,0,0,7.399999559,0.659999996
5642,84.71999812,-1.000000119,12.5,0,0,62.839998,10.37999979
5643,5.679999769,0,-1.5,0,0,6.879999757,0.300000012
5644,8.599999607,0,0.5,0,0,7.799999535,0.300000012
5645,32.05999887,0,5.699999988,0,0,21.91999909,4.439999945
5646,64.01999702,-1.000000119,5,0,0,44.83999713,15.17999932
5647,71.05999757,-1.000000119,8.699999988,0,0,54.59999714,8.759999849
5648,78.71999726,-1.000000119,8.699999988,-2,0,53.39999844,19.61999942
5649,201.2599932,-1.000000119,33.09999996,16,0,90.99999448,62.15999798
5650,35.57999969,0,5.699999988,0,0,26.87999932,2.999999978
5651,85.4199979,0,10,0,0,44.75999826,30.65999907
5652,4.099999726,0,-1,0,0,4.799999714,0.300000012
5653,45.21999928,0,6.699999988,0,0,31.67999875,6.839999892
5654,124.1599965,-1.000000119,21.69999999,0,0,74.35999736,29.09999914
5655,59.23999739,0,6.5,0,0,44.51999739,8.219999835
5656,73.83999759,-1.000000119,15.19999999,0,0,44.27999778,15.35999946
5657,143.4399948,0,28,-4,0,81.87999642,37.55999865
5658,53.85999829,1.000000119,6.5,0,1,29.39999753,15.95999955
5659,89.19999788,-1.000000119,13,-4,0,55.51999716,25.67999907
5660,48.83999771,-1.000000119,2.5,0,0,40.19999827,7.139999829
5661,26.05999893,0,2,0,0,15.71999949,8.339999616
5662,5.099999905,0,0,0,0,4.799999714,0.300000012
5663,106.379996,-1.000000119,19.59999996,0,0,66.95999988,20.81999965
5664,131.0799952,0,10.5,0,0,64.47999585,56.09999754
5665,4.599999845,0,-0.5,0,0,4.799999714,0.300000012
5666,209.7999917,0,30.09999996,2,0,109.4799948,68.21999777
5667,4.599999785,0,-0.5,0,0,4.799999714,0.300000012
5668,66.43999639,0,7.5,0,0,43.03999755,15.89999957
5669,60.97999656,0,5,0,0,49.07999611,6.899999775
5670,132.6999979,-1.000000119,35.99999994,-2,0,55.23999745,44.4599988
5671,98.21999605,-1.000000119,16.5,4,0,58.07999704,20.63999958
5672,99.83999681,-1.000000119,20.5,0,0,56.75999808,23.57999904
5673,119.2599962,-1.000000119,19,-2,0,63.35999806,39.8999985
5674,54.75999725,0,7.699999988,0,0,39.55999792,7.499999844
5675,80.09999675,0,11,2,0,49.99999696,17.09999947
5676,6.599999964,0,1.5,0,0,4.799999714,0.300000012
5677,67.65999651,0,11.69999999,0,0,47.55999666,8.399999857
5678,62.01999733,-1.000000119,12,0,0,43.27999743,7.739999846
5679,81.33999719,-1.000000119,10,-4,0,55.27999823,21.05999934
5680,53.47999865,-1.000000119,10.19999999,0,0,38.03999855,6.239999898
5681,114.2399962,-1.000000119,13,6,0,65.87999722,30.35999895
5682,5.599999785,0,0.5,0,0,4.799999714,0.300000012
5683,123.2599946,0,10,-2,0,48.83999832,66.41999738
5684,74.73999824,-1.000000119,11.5,-2,0,41.99999851,24.23999912
5685,6.099999845,0,1,0,0,4.799999714,0.300000012
5686,69.15999776,0,10.89999998,0,0,37.43999727,20.81999945
5687,5.599999785,0,0.5,0,0,4.799999714,0.300000012
5688,169.599993,-1.000000119,24,-10,0,100.6799949,55.91999789
5689,8.419999778,0,1,0,0,6.759999603,0.659999996
5690,6.299999833,0,0,0,0,5.999999642,0.300000012
5691,6.599999964,0,1.5,0,0,4.799999714,0.300000012
5692,7.659999669,0,0,0,0,7.359999657,0.300000012
5693,70.91999836,0,10.5,0,0,50.39999808,10.01999979
5694,40.73999864,0,6.5,4,0,20.63999856,9.599999763
5695,97.67999645,-1.000000119,12,8,0,59.35999789,19.3199994
5696,102.859996,1.000000119,8.199999988,0,1,53.11999816,39.53999847
5697,79.97999799,-1.000000119,11.69999999,0,0,56.43999782,12.83999969
5698,67.13999769,-1.000000119,8,0,0,51.79999679,8.339999817
5699,117.5599949,-1.000000119,20,0,0,64.95999756,33.59999865
5700,80.11999832,-1.000000119,10.89999998,0,0,58.87999824,11.33999982
5701,127.7599967,-1.000000119,38.79999995,0,0,53.47999821,36.47999902
5702,4.099999726,0,-1,0,0,4.799999714,0.300000012
5703,79.37999713,-1.000000119,16.19999999,0,0,53.4399976,10.73999981
5704,84.79999727,0,14.19999999,4,0,39.47999841,27.11999901
5705,7.919999659,0,0.5,0,0,6.759999603,0.659999996
5706,7.639999658,0,-0.5,0,0,7.839999557,0.300000012
5707,175.0199926,-1.000000119,31.19999999,-2,0,87.83999529,58.97999789
5708,81.79999726,-1.000000119,18.5,0,0,48.51999873,15.77999945
5709,117.0599968,0,23.19999999,-2,0,62.43999718,33.41999932
5710,76.97999929,-1.000000119,15,0,0,45.39999807,17.57999944
5711,25.91999942,0,4.199999988,0,0,19.31999883,2.399999984
5712,145.8199942,-1.000000119,21.5,4,0,82.31999587,38.99999833
5713,92.63999707,0,13.5,0,0,54.5999981,24.53999934
5714,62.05999853,0,10.69999999,0,0,43.19999832,8.159999825
5715,7.399999738,0,0.5,0,0,6.599999607,0.300000012
5716,74.65999727,-1.000000119,16,0,0,43.75999743,15.89999969
5717,6.019999921,0,1,0,0,4.719999731,0.300000012
5718,6.099999905,0,1,0,0,4.799999714,0.300000012
5719,7.899999499,0,0,0,0,7.239999473,0.659999996
5720,5.099999726,0,0,0,0,4.799999714,0.300000012
5721,78.93999746,0,10,0,0,49.67999795,19.25999932
5722,76.33999737,0,10.69999999,0,0,58.19999826,7.439999878
5723,6.819999635,0,0,0,0,6.159999639,0.659999996
5724,70.0999946,0,3,18,0,34.15999842,14.93999959
5725,102.5999956,-1.000000119,19.69999999,0,0,59.23999614,24.65999901
5726,68.15999661,-1.000000119,13.19999999,0,0,45.63999663,10.31999979
5727,76.0399957,0,10.5,0,0,41.71999764,23.81999923
5728,92.49999716,-1.000000119,14,0,0,52.67999779,26.81999897
5729,81.27999814,0,10.5,0,0,45.39999685,25.37999888
5730,95.63999656,-1.000000119,18.39999998,0,0,65.03999659,13.19999979
5731,4.599999785,0,-0.5,0,0,4.799999714,0.300000012
5732,72.5399974,0,11.69999999,0,0,53.39999798,7.439999878
5733,79.67999685,0,13.19999999,-2,0,49.63999651,18.83999961
5734,7.619999707,0,0,0,0,6.95999971,0.659999996
5735,7.259999514,0,0,0,0,6.599999517,0.659999996
5736,72.43999577,1.000000119,10.69999999,0,1,42.75999686,16.97999961
5737,31.25999826,0,4.699999988,0,0,22.23999888,4.319999948
5738,6.099999845,0,1,0,0,4.799999714,0.300000012
5739,5.599999785,0,0.5,0,0,4.799999714,0.300000012
5740,84.65999708,-1.000000119,10,0,0,58.43999796,17.21999943
5741,74.6799974,0,9.5,0,0,49.39999714,15.77999943
5742,77.19999754,0,11.5,0,0,49.3199988,16.37999939
5743,7.359999716,0,0.5,0,0,6.559999585,0.300000012
5744,7.419999599,0,0,0,0,6.759999603,0.659999996
5745,107.2799963,0,18.5,0,0,57.51999831,31.25999901
5746,83.89999676,0,12.5,4,0,42.07999659,25.3199991
5747,54.71999702,0,11.19999999,0,0,39.67999704,3.839999974
5748,81.0599957,-1.000000119,12.5,-2,0,51.99999464,19.55999939
5749,6.599999964,0,1.5,0,0,4.799999714,0.300000012
5750,4.099999756,0,-1,0,0,4.799999714,0.300000012
5751,5.099999905,0,0,0,0,4.799999714,0.300000012
5752,73.89999866,0,8.699999988,0,0,47.43999784,17.75999926
5753,80.13999619,-1.000000119,19.39999998,0,0,53.51999596,8.219999887
5754,5.69999969,0,0,0,0,5.399999678,0.300000012
5755,45.15999883,0,7.5,-6,0,28.95999783,14.69999962
5756,5.599999845,0,0.5,0,0,4.799999714,0.300000012
5757,85.67999581,-1.000000119,26.5,0,0,51.59999677,8.579999827
5758,73.39999604,-1.000000119,10.5,0,0,55.43999605,8.45999983
5759,93.75999486,-1.000000119,19,0,0,62.9199959,12.83999969
5760,157.4199951,0,21.79999995,-4,0,86.27999553,53.33999851
5761,70.43999827,0,7.699999988,-4,0,45.55999869,21.17999945
5762,108.9999966,-1.000000119,12,0,0,69.07999763,28.91999888
5763,6.099999905,0,1,0,0,4.799999714,0.300000012
5764,44.67999893,0,4,-4,0,27.2799983,17.3999994
5765,5.599999785,0,0.5,0,0,4.799999714,0.300000012
5766,95.11999692,0,11.19999999,0,0,59.07999615,24.83999926
5767,93.73999746,0,11.69999999,2,0,55.7999965,24.23999936
5768,75.79999638,0,9.899999976,0,0,53.47999641,12.41999979
5769,71.99999842,-1.000000119,11.19999999,0,0,50.9999983,10.79999976
5770,85.65999714,-1.000000119,15.89999998,0,0,41.35999843,29.39999891
5771,63.77999721,-1.000000119,15.5,0,0,40.15999722,9.119999781
5772,6.159999728,0,0.5,0,0,5.359999657,0.300000012
5773,32.47999904,0,4.899999976,0,0,22.35999881,5.219999969
5774,82.49999677,-1.000000119,19,0,0,58.19999732,6.299999878
5775,27.49999952,0,6,0,0,19.27999854,2.219999969
5776,5.69999969,0,0,0,0,5.399999678,0.300000012
5777,7.299999774,0,1,0,0,5.999999642,0.300000012
5778,93.67999512,-1.000000119,16.89999998,0,0,60.07999821,17.69999975
5779,104.599996,-1.000000119,16,-2,0,57.63999805,33.95999862
5780,5.599999785,0,0.5,0,0,4.799999714,0.300000012
5781,39.85999826,0,6.699999988,0,0,24.75999849,8.399999842
5782,7.899999648,0,0,0,0,6.759999603,1.139999986
5783,77.25999734,0,12.69999999,0,0,56.63999757,7.919999883
5784,8.319999874,0,1.5,0,0,6.159999639,0.659999996
5785,5.779999733,0,0,0,0,5.479999721,0.300000012
5786,28.81999952,0,6,0,0,19.7599988,3.059999928
5787,5.099999845,0,0,0,0,4.799999714,0.300000012
5788,113.5999954,0,18.89999998,0,0,64.15999737,30.53999913
5789,38.7599986,1.000000119,-5,-2,1,29.95999825,13.79999965
5790,66.21999766,0,16,0,0,43.91999768,6.299999818
5791,4.599999785,0,-0.5,0,0,4.799999714,0.300000012
5792,57.81999853,-1.000000119,9,0,0,43.63999821,6.17999988
5793,68.29999773,0,8,0,0,44.63999772,15.65999949
5794,59.27999794,0,6.199999988,0,0,39.63999851,13.43999962
5795,63.73999743,0,11,0,0,44.63999683,8.099999815
5796,6.899999797,0,0,0,0,6.599999607,0.300000012
5797,6.699999869,0,1,0,0,5.399999678,0.300000012
5798,7.479999721,0,0.5,0,0,6.67999965,0.300000012
5799,7.279999733,0,0.5,0,0,6.119999617,0.659999996
5800,30.53999814,0,-3.5,0,0,29.83999787,4.199999943
5801,36.75999732,0,-13.79999995,0,0,40.8399975,9.719999827
5802,53.8999956,-1.000000119,-20.30000001,-2,0,47.91999775,29.27999896
5803,155.1799933,-1.000000119,25.09999996,4,0,75.83999597,51.23999791
5804,94.67999619,-1.000000119,17,4,0,50.67999691,23.9999991
5805,50.83999673,-1.000000119,-13.0999999,0,0,51.55999675,13.37999977
5806,68.47999681,0,-16.80000001,0,0,60.07999814,25.19999928
5807,6.779999852,0,1,0,0,5.479999721,0.300000012
5808,6.099999905,0,1,0,0,4.799999714,0.300000012
5809,7.779999733,0,1,0,0,6.119999617,0.659999996
5810,49.27999705,0,-9.800000012,0,0,48.63999692,10.43999968
5811,5.099999726,0,0,0,0,4.799999714,0.300000012
5812,62.89999611,0,-1.5,0,0,47.4799985,16.9199994
5813,23.29999956,0,-2.5,0,0,17.27999902,8.519999713
5814,163.1599959,0,33.39999998,0,0,77.67999721,52.07999805
5815,61.71999745,0,-12.5,0,0,62.87999813,11.33999977
5816,46.51999556,-1.000000119,-27.80000001,0,0,63.19999664,12.11999977
5817,5.639999807,0,0.5,0,0,4.839999735,0.300000012
5818,34.23999676,-1.000000119,-14.80000001,0,0,41.03999658,8.999999844
5819,5.679999888,0,0.5,0,0,4.879999757,0.300000012
5820,62.91999821,-1.000000119,-8.800000012,0,0,61.79999753,10.9199998
5821,42.77999701,-1.000000119,-14.30000001,0,0,49.43999748,8.639999852
5822,19.03999889,0,0.5,0,0,17.7599988,0.780000001
5823,35.69999641,-1.000000119,-40.40000004,-2,0,56.35999814,22.73999962
5824,58.79999609,-1.000000119,-10.5,0,0,52.11999585,18.17999933
5825,86.11999571,0,-11.10000002,0,0,63.1999951,34.01999875
5826,40.11999654,0,-9.800000012,0,0,36.83999821,13.07999972
5827,77.85999512,-1.000000119,-14.5,0,0,60.83999608,32.51999862
5828,74.87999783,0,-16,0,0,57.75999707,33.119999
5829,6.099999845,0,1,0,0,4.799999714,0.300000012
5830,6.199999809,0,0.5,0,0,5.399999678,0.300000012
5831,6.099999845,0,1,0,0,4.799999714,0.300000012
5832,40.09999865,0,4.5,4,0,21.27999842,10.31999968
5833,64.87999571,0,-2,0,0,46.95999712,19.91999924
5834,70.01999755,0,15.69999999,0,0,41.83999749,12.4799997
5835,136.0599957,0,14.69999999,4,0,63.8399969,53.51999817
5836,107.0799941,0,-10.5,2,0,85.15999451,30.41999938
5837,6.719999731,0,0.5,0,0,5.559999675,0.659999996
5838,6.799999893,0,0.5,0,0,5.999999642,0.300000012
5839,37.41999771,-1.000000119,-16.60000002,0,0,38.03999782,16.97999964
5840,4.69999969,0,-1,0,0,5.399999678,0.300000012
5841,4.139999747,0,-1,0,0,4.839999735,0.300000012
5842,50.31999791,0,3.899999976,0,0,38.67999703,7.739999898
5843,103.3199943,0,-35.40000004,-8,0,93.43999746,53.2799985
5844,64.81999823,-1.000000119,11,0,0,44.31999873,10.49999977
5845,165.0199929,0,21.19999999,4,0,81.79999374,58.01999755
5846,77.47999699,0,11.19999999,0,0,52.47999614,13.79999971
5847,7.919999659,0,0.5,0,0,6.759999603,0.659999996
5848,4.599999785,0,-0.5,0,0,4.799999714,0.300000012
5849,6.999999642,0,-0.5,0,0,7.199999571,0.300000012
5850,119.0599933,-1.000000119,21.69999999,0,0,74.3599969,23.99999926
5851,107.8999963,0,12.19999999,6,0,57.23999851,32.45999897
5852,69.01999423,0,-38.20000005,-2,0,75.19999626,34.01999909
5853,127.2199956,0,11,0,0,76.55999592,39.65999869
5854,19.33999893,0,-2,0,0,19.47999869,1.859999977
5855,57.47999582,-1.000000119,-34,0,0,63.55999719,28.91999934
5856,82.73999581,0,7.699999988,2,0,51.55999877,21.47999962
5857,5.599999845,0,0.5,0,0,4.799999714,0.300000012
5858,31.79999615,0,-20.5,0,0,47.19999708,5.099999905
5859,5.099999726,0,0,0,0,4.799999714,0.300000012
5860,6.099999905,0,1,0,0,4.799999714,0.300000012
5861,25.19999915,0,2.5,0,0,21.07999903,1.619999982
5862,5.099999726,0,0,0,0,4.799999714,0.300000012
5863,86.49999638,0,-22.29999995,-10,0,78.23999655,40.55999877
5864,50.07999828,-1.000000119,-15.80000001,0,0,56.67999847,10.19999973
5865,143.6599943,0,17.39999998,0,0,81.79999518,44.45999872
5866,7.399999678,0,0.5,0,0,6.599999607,0.300000012
5867,7.779999554,0,0,0,0,6.759999603,1.019999981
5868,79.25999677,-1.000000119,8,0,0,49.51999797,22.73999926
5869,6.19999975,0,0.5,0,0,5.399999678,0.300000012
5870,72.53999771,0,-2.5,0,0,54.03999738,20.99999941
5871,67.27999665,0,-3.5,0,0,53.31999777,17.45999938
5872,49.39999653,0,-20.39999992,0,0,56.23999622,13.55999979
5873,66.75999761,0,7.199999988,0,0,49.35999775,10.19999982
5874,5.099999905,0,0,0,0,4.799999714,0.300000012
5875,49.95999741,-1.000000119,-2.5,0,0,35.75999708,17.69999942
5876,100.3199961,0,16.29999995,0,0,58.75999747,25.25999925
5877,75.33999735,-1.000000119,14.69999999,0,0,54.31999746,7.319999889
5878,78.71999756,0,15.19999999,0,0,55.23999737,8.279999845
5879,89.33999527,0,-12.80000001,0,0,76.39999591,25.73999924
5880,6.599999964,0,1.5,0,0,4.799999714,0.300000012
5881,53.81999767,0,13.39999998,0,0,34.95999849,5.459999971
5882,72.51999702,-1.000000119,12,0,0,43.87999938,17.63999944
5883,54.03999925,0,7.199999988,0,0,28.59999812,18.23999926
5884,25.41999942,0,2,0,0,21.31999886,2.099999972
5885,59.41999716,-1.000000119,7,0,0,44.95999736,8.45999983
5886,59.01999719,-1.000000119,8.699999988,0,0,36.55999862,14.75999971
5887,7.319999754,0,0.5,0,0,6.159999639,0.659999996
5888,25.59999937,0,5.5,0,0,18.59999925,1.499999985
5889,60.57999745,0,10.5,-2,0,39.35999712,12.71999972
5890,96.69999619,0,12,0,0,69.15999588,15.53999961
5891,87.43999584,-1.000000119,17.5,0,0,48.91999787,22.01999906
5892,6.699999869,0,1,0,0,5.399999678,0.300000012
5893,75.99999805,-1.000000119,11.19999999,0,0,52.23999758,13.55999973
5894,29.81999898,0,4.699999988,0,0,22.71999851,2.399999984
5895,75.57999836,0,14,0,0,49.27999808,12.29999974
5896,98.85999635,-1.000000119,18.5,-2,0,63.55999598,19.79999942
5897,6.839999676,0,0.5,0,0,5.67999962,0.659999996
5898,34.55999923,0,5.699999988,0,0,25.31999952,3.539999992
5899,78.31999829,-1.000000119,16.89999998,0,0,52.63999744,9.77999986
5900,81.43999796,-1.000000119,10.5,0,0,52.19999893,19.73999926
5901,92.81999647,-1.000000119,11,-2,0,60.51999646,24.29999919
5902,101.8599948,-1.000000119,15.5,0,0,63.23999629,24.11999916
5903,78.21999685,-1.000000119,19,0,0,51.87999807,8.339999802
5904,197.5199923,0,37.99999994,0,0,87.75999664,71.75999776
5905,72.03999764,-1.000000119,11,-2,0,46.15999749,17.87999942
5906,62.3799975,-1.000000119,9,0,0,45.91999821,8.459999822
5907,103.5399969,0,12.29999995,0,0,64.47999495,26.75999945
5908,25.51999974,0,3.5,0,0,14.75999898,7.259999722
5909,87.65999819,0,18,0,0,47.87999786,21.77999914
5910,4.599999845,0,-0.5,0,0,4.799999714,0.300000012
5911,45.81999809,0,3,0,0,26.19999886,16.6199994
5912,64.85999799,0,6.699999988,4,0,42.39999729,11.75999974
5913,71.45999873,0,15,0,0,42.95999782,13.4999994
5914,59.97999786,0,7,0,0,47.51999873,5.459999897
5915,96.5799973,-1.000000119,26.09999996,0,0,46.51999807,24.9599995
5916,5.599999785,0,0.5,0,0,4.799999714,0.300000012
5917,6.19999975,0,0.5,0,0,5.399999678,0.300000012
5918,87.93999691,0,12.69999999,0,0,60.11999682,15.11999976
5919,28.45999885,0,1.700000048,0,0,20.63999903,6.119999863
5920,214.7399916,1.000000119,26.59999996,0,1,126.6799951,59.45999786
5921,88.7399968,-1.000000119,13.69999999,0,0,58.75999655,17.27999951
5922,55.71999848,1.000000119,4.5,6,1,27.31999791,15.89999948
5923,6.099999905,0,1,0,0,4.799999714,0.300000012
5924,85.35999739,-1.000000119,12.5,0,0,57.11999656,16.73999955
5925,89.11999889,0,12.19999999,0,0,53.63999699,23.27999922
5926,32.25999713,0,0,0,0,31.59999713,0.659999996
5927,76.05999768,0,7,8,0,36.51999778,24.53999896
5928,56.57999812,0,9,0,0,40.55999838,7.019999862
5929,116.7799957,-1.000000119,15,0,0,61.91999677,40.85999855
5930,148.8199929,1.000000119,18.69999999,-2,1,80.43999779,49.6799987
5931,72.31999598,-1.000000119,9.5,0,0,47.79999621,16.01999956
5932,62.1799961,0,10.69999999,0,0,41.63999633,9.839999832
5933,6.819999635,0,0,0,0,6.159999639,0.659999996
5934,73.29999714,0,20.69999999,0,0,41.79999878,10.79999981
5935,83.03999697,0,13.5,0,0,58.55999637,10.97999977
5936,72.17999613,-1.000000119,10.69999999,0,0,53.83999781,8.639999852
5937,84.5199967,0,10.5,4,0,42.35999691,27.65999915
5938,133.0399956,-1.000000119,28.59999996,0,0,59.35999623,46.07999872
5939,4.899999619,0,-2,0,0,6.599999607,0.300000012
5940,119.1999962,-1.000000119,17,-2,0,68.83999522,36.35999875
5941,5.599999845,0,0.5,0,0,4.799999714,0.300000012
5942,41.99999817,0,3.5,-2,0,27.47999865,13.01999957
5943,89.17999768,0,16.19999999,0,0,50.2399964,22.73999918
5944,95.35999726,0,20,0,0,55.55999693,19.79999928
5945,55.33999851,0,8.699999988,0,0,35.83999801,10.7999998
5946,6.139999926,0,1,0,0,4.839999735,0.300000012
5947,6.099999905,0,1,0,0,4.799999714,0.300000012
5948,19.33999972,0,4,0,0,13.3599993,1.979999974
5949,5.099999726,0,0,0,0,4.799999714,0.300000012
5950,89.79999533,0,14.19999999,0,0,66.47999708,9.119999841
5951,6.139999866,0,1,0,0,4.839999735,0.300000012
5952,77.81999733,-1.000000119,13.4000001,0,0,53.35999616,12.05999979
5953,74.55999807,0,11.19999999,0,0,56.27999867,7.079999886
5954,88.81999736,0,16.69999999,0,0,44.03999861,28.07999908
5955,39.67999792,0,6.899999976,0,0,28.27999878,4.49999997
5956,92.0599971,0,13.5,0,0,52.63999891,25.91999908
5957,105.919998,-1.000000119,14.5,0,0,57.19999655,35.21999857
5958,5.599999785,0,0.5,0,0,4.799999714,0.300000012
5959,80.73999682,-1.000000119,10.39999998,0,0,59.75999697,11.57999981
5960,78.63999789,-1.000000119,22.19999999,0,0,44.71999786,12.71999972
5961,85.99999757,0,9.5,0,0,51.23999909,25.25999913
5962,82.51999635,0,9.599999964,0,0,58.87999558,14.03999982
5963,5.599999785,0,0.5,0,0,4.799999714,0.300000012
5964,7.319999695,0,0.5,0,0,6.159999639,0.659999996
5965,27.81999826,0,3.399999976,0,0,20.27999896,4.139999993
5966,129.1599953,0,15.59999996,-4,0,72.55999652,44.99999875
5967,76.57999711,-1.000000119,15,-8,0,46.15999852,24.41999914
5968,81.13999844,-1.000000119,17,0,0,48.75999825,16.3799994
5969,37.53999829,0,4,0,0,24.35999864,9.179999702
5970,118.3399946,-1.000000119,12,0,0,71.87999602,35.45999888
5971,130.9399939,0,15.39999998,8,0,82.03999585,25.49999925
5972,79.41999683,0,13,0,0,57.11999796,9.299999811
5973,7.739999712,0,1,0,0,6.439999521,0.300000012
5974,9.199999571,0,0.5,0,0,8.399999499,0.300000012
5975,71.31999597,-1.000000119,14.19999999,0,0,49.95999758,8.15999984
5976,92.01999582,-1.000000119,14.69999999,0,0,61.27999707,17.03999962
5977,77.43999713,0,11,-2,0,49.11999808,19.31999955
5978,64.47999851,0,7,0,0,34.67999828,22.79999904
5979,93.83999556,0,16,-2,0,52.11999801,27.71999902
5980,80.13999602,0,10.09999996,0,0,54.8,15.23999976
5981,150.3999936,0,24.59999996,4,0,73.79999612,47.99999888
5982,63.659998,-1.000000119,8.699999988,0,0,47.55999662,8.399999857
5983,152.3199943,0,21.40000004,-10,0,88.83999701,52.07999841
5984,93.05999713,-1.000000119,13.09999996,0,0,64.87999666,16.07999967
5985,72.61999599,-1.000000119,13.69999999,0,0,51.03999592,8.879999816
5986,6.059999824,0,1,0,0,4.759999692,0.300000012
5987,70.4599973,0,9.5,-6,0,50.87999928,16.07999967
5988,136.1199957,-1.000000119,30,-4,0,67.91999733,43.19999866
5989,5.719999731,0,-0.5,0,0,5.559999675,0.659999996
5990,68.1799975,0,11.19999999,0,0,39.6399979,17.3399995
5991,65.71999754,-1.000000119,10.5,0,0,49.07999788,7.139999859
5992,71.07999638,0,13.5,0,0,46.47999758,11.09999967
5993,5.599999845,0,0.5,0,0,4.799999714,0.300000012
5994,65.07999699,-1.000000119,9.5,0,0,51.83999728,4.739999913
5995,55.89999813,0,5.5,2,0,27.87999827,20.51999918
5996,4.599999785,0,-0.5,0,0,4.799999714,0.300000012
5997,6.539999843,0,1,0,0,5.239999712,0.300000012
5998,110.5799962,0,12.69999999,0,0,60.4399979,37.43999881
5999,65.89999753,0,8,0,0,45.47999892,12.41999962
6000,75.8399958,0,11.89999998,0,0,51.0399985,12.89999979
6001,73.73999669,-1.000000119,10.39999998,0,0,53.23999614,11.09999982
6002,62.81999828,-1.000000119,13.69999999,0,0,43.15999873,6.959999889
6003,113.7799956,-1.000000119,18.5,0,0,67.35999617,28.91999887
6004,100.0199951,0,4.899999976,8,0,45.95999706,41.15999836
6005,121.1199976,-1.000000119,30.5,-8,0,62.71999706,36.89999859
6006,105.3399942,-1.000000119,10.5,12,0,59.11999567,24.71999923
6007,42.41999906,0,6.699999988,0,0,31.39999861,4.319999948
6008,6.599999964,0,1.5,0,0,4.799999714,0.300000012
6009,6.699999869,0,1,0,0,5.399999678,0.300000012
6010,74.33999676,0,16.39999998,0,0,49.59999846,8.339999914
6011,7.899999738,0,1,0,0,6.599999607,0.300000012
6012,69.67999833,-1.000000119,9.699999988,0,0,44.35999723,16.61999948
6013,62.09999689,-1.000000119,10,0,0,42.83999789,10.2599997
6014,74.61999752,-1.000000119,9.699999988,0,0,56.67999615,9.239999838
6015,77.73999692,0,9.699999988,0,0,46.67999679,21.35999949
6016,6.719999731,0,0.5,0,0,5.559999675,0.659999996
6017,93.09999619,-1.000000119,23.89999998,0,0,56.63999702,13.55999979
6018,84.21999573,0,11.39999998,-2,0,50.87999721,23.93999935
6019,58.13999897,1.000000119,6.5,0,1,31.0399977,18.59999931
6020,174.8399943,0,33.39999998,-4,0,89.3999971,56.03999793
6021,194.5399913,-1.000000119,34.59999996,12,0,81.67999646,67.25999773
6022,46.85999882,1.000000119,6.5,0,1,23.23999882,15.11999937
6023,76.91999732,-1.000000119,12.5,0,0,44.35999918,21.05999905
6024,112.1999953,0,22.19999999,-6,0,57.35999714,38.63999846
6025,165.6599948,-1.000000119,26,2,0,77.87999405,60.77999745
6026,64.15999758,0,9.299999952,0,0,34.6399979,20.21999962
6027,82.93999685,0,15.39999998,0,0,58.59999719,8.939999871
6028,83.93999663,0,21,0,0,56.27999742,6.65999987
6029,141.3799965,-1.000000119,31,0,0,76.15999942,35.21999893
6030,5.599999785,0,0.5,0,0,4.799999714,0.300000012
6031,82.83999629,-1.000000119,12.19999999,0,0,56.99999764,14.63999972
6032,221.9399908,-1.000000119,29.99999994,14,0,117.5599945,61.37999789
6033,86.39999674,-1.000000119,16.69999999,-4,0,51.83999826,22.85999934
6034,7.819999814,0,1,0,0,6.159999639,0.659999996
6035,6.19999975,0,0.5,0,0,5.399999678,0.300000012
6036,5.099999726,0,0,0,0,4.799999714,0.300000012
6037,64.17999772,-1.000000119,12.69999999,0,0,45.39999632,7.079999886
6038,95.19999691,-1.000000119,22,0,0,50.91999795,23.27999911
6039,161.5199942,-1.000000119,27.69999993,4,0,86.95999601,43.85999906
6040,77.4199962,0,9.099999964,0,0,49.35999809,18.95999972
6041,78.47999774,-1.000000119,14.5,0,0,56.27999736,8.699999824
6042,75.99999665,-1.000000119,17.69999999,0,0,34.63999666,24.65999931
6043,5.179999769,0,0,0,0,4.879999757,0.300000012
6044,60.93999816,0,11.69999999,0,0,45.75999817,3.479999982
6045,7.579999626,0,0,0,0,6.67999956,0.899999991
6046,30.95999891,0,3.899999976,0,0,24.11999848,2.94000002
6047,52.13999863,0,3.5,0,0,32.31999767,16.31999938
6048,84.61999454,-1.000000119,12.39999998,0,0,51.67999767,21.53999957
6049,90.09999768,-1.000000119,15,0,0,50.35999735,25.73999901
6050,77.37999719,0,12,0,0,50.91999801,14.45999961
6051,7.919999659,0,0.5,0,0,6.759999603,0.659999996
6052,68.83999754,0,12.5,-2,0,33.07999846,25.25999922
6053,91.21999656,-1.000000119,16.19999999,0,0,56.03999602,19.97999946
6054,5.599999845,0,0.5,0,0,4.799999714,0.300000012
6055,79.91999735,-1.000000119,14.5,0,0,46.79999681,19.61999913
6056,6.699999809,0,1,0,0,5.399999678,0.300000012
6057,110.0599971,-1.000000119,16.39999998,0,0,63.99999739,30.65999886
6058,6.279999793,0,0.5,0,0,5.479999721,0.300000012
6059,79.49999659,-1.000000119,16,0,0,47.27999809,17.21999963
6060,47.19999802,0,5.199999988,0,0,34.43999922,7.559999831
6061,123.5799945,-1.000000119,19,6,0,63.51999611,36.0599988
6062,72.97999762,-1.000000119,13,0,0,53.11999804,7.859999843
6063,73.13999648,0,13,0,0,54.91999798,5.219999902
6064,33.75999904,0,4,0,0,22.07999882,7.679999799
6065,7.739999652,0,1,0,0,6.439999521,0.300000012
6066,62.81999759,0,10,0,0,46.99999681,5.819999889
6067,220.4399913,0,29.69999999,-8,0,82.27999555,116.4599956
6068,36.0999983,0,3.5,8,0,18.59999883,5.999999881
6069,28.01999956,0,5.5,0,0,20.71999902,1.799999997
6070,63.95999776,0,10.19999999,-10,0,41.55999857,22.19999944
6071,5.599999845,0,0.5,0,0,4.799999714,0.300000012
6072,37.49999779,0,1.699999988,0,0,25.83999796,9.959999733
6073,118.8199956,-1.000000119,20.19999999,6,0,68.59999546,25.01999948
6074,40.19999805,0,3,4,0,23.47999915,9.719999641
6075,6.599999905,0,1.5,0,0,4.799999714,0.300000012
6076,68.49999714,-1.000000119,8,0,0,45.83999749,15.65999948
6077,5.099999726,0,0,0,0,4.799999714,0.300000012
6078,69.61999589,0,6.899999976,0,0,46.75999635,15.95999972
6079,8.299999952,0,2,0,0,5.999999642,0.300000012
6080,39.3399983,0,6,0,0,27.87999812,5.459999844
6081,82.63999586,0,12.89999998,0,0,47.11999726,22.61999943
6082,6.819999635,0,0,0,0,6.159999639,0.659999996
6083,23.55999851,0,0,0,0,22.95999843,0.600000024
6084,30.05999875,0,4,0,0,18.55999911,7.499999642
6085,173.9199914,-1.000000119,25.59999996,0,0,83.43999683,65.87999786
6086,128.8399976,-1.000000119,27,-4,0,66.87999766,39.95999847
6087,46.63999879,0,5.199999988,0,0,27.99999768,13.43999931
6088,66.99999617,0,11.19999999,0,0,48.2399973,7.559999883
6089,53.59999698,0,5.199999988,0,0,38.07999659,10.3199997
6090,83.37999693,-1.000000119,11,0,0,49.31999718,24.05999895
6091,75.05999762,0,13.5,-4,0,45.39999604,20.15999949
6092,68.15999746,-1.000000119,12.19999999,0,0,42.67999632,14.27999969
6093,148.4799953,-1.000000119,37.59999996,0,0,79.59999648,32.27999921
6094,177.1999949,-1.000000119,26.19999999,-2,0,100.1199951,53.87999791
6095,6.099999845,0,1,0,0,4.799999714,0.300000012
6096,5.099999726,0,0,0,0,4.799999714,0.300000012
6097,6.059999883,0,1,0,0,4.759999692,0.300000012
6098,75.59999502,0,7.899999976,0,0,47.47999728,20.21999965
6099,78.15999776,-1.000000119,11.5,0,0,50.07999766,17.57999938
6100,6.599999964,0,1.5,0,0,4.799999714,0.300000012
6101,105.1599964,0,15.69999999,4,0,64.15999675,21.29999945
6102,106.2799963,0,14.19999999,0,0,64.7199972,27.35999877
6103,6.599999964,0,1.5,0,0,4.799999714,0.300000012
6104,5.099999726,0,0,0,0,4.799999714,0.300000012
6105,71.47999676,-1.000000119,14.5,0,0,47.47999677,10.49999978
6106,63.95999703,-1.000000119,11.89999998,0,0,42.31999762,10.73999983
6107,70.27999789,-1.000000119,13.19999999,0,0,49.19999737,8.879999846
6108,34.13999891,0,6.399999976,0,0,23.59999859,4.139999986
6109,7.199999928,0,1.5,0,0,5.399999678,0.300000012
6110,75.75999686,0,8.5,8,0,37.35999736,21.89999921
6111,53.31999731,0,3.699999988,-4,0,31.95999801,21.65999915
6112,136.4199935,1.000000119,17.5,8,1,53.71999797,55.19999818
6113,55.63999741,-1.000000119,8.199999988,0,0,43.87999822,4.559999943
6114,69.5199976,-1.000000119,16.19999999,0,0,47.47999884,6.839999892
6115,70.91999654,-1.000000119,12.19999999,0,0,50.47999527,9.239999846
6116,6.099999905,0,1,0,0,4.799999714,0.300000012
6117,5.099999726,0,0,0,0,4.799999714,0.300000012
6118,71.63999726,0,11.5,0,0,53.95999709,6.17999988
6119,4.599999815,0,-0.5,0,0,4.799999714,0.300000012
6120,107.979995,0,22.19999999,0,0,68.79999645,16.97999951
6121,93.75999738,0,14.89999998,0,0,62.23999691,16.61999957
6122,65.97999825,0,9,0,0,50.79999773,6.17999988
6123,182.2799931,-1.000000119,26.09999996,-16,0,108.6799959,64.49999799
6124,70.75999658,0,7.5,0,0,43.63999701,19.61999916
6125,5.099999726,0,0,0,0,4.799999714,0.300000012
6126,46.25999755,0,7.199999988,0,0,33.83999854,5.219999962
6127,7.399999678,0,0.5,0,0,6.599999607,0.300000012
6128,6.599999905,0,1.5,0,0,4.799999714,0.300000012
6129,11.67999983,0,2.5,0,0,8.519999474,0.659999996
6130,80.25999768,-1.000000119,12.69999999,0,0,58.23999635,10.31999981
6131,5.099999726,0,0,0,0,4.799999714,0.300000012
6132,77.07999773,0,13.69999999,-4,0,44.15999651,23.21999925
6133,31.71999884,0,1,0,0,29.99999863,0.720000021
6134,78.27999708,0,17.19999999,0,0,45.71999787,15.35999957
6135,7.479999721,0,0.5,0,0,6.67999965,0.300000012
6136,150.0399949,0,27.29999995,0,0,68.19999678,54.53999805
6137,6.699999809,0,1,0,0,5.399999678,0.300000012
6138,83.91999806,-1.000000119,12,0,0,54.1999971,18.71999953
6139,98.41999665,0,17,-6,0,54.11999801,33.29999886
6140,135.6999959,-1.000000119,25.89999998,0,0,66.63999792,44.1599985
6141,146.5199947,-1.000000119,23.59999996,-2,0,88.35999653,37.55999888
6142,64.77999762,-1.000000119,10,0,0,44.07999863,11.69999976
6143,69.77999777,-1.000000119,10.69999999,0,0,50.71999802,9.359999835
6144,5.599999785,0,0.5,0,0,4.799999714,0.300000012
6145,10.3599999,0,1.5,0,0,8.19999966,0.659999996
6146,7.479999542,0,0.5,0,0,6.679999471,0.300000012
6147,37.53999823,0,5.199999988,0,0,28.79999799,3.539999977
6148,6.099999905,0,1,0,0,4.799999714,0.300000012
6149,75.15999749,-1.000000119,13.19999999,0,0,52.63999853,10.3199998
6150,80.65999679,0,10,0,0,52.11999634,18.53999932
6151,103.0599956,-1.000000119,8.5,2,0,61.75999655,31.79999867
6152,6.099999845,0,1,0,0,4.799999714,0.300000012
6153,5.739999712,0,0,0,0,5.4399997,0.300000012
6154,6.599999964,0,1.5,0,0,4.799999714,0.300000012
6155,7.899999797,0,1,0,0,6.599999607,0.300000012
6156,5.059999704,0,0,0,0,4.759999692,0.300000012
6157,64.15999736,-1.000000119,13.19999999,0,0,46.67999716,5.279999927
6158,74.5999964,-1.000000119,11.19999999,0,0,46.1599976,18.23999944
6159,5.599999785,0,0.5,0,0,4.799999714,0.300000012
6160,85.8999968,0,18.90000004,0,0,53.79999834,13.19999979
6161,7.819999754,0,1,0,0,6.159999639,0.659999996
6162,77.01999777,0,19,0,0,43.43999706,14.57999948
6163,6.69999963,0,0,0,0,6.039999634,0.659999996
6164,35.49999902,0,4.699999988,0,0,26.11999785,4.679999955
6165,73.13999704,-1.000000119,17,0,0,48.43999769,8.699999824
6166,119.3199952,-1.000000119,22,-2,0,64.19999571,36.11999903
6167,64.03999822,-1.000000119,10.5,0,0,48.59999925,5.939999886
6168,66.81999701,-1.000000119,10,0,0,42.87999736,14.93999948
6169,7.919999719,0,0.5,0,0,6.759999603,0.659999996
6170,45.55999917,0,6,0,0,29.35999805,10.19999962
6171,99.05999474,0,15.19999999,-4,0,58.75999805,29.09999882
6172,66.29999657,-1.000000119,8.699999988,0,0,45.51999654,13.0799997
6173,8.499999762,0,1,0,0,6.839999646,0.659999996
6174,5.9799999,0,1,0,0,4.679999709,0.300000012
6175,88.15999614,0,12,4,0,52.83999686,19.31999928
6176,159.8199937,0,26.80000001,0,0,94.19999198,38.8199991
6177,59.7199986,0,7.5,0,0,43.63999815,8.579999827
6178,34.61999901,0,3.5,-2,0,20.51999868,12.59999949
6179,74.07999615,-1.000000119,9.599999964,0,0,53.59999716,11.87999983
6180,5.599999785,0,0.5,0,0,4.799999714,0.300000012
6181,7.21999979,0,1,0,0,5.919999599,0.300000012
6182,58.09999824,0,8.5,-4,0,37.99999726,15.59999953
6183,82.69999647,-1.000000119,16.69999999,0,0,51.87999579,15.11999971
6184,7.839999616,0,0.5,0,0,6.67999956,0.659999996
6185,29.09999925,0,4,0,0,19.39999896,5.699999839
6186,7.319999695,0,0.5,0,0,6.159999639,0.659999996
6187,7.41999954,0,0,0,0,7.119999528,0.300000012
6188,7.519999683,0,-0.5,0,0,7.359999567,0.659999996
6189,89.29999651,0,13.19999999,0,0,47.59999803,28.49999863
6190,75.75999777,-1.000000119,13.5,0,0,53.3599979,9.899999797
6191,100.7599956,0,14.79999995,0,0,70.59999608,15.35999978
6192,87.6199975,0,11.59999996,4,0,46.63999891,25.37999919
6193,57.11999822,0,11,-2,0,29.03999923,19.07999936
6194,63.83999737,-1.000000119,8.5,0,0,45.59999721,10.73999971
6195,71.7999962,0,5.199999988,0,0,49.55999613,17.03999957
6196,127.4799953,-1.000000119,18.19999999,0,0,74.39999595,35.87999851
6197,74.81999839,-1.000000119,8.699999988,0,0,47.31999905,19.79999939
6198,84.4199975,-1.000000119,15,0,0,57.15999842,13.25999957
6199,5.139999747,0,0,0,0,4.839999735,0.300000012
6200,80.05999738,0,14.69999999,0,0,55.03999715,10.31999981
6201,29.49999915,0,3.699999988,0,0,22.43999881,3.35999997
6202,67.7799978,-1.000000119,9,0,0,49.63999759,10.13999977
6203,83.15999669,-1.000000119,17,-2,0,54.15999697,14.99999967
6204,4.099999756,0,-1,0,0,4.799999714,0.300000012
6205,96.51999679,-1.000000119,20.5,0,0,49.47999805,27.53999893
6206,131.0999949,0,17.09999996,-4,0,76.23999593,41.75999866
6207,65.47999635,-1.000000119,12.5,0,0,47.91999736,6.059999883
6208,6.19999975,0,0.5,0,0,5.399999678,0.300000012
6209,65.6799975,-1.000000119,11.5,0,0,47.7999953,7.379999854
6210,123.1399959,0,16.59999996,-4,0,60.43999648,50.09999816
6211,70.81999773,1.000000119,7.5,-2,1,37.0399977,26.27999926
6212,5.099999726,0,0,0,0,4.799999714,0.300000012
6213,65.83999734,-1.000000119,11.5,0,0,49.39999793,5.939999886
6214,115.2999962,0,18,0,0,67.35999733,29.93999866
6215,64.25999712,-1.000000119,16,0,0,39.23999678,10.01999976
6216,79.11999661,-1.000000119,13.5,0,0,59.83999706,6.779999867
6217,5.599999785,0,0.5,0,0,4.799999714,0.300000012
6218,68.91999828,-1.000000119,13.5,0,0,45.6799983,10.73999976
6219,6.099999905,0,1,0,0,4.799999714,0.300000012
6220,29.15999836,0,2.199999988,0,0,17.71999799,9.239999697
6221,65.03999889,0,12.19999999,0,0,39.39999795,13.43999966
6222,64.69999805,0,9,0,0,49.15999825,6.539999872
6223,84.29999767,-1.000000119,14.69999999,0,0,45.39999838,25.19999902
6224,75.9199992,0,11.5,0,0,56.67999953,7.739999846
6225,78.97999653,-1.000000119,13.5,0,0,51.23999758,15.23999952
6226,145.1999925,-1.000000119,19.69999999,-4,0,85.43999448,45.05999848
6227,7.959999681,0,0.5,0,0,6.799999624,0.659999996
6228,5.21999979,0,0,0,0,4.919999778,0.300000012
6229,104.6999972,0,14.39999998,0,0,60.35999776,29.93999913
6230,107.6599978,1.000000119,15.5,-8,1,58.43999702,39.71999886
6231,44.13999879,0,5.5,0,0,30.47999877,8.159999736
6232,60.15999843,-1.000000119,10.5,0,0,43.75999735,6.899999842
6233,83.49999833,0,13,0,0,48.71999791,21.77999927
6234,7.279999673,0,0.5,0,0,6.119999617,0.659999996
6235,7.100000024,0,2,0,0,4.799999714,0.300000012
6236,6.099999845,0,1,0,0,4.799999714,0.300000012
6237,84.61999607,-1.000000119,14,0,0,50.31999762,21.29999914
6238,51.91999835,0,6.199999988,0,0,34.31999898,11.39999963
6239,68.35999723,-1.000000119,12.19999999,0,0,45.15999862,11.99999974
6240,6.299999654,0,0,0,0,5.999999642,0.300000012
6241,6.699999809,0,1,0,0,5.399999678,0.300000012
6242,34.6199986,0,4,0,0,22.75999909,7.859999858
6243,111.3799951,0,17.69999999,-2,0,60.99999809,34.6799989
6244,150.4599966,0,28.69999993,0,0,85.03999496,36.71999924
6245,124.0199967,-1.000000119,18.40000004,-2,0,74.23999562,34.3799988
6246,33.95999867,0,5.5,0,0,20.71999907,7.739999674
6247,62.33999683,-1.000000119,10,0,0,44.75999859,8.579999827
6248,77.83999664,-1.000000119,8.5,0,0,50.59999752,19.73999912
6249,5.819999576,0,-1,0,0,6.519999564,0.300000012
6250,5.599999785,0,0.5,0,0,4.799999714,0.300000012
6251,136.2599922,-1.000000119,30.49999994,0,0,81.19999452,25.55999958
6252,6.099999905,0,1,0,0,4.799999714,0.300000012
6253,7.999999642,0,0.5,0,0,7.199999571,0.300000012
6254,7.100000024,0,2,0,0,4.799999714,0.300000012
6255,6.019999802,0,1,0,0,4.719999671,0.300000012
6256,170.7799911,-1.000000119,27.19999999,8,0,71.59999621,64.9799978
6257,63.27999718,0,10.19999999,0,0,45.39999717,7.679999873
6258,5.599999785,0,0.5,0,0,4.799999714,0.300000012
6259,27.97999889,0,4.199999988,0,0,21.43999863,2.340000011
6260,71.15999748,-1.000000119,10.19999999,0,0,47.91999748,14.03999964
6261,71.17999753,-1.000000119,12,0,0,52.19999745,7.979999796
6262,96.91999745,0,8.699999988,4,0,54.39999795,29.81999891
6263,78.69999647,0,9.5,-12,0,40.87999755,40.3199982
6264,96.699995,-1.000000119,11.5,4,0,61.79999804,20.39999911
6265,89.03999586,-1.000000119,13,4,0,56.59999757,16.43999948
6266,5.69999969,0,0,0,0,5.399999678,0.300000012
6267,71.47999695,0,8.5,8,0,33.91999751,21.05999939
6268,7.639999807,0,0.5,0,0,6.839999735,0.300000012
6269,6.699999809,0,1,0,0,5.399999678,0.300000012
6270,44.71999863,0,8,-10,0,32.1999987,14.51999952
6271,85.41999735,0,9.5,0,0,52.87999829,23.03999914
6272,61.41999768,0,7.199999988,-2,0,33.59999782,22.6199991
6273,186.6599955,-1.000000119,37.49999994,8,0,84.19999303,57.95999829
6274,111.0599963,0,17.89999998,2,0,61.27999656,29.87999917
6275,89.91999657,-1.000000119,22.09999996,0,0,49.79999743,19.0199997
6276,5.599999785,0,0.5,0,0,4.799999714,0.300000012
6277,77.53999697,0,10.39999998,0,0,53.51999722,13.61999974
6278,64.93999796,0,14,0,0,42.71999823,8.219999798
6279,116.1399967,-1.000000119,19.19999999,0,0,60.3199981,37.61999855
6280,116.3399938,-1.000000119,19.19999999,2,0,68.83999692,27.29999908
6281,68.83999802,-1.000000119,9,4,0,42.67999703,14.15999954
6282,50.03999824,0,4,0,0,26.23999812,19.79999923
6283,64.93999521,-1.000000119,10.39999998,0,0,41.43999691,14.09999971
6284,5.599999785,0,0.5,0,0,4.799999714,0.300000012
6285,89.27999718,0,11.5,-2,0,51.75999628,28.01999888
6286,141.6599963,0,22.19999999,-4,0,80.19999303,43.25999869
6287,85.77999805,-1.000000119,10,0,0,51.75999656,25.01999909
6288,82.39999735,1.000000119,5,-2,1,43.79999804,33.59999862
6289,76.85999611,0,20,0,0,51.39999586,5.459999897
6290,82.31999667,0,16.19999999,0,0,51.71999787,14.39999979
6291,91.57999633,-1.000000119,13.5,6,0,49.91999733,23.15999921
6292,91.31999597,0,13.59999996,0,0,61.15999474,16.55999973
6293,90.83999595,-1.000000119,11.89999998,0,0,55.99999674,23.9399993
6294,111.3399946,0,19.39999998,-2,0,59.43999419,34.49999919
6295,26.07999912,0,2.5,0,0,21.11999875,2.459999964
6296,64.61999661,-1.000000119,11.89999998,0,0,39.55999641,14.1599998
6297,6.19999975,0,0.5,0,0,5.399999678,0.300000012
6298,6.699999869,0,1,0,0,5.399999678,0.300000012
6299,83.11999662,0,13.19999999,0,0,51.31999725,18.59999931
6300,28.71999872,0,3.899999976,0,0,20.6799984,4.139999993
6301,76.27999845,0,4.5,0,0,55.87999891,15.89999949
6302,39.61999846,0,5,0,0,23.75999856,10.85999963
6303,5.599999785,0,0.5,0,0,4.799999714,0.300000012
6304,66.45999686,0,5,0,0,43.63999718,17.8199993
6305,7.319999754,0,0.5,0,0,6.159999639,0.659999996
6306,99.67999518,0,14,6,0,42.83999729,36.83999842
6307,73.53999796,-1.000000119,14,0,0,46.79999793,13.7399996
6308,7.679999828,0,1.5,0,0,5.879999578,0.300000012
6309,4.599999785,0,-0.5,0,0,4.799999714,0.300000012
6310,44.13999814,0,3.5,2,0,25.43999887,13.19999945
6311,52.57999855,0,9.199999988,0,0,38.15999937,5.219999954
6312,6.399999678,0,-0.5,0,0,6.599999607,0.300000012
6313,120.0799967,-1.000000119,23.59999996,0,0,66.87999518,30.59999907
6314,133.2999966,-1.000000119,29.39999998,-2,0,69.51999602,37.37999876
6315,75.39999789,0,17.89999998,0,0,47.47999918,10.01999985
6316,5.599999785,0,0.5,0,0,4.799999714,0.300000012
6317,85.43999651,0,15.29999995,0,0,48.83999674,21.29999962
6318,7.039999723,0,0.5,0,0,6.239999592,0.300000012
6319,158.2399957,0,27.39999998,-6,0,78.51999662,58.3199979
6320,59.07999855,-1.000000119,8.5,0,0,42.39999841,9.179999731
6321,5.599999785,0,0.5,0,0,4.799999714,0.300000012
6322,94.99999742,-1.000000119,19.5,0,0,52.67999764,23.81999908
6323,7.419999599,0,0,0,0,6.759999603,0.659999996
6324,96.37999737,0,9.5,0,0,53.99999821,32.87999871
6325,64.17999728,0,11,0,0,47.35999787,5.819999836
6326,55.81999975,0,8.5,-6,0,31.95999742,21.35999911
6327,73.9199978,-1.000000119,13.19999999,0,0,51.39999984,10.31999981
6328,7.899999797,0,1,0,0,6.599999607,0.300000012
6329,67.61999816,0,13.69999999,0,0,39.27999729,14.63999951
6330,74.29999866,0,10.19999999,0,0,40.51999694,23.5799993
6331,6.099999845,0,1,0,0,4.799999714,0.300000012
6332,8.619999528,0,0,0,0,7.959999532,0.659999996
6333,7.47999984,0,0.5,0,0,6.319999725,0.659999996
6334,27.25999886,0,2,0,0,18.11999911,7.13999965
6335,84.43999749,0,12,-4,0,46.07999706,30.35999871
6336,6.099999845,0,1,0,0,4.799999714,0.300000012
6337,71.81999752,0,7.5,8,0,35.31999915,20.99999924
6338,94.61999623,0,10.5,8,0,55.71999769,20.39999918
6339,6.699999869,0,1,0,0,5.399999678,0.300000012
6340,6.299999654,0,0,0,0,5.999999642,0.300000012
6341,163.1599947,0,27.99999994,2,0,90.43999729,42.71999899
6342,35.75999898,0,4,-2,0,23.55999887,10.1999997
6343,66.97999763,0,10.19999999,4,0,34.47999805,18.29999939
6344,21.75999939,0,2.5,0,0,17.87999886,1.379999988
6345,109.0399956,0,19.29999995,6,0,53.43999672,30.29999944
6346,137.0199925,0,24.29999995,2,0,71.95999609,38.75999903
6347,72.7599978,-1.000000119,12.19999999,0,0,43.4399984,18.11999943
6348,6.099999845,0,1,0,0,4.799999714,0.300000012
6349,6.799999714,0,0.5,0,0,5.999999642,0.300000012
6350,8.699999511,0,0,0,0,8.399999499,0.300000012
6351,95.85999699,0,24,0,0,52.11999682,19.73999923
6352,33.35999966,0,4.5,0,0,19.19999903,9.659999602
6353,97.95999497,0,9,6,0,45.99999815,36.95999838
6354,106.8399966,-1.000000119,20.19999999,0,0,66.6399962,20.99999935
6355,108.4199962,0,17.39999998,0,0,53.15999687,37.85999886
6356,97.37999597,-1.000000119,13,4,0,56.35999605,25.01999933
6357,5.099999726,0,0,0,0,4.799999714,0.300000012
6358,98.15999693,0,18,-4,0,47.55999741,36.59999882
6359,66.55999635,0,13.19999999,0,0,40.87999772,12.47999977
6360,67.29999863,-1.000000119,12.5,0,0,34.19999844,21.59999905
6361,71.89999619,-1.000000119,9,0,0,47.75999692,16.13999942
6362,79.8399971,-1.000000119,15.5,0,0,56.879997,8.4599998
6363,8.19999975,0,0.5,0,0,7.399999678,0.300000012
6364,85.61999636,-1.000000119,15,-2,0,57.47999638,16.13999951
6365,99.61999421,0,22.69999999,0,0,65.03999691,11.87999978
6366,7.100000024,0,2,0,0,4.799999714,0.300000012
6367,79.27999641,0,14.19999999,0,0,51.3999964,13.67999975
6368,6.799999714,0,0.5,0,0,5.999999642,0.300000012
6369,79.57999617,0,17,0,0,54.47999762,8.099999838
6370,8.059999585,0,0,0,0,7.399999559,0.659999996
6371,64.55999693,-1.000000119,8.5,0,0,40.67999835,16.37999955
6372,46.97999656,0,3.899999976,0,0,31.07999867,11.9999998
6373,84.93999629,0,11,-4,0,50.39999628,27.53999921
6374,44.01999849,0,6,0,0,26.43999892,11.57999961
6375,83.63999665,-1.000000119,17.5,0,0,55.43999587,11.69999968
6376,6.299999654,0,0,0,0,5.999999642,0.300000012
6377,112.4599947,-1.000000119,14.19999999,-4,0,69.11999691,34.13999899
6378,75.49999805,-1.000000119,19,0,0,48.4399966,9.059999816
6379,7.299999774,0,1,0,0,5.999999642,0.300000012
6380,71.59999718,-1.000000119,8.199999988,0,0,54.55999659,9.839999825
6381,62.71999776,0,8.5,-2,0,33.59999785,22.61999935
6382,6.19999975,0,0.5,0,0,5.399999678,0.300000012
6383,29.59999877,0,6.5,0,0,21.7199983,1.379999988
6384,5.599999785,0,0.5,0,0,4.799999714,0.300000012
6385,78.55999764,0,15.69999993,0,0,46.71999745,16.13999981
6386,93.59999649,0,18.5,0,0,51.99999712,23.09999914
6387,5.69999969,0,0,0,0,5.399999678,0.300000012
6388,152.6999927,0,24.5,4,0,70.19999804,53.99999834
6389,52.01999752,0,4.5,4,0,30.19999808,13.31999968
6390,25.7199989,0,4.5,0,0,19.59999835,1.619999982
6391,5.099999726,0,0,0,0,4.799999714,0.300000012
6392,8.039999604,0,0.5,0,0,6.759999603,0.779999994
6393,105.5999949,0,17,0,0,71.43999578,17.15999971
6394,154.9399942,-1.000000119,10.79999995,0,0,94.91999557,50.21999812
6395,71.27999759,0,8,6,0,40.59999722,16.67999961
6396,74.73999587,-1.000000119,11.69999999,0,0,47.59999634,16.43999961
6397,5.099999905,0,0,0,0,4.799999714,0.300000012
6398,28.49999762,0,0,0,0,28.0799976,0.420000009
6399,75.79999767,0,17.19999999,0,0,42.75999857,15.83999962
6400,66.89999661,-1.000000119,10.69999999,0,0,43.87999752,13.31999949
6401,111.0399988,-1.000000119,11.69999999,0,0,68.95999511,31.37999863
6402,4.599999785,0,-0.5,0,0,4.799999714,0.300000012
6403,84.91999805,0,15,-2,0,43.47999749,28.43999884
6404,5.099999905,0,0,0,0,4.799999714,0.300000012
6405,70.97999789,-1.000000119,18,0,0,38.31999844,15.65999929
6406,6.099999905,0,1,0,0,4.799999714,0.300000012
6407,91.95999756,0,9.899999976,-4,0,59.95999628,26.09999903
6408,176.6799922,0,27.19999999,-4,0,99.23999362,54.2399983
6409,76.33999637,0,12.69999999,0,0,43.7199982,19.91999946
6410,143.2599942,0,20.19999999,4,0,67.15999681,51.89999795
6411,54.51999663,-1.000000119,6.5,0,0,44.87999657,4.139999926
6412,71.99999575,-1.000000119,11.19999999,0,0,50.63999818,11.1599998
6413,100.1599964,-1.000000119,18,0,0,62.75999825,20.39999945
6414,7.759999692,0,0.5,0,0,6.959999561,0.300000012
6415,4.599999785,0,-0.5,0,0,4.799999714,0.300000012
6416,54.31999804,0,4.899999976,0,0,42.51999789,6.899999917
6417,5.599999785,0,0.5,0,0,4.799999714,0.300000012
6418,4.479999781,0,-0.5,0,0,4.679999709,0.300000012
6419,101.499997,-1.000000119,19.09999996,0,0,54.35999767,29.03999938
6420,9.599999428,0,-1.5,0,0,10.79999936,0.300000012
6421,80.8199973,-1.000000119,7.199999988,0,0,49.95999822,24.65999914
6422,224.4199936,0,29.99999994,-2,0,133.3599949,63.05999824
6423,63.5799982,0,10.79999995,0,0,41.1999988,11.57999986
6424,82.67999731,-1.000000119,15.19999999,0,0,55.63999823,12.83999976
6425,106.0799992,0,17.5,-6,0,54.43999773,40.13999869
6426,7.199999928,0,1.5,0,0,5.399999678,0.300000012
6427,23.51999867,0,3.199999988,0,0,18.27999908,2.039999999
6428,48.09999752,0,8.5,0,0,30.59999788,8.99999965
6429,77.45999622,0,10.19999999,4,0,36.55999854,26.69999892
6430,158.1399953,0,19.29999995,0,0,91.19999701,47.63999844
6431,30.01999852,0,2.399999976,0,0,20.71999937,6.899999939
6432,7.199999928,0,1.5,0,0,5.399999678,0.300000012
6433,7.519999564,0,-0.5,0,0,7.719999492,0.300000012
6434,120.9799952,0,10.5,4,0,64.83999592,41.63999864
6435,99.47999587,-1.000000119,7,0,0,62.27999779,31.19999897
6436,4.679999828,0,-0.5,0,0,4.879999757,0.300000012
6437,47.79999757,0,9,0,0,29.43999821,9.359999657
6438,42.11999875,0,6,0,0,23.99999762,12.11999968
6439,27.03999949,0,4.199999988,0,0,20.43999873,2.399999991
6440,36.43999881,0,3.899999976,0,0,27.6799984,4.859999977
6441,5.599999785,0,0.5,0,0,4.799999714,0.300000012
6442,6.919999659,0,-0.5,0,0,6.759999603,0.659999996
6443,74.79999781,1.000000119,8,-4,1,34.3599987,34.43999863
6444,83.63999543,-1.000000119,5.199999988,0,0,53.51999743,25.91999888
6445,163.7799923,-1.000000119,25.89999998,0,0,99.51999443,39.35999901
6446,109.7999953,0,16.60000002,0,0,57.79999644,35.39999876
6447,26.99999905,0,4.199999988,0,0,18.1199988,4.679999955
6448,5.71999985,0,0.5,0,0,4.919999778,0.300000012
6449,57.15999675,0,3.399999976,0,0,45.4799971,8.279999919
6450,94.53999798,0,16,0,0,58.79999802,19.73999923
6451,9.099999666,0,1,0,0,7.799999535,0.300000012
6452,88.37999731,0,12.69999999,4,0,43.35999724,28.3199991
6453,87.93999779,0,10.69999999,-6,0,51.67999667,31.55999922
6454,96.17999713,0,17,0,0,55.47999744,23.69999905
6455,83.15999795,0,9,0,0,55.07999602,19.07999927
6456,6.659999609,0,0,0,0,6.359999597,0.300000012
6457,25.45999897,0,1,0,0,16.11999899,8.339999646
6458,80.43999616,-1.000000119,17.5,0,0,44.55999802,19.37999948
6459,6.099999905,0,1,0,0,4.799999714,0.300000012
6460,70.67999637,-1.000000119,10.5,0,0,53.07999711,8.099999838
6461,67.49999715,-1.000000119,10,0,0,43.79999712,14.6999995
6462,85.89999685,-1.000000119,9.5,0,0,58.31999843,19.07999927
6463,140.559994,-1.000000119,23.69999999,0,0,80.95999788,36.8999991
6464,69.47999766,-1.000000119,12.89999998,0,0,47.79999695,9.779999852
6465,64.91999735,-1.000000119,10.5,0,0,46.11999744,9.299999811
6466,64.07999773,0,10.89999998,0,0,45.55999739,7.6199999
6467,17.15999916,0,-0.800000012,0,0,15.67999917,2.279999994
6468,150.479997,0,18.89999998,-4,0,67.23999667,68.33999728
6469,86.87999564,-1.000000119,12,0,0,57.39999654,18.4799995
6470,25.59999967,0,4.5,0,0,19.47999901,1.619999982
6471,37.25999857,0,2.5,2,0,22.31999862,10.43999967
6472,64.37999716,-1.000000119,10.39999998,0,0,41.59999907,13.3799997
6473,65.399996,0,7.199999988,0,0,45.83999777,12.35999975
6474,79.67999712,-1.000000119,11.5,0,0,48.95999713,20.21999937
6475,7.21999979,0,1,0,0,5.559999675,0.659999996
6476,8.899999678,0,1,0,0,6.759999603,1.139999986
6477,184.6199955,1.000000119,35.09999996,2,1,77.11999599,68.39999732
6478,82.75999686,-1.000000119,12,0,0,51.83999838,19.91999924
6479,89.379997,0,9.699999988,0,0,53.27999784,26.39999919
6480,94.59999639,-1.000000119,19,-4,0,51.07999851,29.51999854
6481,60.47999798,-1.000000119,10.5,0,0,43.59999762,7.379999854
6482,65.83999732,-1.000000119,3.5,0,0,50.55999751,12.77999962
6483,61.31999654,0,7.5,0,0,38.63999829,15.17999943
6484,8.519999862,0,1.5,0,0,6.719999671,0.300000012
6485,48.29999763,-1.000000119,-7.300000012,0,0,45.55999781,11.03999981
6486,120.759997,-1.000000119,25.5,-2,0,61.59999622,36.65999864
6487,96.33999634,0,21.39999998,0,0,54.47999802,20.45999954
6488,53.75999847,0,9,-2,0,33.7999984,12.95999966
6489,68.39999487,-1.000000119,-15.5,0,0,60.47999561,24.41999896
6490,98.31999701,-1.000000119,12.19999999,0,0,68.51999589,18.59999952
6491,62.43999755,0,9.699999988,0,0,39.23999858,13.49999974
6492,102.5199987,0,22,0,0,62.51999788,17.99999925
6493,49.95999734,-1.000000119,3.5,0,0,38.03999846,9.419999778
6494,180.499993,0,30.49999994,0,0,96.83999621,53.15999841
6495,5.099999726,0,0,0,0,4.799999714,0.300000012
6496,33.65999985,0,4.5,0,0,20.51999921,8.639999703
6497,76.47999649,-1.000000119,9.5,0,0,50.63999665,17.33999934
6498,84.15999858,-1.000000119,20.69999999,0,0,39.91999822,24.53999929
6499,18.37999842,0,-2.300000012,0,0,16.83999848,3.839999974
6500,66.57999781,-1.000000119,12.69999999,0,0,44.07999645,10.79999973
6501,114.8999937,0,-22.5999999,4,0,77.63999835,55.85999781
6502,77.91999501,-1.000000119,12.5,0,0,54.23999456,12.17999962
6503,147.0799951,-1.000000119,28.19999999,0,0,83.2799962,36.59999862
6504,101.6399968,-1.000000119,20,-2,0,58.95999721,25.67999919
6505,77.59999718,0,13.5,0,0,56.71999788,7.379999854
6506,9.339999795,0,2,0,0,7.039999485,0.300000012
6507,24.15999919,0,3.5,0,0,18.79999882,1.859999977
6508,87.5599975,0,11.39999998,-2,0,50.67999762,27.47999904
6509,5.71999985,0,0.5,0,0,4.919999778,0.300000012
6510,50.93999778,0,-5.300000012,-6,0,35.95999865,26.27999903
6511,144.0399958,-1.000000119,28.69999999,0,0,74.75999677,41.57999818
6512,83.63999724,-1.000000119,14.5,0,0,49.55999749,20.57999937
6513,80.67999747,-1.000000119,18.5,-4,0,52.7199965,14.45999964
6514,38.95999765,0,4.199999988,0,0,30.43999755,4.319999948
6515,46.29999579,-1.000000119,-12.60000002,0,0,50.59999748,9.299999863
6516,6.19999975,0,0.5,0,0,5.399999678,0.300000012
6517,4.099999726,0,-1,0,0,4.799999714,0.300000012
6518,4.599999785,0,-0.5,0,0,4.799999714,0.300000012
6519,93.05999581,-1.000000119,11,-4,0,60.83999486,26.21999934
6520,55.5999964,-1.000000119,-22.5,0,0,52.99999723,26.09999914
6521,61.57999758,-1.000000119,13.69999999,0,0,43.11999816,5.759999916
6522,51.73999672,-1.000000119,-10.30000001,0,0,50.07999687,12.95999976
6523,73.71999764,0,9,-2,0,45.95999599,20.7599994
6524,62.57999639,-1.000000119,10,0,0,40.91999759,12.6599997
6525,73.3199973,-1.000000119,12.19999999,0,0,51.31999771,10.7999998
6526,25.73999876,0,2,0,0,18.03999895,5.699999779
6527,85.45999753,-1.000000119,12.5,0,0,51.15999752,22.79999895
6528,66.1399956,-1.000000119,-27.09999996,0,0,82.35999574,11.87999984
6529,21.26000011,0,0.5,-6,0,17.03999926,9.719999619
6530,76.97999708,-1.000000119,14,0,0,54.1999975,9.779999778
6531,3.21999982,0,-2,0,0,4.919999778,0.300000012
6532,138.6999945,-1.000000119,20.19999999,0,0,83.31999786,36.17999881
6533,5.099999875,0,0,0,0,4.799999714,0.300000012
6534,39.63999915,0,6,-4,0,27.91999865,9.719999693
6535,82.63999667,0,-13,0,0,56.63999718,38.99999889
6536,24.49999976,0,3,0,0,13.87999934,7.619999677
6537,95.39999533,-1.000000119,14.39999998,0,0,70.9599981,11.03999989
6538,5.099999726,0,0,0,0,4.799999714,0.300000012
6539,8.019999862,0,1,0,0,6.359999746,0.659999996
6540,67.99999368,0,-22.90000004,2,0,67.35999578,21.53999955
6541,114.8199964,0,21.39999998,0,0,60.95999661,32.45999888
6542,6.099999905,0,1,0,0,4.799999714,0.300000012
6543,100.6799963,-1.000000119,25.49999994,-4,0,54.31999732,25.85999952
6544,120.299995,0,15.5,-6,0,61.95999718,48.83999809
6545,5.819999635,0,-1,0,0,6.159999639,0.659999996
6546,36.27999896,0,5.5,0,0,19.67999887,11.09999961
6547,4.559999764,0,-0.5,0,0,4.759999692,0.300000012
6548,118.5799944,0,17.09999996,2,0,61.31999627,38.15999889
6549,57.67999677,0,9.5,0,0,45.59999645,2.579999961
6550,51.51999678,0,-14.80000001,0,0,56.3599977,9.959999822
6551,33.15999871,0,3.699999988,0,0,25.55999857,3.899999984
6552,24.7799986,0,2.399999976,0,0,17.99999851,4.379999988
6553,6.76000005,0,1.5,0,0,4.9599998,0.300000012
6554,53.49999701,-1.000000119,8.699999988,0,0,38.83999671,6.959999889
6555,30.91999924,0,4.199999988,0,0,22.7599985,3.959999971
6556,71.79999648,-1.000000119,11.5,0,0,49.4799974,11.8199997
6557,49.45999758,-1.000000119,4,0,0,38.11999913,8.339999817
6558,63.5599969,0,7.899999976,0,0,39.99999785,15.65999971
6559,66.05999804,-1.000000119,5,0,0,48.79999787,13.25999964
6560,5.599999785,0,0.5,0,0,4.799999714,0.300000012
6561,4.099999726,0,-1,0,0,4.799999714,0.300000012
6562,67.47999799,-1.000000119,18.5,0,0,44.15999773,5.819999889
6563,71.67999829,-1.000000119,11.19999999,0,0,47.31999741,14.15999956
6564,75.31999651,-1.000000119,8.599999964,0,0,47.19999765,20.51999933
6565,29.57999879,0,4.100000024,0,0,20.91999857,4.56000001
6566,8.539999723,0,1,0,0,6.759999603,0.779999994
6567,47.71999866,1.000000119,5,-2,1,27.2399987,15.47999945
6568,5.679999828,0,0.5,0,0,4.879999757,0.300000012
6569,63.59999748,-1.000000119,7.5,0,0,49.35999745,7.739999846
6570,71.71999762,-1.000000119,8,0,0,46.47999784,18.23999942
6571,136.0799977,-1.000000119,20.89999998,-2,0,81.03999506,37.13999877
6572,4.099999726,0,-1,0,0,4.799999714,0.300000012
6573,6.099999845,0,1,0,0,4.799999714,0.300000012
6574,79.33999574,-1.000000119,10,0,0,53.95999701,16.37999947
6575,77.51999617,-1.000000119,12.5,0,0,49.87999766,16.13999949
6576,72.09999749,0,10,0,0,47.99999653,14.09999956
6577,7.899999797,0,1,0,0,6.599999607,0.300000012
6578,33.93999791,0,4.099999964,0,0,24.55999929,5.279999986
6579,38.15999743,0,4.899999976,0,0,28.39999794,4.859999977
6580,8.539999783,0,1,0,0,6.879999667,0.659999996
6581,9.339999795,0,1,0,0,8.039999664,0.300000012
6582,62.9199964,0,10.89999998,0,0,38.75999859,13.25999977
6583,6.099999905,0,1,0,0,4.799999714,0.300000012
6584,101.5999964,-1.000000119,22.59999996,0,0,65.2399969,14.75999972
6585,65.81999765,0,7,0,0,45.07999896,13.73999963
6586,79.09999722,-1.000000119,15,0,0,43.91999768,21.17999931
6587,70.41999601,0,11.79999995,0,0,44.15999672,14.45999986
6588,105.159997,-1.000000119,21.5,0,0,61.79999705,22.85999902
6589,121.5199969,-1.000000119,28.39999998,0,0,62.67999716,31.43999895
6590,85.43999791,0,15.5,-2,0,53.51999821,18.41999958
6591,83.03999764,0,13.09999996,0,0,45.15999842,24.77999918
6592,61.83999743,-1.000000119,7.5,0,0,49.51999711,5.819999889
6593,103.5799983,-1.000000119,19,-2,0,63.75999464,23.81999919
6594,82.45999824,0,13,0,0,56.19999759,13.25999966
6595,60.73999849,-1.000000119,9,0,0,46.55999808,6.17999988
6596,28.7599988,0,3.199999988,0,0,22.19999856,3.359999962
6597,80.69999796,-1.000000119,22,0,0,46.0799973,13.61999965
6598,5.599999785,0,0.5,0,0,4.799999714,0.300000012
6599,7.279999912,0,1.5,0,0,5.479999721,0.300000012
6600,6.819999635,0,0,0,0,6.159999639,0.659999996
6601,125.9199951,0,20.19999999,-2,0,67.75999637,39.95999879
6602,134.9799935,-1.000000119,19.59999996,4,0,76.07999739,36.29999893
6603,94.81999604,0,8.5,0,0,55.95999806,30.35999898
6604,51.31999809,0,11.19999999,0,0,32.31999825,7.799999848
6605,66.89999731,0,11,0,0,49.35999779,6.539999872
6606,107.2199971,0,10.89999998,-6,0,56.59999688,45.71999815
6607,4.099999726,0,-1,0,0,4.799999714,0.300000012
6608,98.77999702,0,20.5,4,0,54.83999684,19.43999966
6609,71.25999843,0,9.199999988,0,0,37.99999769,24.05999926
6610,52.93999806,0,7,0,0,40.71999851,5.219999902
6611,7.899999797,0,1,0,0,6.599999607,0.300000012
6612,71.39999738,-1.000000119,7,-6,0,47.51999846,23.8799991
6613,67.17999667,-1.000000119,11.69999999,0,0,47.35999861,9.119999841
6614,62.93999845,0,8.199999988,-2,0,34.35999791,22.37999907
6615,69.93999711,-1.000000119,7.699999988,0,0,52.43999845,10.7999998
6616,23.17999905,0,4,0,0,17.79999894,1.379999988
6617,85.37999736,0,13.79999995,0,0,51.95999742,19.61999966
6618,58.03999783,-1.000000119,9.5,0,0,45.39999838,4.139999926
6619,86.41999847,0,18,0,0,55.0399988,13.37999956
6620,6.099999905,0,1,0,0,4.799999714,0.300000012
6621,117.4599957,0,13.19999999,6,0,51.99999696,46.25999796
6622,42.13999814,0,4.199999988,4,0,24.15999827,9.779999666
6623,61.91999781,1.000000119,5,4,1,29.19999963,21.71999942
6624,7.419999599,0,0,0,0,6.759999603,0.659999996
6625,5.099999845,0,0,0,0,4.799999714,0.300000012
6626,164.6999918,-1.000000119,21.69999999,0,0,83.99999642,59.9999975
6627,101.9999961,0,20.79999995,0,0,62.8399988,18.35999975
6628,63.63999735,-1.000000119,9.5,0,0,48.35999633,6.779999867
6629,77.41999741,-1.000000119,10,0,0,50.71999703,17.69999938
6630,153.3799922,0,15.59999996,14,0,71.15999705,52.61999826
6631,96.61999524,0,12.19999999,4,0,57.79999761,22.61999925
6632,103.4799949,0,20.59999996,0,0,66.67999732,16.19999979
6633,69.7999969,0,10.19999999,0,0,44.47999734,15.1199995
6634,23.05999929,0,-0.600000024,0,0,19.39999908,4.25999999
6635,8.059999704,0,0,0,0,7.759999514,0.300000012
6636,83.45999784,-1.000000119,18.79999995,0,0,47.83999719,17.81999972
6637,153.4999947,0,20,8,0,72.15999562,53.33999825
6638,51.83999759,0,9.699999988,0,0,36.43999791,5.699999943
6639,30.13999879,0,2,0,0,19.91999894,8.219999641
6640,36.95999822,0,2.699999988,0,0,29.0399984,5.219999954
6641,102.8399963,0,15,4,0,56.35999811,27.47999927
6642,71.21999554,0,15.69999999,0,0,47.47999737,8.039999865
6643,5.599999785,0,0.5,0,0,4.799999714,0.300000012
6644,9.079999924,0,1.5,0,0,6.919999689,0.659999996
6645,124.7399961,-1.000000119,22.19999999,-6,0,79.83999786,29.69999906
6646,65.05999707,-1.000000119,11,0,0,47.55999683,7.499999844
6647,8.419999778,0,1,0,0,6.759999603,0.659999996
6648,7.399999678,0,0.5,0,0,6.599999607,0.300000012
6649,12.0199998,0,2,0,0,9.719999492,0.300000012
6650,63.31999733,0,4.5,0,0,47.59999825,11.21999977
6651,115.2999962,-1.000000119,16.19999999,-2,0,71.4399985,30.65999901
6652,84.11999797,-1.000000119,12.5,0,0,54.31999622,18.29999942
6653,6.419999599,0,-1,0,0,6.759999603,0.659999996
6654,62.19999689,-1.000000119,8.199999988,0,0,41.79999803,13.19999973
6655,22.95999926,0,3.199999988,0,0,16.5199988,3.239999972
6656,66.05999875,1.000000119,7,6,1,29.39999789,21.65999904
6657,109.0399959,-1.000000119,23.79999995,0,0,55.75999519,30.47999938
6658,76.93999696,0,14.19999999,0,0,46.23999685,16.49999957
6659,84.31999655,0,14.19999999,0,0,50.55999723,19.55999933
6660,63.3799963,-1.000000119,12.69999999,0,0,44.23999728,7.439999878
6661,6.599999964,0,1.5,0,0,4.799999714,0.300000012
6662,137.5399935,1.000000119,13.5,12,1,61.79999429,48.23999843
6663,98.93999566,0,24.49999994,6,0,43.47999866,24.95999966
6664,71.79999755,0,12.5,0,0,41.95999838,17.3399993
6665,63.41999707,-1.000000119,9,0,0,47.55999736,7.859999835
6666,26.45999926,0,4,0,0,21.07999903,1.379999988
6667,67.41999775,-1.000000119,9,0,0,52.87999715,6.539999872
6668,105.0199952,0,18,0,0,56.11999765,30.89999904
6669,83.45999627,-1.000000119,9.699999988,0,0,59.75999607,14.99999969
6670,59.11999801,-1.000000119,6.5,0,0,46.71999747,6.899999864
6671,33.11999941,0,5.899999976,0,0,22.95999861,4.259999976
6672,65.05999668,-1.000000119,7.699999988,0,0,43.71999845,14.63999955
6673,135.2599954,-1.000000119,18.19999993,0,0,90.3999946,27.65999945
6674,100.9999952,-1.000000119,15.19999999,0,0,64.9599959,21.83999935
6675,4.599999785,0,-0.5,0,0,4.799999714,0.300000012
6676,23.67999947,0,4.5,0,0,17.55999887,1.619999982
6677,95.43999834,-1.000000119,26.80000001,0,0,46.35999696,23.27999955
6678,20.09999955,0,4,0,0,14.35999918,1.739999972
6679,6.099999547,0,-2,0,0,7.799999535,0.300000012
6680,128.8399947,-1.000000119,19.69999999,-8,0,76.67999443,41.45999873
6681,65.65999603,-1.000000119,7.699999988,0,0,46.11999806,12.83999977
6682,140.0399952,-1.000000119,32.59999996,-4,0,73.79999588,38.63999873
6683,196.7799897,-1.000000119,36.49999994,8,0,104.6799935,48.599999
6684,67.4999973,-1.000000119,10,0,0,44.75999659,13.73999969
6685,72.07999764,0,9.5,0,0,45.95999807,16.6199995
6686,56.75999825,0,7.199999988,-6,0,37.19999903,18.35999947
6687,211.7599942,0,37,-4,0,83.71999593,95.03999634
6688,109.7199962,0,17.5,0,0,60.47999556,31.73999863
6689,8.559999645,0,0.5,0,0,7.399999559,0.659999996
6690,6.799999774,0,0.5,0,0,5.999999642,0.300000012
6691,6.099999905,0,1,0,0,4.799999714,0.300000012
6692,5.759999871,0,0.5,0,0,4.9599998,0.300000012
6693,26.43999964,0,5.5,0,0,19.19999886,1.73999998
6694,85.49999601,0,11.5,-2,0,54.03999762,21.95999923
6695,6.119999766,0,0.5,0,0,5.319999635,0.300000012
6696,63.43999715,-1.000000119,7.199999988,0,0,48.71999797,8.519999854
6697,75.49999703,-1.000000119,7.700000048,0,0,45.39999849,23.39999896
6698,188.8399915,-1.000000119,31.49999994,2,0,98.19999494,58.13999847
6699,86.91999608,0,12.19999999,0,0,47.59999681,27.11999878
6700,53.59999741,-1.000000119,6.5,0,0,41.91999759,6.179999873
6701,6.199999809,0,0.5,0,0,5.399999678,0.300000012
6702,93.17999632,-1.000000119,14.5,8,0,49.7199987,21.95999934
6703,36.29999834,0,4.699999988,0,0,27.03999773,4.559999935
6704,72.51999776,-1.000000119,13.19999999,0,0,47.83999726,12.47999974
6705,67.11999893,0,8.599999964,0,0,39.55999745,18.95999948
6706,154.0599956,0,16,12,0,62.27999714,63.77999806
6707,5.599999785,0,0.5,0,0,4.799999714,0.300000012
6708,4.859999716,0,0,0,0,4.559999704,0.300000012
6709,128.8799957,-1.000000119,24.59999996,-2,0,67.67999735,39.59999887
6710,22.41999942,0,3.699999988,0,0,16.07999884,2.640000001
6711,49.35999721,-1.000000119,-18.10000002,0,0,52.5599985,15.89999959
6712,81.65999621,0,12.39999998,0,0,53.35999638,15.89999963
6713,72.25999708,0,7.5,0,0,46.63999802,18.11999947
6714,54.63999742,-1.000000119,6.5,0,0,42.9599985,6.17999988
6715,5.639999866,0,0.5,0,0,4.839999735,0.300000012
6716,69.15999568,0,10.69999999,-8,0,42.87999809,23.57999928
6717,64.47999687,-1.000000119,7.5,0,0,44.59999678,13.37999965
6718,3.099999756,0,-2,0,0,4.799999714,0.300000012
6719,74.39999766,-1.000000119,9,-2,0,50.87999651,17.51999951
6720,5.099999726,0,0,0,0,4.799999714,0.300000012
6721,61.73999745,-1.000000119,8,0,0,44.9599987,9.7799998
6722,85.2399984,0,14.19999999,0,0,41.63999824,29.39999906
6723,5.599999785,0,0.5,0,0,4.799999714,0.300000012
6724,82.2199946,0,9.099999964,0,0,54.15999725,18.95999963
6725,37.45999943,0,2.5,-4,0,26.35999846,12.59999971
6726,41.23999902,0,-8.100000024,0,0,36.31999862,13.01999973
6727,54.97999761,0,-8,-4,0,36.7999984,30.17999905
6728,67.43999842,-1.000000119,14.5,0,0,41.39999728,12.5399997
6729,99.01999801,0,18.89999998,2,0,54.59999889,23.51999945
6730,117.3199946,-1.000000119,18.69999999,6,0,65.95999776,27.65999896
6731,115.1799951,0,27.19999993,0,0,62.2399958,25.73999958
6732,5.099999905,0,0,0,0,4.799999714,0.300000012
6733,81.53999773,-1.000000119,24.69999999,0,0,43.43999781,14.39999941
6734,181.7399947,0,23.39999998,-2,0,92.11999576,68.21999746
6735,61.49999559,0,-13,0,0,51.63999897,22.85999928
6736,73.57999656,0,9,0,0,49.87999748,14.69999945
6737,83.93999705,1.000000119,-4.5,-8,1,50.99999747,43.43999812
6738,5.619999647,0,0,0,0,5.319999635,0.300000012
6739,8.759999752,0,0.5,0,0,7.599999696,0.659999996
6740,49.01999801,0,9.699999988,0,0,32.83999723,6.47999987
6741,107.8399942,-1.000000119,16.89999998,0,0,72.31999747,19.61999948
6742,68.39999717,0,5.199999988,0,0,48.43999672,14.75999955
6743,27.95999885,0,3.5,0,0,17.31999922,7.139999658
6744,7.21999979,0,1,0,0,5.919999599,0.300000012
6745,62.95999663,-1.000000119,-3.5,0,0,51.67999718,15.77999935
6746,7.719999671,0,0.5,0,0,6.559999555,0.659999996
6747,28.93999922,0,3.5,-4,0,16.95999868,12.47999948
6748,6.199999809,0,0.5,0,0,5.399999678,0.300000012
6749,79.61999339,0,-25.30000001,10,0,71.99999678,22.91999947
6750,78.85999797,-1.000000119,11.5,-4,0,51.7199956,20.63999931
6751,27.33999896,0,4.699999988,0,0,20.47999877,2.159999996
6752,59.57999742,0,8,0,0,43.23999785,8.339999832
6753,7.899999857,0,1,0,0,6.239999682,0.659999996
6754,80.73999552,-1.000000119,14,0,0,58.19999485,9.539999805
6755,27.91999948,0,3.200000048,0,0,21.11999898,3.599999979
6756,7.079999745,0,-0.5,0,0,7.279999614,0.300000012
6757,61.05999833,0,9,0,0,48.639998,3.419999942
6758,82.49999779,-1.000000119,13,0,0,49.67999797,20.819999
6759,6.519999921,0,1.5,0,0,4.719999671,0.300000012
6760,6.099999845,0,1,0,0,4.799999714,0.300000012
6761,33.09999862,0,3.699999988,0,0,27.23999912,2.159999996
6762,95.47999648,0,10.19999999,0,0,48.55999756,36.71999882
6763,8.439999759,0,0.5,0,0,7.639999688,0.300000012
6764,70.55999781,-1.000000119,12.5,0,0,50.11999825,8.939999819
6765,4.099999726,0,-1,0,0,4.799999714,0.300000012
6766,6.799999714,0,0.5,0,0,5.999999642,0.300000012
6767,52.69999808,-1.000000119,9.699999988,0,0,35.95999856,8.039999865
6768,41.41999865,1.000000119,6.5,0,1,26.43999892,6.479999878
6769,74.69999786,0,15,0,0,52.79999767,6.899999864
6770,7.299999774,0,1,0,0,5.999999642,0.300000012
6771,94.87999614,0,9.5,-8,0,54.31999654,39.0599984
6772,79.99999712,-1.000000119,12.5,0,0,49.59999655,18.89999934
6773,24.33999936,0,2,0,0,19.7599988,2.579999961
6774,25.59999877,0,5,0,0,18.31999865,2.279999979
6775,82.15999806,0,14.19999999,0,0,47.91999792,20.03999925
6776,75.97999714,0,8.699999988,0,0,55.75999694,11.51999971
6777,5.599999785,0,0.5,0,0,4.799999714,0.300000012
6778,8.039999604,0,0.5,0,0,6.879999548,0.659999996
6779,61.55999783,0,8.5,0,0,46.03999786,7.019999862
6780,68.35999651,0,10.5,0,0,49.51999648,8.339999832
6781,70.09999683,-1.000000119,7.5,2,0,42.51999775,19.07999938
6782,36.79999834,0,6.299999952,0,0,25.27999878,5.220000021
6783,5.599999845,0,0.5,0,0,4.799999714,0.300000012
6784,27.19999945,0,7.199999988,0,0,17.95999855,2.039999999
6785,116.6199965,0,12,0,0,58.47999662,46.13999822
6786,6.819999933,0,1,0,0,5.519999743,0.300000012
6787,55.01999737,-1.000000119,10,0,0,40.55999821,5.459999897
6788,94.41999644,0,19.19999999,-2,0,47.87999827,29.33999919
6789,65.91999729,0,11.5,0,0,44.15999767,10.25999975
6790,111.7599965,-1.000000119,16.39999998,4,0,62.59999791,29.75999899
6791,67.59999824,-1.000000119,13.19999999,0,0,48.19999865,7.199999884
6792,207.4799927,-1.000000119,56.29999989,0,0,95.35999705,56.81999877
6793,10.31999952,0,0.5,0,0,9.15999946,0.659999996
6794,5.69999969,0,0,0,0,5.399999678,0.300000012
6795,70.09999803,0,18,0,0,44.59999809,7.499999851
6796,85.77999695,-1.000000119,9.699999988,0,0,51.1599971,25.91999923
6797,76.09999683,-1.000000119,12.69999999,0,0,51.31999823,13.07999971
6798,5.099999726,0,0,0,0,4.799999714,0.300000012
6799,50.01999897,0,10,-4,0,34.2399984,9.779999763
6800,33.95999879,0,3.5,0,0,23.07999867,7.379999787
6801,69.59999722,0,12.19999999,0,0,46.71999744,10.67999981
6802,60.55999751,0,11.5,0,0,41.07999709,7.97999984
6803,73.51999834,-1.000000119,16,-2,0,39.63999882,20.87999903
6804,7.499999583,0,0,0,0,7.199999571,0.300000012
6805,67.53999691,-1.000000119,12.69999999,0,0,47.07999788,8.759999849
6806,71.63999698,-1.000000119,9.5,0,0,49.99999696,13.1399995
6807,60.57999807,-1.000000119,9,0,0,45.91999703,6.65999987
6808,5.099999726,0,0,0,0,4.799999714,0.300000012
6809,112.7399969,0,28.19999999,0,0,47.3999971,37.13999911
6810,89.83999699,0,18.29999995,0,0,59.83999775,11.69999988
6811,66.67999804,0,8.5,0,0,44.31999852,13.85999954
6812,6.599999964,0,1.5,0,0,4.799999714,0.300000012
6813,124.2399965,0,26.39999998,0,0,61.2399983,36.59999891
6814,42.87999761,0,3,4,0,25.43999892,10.4399996
6815,60.25999744,-1.000000119,8,0,0,45.39999916,7.859999813
6816,74.01999824,0,12.89999998,0,0,42.27999797,18.83999957
6817,39.05999964,0,4.5,0,0,19.07999904,15.47999942
6818,8.599999666,0,0.5,0,0,7.799999535,0.300000012
6819,67.51999807,-1.000000119,9.199999988,0,0,45.99999789,13.31999973
6820,110.4199961,0,13,-2,0,56.63999665,42.77999832
6821,108.7799954,0,18.39999998,-2,0,63.3999976,28.97999911
6822,65.45999643,-1.000000119,14,0,0,46.39999881,6.059999883
6823,7.399999678,0,0.5,0,0,6.599999607,0.300000012
6824,33.93999836,0,4.699999988,0,0,26.35999775,2.87999998
6825,27.01999944,0,4,0,0,21.39999932,1.619999982
6826,91.95999736,0,10.19999999,0,0,51.15999776,30.59999885
6827,119.6999953,-1.000000119,20,-8,0,77.19999518,31.49999917
6828,118.9599966,-1.000000119,23.79999995,0,0,78.27999681,17.87999963
6829,41.07999921,0,6,-6,0,30.03999847,11.03999962
6830,127.8399962,-1.000000119,28.59999996,0,0,70.35999768,29.87999902
6831,69.55999756,0,10.89999998,0,0,43.35999925,15.29999965
6832,5.579999804,0,0,0,0,5.279999614,0.300000012
6833,5.099999726,0,0,0,0,4.799999714,0.300000012
6834,116.9399954,0,17.89999998,0,0,75.87999643,23.15999924
6835,11.19999987,0,2.5,0,0,8.399999499,0.300000012
6836,36.91999948,0,6,-4,0,25.55999905,9.359999731
6837,91.61999789,0,8,-4,0,60.55999768,27.05999914
6838,26.63999906,0,3.5,0,0,21.2799989,1.859999977
6839,116.559997,0,13.89999998,0,0,67.79999748,34.85999873
6840,7.899999589,0,0,0,0,7.599999428,0.300000012
6841,6.099999845,0,1,0,0,4.799999714,0.300000012
6842,5.099999726,0,0,0,0,4.799999714,0.300000012
6843,58.19999777,-1.000000119,9.5,0,0,41.71999919,7.97999984
6844,5.099999726,0,0,0,0,4.799999714,0.300000012
6845,83.01999825,0,10.19999999,-6,0,50.07999837,28.73999934
6846,112.5799955,0,13.79999995,0,0,56.95999858,41.8199986
6847,118.5599952,-1.000000119,19.5,-4,0,74.47999632,29.57999934
6848,61.47999765,-1.000000119,9.5,0,0,45.8399977,7.139999859
6849,6.659999788,0,1,0,0,5.359999657,0.300000012
6850,84.95999652,-1.000000119,21.89999998,0,0,50.07999638,13.97999975
6851,92.57999566,-1.000000119,15.19999999,0,0,67.15999545,11.21999982
6852,47.65999883,1.000000119,5.5,0,1,24.67999864,15.47999924
6853,5.599999845,0,0.5,0,0,4.799999714,0.300000012
6854,5.599999845,0,0.5,0,0,4.799999714,0.300000012
6855,124.9799972,0,17.19999999,0,0,65.23999558,42.5399987
6856,50.57999772,0,7.5,0,0,31.55999774,11.51999977
6857,54.0999977,-1.000000119,4,0,0,42.03999832,9.059999809
6858,6.599999964,0,1.5,0,0,4.799999714,0.300000012
6859,171.0599944,-1.000000119,28.5,14,0,76.15999645,53.39999806
6860,167.5999945,-1.000000119,23.70000005,0,0,96.95999581,47.93999852
6861,5.639999866,0,0.5,0,0,4.839999735,0.300000012
6862,47.45999837,0,8,-4,0,30.67999911,12.77999964
6863,86.09999782,0,14,-4,0,51.43999812,24.65999942
6864,68.29999912,0,12,0,0,31.0399977,25.25999895
6865,6.980000019,0,2,0,0,4.679999709,0.300000012
6866,85.3799983,-1.000000119,13,0,0,53.99999885,19.37999928
6867,61.37999846,-1.000000119,10,0,0,43.79999787,8.579999827
6868,39.37999952,0,6.5,4,0,21.07999843,7.799999803
6869,101.7999944,0,19.69999999,0,0,66.43999588,15.65999957
6870,126.9999954,0,18.5,-2,0,55.71999744,54.77999773
6871,6.099999905,0,1,0,0,4.799999714,0.300000012
6872,66.63999792,-1.000000119,10.89999998,0,0,48.87999894,7.859999895
6873,98.85999621,0,10.5,8,0,55.39999539,24.95999918
6874,5.599999785,0,0.5,0,0,4.799999714,0.300000012
6875,61.91999868,0,10.59999996,0,0,43.39999836,7.91999992
6876,5.69999969,0,0,0,0,5.399999678,0.300000012
6877,81.49999832,-1.000000119,13,0,0,55.51999909,13.97999959
6878,88.29999523,0,20,0,0,56.35999545,11.93999975
6879,5.819999605,0,-1,0,0,6.519999564,0.300000012
6880,100.1199957,0,14.19999999,0,0,53.51999658,32.39999929
6881,31.61999977,0,5.5,-2,0,19.83999938,8.279999748
6882,88.5399956,-1.000000119,14.19999999,0,0,61.71999693,13.61999977
6883,67.19999638,0,11.5,0,0,49.27999713,6.419999875
6884,61.49999871,-1.000000119,7,0,0,47.15999885,8.33999978
6885,8.519999623,0,0.5,0,0,7.359999567,0.659999996
6886,84.2199972,-1.000000119,18.69999999,0,0,52.83999804,13.67999971
6887,105.6799964,-1.000000119,30.19999999,0,0,58.95999586,17.51999965
6888,5.099999726,0,0,0,0,4.799999714,0.300000012
6889,91.65999763,0,14.69999999,0,0,48.15999757,28.79999897
6890,83.4599972,-1.000000119,12.19999999,-2,0,50.43999651,23.81999918
6891,5.599999785,0,0.5,0,0,4.799999714,0.300000012
6892,7.299999774,0,1,0,0,5.999999642,0.300000012
6893,6.199999809,0,0.5,0,0,5.399999678,0.300000012
6894,109.4399961,0,13,-10,0,56.39999698,50.03999791
6895,71.33999676,0,3.899999976,0,0,57.35999832,10.07999987
6896,65.23999726,-1.000000119,8.5,0,0,39.67999603,18.05999918
6897,89.27999587,0,10.89999998,0,0,46.87999815,31.49999899
6898,51.93999834,-1.000000119,6,0,0,36.91999768,10.01999979
6899,75.63999795,1.000000119,7.5,-6,1,40.27999949,31.85999916
6900,50.47999835,0,9.899999976,0,0,33.79999745,6.779999927
6901,51.21999843,0,10.69999999,0,0,36.43999818,4.079999968
6902,27.07999891,0,2.5,0,0,17.55999911,7.019999683
6903,5.599999785,0,0.5,0,0,4.799999714,0.300000012
6904,71.23999768,0,7.5,-6,0,52.99999729,16.73999944
6905,41.41999835,0,5.199999988,0,0,31.23999771,4.979999945
6906,6.179999948,0,1,0,0,4.879999757,0.300000012
6907,118.8799944,0,33.99999994,-14,0,66.95999801,31.91999947
6908,73.35999829,0,8.899999976,0,0,43.27999938,21.1799994
6909,74.17999752,-1.000000119,14,-2,0,47.27999623,15.89999968
6910,77.31999755,0,15.19999999,0,0,48.679998,13.4399997
6911,75.37999684,-1.000000119,13.69999999,0,0,51.75999708,10.9199998
6912,5.599999845,0,0.5,0,0,4.799999714,0.300000012
6913,36.59999847,0,6.199999988,0,0,27.0399982,3.359999962
6914,82.61999726,0,11.39999998,0,0,50.27999844,20.93999928
6915,44.67999804,0,5.699999988,0,0,34.11999798,4.859999962
6916,5.599999845,0,0.5,0,0,4.799999714,0.300000012
6917,60.83999847,0,7.5,0,0,45.11999854,8.21999979
6918,147.4999946,-1.000000119,32.69999999,0,0,83.99999642,31.7999993
6919,5.559999764,0,0.5,0,0,4.759999692,0.300000012
6920,99.75999634,-1.000000119,30.5,0,0,55.19999752,15.05999967
6921,96.85999708,-1.000000119,19,0,0,56.71999636,22.13999907
6922,102.2599947,-1.000000119,22.89999998,0,0,55.39999707,24.95999924
6923,52.35999905,1.000000119,6,-2,1,30.03999943,16.31999964
6924,107.9199967,-1.000000119,16,-2,0,67.91999799,26.99999903
6925,62.31999847,0,7.5,0,0,46.95999786,7.859999783
6926,4.71999985,0,-0.5,0,0,4.919999778,0.300000012
6927,6.099999905,0,1,0,0,4.799999714,0.300000012
6928,24.53999913,0,2.399999976,0,0,19.07999854,3.060000017
6929,92.39999595,-1.000000119,12.5,-2,0,50.07999793,32.81999869
6930,162.1999926,0,24.19999999,0,0,87.35999352,50.63999792
6931,6.099999845,0,1,0,0,4.799999714,0.300000012
6932,6.599999964,0,1.5,0,0,4.799999714,0.300000012
6933,19.37999937,0,2.699999988,0,0,14.39999919,2.279999994
6934,7.119999886,0,1.5,0,0,5.319999635,0.300000012
6935,5.979999483,0,-2,0,0,7.679999471,0.300000012
6936,4.599999785,0,-0.5,0,0,4.799999714,0.300000012
6937,5.099999905,0,0,0,0,4.799999714,0.300000012
6938,6.199999809,0,0.5,0,0,5.399999678,0.300000012
6939,95.65999778,-1.000000119,17,0,0,63.15999758,16.49999958
6940,11.29999977,0,2,0,0,8.999999464,0.300000012
6941,143.2599975,0,25,-2,0,81.43999621,38.81999885
6942,7.999999642,0,0.5,0,0,7.199999571,0.300000012
6943,273.1799885,-1.000000119,30.59999996,4,0,130.1999935,109.3799959
6944,76.09999713,-1.000000119,13.69999999,0,0,53.91999693,9.479999781
6945,6.099999905,0,1,0,0,4.799999714,0.300000012
6946,101.6399957,0,11,0,0,60.87999745,29.759999
6947,7.819999754,0,1,0,0,6.159999639,0.659999996
6948,78.5999977,0,12.19999999,0,0,46.71999878,19.67999941
6949,7.079999685,0,0.5,0,0,5.919999629,0.659999996
6950,69.9599953,-1.000000119,21.19999999,0,0,40.87999631,8.879999846
6951,99.99999648,-1.000000119,15.5,0,0,66.7199964,18.77999937
6952,189.6799944,0,22.89999998,12,0,85.35999656,69.4199973
6953,87.55999507,-1.000000119,16.19999999,0,0,58.31999718,14.03999974
6954,10.39999956,0,0.5,0,0,9.599999428,0.300000012
6955,86.83999704,-1.000000119,11,-2,0,54.35999614,24.47999917
6956,81.53999688,-1.000000119,10.5,2,0,51.79999664,18.23999936
6957,6.099999845,0,1,0,0,4.799999714,0.300000012
6958,117.7399946,-1.000000119,27.5,-2,0,64.31999654,28.91999885
6959,39.99999851,0,8.199999988,0,0,27.59999955,4.199999951
6960,84.81999677,-1.000000119,15.69999999,0,0,56.67999735,13.43999958
6961,78.11999765,0,13.5,0,0,57.35999866,7.259999856
6962,57.21999866,0,8.5,-2,0,29.23999906,21.47999907
6963,26.37999886,0,3,0,0,20.43999845,2.939999953
6964,62.51999687,-1.000000119,9.5,0,0,47.11999765,6.899999827
6965,7.279999673,0,0.5,0,0,6.119999617,0.659999996
6966,79.49999744,0,17.39999998,0,0,41.27999803,20.81999929
6967,134.5399934,-1.000000119,26.5,2,0,78.23999658,28.79999912
6968,147.979995,-1.000000119,26,-10,0,87.55999732,45.41999812
6969,64.97999797,-1.000000119,13,0,0,46.31999768,6.65999987
6970,71.47999705,-1.000000119,14.5,0,0,46.51999857,11.45999972
6971,77.27999634,0,15.19999999,0,0,51.39999853,10.67999981
6972,67.55999728,0,4,0,0,34.63999796,28.91999887
6973,66.63999756,-1.000000119,9.5,0,0,48.11999727,10.01999975
6974,46.8199988,0,6.699999988,0,0,29.43999723,10.67999966
6975,28.03999949,0,1.199999988,0,0,18.79999891,8.039999723
6976,74.71999714,-1.000000119,10,2,0,41.15999679,22.55999919
6977,97.33999573,-1.000000119,18.19999999,0,0,57.03999642,23.09999965
6978,82.59999794,0,16.19999999,0,0,51.63999847,14.75999968
6979,6.099999845,0,1,0,0,4.799999714,0.300000012
6980,108.3199937,0,13.19999999,-2,0,61.47999577,35.63999854
6981,88.0199966,0,17.69999999,0,0,62.03999777,8.27999986
6982,42.39999837,0,8.699999988,0,0,29.19999772,4.49999997
6983,5.799999714,0,-0.5,0,0,5.999999642,0.300000012
6984,76.93999642,0,9.699999988,0,0,58.59999663,8.639999852
6985,67.75999674,-1.000000119,7.5,0,0,51.95999841,9.299999811
6986,69.13999733,0,11,0,0,44.15999788,13.97999945
6987,6.599999905,0,1.5,0,0,4.799999714,0.300000012
6988,71.2399972,-1.000000119,14.19999999,0,0,48.43999737,9.59999983
6989,70.9399973,-1.000000119,12.39999998,0,0,43.27999844,16.25999959
6990,89.53999804,-1.000000119,19,0,0,53.95999768,17.57999933
6991,71.77999759,-1.000000119,13,0,0,50.47999786,9.299999811
6992,94.75999698,0,14,0,0,50.2799982,30.47999877
6993,152.119994,-1.000000119,22.19999999,4,0,73.51999779,53.39999823
6994,6.599999964,0,1.5,0,0,4.799999714,0.300000012
6995,74.9999973,0,14.5,0,0,51.55999832,8.939999819
6996,102.7999974,0,16.69999999,0,0,66.47999557,19.61999946
6997,76.35999742,-1.000000119,10.5,0,0,48.91999891,17.9399994
6998,5.099999726,0,0,0,0,4.799999714,0.300000012
6999,126.6199944,0,25.09999996,0,0,63.95999637,37.55999903
7000,147.8999931,-1.000000119,27.89999998,-2,0,81.71999609,41.27999868
