1,-0.3774947002183169,0.0,-1.3774947300206393,1.0000001192092896
2,-9.736987254704571,0.0,-1.7369870162859886,-8.000000953674316
3,-2.2195481205604914,0.0,-1.219548090758169,-1.0000001192092896
4,-9.771496392261632,0.0,-1.771496153843052,-8.000000953674316
5,-2.3797908179294076,0.0,-1.379790788127084,-1.0000001192092896
6,-8.729841093122275,0.0,-1.7298408845060196,-7.000000834465027
7,-0.3777518896618155,0.0,-1.3777519194641377,1.0000001192092896
8,-8.921374285096306,-1.0000001192092896,-1.9213740764800462,-6.000000715255737
9,-4.377334740842246,0.0,-1.377334651435279,-3.0000003576278687
10,-8.921261008766239,-1.0000001192092896,-1.9212608001499838,-6.000000715255737
11,-5.762518300560067,0.0,-1.762518181350777,-4.000000476837158
12,-5.923093227029504,-1.0000001192092896,-1.9230931078202147,-3.0000003576278687
13,-7.6275600489068,-1.0000001192092896,-1.6275598700928633,-5.000000596046448
14,-2.379442205833339,0.0,-1.3794421760310156,-1.0000001192092896
15,-4.484890591098413,0.0,-1.4848905016914473,-3.0000003576278687
16,-1.921424404222527,-1.0000001192092896,-1.9214244042225268,1.0000001192092896
17,-5.87322980339183,0.0,-1.8732296841825387,-4.000000476837158
18,-4.379389979261687,0.0,-1.3793898898547206,-3.0000003576278687
19,0.6250456680694398,0.0,-1.3749543915352045,2.000000238418579
20,-6.694371819744629,0.0,-1.6943716707330148,-5.000000596046448
21,-7.799446842277601,0.0,-1.7994466634636648,-6.000000715255737
22,-0.3771811807798213,0.0,-1.3771812105821435,1.0000001192092896
23,-2.378696993900393,0.0,-1.378696964098069,-1.0000001192092896
24,-2.7772930635258897,0.0,-1.7772930337235684,-1.0000001192092896
25,-2.378011848736924,0.0,-1.3780118189346031,-1.0000001192092896
26,-5.747704357242518,0.0,-1.7477042380332233,-4.000000476837158
27,-6.617543418468088,0.0,-1.6175432694564749,-5.000000596046448
28,-7.921424583035883,-1.0000001192092896,-1.9214244042219486,-5.000000596046448
29,-7.4829810164433885,0.0,-1.482980837629455,-6.000000715255737
30,-5.712189061112308,-1.0000001192092896,-1.7121889419030163,-3.0000003576278687
31,-3.426837121924846,0.0,-1.4268370623202007,-2.000000238418579
32,-6.924868938278312,-1.0000001192092896,-1.9248687892667007,-4.000000476837158
33,-11.654206954573393,0.0,-1.654206656550167,-10.000001192092896
34,-5.669893054798946,0.0,-1.6698929355896546,-4.000000476837158
35,-2.8434814922869793,0.0,-1.8434814624846534,-1.0000001192092896
36,-7.61835084675036,0.0,-1.6183506679364241,-6.000000715255737
37,-9.658882529888997,0.0,-1.6588822914704215,-8.000000953674316
38,-8.714793454379075,0.0,-1.7147932457628179,-7.000000834465027
39,0.11333175393288492,0.0,-1.8866683056717597,2.000000238418579
40,-2.731837482532956,0.0,-1.7318374527306333,-1.0000001192092896
41,-7.921424593493224,-1.0000001192092896,-1.921424414679292,-5.000000596046448
42,-8.793601587823728,0.0,-1.7936013792074685,-7.000000834465027
43,-8.838553575861118,0.0,-1.8385533672448624,-7.000000834465027
44,-6.735664821300547,0.0,-1.735664672288936,-5.000000596046448
45,-2.3786623019342725,0.0,-1.378662272131949,-1.0000001192092896
46,-6.922397006899072,-1.0000001192092896,-1.922396857887458,-4.000000476837158
47,-3.669815869434939,0.0,-1.6698158098302938,-2.000000238418579
48,-8.921836124537142,-1.0000001192092896,-1.921835915920881,-6.000000715255737
49,-0.37771538582210185,0.0,-1.3777154156244242,1.0000001192092896
50,-4.788477742881517,0.0,-1.7884776534745486,-3.0000003576278687
51,-9.595660694759568,0.0,-1.5956604563409877,-8.000000953674316
52,-5.381132523819316,0.0,-1.3811324046100253,-4.000000476837158
53,-2.37968549569612,0.0,-1.3796854658937974,-1.0000001192092896
54,-8.83755438955858,0.0,-1.8375541809423264,-7.000000834465027
55,-5.923003841584309,-1.0000001192092896,-1.923003722375024,-3.0000003576278687
56,-6.9214245532335585,-1.0000001192092896,-1.9214244042219497,-4.000000476837158
57,-9.922793937521352,-1.0000001192092896,-1.9227936991027645,-7.000000834465027
58,-0.604990847035767,0.0,-0.604990847035767,0.0
59,-8.811615131371436,0.0,-1.8116149227551765,-7.000000834465027
60,-2.7981248153762053,0.0,-1.7981247855738816,-1.0000001192092896
61,-7.8649209983258395,0.0,-1.8649208195119071,-6.000000715255737
62,-5.922687411357464,-1.0000001192092896,-1.922687292148178,-3.0000003576278687
63,-8.77824895481112,0.0,-1.7782487461948635,-7.000000834465027
64,-5.92142473444456,-1.0000001192092896,-1.921424615235269,-3.0000003576278687
65,-7.725927814963315,0.0,-1.7259276361493796,-6.000000715255737
66,-2.3781927781551797,0.0,-1.3781927483528564,-1.0000001192092896
67,-15.672186540216005,0.0,-1.6721861229834902,-14.000001668930054
68,-9.717360566497222,0.0,-1.7173603280786418,-8.000000953674316
69,-4.922537145251475,-1.0000001192092896,-1.9225370558445083,-2.000000238418579
70,-5.711559180863174,0.0,-1.7115590616538845,-4.000000476837158
71,-9.731143927016985,0.0,-1.731143688598404,-8.000000953674316
72,0.18410038280248864,0.0,-0.8158996469998336,1.0000001192092896
73,-0.6347937271120306,0.0,-1.634793756914352,1.0000001192092896
74,-10.733068373030509,-1.0000001192092896,-1.7330681048096053,-8.000000953674316
75,-2.3795872728279606,0.0,-1.3795872430256393,-1.0000001192092896
76,-3.9222702820066795,-1.0000001192092896,-1.9222702224020352,-1.0000001192092896
77,-9.709508445870956,0.0,-1.7095082074523724,-8.000000953674316
78,-1.3795856707035183,0.0,-1.379585670703519,0.0
79,-9.74982508509864,0.0,-1.749824846680067,-8.000000953674316
80,-2.3771721900494223,0.0,-1.3771721602471,-1.0000001192092896
81,-4.383150232346572,0.0,-1.383150142939605,-3.0000003576278687
82,0.6225200308015088,0.0,-1.3774800288031364,2.000000238418579
83,-2.3811053912665043,0.0,-1.381105361464181,-1.0000001192092896
84,0.6219362564672875,0.0,-1.378063803137357,2.000000238418579
85,-5.895004501757315,0.0,-1.8950043825480256,-4.000000476837158
86,-7.621145013896081,0.0,-1.6211448350821505,-6.000000715255737
87,-2.3770931288178314,0.0,-1.3770930990155077,-1.0000001192092896
88,-5.82109741788986,-1.0000001192092896,-1.821097298680571,-3.0000003576278687
89,-1.3796123733502252,0.0,-1.379612373350225,0.0
90,-2.7820115350499504,0.0,-1.7820115052476282,-1.0000001192092896
91,-6.601361375671298,-1.0000001192092896,-1.6013612266596897,-4.000000476837158
92,-9.79886571788787,0.0,-1.7988654794692827,-8.000000953674316
93,-5.707232733512265,0.0,-1.7072326143029768,-4.000000476837158
94,-9.782248489193117,0.0,-1.782248250774543,-8.000000953674316
95,-10.92189154038986,-1.0000001192092896,-1.9218912721689596,-8.000000953674316
96,-9.726170129679778,0.0,-1.7261698912611998,-8.000000953674316
97,-0.3790577605830585,0.0,-1.379057790385381,1.0000001192092896
98,-7.378502479907661,0.0,-1.3785023010937254,-6.000000715255737
99,-6.480238184097264,0.0,-1.4802380350856519,-5.000000596046448
100,-8.919465103152794,-1.0000001192092896,-1.9194648945365351,-6.000000715255737
101,0.4632789068692286,0.0,-1.536721152735415,2.000000238418579
102,-8.772636210079284,0.0,-1.7726360014630251,-7.000000834465027
103,-7.847821423515541,0.0,-1.8478212447016025,-6.000000715255737
104,-8.759456336549114,0.0,-1.7594561279328578,-7.000000834465027
105,-3.7510434807235575,0.0,-1.7510434211189112,-2.000000238418579
106,-6.920246933531529,-1.0000001192092896,-1.9202467845199165,-4.000000476837158
107,-4.922598429043619,-1.0000001192092896,-1.9225983396366537,-2.000000238418579
108,-8.921490044297702,-1.0000001192092896,-1.9214898356814467,-6.000000715255737
109,-8.921520760820576,-1.0000001192092896,-1.9215205522043177,-6.000000715255737
110,-8.92221212471496,-1.0000001192092896,-1.9222119160987052,-6.000000715255737
111,-8.923624011339637,-1.0000001192092896,-1.9236238027233818,-6.000000715255737
112,-0.7360270124465236,0.0,-1.7360270422488473,1.0000001192092896
113,-10.922355845040142,-1.0000001192092896,-1.9223555768192502,-8.000000953674316
114,-4.735745009961383,0.0,-1.7357449205544146,-3.0000003576278687
115,-7.921425415910733,-1.0000001192092896,-1.9214252370967975,-5.000000596046448
116,-6.921424553233561,-1.0000001192092896,-1.9214244042219477,-4.000000476837158
117,-6.920635130554083,-1.0000001192092896,-1.9206349815424741,-4.000000476837158
118,-6.921424513061288,-1.0000001192092896,-1.9214243640496707,-4.000000476837158
119,-5.728641362832161,0.0,-1.7286412436228722,-4.000000476837158
120,-5.48675096436342,0.0,-1.4867508451541318,-4.000000476837158
121,-12.921436326570582,-1.0000001192092896,-1.9214359987450327,-10.000001192092896
122,-2.3795256266729363,0.0,-1.379525596870615,-1.0000001192092896
123,-8.921180285851609,-1.0000001192092896,-1.9211800772353587,-6.000000715255737
124,-8.728659855487342,-1.0000001192092896,-1.7286596468710862,-6.000000715255737
125,-10.922868648708778,-1.0000001192092896,-1.9228683804878808,-8.000000953674316
126,-10.921381200031963,-1.0000001192092896,-1.9213809318110648,-8.000000953674316
127,-10.921693399383315,-1.0000001192092896,-1.9216931311624053,-8.000000953674316
128,-8.92339908792772,-1.0000001192092896,-1.9233988793114611,-6.000000715255737
129,-7.726135005743102,0.0,-1.7261348269291705,-6.000000715255737
130,-2.7315349592232274,0.0,-1.7315349294209041,-1.0000001192092896
131,-2.710151056040828,0.0,-1.710151026238506,-1.0000001192092896
132,-9.923696392021421,-1.0000001192092896,-1.9236961536028454,-7.000000834465027
133,-3.856193422023586,0.0,-0.856193332616623,-3.0000003576278687
134,-3.921823936515572,-1.0000001192092896,-1.9218238769109286,-1.0000001192092896
135,-2.3793815128054554,0.0,-1.3793814830031341,-1.0000001192092896
136,-5.920065361988528,-1.0000001192092896,-1.9200652427792406,-3.0000003576278687
137,-5.731168298210079,0.0,-1.7311681790007882,-4.000000476837158
138,-8.921712953019435,-1.0000001192092896,-1.9217127444031779,-6.000000715255737
139,-8.729774527694234,-1.0000001192092896,-1.7297743190779789,-6.000000715255737
140,-8.728805903590613,-1.0000001192092896,-1.7288056949743542,-6.000000715255737
141,-8.923243835273485,-1.0000001192092896,-1.9232436266572246,-6.000000715255737
142,-12.666244590828757,0.0,-1.6662442630032168,-11.000001311302185
143,-5.378258554003429,0.0,-1.3782584347941385,-4.000000476837158
144,-8.73559128079143,0.0,-1.7355910721751682,-7.000000834465027
145,-5.9214559256645725,-1.0000001192092896,-1.921455806455282,-3.0000003576278687
146,-7.724618132819633,0.0,-1.724617954005699,-6.000000715255737
147,-5.732941966059341,0.0,-1.732941846850053,-4.000000476837158
148,-4.37959262304784,0.0,-1.3795925336408732,-3.0000003576278687
149,-3.732527615266293,0.0,-1.7325275556616495,-2.000000238418579
150,-1.3797722428273727,0.0,-1.3797722428273724,0.0
151,-10.92142467244285,-1.0000001192092896,-1.921424404221948,-8.000000953674316
152,-6.73462904901019,0.0,-1.734628899998579,-5.000000596046448
153,-7.776908576208534,0.0,-1.7769083973946032,-6.000000715255737
154,-4.734913371119981,0.0,-1.7349132817130133,-3.0000003576278687
155,1.2602983541226997,0.0,-1.7397017352842674,3.0000003576278687
156,-9.784831414395605,0.0,-1.7848311759770294,-8.000000953674316
157,-3.7609166268312713,0.0,-1.760916567226627,-2.000000238418579
158,-7.686566660991718,0.0,-1.6865664821777893,-6.000000715255737
159,-11.669222290816727,0.0,-1.6692219927935008,-10.000001192092896
160,-8.921541484387427,-1.0000001192092896,-1.9215412757711747,-6.000000715255737
161,-5.670220333474744,0.0,-1.6702202142654519,-4.000000476837158
162,-3.812926687521669,0.0,-1.8129266279170235,-2.000000238418579
163,-2.834908153494072,0.0,-1.8349081236917506,-1.0000001192092896
164,-0.37857064892386894,0.0,-1.3785706787261915,1.0000001192092896
165,-5.669976610668534,0.0,-1.6699764914592476,-4.000000476837158
166,-6.921790576736971,-1.0000001192092896,-1.9217904277253577,-4.000000476837158
167,-4.380218699684628,0.0,-1.3802186102776581,-3.0000003576278687
168,0.4629172924288214,0.0,-1.5370827671758232,2.000000238418579
169,-5.921424530781642,-1.0000001192092896,-1.921424411572354,-3.0000003576278687
170,-9.667389620254513,0.0,-1.6673893818359284,-8.000000953674316
171,-8.591631171947462,0.0,-1.5916309633312085,-7.000000834465027
172,-7.922073306943298,-1.0000001192092896,-1.9220731281293648,-5.000000596046448
173,-7.67073480215635,0.0,-1.6707346233424172,-6.000000715255737
174,-2.3774834442678383,0.0,-1.377483414465515,-1.0000001192092896
175,-4.378299266880052,0.0,-1.3782991774730866,-3.0000003576278687
176,-3.619503250283123,0.0,-1.6195031906784794,-2.000000238418579
177,-0.3807815783775268,0.0,-1.380781608179849,1.0000001192092896
178,-10.921580257664175,-1.0000001192092896,-1.921579989443273,-8.000000953674316
179,-7.767258007465055,0.0,-1.7672578286511234,-6.000000715255737
180,-2.398153217091955,0.0,-1.398153187289634,-1.0000001192092896
181,-5.922279003608098,-1.0000001192092896,-1.9222788843988077,-3.0000003576278687
182,-3.379641544794966,0.0,-1.3796414851903205,-2.000000238418579
183,-1.3779651056385558,0.0,-1.377965105638556,0.0
184,-7.738842561960019,0.0,-1.7388423831460886,-6.000000715255737
185,-3.882234865727135,0.0,-1.8822348061224914,-2.000000238418579
186,-1.3749092546775157,0.0,-1.3749092546775143,0.0
187,-2.378420474556732,0.0,-1.3784204447544082,-1.0000001192092896
188,-6.715310460580239,0.0,-1.7153103115686237,-5.000000596046448
189,-4.809625772623579,0.0,-1.8096256832166138,-3.0000003576278687
190,-1.884343995455897,0.0,-1.8843439954558965,0.0
191,-6.829435191084378,-1.0000001192092896,-1.8294350420727654,-4.000000476837158
192,-7.752169838514021,0.0,-1.7521696597000933,-6.000000715255737
193,-6.9214245532335585,-1.0000001192092896,-1.9214244042219477,-4.000000476837158
194,-2.8875774952048214,0.0,-1.8875774654024982,-1.0000001192092896
195,-8.757781704348881,0.0,-1.757781495732625,-7.000000834465027
196,-7.76536181830252,0.0,-1.765361639488589,-6.000000715255737
197,-6.379650255211098,0.0,-1.3796501061994801,-5.000000596046448
198,-7.736057439944233,0.0,-1.7360572611303002,-6.000000715255737
199,-0.3803627003970178,0.0,-1.3803627301993402,1.0000001192092896
200,-0.8829735782715963,0.0,-1.8829736080739177,1.0000001192092896
201,-0.8861378592414253,0.0,-1.8861378890437477,1.0000001192092896
202,-9.736041597498787,0.0,-1.736041359080205,-8.000000953674316
203,0.6195573119792471,0.0,-1.3804427476253982,2.000000238418579
204,0.38697757183677706,0.0,-0.6130224579655451,1.0000001192092896
205,-6.92142455319974,-1.0000001192092896,-1.9214244041881285,-4.000000476837158
206,-7.736313971570947,0.0,-1.736313792757013,-6.000000715255737
207,-2.376890616238386,0.0,-1.3768905864360648,-1.0000001192092896
208,-0.37978198417304165,0.0,-1.379782013975364,1.0000001192092896
209,-10.923101754436418,-1.0000001192092896,-1.9231014862155085,-8.000000953674316
210,-1.886770963388084,0.0,-1.8867709633880834,0.0
211,-8.922151062453235,-1.0000001192092896,-1.9221508538369736,-6.000000715255737
212,-7.943328541874879,0.0,-1.9433283630609464,-6.000000715255737
213,-4.736045438583581,0.0,-1.7360453491766137,-3.0000003576278687
214,-1.8842727029706363,0.0,-1.884272702970636,0.0
215,-6.325496853981185,0.0,-1.3254967049695727,-5.000000596046448
216,-5.872290038788893,0.0,-1.8722899195796037,-4.000000476837158
217,-8.922513827781845,-1.0000001192092896,-1.9225136191655892,-6.000000715255737
218,-10.92153998304809,-1.0000001192092896,-1.9215397148271867,-8.000000953674316
219,-9.377545994005354,0.0,-1.377545755586771,-8.000000953674316
220,1.6224423202437082,0.0,-1.3775577691632597,3.0000003576278687
221,-2.736035173063947,0.0,-1.736035143261623,-1.0000001192092896
222,-0.37762124669103825,0.0,-1.377621276493361,1.0000001192092896
223,-4.737753716091229,0.0,-1.73775362668426,-3.0000003576278687
224,-8.73603461253615,0.0,-1.7360344039198865,-7.000000834465027
225,-4.73603382946091,0.0,-1.7360337400539436,-3.0000003576278687
226,-9.736129785738774,0.0,-1.7361295473201952,-8.000000953674316
227,-5.736050721034364,0.0,-1.736050601825068,-4.000000476837158
228,0.03822767159505891,0.0,-0.9617723582072634,1.0000001192092896
229,-11.921515709960708,-1.0000001192092896,-1.9215154119374773,-9.000001072883606
230,-7.736035065051156,0.0,-1.7360348862372168,-6.000000715255737
231,0.11776601273032339,0.0,-1.8822340468743213,2.000000238418579
232,-0.38140557685848986,0.0,-1.3814056066608125,1.0000001192092896
233,-1.88032150627981,0.0,-1.8803215062798095,0.0
234,-0.832241413889173,0.0,-1.8322414436914953,1.0000001192092896
235,-5.921249450042449,-1.0000001192092896,-1.9212493308331589,-3.0000003576278687
236,-0.8304456366482798,0.0,-1.8304456664506021,1.0000001192092896
237,-6.923149925386922,-1.0000001192092896,-1.9231497763753145,-4.000000476837158
238,-0.3780217302400386,0.0,-1.3780217600423612,1.0000001192092896
239,-6.740089614266162,0.0,-1.7400894652545484,-5.000000596046448
240,-9.736099861395923,0.0,-1.7360996229773433,-8.000000953674316
241,-6.73618100343808,-1.0000001192092896,-1.7361808544264683,-4.000000476837158
242,-0.37976413733348857,0.0,-1.379764167135811,1.0000001192092896
243,-8.921424620172107,-1.0000001192092896,-1.9214244115558448,-6.000000715255737
244,-8.73603447593448,0.0,-1.736034267318222,-7.000000834465027
245,-10.921424679788547,-1.0000001192092896,-1.9214244115676369,-8.000000953674316
246,-1.8115633907872586,0.0,-1.8115633907872573,0.0
247,-2.396602841943323,0.0,-1.396602812141001,-1.0000001192092896
248,-5.3771775644825555,0.0,-1.3771774452732648,-4.000000476837158
249,-6.921605165244548,-1.0000001192092896,-1.9216050162329368,-4.000000476837158
250,-9.757493617026084,0.0,-1.757493378607504,-8.000000953674316
251,-0.38461869981785135,0.0,-1.3846187296201737,1.0000001192092896
252,0.613264876253388,0.0,-1.3867351833512571,2.000000238418579
253,-0.8829738285640909,0.0,-1.8829738583664137,1.0000001192092896
254,0.11564534578393437,0.0,-1.8843547138207106,2.000000238418579
255,-2.3775097945238923,0.0,-1.3775097647215706,-1.0000001192092896
256,-0.8852235086876776,0.0,-1.88522353849,1.0000001192092896
257,-0.37711248062637526,0.0,-1.3771125104286974,1.0000001192092896
258,-6.921288387512561,-1.0000001192092896,-1.9212882385009478,-4.000000476837158
259,-6.741958077814281,-1.0000001192092896,-1.7419579288026679,-4.000000476837158
260,-0.8861282665188241,0.0,-1.886128296321146,1.0000001192092896
261,-0.36248991065521285,0.0,-1.3624899404575352,1.0000001192092896
262,-6.719232703067105,0.0,-1.7192325540554925,-5.000000596046448
263,0.11442655992352069,0.0,-1.8855734996811242,2.000000238418579
264,-0.8836765921467644,0.0,-1.8836766219490868,1.0000001192092896
265,-1.8822343077643775,0.0,-1.8822343077643775,0.0
266,0.11386225759584923,0.0,-1.886137802008796,2.000000238418579
267,-1.8849758949423239,0.0,-1.8849758949423239,0.0
268,-5.735530630917069,0.0,-1.7355305117077802,-4.000000476837158
269,-0.8829735488970907,0.0,-1.8829735786994135,1.0000001192092896
270,-7.739207670868708,0.0,-1.7392074920547764,-6.000000715255737
271,-0.7098973444966973,0.0,-1.7098973742990193,1.0000001192092896
272,-5.6910276073500174,0.0,-1.6910274881407277,-4.000000476837158
273,-3.7623049574232423,0.0,-1.7623048978185947,-2.000000238418579
274,-1.887577517558565,0.0,-1.8875775175585647,0.0
275,-3.8437214602550607,0.0,-1.8437214006504177,-2.000000238418579
276,-4.632488193769747,0.0,-1.6324881043627784,-3.0000003576278687
277,-5.920467850986892,-1.0000001192092896,-1.9204677317776009,-3.0000003576278687
278,-1.8837238940263639,0.0,-1.8837238940263639,0.0
279,-1.576085054451077,0.0,-0.5760850246487544,-1.0000001192092896
280,-0.37917265980476267,0.0,-1.3791726896070848,1.0000001192092896
281,-5.735946054747571,0.0,-1.7359459355382811,-4.000000476837158
282,-0.6375281628285757,0.0,-1.6375281926308975,1.0000001192092896
283,-3.808250726776651,0.0,-1.808250667172006,-2.000000238418579
284,-0.8843438764077192,0.0,-1.8843439062100416,1.0000001192092896
285,-6.736035899623515,0.0,-1.7360357506119033,-5.000000596046448
286,-9.73744233664374,0.0,-1.7374420982251582,-8.000000953674316
287,-2.379549130830088,0.0,-1.379549101027766,-1.0000001192092896
288,-2.869530427814411,0.0,-1.8695303980120919,-1.0000001192092896
289,0.11776531773099075,0.0,-1.8822347418736545,2.000000238418579
290,-1.8855735235799878,0.0,-1.8855735235799886,0.0
291,-6.921424574412162,-1.0000001192092896,-1.9214244254005501,-4.000000476837158
292,-0.885573415378569,0.0,-1.8855734451808912,1.0000001192092896
293,-9.737858719557671,0.0,-1.7378584811390947,-8.000000953674316
294,-7.732812593519117,0.0,-1.7328124147051847,-6.000000715255737
295,1.1155669321976158,0.0,-1.8844331572093516,3.0000003576278687
296,-12.921477976169117,-1.0000001192092896,-1.921477648343567,-10.000001192092896
297,-2.3792433661680774,0.0,-1.3792433363657532,-1.0000001192092896
298,0.11477643115452829,0.0,-1.885223628450117,2.000000238418579
299,-8.73578922708912,0.0,-1.7357890184728662,-7.000000834465027
300,-3.7360289999781244,0.0,-1.73602894037348,-2.000000238418579
301,-3.8843183683409794,0.0,-1.8843183087363342,-2.000000238418579
302,-4.921424503984838,-1.0000001192092896,-1.9214244145778687,-2.000000238418579
303,-4.736628385018962,0.0,-1.736628295611995,-3.0000003576278687
304,1.263460292920412,0.0,-1.7365397964865543,3.0000003576278687
305,-0.3804948445750329,0.0,-1.3804948743773553,1.0000001192092896
306,-1.8836765483009728,0.0,-1.8836765483009728,0.0
307,-0.8829353087597084,0.0,-1.8829353385620307,1.0000001192092896
308,-1.8836768332497456,0.0,-1.8836768332497467,0.0
309,-8.73537317214195,0.0,-1.73537296352569,-7.000000834465027
310,-8.921832561267186,-1.0000001192092896,-1.9218323526509313,-6.000000715255737
311,0.122060290309984,0.0,-1.8779397692946609,2.000000238418579
312,-7.743449642615529,0.0,-1.743449463801595,-6.000000715255737
313,-0.37495648355466926,0.0,-1.3749565133569916,1.0000001192092896
314,-4.921424504086262,-1.0000001192092896,-1.9214244146792916,-2.000000238418579
315,-4.923700045595233,-1.0000001192092896,-1.9236999561882646,-2.000000238418579
316,-9.736973179345718,0.0,-1.7369729409271377,-8.000000953674316
317,-8.922563977227329,-1.0000001192092896,-1.9225637686110744,-6.000000715255737
318,-4.369870086646849,0.0,-1.3698699972398813,-3.0000003576278687
319,-7.736044742640723,0.0,-1.7360445638267903,-6.000000715255737
320,-9.804836878845647,0.0,-1.8048366404270695,-8.000000953674316
321,-8.923350483956641,-1.0000001192092896,-1.9233502753403808,-6.000000715255737
322,-7.760638728816668,0.0,-1.7606385500027315,-6.000000715255737
323,-3.7360305405963796,0.0,-1.7360304809917342,-2.000000238418579
324,-2.8843439068555146,0.0,-1.8843438770531924,-1.0000001192092896
325,-7.785360819203795,0.0,-1.7853606403898594,-6.000000715255737
326,-1.886137801434287,0.0,-1.8861378014342869,0.0
327,-0.8836449112151505,0.0,-1.8836449410174732,1.0000001192092896
328,-6.921676091103101,-1.0000001192092896,-1.9216759420914895,-4.000000476837158
329,-3.7360439793939126,0.0,-1.7360439197892694,-2.000000238418579
330,-2.8855734902722916,0.0,-1.8855734604699688,-1.0000001192092896
331,-6.92206631291803,-1.0000001192092896,-1.922066163906415,-4.000000476837158
332,-2.776012959815636,0.0,-1.7760129300133134,-1.0000001192092896
333,-12.797630657494864,0.0,-1.797630329669316,-11.000001311302185
334,-6.9212494767331165,-1.0000001192092896,-1.921249327721503,-4.000000476837158
335,-0.3773235691607013,0.0,-1.3773235989630237,1.0000001192092896
336,-11.73541433185766,0.0,-1.7354140338344437,-10.000001192092896
337,-5.736441603469718,0.0,-1.7364414842604279,-4.000000476837158
338,-3.885595289603781,0.0,-1.8855952299991365,-2.000000238418579
339,-2.3795205651672187,0.0,-1.3795205353648936,-1.0000001192092896
340,-5.736574423636608,0.0,-1.7365743044273159,-4.000000476837158
341,-6.923548350632976,-1.0000001192092896,-1.9235482016213656,-4.000000476837158
342,-6.736026444773023,0.0,-1.73602629576141,-5.000000596046448
343,-2.8873190495924286,0.0,-1.8873190197901062,-1.0000001192092896
344,-6.9218156738911185,-1.0000001192092896,-1.9218155248795035,-4.000000476837158
345,-7.719441899384591,0.0,-1.719441720570653,-6.000000715255737
346,0.11333178749424033,0.0,-1.8866682721104047,2.000000238418579
347,-5.736183254485649,0.0,-1.7361831352763548,-4.000000476837158
348,-6.924023638362666,-1.0000001192092896,-1.924023489351052,-4.000000476837158
349,-1.8852237541970016,0.0,-1.8852237541970014,0.0
350,-3.736382799258413,0.0,-1.7363827396537677,-2.000000238418579
351,-6.927063624343303,-1.0000001192092896,-1.92706347533169,-4.000000476837158
352,-2.7360268018602625,0.0,-1.7360267720579385,-1.0000001192092896
353,-2.3788542645028237,0.0,-1.378854234700501,-1.0000001192092896
354,-10.921424672442845,-1.0000001192092896,-1.921424404221949,-8.000000953674316
355,-7.73603232373583,0.0,-1.7360321449218938,-6.000000715255737
356,-8.742891812786384,0.0,-1.742891604170129,-7.000000834465027
357,0.11967763842055046,0.0,-1.8803224211840948,2.000000238418579
358,-0.8859504921269007,0.0,-1.8859505219292232,1.0000001192092896
359,-2.3793564861130303,0.0,-1.379356456310708,-1.0000001192092896
360,-0.8829736562998978,0.0,-1.8829736861022206,1.0000001192092896
361,-0.38074688738627516,0.0,-1.3807469171885978,1.0000001192092896
362,-0.8876931893092506,0.0,-1.8876932191115734,1.0000001192092896
363,-1.822033236347172,0.0,-1.8220332363471714,0.0
364,-5.7360442707279855,0.0,-1.7360441515186946,-4.000000476837158
365,-1.8805719644412546,0.0,-1.880571964441255,0.0
366,0.11702589214470616,0.0,-1.8829741674599387,2.000000238418579
367,-8.832081484560833,-1.0000001192092896,-1.8320812759445755,-6.000000715255737
368,-6.923560520949471,-1.0000001192092896,-1.923560371937857,-4.000000476837158
369,-3.715180862624833,0.0,-1.7151808030201876,-2.000000238418579
370,-5.736027754363616,0.0,-1.7360276351543265,-4.000000476837158
371,-7.736766664109655,0.0,-1.736766485295718,-6.000000715255737
372,-4.923611898483184,-1.0000001192092896,-1.923611809076216,-2.000000238418579
373,-2.379391641898442,0.0,-1.3793916120961187,-1.0000001192092896
374,-6.921414492623107,-1.0000001192092896,-1.9214143436114934,-4.000000476837158
375,-0.8856920732582308,0.0,-1.8856921030605542,1.0000001192092896
376,-0.37918787548607336,0.0,-1.379187905288396,1.0000001192092896
377,-9.736050500679305,0.0,-1.7360502622607328,-8.000000953674316
378,-9.73759510249897,0.0,-1.7375948640803858,-8.000000953674316
379,-4.736031150098499,0.0,-1.7360310606915321,-3.0000003576278687
380,-8.924908259865532,-1.0000001192092896,-1.9249080512492764,-6.000000715255737
381,-9.735652737111137,0.0,-1.7356524986925603,-8.000000953674316
382,-2.5861567075410066,0.0,-0.5861566479363621,-2.000000238418579
383,-8.921424637309453,-1.0000001192092896,-1.921424428693199,-6.000000715255737
384,-8.921803435962115,-1.0000001192092896,-1.9218032273458585,-6.000000715255737
385,-0.37714612462588715,0.0,-1.3771461544282095,1.0000001192092896
386,-8.922226077663419,-1.0000001192092896,-1.9222258690471619,-6.000000715255737
387,-2.8845085923585865,0.0,-1.884508562556264,-1.0000001192092896
388,-5.736602330385328,0.0,-1.7366022111760382,-4.000000476837158
389,-1.8871769226210795,0.0,-1.8871769226210795,0.0
390,-1.8829735474597835,0.0,-1.8829735474597837,0.0
391,-0.8855735196995578,0.0,-1.8855735495018806,1.0000001192092896
392,-5.3805059371142026,0.0,-1.3805058179049166,-4.000000476837158
393,-0.8855735338278088,0.0,-1.885573563630131,1.0000001192092896
394,-5.373470580925792,0.0,-1.3734704617165017,-4.000000476837158
395,-4.922065157368069,-1.0000001192092896,-1.9220650679611007,-2.000000238418579
396,-6.736225265392091,0.0,-1.7362251163804825,-5.000000596046448
397,-6.755271021321289,0.0,-1.7552708723096786,-5.000000596046448
398,-6.921378844742435,-1.0000001192092896,-1.9213786957308228,-4.000000476837158
399,-4.738982630538096,0.0,-1.7389825411311275,-3.0000003576278687
400,-1.3779012598620526,0.0,-1.3779012598620504,0.0
401,1.1133317580966613,0.0,-1.8866683313103059,3.0000003576278687
402,-5.73605725252317,-1.0000001192092896,-1.7360571333138817,-3.0000003576278687
403,-2.6781505995535113,0.0,-1.6781505697511883,-1.0000001192092896
404,-2.3765091177052007,0.0,-1.3765090879028778,-1.0000001192092896
405,-11.73603485011147,0.0,-1.7360345520882456,-10.000001192092896
406,-2.6721851082530996,0.0,-1.672185078450777,-1.0000001192092896
407,-1.8836768495374494,0.0,-1.8836768495374494,0.0
408,-6.759233737461406,0.0,-1.759233588449795,-5.000000596046448
409,-4.921472026712918,-1.0000001192092896,-1.9214719373059508,-2.000000238418579
410,0.11813096105944898,0.0,-1.8818690985451965,2.000000238418579
411,-8.88550766491425,0.0,-1.885507456297995,-7.000000834465027
412,-6.736044034715696,0.0,-1.7360438857040816,-5.000000596046448
413,-3.7373843355289273,0.0,-1.7373842759242815,-2.000000238418579
414,-1.3813891649633139,0.0,-1.3813891649633143,0.0
415,-0.3781304392006968,0.0,-1.3781304690030194,1.0000001192092896
416,-9.736078285223215,0.0,-1.7360780468046326,-8.000000953674316
417,-8.921580034824679,-1.0000001192092896,-1.9215798262084203,-6.000000715255737
418,-10.921776638569499,-1.0000001192092896,-1.9217763703486002,-8.000000953674316
419,-3.736038106085147,0.0,-1.7360380464805012,-2.000000238418579
420,-1.377493726043312,0.0,-1.3774937260433133,0.0
421,-4.92098278238879,-1.0000001192092896,-1.9209826929818232,-2.000000238418579
422,-3.38201806755535,0.0,-1.3820180079507025,-2.000000238418579
423,-4.745253914611637,0.0,-1.7452538252046728,-3.0000003576278687
424,-5.880321411346595,0.0,-1.880321292137305,-4.000000476837158
425,-2.8855739104356894,0.0,-1.8855738806333666,-1.0000001192092896
426,0.11706454880580741,0.0,-1.8829355107988368,2.000000238418579
427,-5.924630599002963,-1.0000001192092896,-1.9246304797936753,-3.0000003576278687
428,-0.5323381561670213,0.0,-1.5323381859693437,1.0000001192092896
429,-8.922973887967013,-1.0000001192092896,-1.9229736793507564,-6.000000715255737
430,-5.581764946956551,0.0,-1.581764827747258,-4.000000476837158
431,-0.8843437743585443,0.0,-1.884343804160867,1.0000001192092896
432,-1.8866682669928339,0.0,-1.8866682669928343,0.0
433,-7.736031713754451,0.0,-1.7360315349405153,-6.000000715255737
434,-0.3745867291574414,0.0,-1.374586758959764,1.0000001192092896
435,-9.92134443086778,-1.0000001192092896,-1.9213441924492,-7.000000834465027
436,-1.4808303357219714,0.0,-1.4808303357219703,0.0
437,-0.37400183978679147,0.0,-1.3740018695891136,1.0000001192092896
438,-7.7550575662817005,0.0,-1.755057387467764,-6.000000715255737
439,-2.883676743503992,0.0,-1.8836767137016697,-1.0000001192092896
440,-2.780484475394567,0.0,-1.7804844455922453,-1.0000001192092896
441,-8.652859365831716,0.0,-1.6528591572154605,-7.000000834465027
442,-7.736357367286526,0.0,-1.7363571884725892,-6.000000715255737
443,-8.92545121095545,-1.0000001192092896,-1.9254510023391942,-6.000000715255737
444,-2.882234253371632,0.0,-1.8822342235693097,-1.0000001192092896
445,-5.7123668882167244,0.0,-1.7123667690074327,-4.000000476837158
446,-5.736233114070688,0.0,-1.7362329948614001,-4.000000476837158
447,-3.921456144085188,-1.0000001192092896,-1.9214560844805448,-1.0000001192092896
448,-0.8875774982126601,0.0,-1.8875775280149831,1.0000001192092896
449,-7.736281963440395,0.0,-1.7362817846264638,-6.000000715255737
450,-8.73603865270228,0.0,-1.736038444086021,-7.000000834465027
451,-6.9214245636909055,-1.0000001192092896,-1.9214244146792914,-4.000000476837158
452,-3.886026096122798,0.0,-1.8860260365181527,-2.000000238418579
453,-0.38298854082891554,0.0,-1.382988570631238,1.0000001192092896
454,-8.738039768137277,0.0,-1.7380395595210187,-7.000000834465027
455,0.34419942088740807,0.0,-1.6558006387172366,2.000000238418579
456,-5.882973899548008,0.0,-1.8829737803387188,-4.000000476837158
457,-7.921643341207497,-1.0000001192092896,-1.921643162393561,-5.000000596046448
458,0.11632340627472748,0.0,-1.8836766533299172,2.000000238418579
459,-0.8849758229506648,0.0,-1.8849758527529876,1.0000001192092896
460,-8.924474957929304,-1.0000001192092896,-1.9244747493130494,-6.000000715255737
461,-7.718735837248811,0.0,-1.718735658434877,-6.000000715255737
462,-8.921424620172104,-1.0000001192092896,-1.9214244115558445,-6.000000715255737
463,-10.921778116015089,-1.0000001192092896,-1.9217778477941843,-8.000000953674316
464,-7.601423458396852,0.0,-1.6014232795829177,-6.000000715255737
465,-3.7280504829005485,0.0,-1.7280504232959037,-2.000000238418579
466,-11.725781109167084,0.0,-1.7257808111438588,-10.000001192092896
467,-8.921537142981377,-1.0000001192092896,-1.9215369343651176,-6.000000715255737
468,-6.736039078498586,0.0,-1.7360389294869714,-5.000000596046448
469,-11.736040922638177,0.0,-1.7360406246149525,-10.000001192092896
470,-8.773721074646282,0.0,-1.7737208660300274,-7.000000834465027
471,-4.657938842947605,0.0,-1.6579387535406431,-3.0000003576278687
472,-9.737441404260354,0.0,-1.737441165841773,-8.000000953674316
473,-1.8829736080739186,0.0,-1.8829736080739181,0.0
474,-1.8849758123220077,0.0,-1.8849758123220084,0.0
475,-7.736235794183715,0.0,-1.7362356153697835,-6.000000715255737
476,-4.7821248717253555,0.0,-1.7821247823183928,-3.0000003576278687
477,-4.92146252672692,-1.0000001192092896,-1.9214624373199538,-2.000000238418579
478,-2.6546381073740446,0.0,-1.6546380775717238,-1.0000001192092896
479,-0.37948042408460325,0.0,-1.3794804538869259,1.0000001192092896
480,-1.8855734869855332,0.0,-1.8855734869855336,0.0
481,-5.24817578094261,0.0,-1.2481756617333204,-4.000000476837158
482,0.6747406600690354,0.0,-1.3252593995356095,2.000000238418579
483,0.11502425724272286,0.0,-1.8849758023619216,2.000000238418579
484,-6.92193494628966,-1.0000001192092896,-1.921934797278049,-4.000000476837158
485,-0.3784953306084158,0.0,-1.378495360410738,1.0000001192092896
486,-9.774408845659822,0.0,-1.7744086072412428,-8.000000953674316
487,-3.92142446382659,-1.0000001192092896,-1.9214244042219475,-1.0000001192092896
488,-3.9216184036863417,-1.0000001192092896,-1.9216183440816978,-1.0000001192092896
489,-5.748266624859346,0.0,-1.7482665056500537,-4.000000476837158
490,-3.884975934632986,0.0,-1.8849758750283414,-2.000000238418579
491,-5.793787142668794,0.0,-1.7937870234595044,-4.000000476837158
492,-1.3778897713477958,0.0,-1.3778897713477958,0.0
493,-11.759282748304182,0.0,-1.7592824502809605,-10.000001192092896
494,-10.354004442072126,0.0,-1.35400417385122,-9.000001072883606
495,-4.868812114329064,0.0,-0.8688119951197768,-4.000000476837158
496,-12.694124370800298,0.0,-1.6941240429747528,-11.000001311302185
497,-10.922133034994854,-1.0000001192092896,-1.9221327667739465,-8.000000953674316
498,-7.667997109478573,0.0,-1.6679969306646383,-6.000000715255737
499,-5.482009952121777,0.0,-1.4820098329124871,-4.000000476837158
500,-6.921328445934728,-1.0000001192092896,-1.9213282969231151,-4.000000476837158
501,-4.483431953491722,0.0,-1.4834318640847555,-3.0000003576278687
502,-6.498744398670104,0.0,-1.4987442496584926,-5.000000596046448
503,-10.92339008952319,-1.0000001192092896,-1.9233898213022869,-8.000000953674316
504,-3.611713739548567,0.0,-0.6117136501415976,-3.0000003576278687
505,-6.921424553233557,-1.0000001192092896,-1.9214244042219482,-4.000000476837158
506,-2.377864476421048,0.0,-1.3778644466187244,-1.0000001192092896
507,-4.34739369323702,0.0,-1.3473936038300551,-3.0000003576278687
508,-4.313212061777965,0.0,-1.3132119723710007,-3.0000003576278687
509,-6.3067647613539135,0.0,-1.3067646123422958,-5.000000596046448
510,-14.668672733748679,0.0,-1.6686723463184996,-13.000001549720764
511,-4.26073508497387,0.0,-1.2607349955669027,-3.0000003576278687
512,-7.483623153630877,0.0,-1.4836229748169436,-6.000000715255737
513,-10.92142503573452,-1.0000001192092896,-1.9214247675136191,-8.000000953674316
514,-4.239271247106281,0.0,-1.239271157699316,-3.0000003576278687
515,-6.7557456308626795,0.0,-1.7557454818510607,-5.000000596046448
516,-1.352895071496404,0.0,-1.3528950714964023,0.0
517,-2.3771443014339324,0.0,-1.3771442716316131,-1.0000001192092896
518,-9.724517008125543,0.0,-1.7245167697069606,-8.000000953674316
519,-0.4412680499456861,0.0,-1.4412680797480082,1.0000001192092896
520,-8.921424612838207,-1.0000001192092896,-1.9214244042219484,-6.000000715255737
521,-3.4811694779596554,0.0,-1.4811694183550101,-2.000000238418579
522,-4.653143115443034,0.0,-1.653143026036067,-3.0000003576278687
523,-3.4824217273463045,0.0,-1.4824216677416602,-2.000000238418579
524,-4.923069655921662,-1.0000001192092896,-1.9230695665146957,-2.000000238418579
525,-2.4810949986857334,0.0,-1.4810949688834114,-1.0000001192092896
526,-10.92088759835144,-1.0000001192092896,-1.9208873301305425,-8.000000953674316
527,-8.922067422954637,-1.0000001192092896,-1.9220672143383877,-6.000000715255737
528,-5.730502226080148,0.0,-1.730502106870858,-4.000000476837158
529,-4.440123071089602,0.0,-1.440122981682629,-3.0000003576278687
530,-3.5717297056943567,0.0,-1.5717296460897128,-2.000000238418579
531,-3.921343032782457,-1.0000001192092896,-1.9213429731778127,-1.0000001192092896
532,-5.48204163283463,0.0,-1.4820415136253395,-4.000000476837158
533,-5.708322511171715,0.0,-1.708322391962426,-4.000000476837158
534,-4.378912803937908,0.0,-1.3789127145309397,-3.0000003576278687
535,-12.920752394591347,-1.0000001192092896,-1.920752066765804,-10.000001192092896
536,-7.379612605076318,0.0,-1.379612426262383,-6.000000715255737
537,-7.669721471222979,0.0,-1.669721292409045,-6.000000715255737
538,-7.670220400828215,0.0,-1.6702202220142779,-6.000000715255737
539,-4.524170420556909,0.0,-1.5241703311499408,-3.0000003576278687
540,-9.921397766464352,-1.0000001192092896,-1.9213975280457722,-7.000000834465027
541,-7.733296023203213,0.0,-1.733295844389275,-6.000000715255737
542,-3.4875286159270207,0.0,-1.487528556322376,-2.000000238418579
543,-6.919609267655499,-1.0000001192092896,-1.9196091186438862,-4.000000476837158
544,-4.3502671132266215,0.0,-1.3502670238196568,-3.0000003576278687
545,-8.481982311481516,0.0,-1.4819821028652642,-7.000000834465027
546,-8.921399699687846,-1.0000001192092896,-1.9213994910715881,-6.000000715255737
547,-8.922092067898394,-1.0000001192092896,-1.92209185928214,-6.000000715255737
548,-5.377226012280371,0.0,-1.3772258930710812,-4.000000476837158
549,-7.669723057939964,0.0,-1.66972287912603,-6.000000715255737
550,-7.672146270897651,0.0,-1.6721460920837177,-6.000000715255737
551,-7.921424583035879,-1.0000001192092896,-1.9214244042219473,-5.000000596046448
552,-1.480902692106959,0.0,-1.4809026921069595,0.0
553,-6.481612046973455,0.0,-1.481611897961844,-5.000000596046448
554,4.035000331666766,0.0,2.035000272062121,2.000000238418579
555,-4.379990463819894,0.0,-1.379990374412925,-3.0000003576278687
556,-3.208467273033072,0.0,-1.2084672134284264,-2.000000238418579
557,-2.4808837247641984,0.0,-1.480883694961877,-1.0000001192092896
558,-7.921792511621209,-1.0000001192092896,-1.9217923328072746,-5.000000596046448
559,-3.7477785371234456,0.0,-1.7477784775188012,-2.000000238418579
560,-4.379403007203445,0.0,-1.3794029177964733,-3.0000003576278687
561,-6.921822895681492,-1.0000001192092896,-1.9218227466698823,-4.000000476837158
562,-1.2897598951241043,0.0,-1.289759895124106,0.0
563,-9.594884637618735,0.0,-1.5948843992001571,-8.000000953674316
564,-8.377135791410993,0.0,-1.3771355827947391,-7.000000834465027
565,-8.921424680295942,-1.0000001192092896,-1.9214244716796858,-6.000000715255737
566,-4.31824735584234,0.0,-1.318247266435376,-3.0000003576278687
567,-2.363957441222279,0.0,-1.3639574114199557,-1.0000001192092896
568,-1.480352975206141,0.0,-1.480352975206142,0.0
569,-3.4814394420217267,0.0,-1.481439382417083,-2.000000238418579
570,-10.047008814468088,0.0,-1.0470085462471819,-9.000001072883606
571,-10.921138427857322,-1.0000001192092896,-1.921138159636421,-8.000000953674316
572,-3.333084084471146,0.0,-1.3330840248665023,-2.000000238418579
573,-8.73517272860653,0.0,-1.7351725199902774,-7.000000834465027
574,-5.669219444227038,0.0,-1.6692193250177474,-4.000000476837158
575,-10.922422366140152,-1.0000001192092896,-1.9224220979192475,-8.000000953674316
576,-3.4798648091886646,0.0,-1.4798647495840198,-2.000000238418579
577,-8.922025825620459,-1.0000001192092896,-1.9220256170042054,-6.000000715255737
578,-6.922364704531855,-1.0000001192092896,-1.9223645555202376,-4.000000476837158
579,-12.753380496985653,0.0,-1.7533801691601159,-11.000001311302185
580,-6.42177523555989,0.0,-1.421775086548276,-5.000000596046448
581,-3.4827907998353305,0.0,-1.4827907402306868,-2.000000238418579
582,-10.921716493360602,-1.0000001192092896,-1.9217162251397024,-8.000000953674316
583,-3.4805727284467576,0.0,-1.4805726688421137,-2.000000238418579
584,-6.283138747626124,0.0,-1.2831385986145127,-5.000000596046448
585,-10.920723509593232,-1.0000001192092896,-1.920723241372332,-8.000000953674316
586,-6.479914137200421,0.0,-1.4799139881888075,-5.000000596046448
587,-6.922161284607844,-1.0000001192092896,-1.9221611355962345,-4.000000476837158
588,-2.4817383678080605,0.0,-1.481738338005739,-1.0000001192092896
589,-12.464158372339323,0.0,-1.4641580445137807,-11.000001311302185
590,-5.789561770250531,0.0,-1.7895616510412413,-4.000000476837158
591,-6.269896611626015,0.0,-1.269896462614402,-5.000000596046448
592,-5.384748512497134,0.0,-1.3847483932878468,-4.000000476837158
593,-9.37343903220552,0.0,-1.373438793786936,-8.000000953674316
594,-10.749889280381568,0.0,-1.7498890121606712,-9.000001072883606
595,-2.4831449319553753,0.0,-1.4831449021530525,-1.0000001192092896
596,-5.390551368622552,0.0,-1.3905512494132637,-4.000000476837158
597,-9.482849918148737,0.0,-1.482849679730158,-8.000000953674316
598,-10.922181742990189,-1.0000001192092896,-1.9221814747692858,-8.000000953674316
599,-10.92132710369543,-1.0000001192092896,-1.9213268354745212,-8.000000953674316
600,-4.737119791824905,0.0,-1.7371197024179403,-3.0000003576278687
601,-3.380003364014671,0.0,-1.3800033044100277,-2.000000238418579
602,0.6227026878629615,0.0,-1.3772973717416828,2.000000238418579
603,-4.482133383441367,0.0,-1.4821332940343974,-3.0000003576278687
604,-6.921527031548026,-1.0000001192092896,-1.9215268825364133,-4.000000476837158
605,-5.634612199273747,0.0,-1.6346120800644588,-4.000000476837158
606,-8.480500188774837,0.0,-1.48049998015858,-7.000000834465027
607,-10.922523645648853,-1.0000001192092896,-1.9225233774279593,-8.000000953674316
608,-4.335337865720219,0.0,-1.3353377763132495,-3.0000003576278687
609,0.6214768987420916,0.0,-1.378523160862553,2.000000238418579
610,-9.739797563706082,0.0,-1.7397973252875047,-8.000000953674316
611,-3.3772327035689997,0.0,-1.3772326439643552,-2.000000238418579
612,-4.921138249185398,-1.0000001192092896,-1.9211381597784303,-2.000000238418579
613,-6.280817914885993,0.0,-1.2808177658743791,-5.000000596046448
614,-2.4816957006326175,0.0,-1.4816956708302942,-1.0000001192092896
615,-8.481896730509035,0.0,-1.48189652189278,-7.000000834465027
616,-6.485396744619942,0.0,-1.4853965956083277,-5.000000596046448
617,-10.919835296367937,-1.0000001192092896,-1.9198350281470418,-8.000000953674316
618,-14.921990366183838,-1.0000001192092896,-1.921989978753655,-12.000001430511475
619,-4.379545192057142,0.0,-1.3795451026501773,-3.0000003576278687
620,-3.4812011052397906,0.0,-1.4812010456351463,-2.000000238418579
621,-7.485746875239643,0.0,-1.4857466964257084,-6.000000715255737
622,-8.921424612838207,-1.0000001192092896,-1.9214244042219475,-6.000000715255737
623,-6.669977680740806,0.0,-1.6699775317291983,-5.000000596046448
624,-14.92280533641787,-1.0000001192092896,-1.9228049489876842,-12.000001430511475
625,-11.746644717685516,0.0,-1.7466444196622932,-10.000001192092896
626,-6.3526579164929,0.0,-1.352657767481287,-5.000000596046448
627,-4.375655774841491,0.0,-1.3756556854345283,-3.0000003576278687
628,-8.923310519471793,-1.0000001192092896,-1.9233103108555332,-6.000000715255737
629,-2.483071296454448,0.0,-1.4830712666521255,-1.0000001192092896
630,-9.814681894258033,0.0,-1.8146816558394565,-8.000000953674316
631,-11.921693103871647,-1.0000001192092896,-1.921692805848422,-9.000001072883606
632,-8.921489254237768,-1.0000001192092896,-1.9214890456215108,-6.000000715255737
633,-10.723582545615002,-1.0000001192092896,-1.7235822773940974,-8.000000953674316
634,-9.686902634997065,0.0,-1.6869023965784826,-8.000000953674316
635,-8.722634390985961,-1.0000001192092896,-1.7226341823697062,-6.000000715255737
636,-4.330322646117787,0.0,-1.3303225567108254,-3.0000003576278687
637,-1.4815407141815382,0.0,-1.4815407141815382,0.0
638,-10.9240252794856,-1.0000001192092896,-1.9240250112647024,-8.000000953674316
639,-0.48070283747683495,0.0,-1.4807028672791573,1.0000001192092896
640,-7.7133438598555575,0.0,-1.7133436810416263,-6.000000715255737
641,-2.304602254931903,0.0,-1.3046022251295812,-1.0000001192092896
642,-5.92137412834862,-1.0000001192092896,-1.9213740091393325,-3.0000003576278687
643,-2.380202869609766,0.0,-1.3802028398074415,-1.0000001192092896
644,-1.378189336080248,0.0,-1.378189336080248,0.0
645,0.5294917935282453,0.0,-1.4705082660764002,2.000000238418579
646,-2.9743204956969675,0.0,2.025679653314648,-5.000000596046448
647,-4.378204574806764,0.0,-1.3782044853997968,-3.0000003576278687
648,-11.71549191648993,0.0,-1.715491618466706,-10.000001192092896
649,-6.380570298375851,0.0,-1.3805701493642388,-5.000000596046448
650,-10.9212880606387,-1.0000001192092896,-1.9212877924177936,-8.000000953674316
651,-6.921424553233561,-1.0000001192092896,-1.9214244042219475,-4.000000476837158
652,-1.3789335520582464,0.0,-1.3789335520582457,0.0
653,-8.343541056856681,0.0,-1.3435408482404265,-7.000000834465027
654,-3.481897330391845,0.0,-1.4818972707871998,-2.000000238418579
655,-9.735463784943983,0.0,-1.7354635465253985,-8.000000953674316
656,-5.921206876610663,-1.0000001192092896,-1.9212067574013754,-3.0000003576278687
657,-8.921460012466053,-1.0000001192092896,-1.9214598038497934,-6.000000715255737
658,-4.481414879518668,0.0,-1.4814147901117005,-3.0000003576278687
659,-1.9213212322380908,-1.0000001192092896,-1.9213212322380917,1.0000001192092896
660,-10.921424782680738,-1.0000001192092896,-1.9214245144598385,-8.000000953674316
661,-7.923838728175472,-1.0000001192092896,-1.923838549361537,-5.000000596046448
662,-5.669976462849047,0.0,-1.669976343639757,-4.000000476837158
663,-3.9211818629152653,-1.0000001192092896,-1.921181803310622,-1.0000001192092896
664,-7.7351429167636665,0.0,-1.7351427379497297,-6.000000715255737
665,-4.70148381064701,0.0,-1.7014837212400435,-3.0000003576278687
666,-2.3402077210774683,0.0,-1.340207691275151,-1.0000001192092896
667,-8.921572408773038,-1.0000001192092896,-1.9215722001567797,-6.000000715255737
668,-10.921424672442846,-1.0000001192092896,-1.9214244042219486,-8.000000953674316
669,-2.379752497264054,0.0,-1.3797524674617314,-1.0000001192092896
670,-8.720290492375966,-1.0000001192092896,-1.7202902837597092,-6.000000715255737
671,-6.32597048242678,0.0,-1.3259703334151662,-5.000000596046448
672,-6.669977674879082,0.0,-1.6699775258674705,-5.000000596046448
673,-1.5364609721734894,0.0,-1.5364609721734888,0.0
674,-7.581991915258996,0.0,-1.5819917364450609,-6.000000715255737
675,-7.485319314461985,0.0,-1.4853191356480488,-6.000000715255737
676,-4.694323695831506,0.0,-1.694323606424542,-3.0000003576278687
677,-8.922842768669074,-1.0000001192092896,-1.9228425600528178,-6.000000715255737
678,-4.730708312246464,0.0,-1.730708222839496,-3.0000003576278687
679,-3.4862255417305,0.0,-1.4862254821258545,-2.000000238418579
680,-5.921086264982136,-1.0000001192092896,-1.9210861457728428,-3.0000003576278687
681,-5.92145286700576,-1.0000001192092896,-1.9214527477964654,-3.0000003576278687
682,-3.637633978353083,0.0,-1.6376339187484372,-2.000000238418579
683,-11.697191893712327,0.0,-1.6971915956891073,-10.000001192092896
684,-10.922173528777963,-1.0000001192092896,-1.922173260557058,-8.000000953674316
685,-8.37957003028004,0.0,-1.3795698216637846,-7.000000834465027
686,-3.4800941563547045,0.0,-1.4800940967500604,-2.000000238418579
687,-2.3781856028402744,0.0,-1.3781855730379517,-1.0000001192092896
688,-5.921393052818988,-1.0000001192092896,-1.9213929336096962,-3.0000003576278687
689,-7.371919008299264,0.0,-1.371918829485334,-6.000000715255737
690,-9.459572665881517,0.0,-1.4595724274629345,-8.000000953674316
691,-4.480517581795164,0.0,-1.4805174923881965,-3.0000003576278687
692,-6.738187836788234,0.0,-1.7381876877766245,-5.000000596046448
693,-10.686600307297937,0.0,-1.6866000390770348,-9.000001072883606
694,-6.71776079222162,-1.0000001192092896,-1.7177606432100057,-4.000000476837158
695,-9.730898195808265,0.0,-1.7308979573896872,-8.000000953674316
696,-7.6698931282771285,0.0,-1.6698929494631969,-6.000000715255737
697,-3.4828451121033193,0.0,-1.4828450524986745,-2.000000238418579
698,-5.766734800285322,0.0,-1.7667346810760334,-4.000000476837158
699,-4.3310646006318025,0.0,-1.331064511224838,-3.0000003576278687
700,-11.73029898528106,0.0,-1.7302986872578479,-10.000001192092896
701,-10.921469026704061,-1.0000001192092896,-1.9214687584831518,-8.000000953674316
702,-3.4810505767180757,0.0,-1.4810505171134296,-2.000000238418579
703,-4.482329183934002,0.0,-1.4823290945270349,-3.0000003576278687
704,-3.3800324443616763,0.0,-1.3800323847570328,-2.000000238418579
705,-10.922774021147228,-1.0000001192092896,-1.9227737529263327,-8.000000953674316
706,-9.921048372331377,-1.0000001192092896,-1.9210481339127987,-7.000000834465027
707,-4.921602149922075,-1.0000001192092896,-1.921602060515109,-2.000000238418579
708,-6.669836654469718,0.0,-1.6698365054581052,-5.000000596046448
709,-6.379000792100216,0.0,-1.379000643088603,-5.000000596046448
710,-8.923235384678918,-1.0000001192092896,-1.923235176062659,-6.000000715255737
711,-10.377488697684335,0.0,-1.3774884294634289,-9.000001072883606
712,-6.785191382639648,0.0,-0.7851912038257162,-6.000000715255737
713,1.623207751053219,0.0,-1.3767923383537473,3.0000003576278687
714,-10.921279437096144,-1.0000001192092896,-1.921279168875246,-8.000000953674316
715,-11.701998426175118,0.0,-1.7019981281518939,-10.000001192092896
716,-10.921424672442852,-1.0000001192092896,-1.9214244042219486,-8.000000953674316
717,-6.921415040709434,-1.0000001192092896,-1.9214148916978202,-4.000000476837158
718,-8.670080552237206,0.0,-1.6700803436209453,-7.000000834465027
719,-7.733955348325828,0.0,-1.7339551695118955,-6.000000715255737
720,-10.319661307004662,0.0,-1.319661038783757,-9.000001072883606
721,-6.484113742677375,0.0,-1.4841135936657635,-5.000000596046448
722,-3.921636973822216,-1.0000001192092896,-1.9216369142175722,-1.0000001192092896
723,-3.3776729578515994,0.0,-1.3776728982469582,-2.000000238418579
724,-6.337143254903004,0.0,-1.3371431058913894,-5.000000596046448
725,-2.6289686379896793,0.0,-0.6289685783850315,-2.000000238418579
726,-8.919455761703071,-1.0000001192092896,-1.919455553086812,-6.000000715255737
727,-1.4827708501066466,0.0,-1.4827708501066486,0.0
728,-8.923773049482172,-1.0000001192092896,-1.9237728408659196,-6.000000715255737
729,-2.4825829036778617,0.0,-1.4825828738755404,-1.0000001192092896
730,-7.656302861930672,0.0,-1.6563026831167347,-6.000000715255737
731,-8.484645826138738,0.0,-1.4846456175224847,-7.000000834465027
732,-9.695778637227706,0.0,-1.695778398809129,-8.000000953674316
733,-10.921411142927322,-1.0000001192092896,-1.9214108747064211,-8.000000953674316
734,-8.921424612838207,-1.0000001192092896,-1.9214244042219473,-6.000000715255737
735,-7.4306948685570955,0.0,-1.4306946897431618,-6.000000715255737
736,-6.480897473337933,0.0,-1.480897324326317,-5.000000596046448
737,-6.7278380901863875,0.0,-1.7278379411747737,-5.000000596046448
738,-8.29285065587635,0.0,-1.2928504472600943,-7.000000834465027
739,-4.227255075167494,0.0,-1.227254985760524,-3.0000003576278687
740,-6.733157360993662,0.0,-1.7331572119820475,-5.000000596046448
741,-5.48186811710962,0.0,-1.4818679979003304,-4.000000476837158
742,-8.921045803818572,-1.0000001192092896,-1.921045595202309,-6.000000715255737
743,-3.48159073865245,0.0,-1.4815906790478053,-2.000000238418579
744,-7.70211321236234,0.0,-1.7021130335484034,-6.000000715255737
745,-8.48146102205515,0.0,-1.4814608134388936,-7.000000834465027
746,-4.31100808387019,0.0,-1.3110079944632216,-3.0000003576278687
747,-3.731906199797954,0.0,-1.7319061401933082,-2.000000238418579
748,-7.450144304359901,0.0,-1.450144125545967,-6.000000715255737
749,-10.92106422621804,-1.0000001192092896,-1.921063957997147,-8.000000953674316
750,-2.4849843204965523,0.0,-1.4849842906942292,-1.0000001192092896
751,-4.4835002626959195,0.0,-1.4835001732889523,-3.0000003576278687
752,-1.4810132670462455,0.0,-1.4810132670462457,0.0
753,-7.726461866150855,0.0,-1.7264616873369218,-6.000000715255737
754,-8.9213888103752,-1.0000001192092896,-1.9213886017589448,-6.000000715255737
755,-8.922176850897953,-1.0000001192092896,-1.9221766422816962,-6.000000715255737
756,-8.683506785695407,0.0,-1.6835065770791469,-7.000000834465027
757,-3.379531497501841,0.0,-1.3795314378971972,-2.000000238418579
758,-8.72740772968909,0.0,-1.7274075210728288,-7.000000834465027
759,-2.921539521439658,-1.0000001192092896,-1.9215394916373352,0.0
760,-5.669875206534051,0.0,-1.669875087324759,-4.000000476837158
761,-1.379207044580183,0.0,-1.379207044580182,0.0
762,-6.9213433570579035,-1.0000001192092896,-1.921343208046289,-4.000000476837158
763,-10.92147400566491,-1.0000001192092896,-1.9214737374440087,-8.000000953674316
764,-3.3785529165785606,0.0,-1.3785528569739196,-2.000000238418579
765,-9.784797765766372,0.0,-1.7847975273477936,-8.000000953674316
766,-1.3764367465458187,0.0,-1.3764367465458185,0.0
767,-8.737866221228536,0.0,-1.7378660126122838,-7.000000834465027
768,-6.921424553233559,-1.0000001192092896,-1.9214244042219486,-4.000000476837158
769,-2.3772007699384297,0.0,-1.3772007401361064,-1.0000001192092896
770,-3.1780288350281705,0.0,-1.178028775423525,-2.000000238418579
771,-12.921396642977356,-1.0000001192092896,-1.9213963151518147,-10.000001192092896
772,-5.920360150153244,-1.0000001192092896,-1.920360030943956,-3.0000003576278687
773,-11.703028892400848,0.0,-1.7030285943776182,-10.000001192092896
774,-1.8843438374608696,0.0,-1.8843438374608696,0.0
775,-13.70753138943237,0.0,-1.7075310318044963,-12.000001430511475
776,-2.378386452914205,0.0,-1.378386423111881,-1.0000001192092896
777,-8.92142462329555,-1.0000001192092896,-1.9214244146792916,-6.000000715255737
778,-8.921453030991422,-1.0000001192092896,-1.9214528223751668,-6.000000715255737
779,-0.002102178057539733,0.0,-2.002102237662185,2.000000238418579
780,-8.92150925588362,-1.0000001192092896,-1.9215090472673673,-6.000000715255737
781,-8.921462771255953,-1.0000001192092896,-1.9214625626397004,-6.000000715255737
782,-8.611445263840531,0.0,-1.6114450552242856,-7.000000834465027
783,-4.842506234995955,0.0,-1.8425061455889902,-3.0000003576278687
784,-10.733299190019217,0.0,-1.733298921798317,-9.000001072883606
785,-5.67773846607469,0.0,-1.6777383468653992,-4.000000476837158
786,-0.3774848790428389,0.0,-1.3774849088451613,1.0000001192092896
787,-5.895948466412405,0.0,-1.895948347203118,-4.000000476837158
788,-6.73254237449432,0.0,-1.7325422254827043,-5.000000596046448
789,-5.728536356287931,0.0,-1.728536237078642,-4.000000476837158
790,-8.743762880285574,0.0,-1.7437626716693162,-7.000000834465027
791,-2.5710309130981974,0.0,-1.5710308832958744,-1.0000001192092896
792,-0.4815023099607567,0.0,-1.4815023397630807,1.0000001192092896
793,-4.640749838798667,0.0,-1.640749749391702,-3.0000003576278687
794,-8.91689789435876,-1.0000001192092896,-1.916897685742502,-6.000000715255737
795,-5.265858330590607,0.0,-1.265858211381318,-4.000000476837158
796,-7.921990085006277,-1.0000001192092896,-1.921989906192342,-5.000000596046448
797,-8.921424623295549,-1.0000001192092896,-1.9214244146792911,-6.000000715255737
798,-0.5593739556029268,0.0,-1.5593739854052497,1.0000001192092896
799,-12.743278947312765,0.0,-1.7432786194872154,-11.000001311302185
800,-1.6895019013563006,0.0,-1.689501901356298,0.0
801,-8.378527172214417,0.0,-1.3785269635981572,-7.000000834465027
802,-7.921485921610185,-1.0000001192092896,-1.9214857427962515,-5.000000596046448
803,-11.653646488568315,0.0,-1.6536461905450948,-10.000001192092896
804,-9.693877757003907,0.0,-1.6938775185853232,-8.000000953674316
805,-1.281299540811183,0.0,-1.281299540811183,0.0
806,-5.6120960358564265,0.0,-1.6120959166471374,-4.000000476837158
807,-2.3794113316300542,0.0,-1.3794113018277314,-1.0000001192092896
808,-3.6697322857053303,0.0,-1.6697322261006868,-2.000000238418579
809,-6.68508469460307,0.0,-1.6850845455914578,-5.000000596046448
810,-6.598586461023839,0.0,-1.59858631201223,-5.000000596046448
811,-1.3784011731322077,0.0,-1.3784011731322092,0.0
812,-11.677387414379467,0.0,-1.677387116356243,-10.000001192092896
813,-6.809076281384831,0.0,-1.8090761323732194,-5.000000596046448
814,-5.69040065921556,0.0,-1.6904005400062692,-4.000000476837158
815,-4.727929923293956,0.0,-1.7279298338869873,-3.0000003576278687
816,-5.748834875625164,0.0,-1.7488347564158757,-4.000000476837158
817,-0.37851349052969296,0.0,-1.3785135203320156,1.0000001192092896
818,-5.669350083110688,0.0,-1.6693499639014011,-4.000000476837158
819,-0.37834048197998316,0.0,-1.3783405117823055,1.0000001192092896
820,-5.6698930431452395,0.0,-1.6698929239359526,-4.000000476837158
821,-5.669143207942624,0.0,-1.6691430887333374,-4.000000476837158
822,-2.746578755704536,0.0,-1.7465787259022145,-1.0000001192092896
823,-5.853575518575296,0.0,-1.8535753993660022,-4.000000476837158
824,-5.674143813953511,0.0,-1.67414369474422,-4.000000476837158
825,-0.3784046025669989,0.0,-1.378404632369321,1.0000001192092896
826,-7.817575523845033,0.0,-1.8175753450311005,-6.000000715255737
827,-6.834042680872973,0.0,-1.8340425318613582,-5.000000596046448
828,-7.798373078560035,0.0,-1.7983728997460975,-6.000000715255737
829,-7.669723002922322,0.0,-1.669722824108388,-6.000000715255737
830,-5.90637995985292,0.0,-1.9063798406436325,-4.000000476837158
831,-11.816785753553459,0.0,-1.8167854555302383,-10.000001192092896
832,-9.835942179832236,0.0,-1.8359419414136537,-8.000000953674316
833,-5.669350083110696,0.0,-1.6693499639014022,-4.000000476837158
834,-0.37851079350798456,0.0,-1.378510823310307,1.0000001192092896
835,-0.37970647023123627,0.0,-1.379706500033559,1.0000001192092896
836,-9.806242265012935,0.0,-1.8062420265943542,-8.000000953674316
837,-4.683254886470275,0.0,-1.6832547970633058,-3.0000003576278687
838,-2.377956976332632,0.0,-1.377956946530308,-1.0000001192092896
839,-5.721773039016665,0.0,-1.7217729198073755,-4.000000476837158
840,-0.3782607188136238,0.0,-1.3782607486159462,1.0000001192092896
841,-5.66989301702966,0.0,-1.6698928978203715,-4.000000476837158
842,-7.838914485542351,0.0,-1.8389143067284144,-6.000000715255737
843,-5.821577195482076,0.0,-1.821577076272782,-4.000000476837158
844,-5.831959992321227,0.0,-1.8319598731119344,-4.000000476837158
845,-2.3803268624838068,0.0,-1.3803268326814848,-1.0000001192092896
846,-5.669987027943664,0.0,-1.669986908734372,-4.000000476837158
847,-5.795570012899562,0.0,-1.7955698936902718,-4.000000476837158
848,-1.3785938126128474,0.0,-1.378593812612849,0.0
849,-6.812001901467758,0.0,-1.8120017524561476,-5.000000596046448
850,-10.8550292986885,0.0,-1.8550290304676018,-9.000001072883606
851,-2.8223720536981727,0.0,-1.8223720238958512,-1.0000001192092896
852,-11.848550559390693,0.0,-1.84855026136747,-10.000001192092896
853,-3.8431270094780765,0.0,-1.8431269498734333,-2.000000238418579
854,-10.820240999637056,0.0,-1.8202407314161513,-9.000001072883606
855,-7.677929850353272,0.0,-1.6779296715393328,-6.000000715255737
856,-8.898216053400748,0.0,-1.898215844784492,-7.000000834465027
857,-4.722062959392178,0.0,-1.7220628699852107,-3.0000003576278687
858,-7.815583242296367,0.0,-1.8155830634824308,-6.000000715255737
859,-3.894351587075886,0.0,-1.8943515274712435,-2.000000238418579
860,-0.378458350996679,0.0,-1.3784583807990012,1.0000001192092896
861,-0.6475710650007716,0.0,-1.6475710948030946,1.0000001192092896
862,-3.740164527582431,0.0,-1.7401644679777917,-2.000000238418579
863,-1.487671983923151,0.0,-1.4876719839231516,0.0
864,-2.37990116794185,0.0,-1.3799011381395303,-1.0000001192092896
865,-0.7596352860863911,0.0,-1.7596353158887135,1.0000001192092896
866,-7.844648642486394,0.0,-1.8446484636724625,-6.000000715255737
867,-2.3772990249534223,0.0,-1.3772989951511014,-1.0000001192092896
868,-7.669543216957626,0.0,-1.6695430381436867,-6.000000715255737
869,-7.669350151596227,0.0,-1.6693499727822962,-6.000000715255737
870,-1.3781041211827327,0.0,-1.3781041211827318,0.0
871,-1.3785460214076357,0.0,-1.3785460214076353,0.0
872,-3.6693498117854246,0.0,-1.6693497521807796,-2.000000238418579
873,-10.640882869216856,0.0,-1.6408826009959492,-9.000001072883606
874,-0.3784953476788815,0.0,-1.3784953774812037,1.0000001192092896
875,-0.37842334767171937,0.0,-1.378423377474042,1.0000001192092896
876,-3.669976406089263,0.0,-1.6699763464846187,-2.000000238418579
877,-7.719466845103405,0.0,-1.7194666662894686,-6.000000715255737
878,-5.823795519676523,0.0,-1.8237954004672308,-4.000000476837158
879,-0.37807234007442814,0.0,-1.378072369876751,1.0000001192092896
880,-8.801167831437573,0.0,-1.8011676228213176,-7.000000834465027
881,-2.3797997134731608,0.0,-1.3797996836708375,-1.0000001192092896
882,-5.84529947394329,0.0,-1.8452993547340042,-4.000000476837158
883,-10.729564790803831,0.0,-1.7295645225829348,-9.000001072883606
884,-7.6695431955531,0.0,-1.6695430167391652,-6.000000715255737
885,-5.85935854440678,0.0,-1.8593584251974906,-4.000000476837158
886,-7.669349955104566,0.0,-1.6693497762906306,-6.000000715255737
887,-9.669350207870538,0.0,-1.669349969451957,-8.000000953674316
888,-7.669732399364681,0.0,-1.669732220550745,-6.000000715255737
889,-7.7459361400041296,0.0,-1.7459359611901952,-6.000000715255737
890,-4.885573649536887,0.0,-1.8855735601299195,-3.0000003576278687
891,-7.799667835586272,0.0,-1.7996676567723324,-6.000000715255737
892,-4.66989299943598,0.0,-1.6698929100290116,-3.0000003576278687
893,-0.3786117237714526,0.0,-1.378611753573775,1.0000001192092896
894,-5.6693815369575455,0.0,-1.669381417748255,-4.000000476837158
895,-1.377320636087062,0.0,-1.3773206360870607,0.0
896,-0.3782712777274777,0.0,-1.3782713075297999,1.0000001192092896
897,-6.849349476665121,0.0,-1.8493493276535078,-5.000000596046448
898,-5.670220354649448,0.0,-1.6702202354401618,-4.000000476837158
899,-5.833397226743298,0.0,-1.8333971075340059,-4.000000476837158
900,-0.37878765493199706,0.0,-1.3787876847343195,1.0000001192092896
901,-7.731489411158479,0.0,-1.7314892323445479,-6.000000715255737
902,-0.3787639022944127,0.0,-1.3787639320967353,1.0000001192092896
903,-0.3787894930339344,0.0,-1.3787895228362568,1.0000001192092896
904,-3.66972290012078,0.0,-1.6697228405161353,-2.000000238418579
905,-6.847444840073408,0.0,-1.8474446910617985,-5.000000596046448
906,-2.3802077903667245,0.0,-1.3802077605644019,-1.0000001192092896
907,-5.803228872902548,0.0,-1.803228753693256,-4.000000476837158
908,-9.83171083253163,0.0,-1.8317105941130605,-8.000000953674316
909,-5.669143156633797,0.0,-1.6691430374245078,-4.000000476837158
910,-6.61266581299405,0.0,-1.6126656639824362,-5.000000596046448
911,-0.37878260016325127,0.0,-1.3787826299655737,1.0000001192092896
912,-5.825751872032534,0.0,-1.8257517528232448,-4.000000476837158
913,-4.792271524178355,0.0,-1.792271434771391,-3.0000003576278687
914,-5.797878023825787,0.0,-1.797877904616497,-4.000000476837158
915,-2.378939826893985,0.0,-1.3789397970916621,-1.0000001192092896
916,-5.688839934286061,0.0,-1.688839815076775,-4.000000476837158
917,-7.824816038799227,0.0,-1.8248158599852937,-6.000000715255737
918,-7.669976481309662,0.0,-1.6699763024957273,-6.000000715255737
919,-5.669231340391098,0.0,-1.669231221181805,-4.000000476837158
920,-5.718504776531785,0.0,-1.7185046573224934,-4.000000476837158
921,-5.82247895115041,0.0,-1.8224788319411243,-4.000000476837158
922,-7.823541118760901,0.0,-1.8235409399469655,-6.000000715255737
923,-5.774657991641869,0.0,-1.7746578724325783,-4.000000476837158
924,-3.6787870525103856,0.0,-1.6787869929057426,-2.000000238418579
925,-0.3785881501312689,0.0,-1.3785881799335913,1.0000001192092896
926,-9.85021907169439,0.0,-1.850218833275813,-8.000000953674316
927,-3.8148259535033557,0.0,-1.8148258938987136,-2.000000238418579
928,-14.847113482041067,0.0,-1.8471130946108725,-13.000001549720764
929,-5.669977615658936,0.0,-1.669977496449646,-4.000000476837158
930,-5.669732355047627,0.0,-1.6697322358383397,-4.000000476837158
931,-5.8521234892532785,0.0,-1.8521233700439872,-4.000000476837158
932,-2.669892944010113,0.0,-1.669892914207793,-1.0000001192092896
933,-7.849736639229469,0.0,-1.8497364604155355,-6.000000715255737
934,-1.6695430303728986,0.0,-1.6695430303728986,0.0
935,-10.772474945101667,0.0,-1.772474676880768,-9.000001072883606
936,-0.3780195406784268,0.0,-1.3780195704807499,1.0000001192092896
937,-0.37870434936830644,0.0,-1.378704379170629,1.0000001192092896
938,-5.835646201368061,0.0,-1.8356460821587715,-4.000000476837158
939,-3.6699770172938297,0.0,-1.6699769576891863,-2.000000238418579
940,-6.880361842013236,0.0,-1.8803616930016223,-5.000000596046448
941,-5.824851243143653,0.0,-1.824851123934365,-4.000000476837158
942,-2.5802597558991964,0.0,-1.5802597260968743,-1.0000001192092896
943,-9.690573460102337,0.0,-1.6905732216837612,-8.000000953674316
944,-7.669544383087835,0.0,-1.6695442042738975,-6.000000715255737
945,-2.6693500031396757,0.0,-1.6693499733373516,-1.0000001192092896
946,-8.912378565872073,0.0,-1.9123783572558197,-7.000000834465027
947,-5.669996399945647,0.0,-1.6699962807363526,-4.000000476837158
948,-5.850399056571151,0.0,-1.8503989373618566,-4.000000476837158
949,-3.6699770076511626,0.0,-1.6699769480465176,-2.000000238418579
950,-6.6691431711372156,0.0,-1.6691430221256034,-5.000000596046448
951,-6.847202569746796,0.0,-1.8472024207351876,-5.000000596046448
952,-0.3783640963075934,0.0,-1.3783641261099158,1.0000001192092896
953,-3.670220281690028,0.0,-1.670220222085383,-2.000000238418579
954,-5.914797700229228,0.0,-1.914797581019938,-4.000000476837158
955,-9.848146609895025,0.0,-1.8481463714764401,-8.000000953674316
956,-4.813819886394936,0.0,-1.8138197969879686,-3.0000003576278687
957,-0.37838836922229646,0.0,-1.3783883990246186,1.0000001192092896
958,-5.667910843387398,0.0,-1.66791072417811,-4.000000476837158
959,-8.667588242959857,0.0,-1.6675880343435971,-7.000000834465027
960,-11.864449116851231,0.0,-1.8644488188280073,-10.000001192092896
961,-10.847254015710527,0.0,-1.847253747489626,-9.000001072883606
962,-5.669722959725423,0.0,-1.6697228405161373,-4.000000476837158
963,-6.822953562157363,0.0,-1.8229534131457534,-5.000000596046448
964,-5.670220341294674,0.0,-1.6702202220853821,-4.000000476837158
965,-8.844760640586411,0.0,-1.8447604319701574,-7.000000834465027
966,-5.8820658692069125,0.0,-1.8820657499976257,-4.000000476837158
967,-3.838056159330895,0.0,-1.8380560997262483,-2.000000238418579
968,-6.897790177944638,0.0,-1.8977900289330252,-5.000000596046448
969,-7.669977665827757,0.0,-1.669977487013824,-6.000000715255737
970,-3.6691430970291536,0.0,-1.6691430374245086,-2.000000238418579
971,-3.669960255907318,0.0,-1.669960196302675,-2.000000238418579
972,-5.669977080225068,0.0,-1.6699769610157793,-4.000000476837158
973,-7.865565565056075,0.0,-1.8655653862421404,-6.000000715255737
974,-3.872505975888773,0.0,-1.8725059162841298,-2.000000238418579
975,-5.848972520898643,0.0,-1.8489724016893514,-4.000000476837158
976,-5.693271951643472,0.0,-1.6932718324341818,-4.000000476837158
977,-6.3291034744989805,0.0,-1.329103325487371,-5.000000596046448
978,-0.37774325461648717,0.0,-1.3777432844188096,1.0000001192092896
979,-4.8212054063390415,0.0,-1.8212053169320783,-3.0000003576278687
980,-7.8475302824836755,0.0,-1.8475301036697447,-6.000000715255737
981,-4.734127071610717,0.0,-1.7341269822037513,-3.0000003576278687
982,-2.379441092642047,0.0,-1.3794410628397267,-1.0000001192092896
983,-9.845934334943879,0.0,-1.845934096525306,-8.000000953674316
984,-5.7474658915496235,0.0,-1.7474657723403328,-4.000000476837158
985,-5.839025653736006,0.0,-1.8390255345267168,-4.000000476837158
986,-3.7682669761791074,0.0,-1.768266916574461,-2.000000238418579
987,-5.801694608555076,0.0,-1.8016944893457887,-4.000000476837158
988,-3.743673614710495,0.0,-1.7436735551058522,-2.000000238418579
989,-6.867676916011361,0.0,-1.8676767669997552,-5.000000596046448
990,-3.669976349021655,0.0,-1.6699762894170065,-2.000000238418579
991,-9.853463821714952,0.0,-1.8534635832963695,-8.000000953674316
992,-2.377237290123082,0.0,-1.3772372603207579,-1.0000001192092896
993,-5.669977602026419,0.0,-1.6699774828171319,-4.000000476837158
994,-2.828846448825224,0.0,-1.8288464190229012,-1.0000001192092896
995,-3.670220273870094,0.0,-1.6702202142654505,-2.000000238418579
996,-9.66184365358903,0.0,-1.6618434151704433,-8.000000953674316
997,-6.85103753598994,0.0,-1.8510373869783276,-5.000000596046448
998,-2.378082032533876,0.0,-1.3780820027315528,-1.0000001192092896
999,-5.670220329600339,0.0,-1.6702202103910486,-4.000000476837158
1000,-2.377993984018187,0.0,-1.3779939542158652,-1.0000001192092896
1001,-10.783452173346975,0.0,-1.7834519051260744,-9.000001072883606
1002,-11.80512704327005,0.0,-1.8051267452468271,-10.000001192092896
1003,-7.829580214579099,0.0,-1.8295800357651644,-6.000000715255737
1004,-7.83482291027978,0.0,-1.834822731465851,-6.000000715255737
1005,-4.857802568826467,0.0,-1.857802479419505,-3.0000003576278687
1006,-5.669732637637295,0.0,-1.6697325184280076,-4.000000476837158
1007,-8.845497881873648,0.0,-1.8454976732573871,-7.000000834465027
1008,1.3608590395266864,0.0,-1.6391410498802794,3.0000003576278687
1009,-5.669977629291438,0.0,-1.6699775100821477,-4.000000476837158
1010,-3.7377819970597823,0.0,-1.7377819374551373,-2.000000238418579
1011,-2.378081517770753,0.0,-1.3780814879684287,-1.0000001192092896
1012,-5.669349901917953,0.0,-1.669349782708663,-4.000000476837158
1013,-2.8133057548578573,0.0,-1.813305725055534,-1.0000001192092896
1014,-9.850633506665375,0.0,-1.8506332682467952,-8.000000953674316
1015,-6.92142455323356,-1.0000001192092896,-1.921424404221947,-4.000000476837158
1016,-4.921597981737214,-1.0000001192092896,-1.921597892330246,-2.000000238418579
1017,-5.792466110678965,0.0,-1.7924659914696752,-4.000000476837158
1018,-5.668858135354554,0.0,-1.6688580161452626,-4.000000476837158
1019,-0.3794217503237092,0.0,-1.3794217801260318,1.0000001192092896
1020,-2.836894517161054,0.0,-1.8368944873587327,-1.0000001192092896
1021,-0.3787146745522243,0.0,-1.378714704354547,1.0000001192092896
1022,-6.782717838070865,0.0,-1.7827176890592513,-5.000000596046448
1023,-5.701916956508889,0.0,-1.7019168372995994,-4.000000476837158
1024,-5.6692109588661115,0.0,-1.6692108396568222,-4.000000476837158
1025,-9.739248532695195,0.0,-1.7392482942766125,-8.000000953674316
1026,-4.669977052640482,0.0,-1.66997696323351,-3.0000003576278687
1027,-7.8428621794462945,0.0,-1.842862000632362,-6.000000715255737
1028,-7.669544405046068,0.0,-1.669544226232126,-6.000000715255737
1029,-3.6694706839616837,0.0,-1.6694706243570407,-2.000000238418579
1030,-5.669732321697468,0.0,-1.6697322024881804,-4.000000476837158
1031,-5.669976461808515,0.0,-1.6699763425992251,-4.000000476837158
1032,-5.6766557727728815,0.0,-1.6766556535635888,-4.000000476837158
1033,-2.6696369240277757,0.0,-1.6696368942254525,-1.0000001192092896
1034,-2.377478449148143,0.0,-1.3774784193458203,-1.0000001192092896
1035,-9.897578048190576,0.0,-1.8975778097720013,-8.000000953674316
1036,-6.85572860382256,0.0,-1.8557284548109432,-5.000000596046448
1037,-7.748006480879434,0.0,-1.7480063020654943,-6.000000715255737
1038,-0.3785144118976358,0.0,-1.3785144416999584,1.0000001192092896
1039,-8.82713723079367,0.0,-1.8271370221774117,-7.000000834465027
1040,-7.840540611329612,0.0,-1.8405404325156767,-6.000000715255737
1041,-6.820141398714819,0.0,-1.8201412497032063,-5.000000596046448
1042,-2.602038657708006,0.0,-1.602038627905682,-1.0000001192092896
1043,-5.669893033417082,0.0,-1.6698929142077916,-4.000000476837158
1044,-2.3780065186247956,0.0,-1.3780064888224715,-1.0000001192092896
1045,-8.827326805707441,0.0,-1.8273265970911832,-7.000000834465027
1046,-2.3782528649113823,0.0,-1.378252835109059,-1.0000001192092896
1047,-2.5655894684713827,0.0,-1.5655894386690639,-1.0000001192092896
1048,-7.734359363217131,0.0,-1.7343591844031994,-6.000000715255737
1049,-0.3781772968945798,0.0,-1.378177326696902,1.0000001192092896
1050,-3.8496831079394043,0.0,-1.8496830483347573,-2.000000238418579
1051,-4.379225162777921,0.0,-1.379225073370953,-3.0000003576278687
1052,-9.789102427743357,0.0,-1.7891021893247785,-8.000000953674316
1053,-4.854603943218627,0.0,-1.854603853811659,-3.0000003576278687
1054,-5.669977066701374,0.0,-1.669976947492084,-4.000000476837158
1055,-10.834079545747437,0.0,-1.8340792775265407,-9.000001072883606
1056,-0.37868902184249054,0.0,-1.378689051644813,1.0000001192092896
1057,0.6220841776336598,0.0,-1.3779158819709851,2.000000238418579
1058,-3.149223566743494,0.0,-2.1492235369411685,-1.0000001192092896
1059,-4.849691487983006,0.0,-1.849691398576039,-3.0000003576278687
1060,-5.822439019012498,0.0,-1.8224388998032077,-4.000000476837158
1061,-8.738095897195366,0.0,-1.7380956885791097,-7.000000834465027
1062,-2.4803252195040026,0.0,-1.4803251897016807,-1.0000001192092896
1063,-5.737689499522009,0.0,-1.7376893803127178,-4.000000476837158
1064,-7.841178322372795,0.0,-1.8411781435588583,-6.000000715255737
1065,-4.669722933253407,0.0,-1.669722843846439,-3.0000003576278687
1066,-2.796698575517947,0.0,-1.7966985457156235,-1.0000001192092896
1067,-9.793657899418351,0.0,-1.7936576609997703,-8.000000953674316
1068,-0.37927870071982084,0.0,-1.3792787305221432,1.0000001192092896
1069,0.182526186273476,0.0,-1.8174738733311688,2.000000238418579
1070,-8.849118290615863,0.0,-1.8491180819995998,-7.000000834465027
1071,-7.669350151596229,0.0,-1.6693499727822942,-6.000000715255737
1072,-5.6699770576131305,0.0,-1.6699769384038394,-4.000000476837158
1073,-5.768204454009538,0.0,-1.7682043348002445,-4.000000476837158
1074,-5.72819810577418,0.0,-1.728197986564895,-4.000000476837158
1075,-3.6693500273914337,0.0,-1.669349967786789,-2.000000238418579
1076,-5.882014190791386,0.0,-1.8820140715821,-4.000000476837158
1077,-8.863332914705133,0.0,-1.8633327060888694,-7.000000834465027
1078,-5.819945522054641,0.0,-1.8199454028453477,-4.000000476837158
1079,-5.669143148550633,0.0,-1.6691430293413423,-4.000000476837158
1080,-4.378963454964429,0.0,-1.3789633655574625,-3.0000003576278687
1081,-0.3033343422155653,0.0,-1.303334372017887,1.0000001192092896
1082,-1.669906451038889,0.0,-1.6699064510388884,0.0
1083,-1.104234346927869,0.0,-1.1042343469278681,0.0
1084,-5.669543092341951,0.0,-1.6695429731326688,-4.000000476837158
1085,-5.669459731101719,0.0,-1.6694596118924276,-4.000000476837158
1086,-9.811413180195158,0.0,-1.8114129417765852,-8.000000953674316
1087,-6.921456036070742,-1.0000001192092896,-1.9214558870591234,-4.000000476837158
1088,-5.83799392958134,0.0,-1.8379938103720512,-4.000000476837158
1089,-5.803008200634785,0.0,-1.8030080814254934,-4.000000476837158
1090,-2.377086378789137,0.0,-1.377086348986816,-1.0000001192092896
1091,-5.7842987447277014,0.0,-1.784298625518409,-4.000000476837158
1092,-2.669845370562763,0.0,-1.669845340760442,-1.0000001192092896
1093,-9.706109129789711,0.0,-1.706108891371133,-8.000000953674316
1094,-2.379890152634525,0.0,-1.3798901228322031,-1.0000001192092896
1095,-2.378667143974043,0.0,-1.3786671141717224,-1.0000001192092896
1096,-7.669958980143183,0.0,-1.669958801329246,-6.000000715255737
1097,-4.66973229356012,0.0,-1.6697322041531566,-3.0000003576278687
1098,-3.6699775658014446,0.0,-1.669977506196801,-2.000000238418579
1099,-2.63706514876502,0.0,-1.6370651189626997,-1.0000001192092896
1100,-2.3776047156938493,0.0,-1.3776046858915278,-1.0000001192092896
1101,-2.3783917907194523,0.0,-1.3783917609171303,-1.0000001192092896
1102,-3.6695442602369304,0.0,-1.6695442006322827,-2.000000238418579
1103,-5.826639135321103,0.0,-1.8266390161118156,-4.000000476837158
1104,-2.378172854976799,0.0,-1.378172825174478,-1.0000001192092896
1105,-7.686464890411258,0.0,-1.6864647115973175,-6.000000715255737
1106,-5.669350067256895,0.0,-1.6693499480476057,-4.000000476837158
1107,0.6207350289561963,0.0,-1.3792650306484486,2.000000238418579
1108,-4.894675789582084,0.0,-1.8946757001751184,-3.0000003576278687
1109,-12.774742712990996,0.0,-1.774742385165458,-11.000001311302185
1110,-7.668098927226778,0.0,-1.6680987484128407,-6.000000715255737
1111,-7.670220392525902,0.0,-1.6702202137119646,-6.000000715255737
1112,-11.788302334778875,0.0,-1.78830203675565,-10.000001192092896
1113,-5.776962275758306,0.0,-1.776962156549019,-4.000000476837158
1114,-2.3771001034113075,0.0,-1.377100073608987,-1.0000001192092896
1115,-4.817490317839587,0.0,-1.8174902284326233,-3.0000003576278687
1116,-2.6695442576996,0.0,-1.6695442278972765,-1.0000001192092896
1117,-8.800107940883214,0.0,-1.800107732266957,-7.000000834465027
1118,-6.726077287871192,0.0,-1.7260771388595795,-5.000000596046448
1119,-2.377778913472439,0.0,-1.3777788836701172,-1.0000001192092896
1120,-5.669926886822407,0.0,-1.6699267676131224,-4.000000476837158
1121,-9.861960542106848,0.0,-1.8619603036882706,-8.000000953674316
1122,-2.3774887797004967,0.0,-1.377488749898172,-1.0000001192092896
1123,-2.840693962854285,0.0,-1.8406939330519625,-1.0000001192092896
1124,-2.380215559482086,0.0,-1.3802155296797645,-1.0000001192092896
1125,-0.3793676467035014,0.0,-1.379367676505824,1.0000001192092896
1126,-3.670368513600594,0.0,-1.670368453995951,-2.000000238418579
1127,-5.836252666942103,0.0,-1.836252547732815,-4.000000476837158
1128,-5.669845638957509,0.0,-1.6698455197482187,-4.000000476837158
1129,-5.6693500858859665,0.0,-1.6693499666766776,-4.000000476837158
1130,-4.651478878932841,0.0,-1.6514787895258785,-3.0000003576278687
1131,-5.830706897442798,0.0,-1.8307067782335071,-4.000000476837158
1132,-5.378987510821629,0.0,-1.37898739161234,-4.000000476837158
1133,-3.6693498489739955,0.0,-1.6693497893693496,-2.000000238418579
1134,-2.8062182166328267,0.0,-1.806218186830505,-1.0000001192092896
1135,-8.824459025603423,0.0,-1.82445881698716,-7.000000834465027
1136,-11.855670826039681,0.0,-1.8556705280164587,-10.000001192092896
1137,-6.8429972538438255,0.0,-1.8429971048322134,-5.000000596046448
1138,-7.669732412987291,0.0,-1.6697322341733578,-6.000000715255737
1139,-9.666703700178173,0.0,-1.6667034617595877,-8.000000953674316
1140,-5.669732315844731,0.0,-1.6697321966354455,-4.000000476837158
1141,-3.8046801995500874,0.0,-1.8046801399454437,-2.000000238418579
1142,-1.378695590976425,0.0,-1.3786955909764251,0.0
1143,-9.82176525471278,0.0,-1.8217650162942018,-8.000000953674316
1144,-8.78750159269787,0.0,-1.7875013840816167,-7.000000834465027
1145,-5.831831919408171,0.0,-1.8318318001988827,-4.000000476837158
1146,-7.778316985985111,0.0,-1.7783168071711737,-6.000000715255737
1147,-7.829826252533891,0.0,-1.829826073719954,-6.000000715255737
1148,-11.845085755259007,0.0,-1.845085457235778,-10.000001192092896
1149,-1.6686078841124337,0.0,-1.668607884112434,0.0
1150,-7.831134536591648,0.0,-1.8311343577777128,-6.000000715255737
1151,-9.669543254602685,0.0,-1.6695430161841092,-8.000000953674316
1152,-2.377541081865361,0.0,-1.37754105206304,-1.0000001192092896
1153,-5.669349901917954,0.0,-1.669349782708665,-4.000000476837158
1154,-7.826472837210678,0.0,-1.8264726583967454,-6.000000715255737
1155,-2.3793672849969854,0.0,-1.3793672551946634,-1.0000001192092896
1156,-2.377391285591277,0.0,-1.3773912557889574,-1.0000001192092896
1157,-9.759968515824095,0.0,-1.7599682774055163,-8.000000953674316
1158,-9.833606239786272,0.0,-1.8336060013676947,-8.000000953674316
1159,-9.844022678365498,0.0,-1.8440224399469143,-8.000000953674316
1160,-4.824223965440829,0.0,-1.8242238760338636,-3.0000003576278687
1161,-7.878634349601009,0.0,-1.878634170787071,-6.000000715255737
1162,-1.6697228452678405,0.0,-1.6697228452678405,0.0
1163,-3.7865658338294232,0.0,-1.7865657742247762,-2.000000238418579
1164,-2.3772326966498314,0.0,-1.3772326668475077,-1.0000001192092896
1165,-5.740628839628576,0.0,-1.7406287204192874,-4.000000476837158
1166,-2.3783731549550344,0.0,-1.3783731251527138,-1.0000001192092896
1167,-8.812729771840202,0.0,-1.8127295632239357,-7.000000834465027
1168,-1.6795846393397575,0.0,-1.6795846393397582,0.0
1169,-2.3803285481378595,0.0,-1.380328518335537,-1.0000001192092896
1170,-1.378400156371587,0.0,-1.3784001563715889,0.0
1171,-4.669350053308368,0.0,-1.6693499639014007,-3.0000003576278687
1172,-3.701099567358598,0.0,-1.7010995077539535,-2.000000238418579
1173,-5.669893031752269,0.0,-1.6698929125429802,-4.000000476837158
1174,-8.784035033680087,0.0,-1.7840348250638307,-7.000000834465027
1175,-6.921814214961405,-1.0000001192092896,-1.9218140659497902,-4.000000476837158
1176,-4.669544274186536,0.0,-1.6695441847795691,-3.0000003576278687
1177,-2.380184223713597,0.0,-1.380184193911277,-1.0000001192092896
1178,-6.953100405322783,0.0,-1.9531002563111723,-5.000000596046448
1179,-0.37861034649799863,0.0,-1.3786103763003212,1.0000001192092896
1180,-7.669732397699698,0.0,-1.6697322188857664,-6.000000715255737
1181,-9.86522640360757,0.0,-1.8652261651889919,-8.000000953674316
1182,-5.669543159018147,0.0,-1.6695430398088587,-4.000000476837158
1183,-5.882123762550661,0.0,-1.8821236433413693,-4.000000476837158
1184,-10.760718355446823,0.0,-1.7607180872259223,-9.000001072883606
1185,-8.895058912130855,0.0,-1.895058703514598,-7.000000834465027
1186,-0.7958283333901368,0.0,-1.79582836319246,1.0000001192092896
1187,-0.37827319127837566,0.0,-1.3782732210806983,1.0000001192092896
1188,-0.378661515017199,0.0,-1.3786615448195214,1.0000001192092896
1189,-7.841238167379388,0.0,-1.8412379885654553,-6.000000715255737
1190,-3.669732269862724,0.0,-1.6697322102580803,-2.000000238418579
1191,-0.3784420884837518,0.0,-1.3784421182860742,1.0000001192092896
1192,-0.8366036006747319,0.0,-1.8366036304770528,1.0000001192092896
1193,1.6225522967305495,0.0,-1.3774477926764181,3.0000003576278687
1194,-7.814898830549145,0.0,-1.81489865173521,-6.000000715255737
1195,-0.37893619010287094,0.0,-1.3789362199051935,1.0000001192092896
1196,-5.48350595362429,0.0,-1.4835058344150003,-4.000000476837158
1197,-8.76889019501928,0.0,-1.7688899864030245,-7.000000834465027
1198,-4.7340854962082,0.0,-1.7340854068012335,-3.0000003576278687
1199,-2.3802601094155085,0.0,-1.380260079613183,-1.0000001192092896
1200,-4.921337839144446,-1.0000001192092896,-1.9213377497374777,-2.000000238418579
1201,-5.8297501914903895,0.0,-1.8297500722810989,-4.000000476837158
1202,-5.669350043944758,0.0,-1.6693499247354704,-4.000000476837158
1203,-6.669893071543483,0.0,-1.6698929225318688,-5.000000596046448
1204,-5.835123308242879,0.0,-1.8351231890335897,-4.000000476837158
1205,-5.747386742255312,0.0,-1.7473866230460278,-4.000000476837158
1206,-8.886561650893107,0.0,-1.886561442276852,-7.000000834465027
1207,-2.378451301124981,0.0,-1.3784512713226564,-1.0000001192092896
1208,-7.669544398764604,0.0,-1.6695442199506683,-6.000000715255737
1209,-3.669143085615642,0.0,-1.6691430260109985,-2.000000238418579
1210,-8.800513030460008,0.0,-1.800512821843751,-7.000000834465027
1211,-2.379692778519088,0.0,-1.3796927487167656,-1.0000001192092896
1212,-6.8696486830569015,0.0,-1.8696485340452895,-5.000000596046448
1213,-5.825901942947825,0.0,-1.8259018237385365,-4.000000476837158
1214,-2.380518993860232,0.0,-1.380518964057907,-1.0000001192092896
1215,-2.377948203074575,0.0,-1.3779481732722512,-1.0000001192092896
1216,-5.703513846148381,0.0,-1.7035137269390923,-4.000000476837158
1217,-5.836420597876399,0.0,-1.83642047866711,-4.000000476837158
1218,-2.378173315330894,0.0,-1.378173285528569,-1.0000001192092896
1219,-4.8582784277161615,0.0,-1.8582783383091948,-3.0000003576278687
1220,-5.6743615800759555,0.0,-1.6743614608666635,-4.000000476837158
1221,-3.669892979916756,0.0,-1.6698929203121113,-2.000000238418579
1222,-3.8750001122747353,0.0,-1.8750000526700912,-2.000000238418579
1223,-3.840557344195907,0.0,-1.8405572845912606,-2.000000238418579
1224,-0.3787249342717547,0.0,-1.3787249640740773,1.0000001192092896
1225,-4.380638326166991,0.0,-1.3806382367600232,-3.0000003576278687
1226,-2.3777955674097244,0.0,-1.3777955376074025,-1.0000001192092896
1227,-6.900266198908347,0.0,-1.9002660498967325,-5.000000596046448
1228,-0.3773672228944662,0.0,-1.3773672526967884,1.0000001192092896
1229,-4.546151598047477,0.0,-1.5461515086405084,-3.0000003576278687
1230,-9.836738800639724,0.0,-1.8367385622211458,-8.000000953674316
1231,-5.669722948868174,0.0,-1.6697228296588833,-4.000000476837158
1232,-3.667058318401374,0.0,-1.6670582587967282,-2.000000238418579
1233,-5.843000001227949,0.0,-1.842999882018657,-4.000000476837158
1234,-5.840097471492954,0.0,-1.8400973522836646,-4.000000476837158
1235,-5.6662880238267155,0.0,-1.6662879046174235,-4.000000476837158
1236,-2.3801625445589787,0.0,-1.3801625147566554,-1.0000001192092896
1237,-11.845022685331166,0.0,-1.8450223873079417,-10.000001192092896
1238,-11.667759751616487,0.0,-1.6677594535932678,-10.000001192092896
1239,-0.3789306537971999,0.0,-1.3789306835995223,1.0000001192092896
1240,-8.843134291903366,0.0,-1.8431340832871066,-7.000000834465027
1241,-4.82930230409646,0.0,-1.8293022146894926,-3.0000003576278687
1242,-0.3776945570933381,0.0,-1.3776945868956607,1.0000001192092896
1243,-4.784936356304668,0.0,-1.7849362668977005,-3.0000003576278687
1244,-5.670237728314361,0.0,-1.6702376091050715,-4.000000476837158
1245,-10.71412815382855,0.0,-1.714127885607648,-9.000001072883606
1246,-5.685935762094914,0.0,-1.685935642885625,-4.000000476837158
1247,-5.6693500892163025,0.0,-1.669349970007011,-4.000000476837158
1248,-2.794525933368676,0.0,-1.7945259035663532,-1.0000001192092896
1249,-5.748523911904694,0.0,-1.748523792695404,-4.000000476837158
1250,-5.66895689275777,0.0,-1.6689567735484783,-4.000000476837158
1251,-3.6697228951253353,0.0,-1.669722835520692,-2.000000238418579
1252,-0.4491072523850724,0.0,-1.4491072821873938,1.0000001192092896
1253,-6.790231479820816,0.0,-1.790231330809203,-5.000000596046448
1254,-7.8414649248111505,0.0,-1.8414647459972162,-6.000000715255737
1255,-7.84418936025704,0.0,-1.8441891814431028,-6.000000715255737
1256,-7.696982581148179,0.0,-1.6969824023342437,-6.000000715255737
1257,-6.379972226051747,0.0,-1.3799720770401362,-5.000000596046448
1258,-9.828527205685566,0.0,-1.8285269672669924,-8.000000953674316
1259,-8.815012234276082,0.0,-1.8150120256598272,-7.000000834465027
1260,-9.669544423198149,0.0,-1.6695441847795691,-8.000000953674316
1261,-7.862971479333927,0.0,-1.8629713005199924,-6.000000715255737
1262,-13.857611232514348,0.0,-1.8576108748864848,-12.000001430511475
1263,-7.810886002146488,0.0,-1.810885823332549,-6.000000715255737
1264,-2.3780462383553456,0.0,-1.3780462085530234,-1.0000001192092896
1265,-7.837342204595532,0.0,-1.8373420257815982,-6.000000715255737
1266,-3.9222974539023174,-1.0000001192092896,-1.922297394297671,-1.0000001192092896
1267,-4.669543117247261,0.0,-1.6695430278402947,-3.0000003576278687
1268,-5.377559905854178,0.0,-1.3775597866448872,-4.000000476837158
1269,-2.890527048558006,0.0,-1.8905270187556837,-1.0000001192092896
1270,-6.921467948950291,-1.0000001192092896,-1.9214677999386782,-4.000000476837158
1271,-5.669977083551666,0.0,-1.6699769643423774,-4.000000476837158
1272,-4.72206053113121,0.0,-1.7220604417242436,-3.0000003576278687
1273,-0.37873974474704064,0.0,-1.378739774549363,1.0000001192092896
1274,-4.820839134384324,0.0,-1.8208390449773544,-3.0000003576278687
1275,-8.92152793059969,-1.0000001192092896,-1.921527721983431,-6.000000715255737
1276,-2.377966977121505,0.0,-1.377966947319182,-1.0000001192092896
1277,-5.788134851510634,0.0,-1.7881347323013448,-4.000000476837158
1278,-2.6594895852155296,0.0,-1.6594895554132103,-1.0000001192092896
1279,-6.750113585861065,0.0,-1.7501134368494524,-5.000000596046448
1280,-5.8205472880009905,0.0,-1.820547168791699,-4.000000476837158
1281,-5.840117151842415,0.0,-1.8401170326331235,-4.000000476837158
1282,-7.848997628353021,0.0,-1.8489974495390848,-6.000000715255737
1283,-5.670220332367766,0.0,-1.670220213158478,-4.000000476837158
1284,-5.669732315289736,0.0,-1.6697321960804492,-4.000000476837158
1285,-5.8074038622736195,0.0,-1.8074037430643317,-4.000000476837158
1286,-6.786981165271236,0.0,-1.786981016259623,-5.000000596046448
1287,-3.6697322704177204,0.0,-1.6697322108130754,-2.000000238418579
1288,-2.378027178393811,0.0,-1.3780271485914901,-1.0000001192092896
1289,-6.842314291238065,0.0,-1.8423141422264548,-5.000000596046448
1290,-5.669906559702094,0.0,-1.669906440492807,-4.000000476837158
1291,-4.669543097611749,0.0,-1.6695430082047849,-3.0000003576278687
1292,-5.831734486581783,0.0,-1.8317343673724924,-4.000000476837158
1293,-5.669862814190053,0.0,-1.6698626949807645,-4.000000476837158
1294,-1.6673981847669455,0.0,-1.6673981847669455,0.0
1295,-3.669543097748329,0.0,-1.6695430381436889,-2.000000238418579
1296,-9.817103711866752,0.0,-1.8171034734481772,-8.000000953674316
1297,-7.81814376118073,0.0,-1.8181435823667922,-6.000000715255737
1298,-3.669350023506048,0.0,-1.6693499639014033,-2.000000238418579
1299,-5.838777165611123,0.0,-1.8387770464018318,-4.000000476837158
1300,-2.3776353295788857,0.0,-1.3776352997765628,-1.0000001192092896
1301,-5.669349904693238,0.0,-1.6693497854839474,-4.000000476837158
1302,-3.668966376466253,0.0,-1.668966316861607,-2.000000238418579
1303,-5.756883779332719,0.0,-1.7568836601234317,-4.000000476837158
1304,-9.798809971415546,0.0,-1.7988097329969692,-8.000000953674316
1305,-7.83612251415647,0.0,-1.8361223353425327,-6.000000715255737
1306,-7.814252610155932,0.0,-1.8142524313419983,-6.000000715255737
1307,-5.67022034295513,0.0,-1.6702202237458388,-4.000000476837158
1308,-0.3783823681220009,0.0,-1.3783823979243233,1.0000001192092896
1309,-5.669732331435146,0.0,-1.66973221222586,-4.000000476837158
1310,-5.669143145220288,0.0,-1.669143026010998,-4.000000476837158
1311,-0.37875422573060735,0.0,-1.3787542555329297,1.0000001192092896
1312,-0.3785707430332812,0.0,-1.3785707728356034,1.0000001192092896
1313,-7.809070148262745,0.0,-1.8090699694488102,-6.000000715255737
1314,-3.669543110827002,0.0,-1.669543051222355,-2.000000238418579
1315,-5.82948798701617,0.0,-1.829487867806879,-4.000000476837158
1316,-9.832836137118989,0.0,-1.832835898700409,-8.000000953674316
1317,-4.6699065257019665,0.0,-1.6699064362949936,-3.0000003576278687
1318,-6.842325538052013,0.0,-1.8423253890404012,-5.000000596046448
1319,-2.3779762241735334,0.0,-1.3779761943712097,-1.0000001192092896
1320,-0.37862621692005693,0.0,-1.3786262467223793,1.0000001192092896
1321,-0.3778407484069095,0.0,-1.377840778209232,1.0000001192092896
1322,-3.669976373930075,0.0,-1.669976314325432,-2.000000238418579
1323,-3.6697322601250493,0.0,-1.6697322005204027,-2.000000238418579
1324,-14.669977344564948,0.0,-1.6699769571347551,-13.000001549720764
1325,-5.836335901170918,0.0,-1.8363357819616217,-4.000000476837158
1326,-5.8035863046799285,0.0,-1.8035861854706365,-4.000000476837158
1327,-3.3772611555364,0.0,-1.3772610959317553,-2.000000238418579
1328,-0.3779603361879258,0.0,-1.377960365990248,1.0000001192092896
1329,-7.815281020688324,0.0,-1.815280841874388,-6.000000715255737
1330,-8.840603068962714,0.0,-1.840602860346459,-7.000000834465027
1331,-6.784959700633336,0.0,-1.7849595516217265,-5.000000596046448
1332,-7.798128258753952,0.0,-1.798128079940015,-6.000000715255737
1333,-6.812375572851218,0.0,-1.8123754238396081,-5.000000596046448
1334,-5.838968099348669,0.0,-1.8389679801393806,-4.000000476837158
1335,-7.6797802274084,0.0,-1.679780048594467,-6.000000715255737
1336,-4.834745692240801,0.0,-1.8347456028338367,-3.0000003576278687
1337,-3.8181468505949994,0.0,-1.818146790990353,-2.000000238418579
1338,-6.669977122996643,0.0,-1.669976973985029,-5.000000596046448
1339,-0.3783419104335701,0.0,-1.3783419402358925,1.0000001192092896
1340,-8.817958595667713,0.0,-1.81795838705146,-7.000000834465027
1341,-5.670220343508618,0.0,-1.6702202242993267,-4.000000476837158
1342,-5.66973233809506,0.0,-1.6697322188857655,-4.000000476837158
1343,-3.6699770228381534,0.0,-1.6699769632335109,-2.000000238418579
1344,-6.681147710756577,0.0,-1.6811475617449665,-5.000000596046448
1345,-5.755138027857333,0.0,-1.7551379086480412,-4.000000476837158
1346,-7.669544379446221,0.0,-1.6695442006322836,-6.000000715255737
1347,-3.3772059878860903,0.0,-1.3772059282814473,-2.000000238418579
1348,-7.832572059024356,0.0,-1.8325718802104212,-6.000000715255737
1349,-5.669986997368454,0.0,-1.669986878159167,-4.000000476837158
1350,-9.825832906042535,0.0,-1.8258326676239591,-8.000000953674316
1351,-8.669977691433388,0.0,-1.669977482817131,-7.000000834465027
1352,-4.773448693555231,0.0,-1.7734486041482636,-3.0000003576278687
1353,-5.919397874004898,0.0,-1.919397754795607,-4.000000476837158
1354,-9.831464402916666,0.0,-1.8314641644980847,-8.000000953674316
1355,-2.703055903448143,0.0,-1.7030558736458217,-1.0000001192092896
1356,-2.3777667962727778,0.0,-1.3777667664704523,-1.0000001192092896
1357,-5.786700932299283,0.0,-1.7867008130899966,-4.000000476837158
1358,-9.864931967775197,0.0,-1.864931729356626,-8.000000953674316
1359,-3.82252374953571,0.0,-1.8225236899310657,-2.000000238418579
1360,-2.38031906294289,0.0,-1.3803190331405677,-1.0000001192092896
1361,-5.800602269083392,0.0,-1.8006021498740987,-4.000000476837158
1362,-2.3793221071135786,0.0,-1.379322077311254,-1.0000001192092896
1363,-8.86936995068282,0.0,-1.869369742066566,-7.000000834465027
1364,-2.380249728617277,0.0,-1.380249698814953,-1.0000001192092896
1365,-9.720636993276253,0.0,-1.7206367548576784,-8.000000953674316
1366,-5.805960551842759,0.0,-1.805960432633472,-4.000000476837158
1367,-0.3782256639250645,0.0,-1.378225693727387,1.0000001192092896
1368,-9.66683821928195,0.0,-1.6668379808633687,-8.000000953674316
1369,-3.6693121527942045,0.0,-1.6693120931895598,-2.000000238418579
1370,-9.832273247048711,0.0,-1.8322730086301318,-8.000000953674316
1371,-4.74933357945711,0.0,-1.7493334900501385,-3.0000003576278687
1372,-7.669907836884179,0.0,-1.6699076580702408,-6.000000715255737
1373,-9.81960972599532,0.0,-1.8196094875767417,-8.000000953674316
1374,-0.3783045571801118,0.0,-1.3783045869824342,1.0000001192092896
1375,-5.669986993483508,0.0,-1.6699868742742165,-4.000000476837158
1376,-8.842510766355854,0.0,-1.8425105577395984,-7.000000834465027
1377,-3.669380487102658,0.0,-1.669380427498014,-2.000000238418579
1378,-4.913121011887862,0.0,-1.9131209224808927,-3.0000003576278687
1379,-7.7856522083990525,0.0,-1.7856520295851173,-6.000000715255737
1380,-2.3779876809489364,0.0,-1.3779876511466145,-1.0000001192092896
1381,-0.3793594926182343,0.0,-1.3793595224205566,1.0000001192092896
1382,-4.7579921053729555,0.0,-1.7579920159659894,-3.0000003576278687
1383,-0.37720887678602,0.0,-1.3772089065883426,1.0000001192092896
1384,-3.6673439639876473,0.0,-1.6673439043830052,-2.000000238418579
1385,-0.3785827850832235,0.0,-1.3785828148855461,1.0000001192092896
1386,0.6227954566092806,0.0,-1.377204602995364,2.000000238418579
1387,-5.669349879889234,0.0,-1.6693497606799432,-4.000000476837158
1388,-7.849617037842568,0.0,-1.849616859028631,-6.000000715255737
1389,-0.38040968361263006,0.0,-1.3804097134149524,1.0000001192092896
1390,-9.864420255512668,0.0,-1.864420017094089,-8.000000953674316
1391,-4.880066495207631,0.0,-1.8800664058006653,-3.0000003576278687
1392,-5.794481587575344,0.0,-1.7944814683660564,-4.000000476837158
1393,-9.669143264429575,0.0,-1.669143026010999,-8.000000953674316
1394,1.6227862484392694,0.0,-1.377213840967698,3.0000003576278687
1395,-0.3783445274054458,0.0,-1.3783445572077682,1.0000001192092896
1396,-5.855537231785991,0.0,-1.8555371125767028,-4.000000476837158
1397,-6.8350996565945845,0.0,-1.8350995075829677,-5.000000596046448
1398,-0.3781168031617832,0.0,-1.3781168329641056,1.0000001192092896
1399,-5.818286964622047,0.0,-1.8182868454127588,-4.000000476837158
1400,-4.829302865848304,0.0,-1.8293027764413354,-3.0000003576278687
1401,-5.669349894147178,0.0,-1.6693497749378898,-4.000000476837158
1402,-4.807970386429466,0.0,-1.8079702970224982,-3.0000003576278687
1403,-0.37844941074283156,0.0,-1.378449440545154,1.0000001192092896
1404,-5.668624040751314,0.0,-1.6686239215420215,-4.000000476837158
1405,-5.805463129363688,0.0,-1.8054630101543987,-4.000000476837158
1406,-8.81339570005237,0.0,-1.8133954914361086,-7.000000834465027
1407,-0.3787005157219221,0.0,-1.3787005455242447,1.0000001192092896
1408,-4.833219446059146,0.0,-1.8332193566521764,-3.0000003576278687
1409,-2.378359611652689,0.0,-1.3783595818503647,-1.0000001192092896
1410,-5.832733642611063,0.0,-1.8327335234017743,-4.000000476837158
1411,-9.667054874961075,0.0,-1.6670546365424959,-8.000000953674316
1412,-5.743199700691085,0.0,-1.743199581481798,-4.000000476837158
1413,-9.856006685397354,0.0,-1.856006446978775,-8.000000953674316
1414,-0.6591643954888232,0.0,-1.6591644252911455,1.0000001192092896
1415,-0.3786829606779838,0.0,-1.3786829904803062,1.0000001192092896
1416,-8.669977168523173,0.0,-1.6699769599069136,-7.000000834465027
1417,-5.669961640956218,0.0,-1.6699615217469304,-4.000000476837158
1418,-3.6693500438002817,0.0,-1.6693499841956383,-2.000000238418579
1419,-7.794363286364893,0.0,-1.7943631075509558,-6.000000715255737
1420,-3.3775096810355425,0.0,-1.3775096214308973,-2.000000238418579
1421,-6.817519525209409,0.0,-1.817519376197798,-5.000000596046448
1422,-5.669349900807841,0.0,-1.669349781598551,-4.000000476837158
1423,-5.85344407524169,0.0,-1.8534439560324028,-4.000000476837158
1424,-2.8214176150710544,0.0,-1.8214175852687324,-1.0000001192092896
1425,-5.825407342907807,0.0,-1.825407223698518,-4.000000476837158
1426,-9.761995370150762,0.0,-1.7619951317321842,-8.000000953674316
1427,-2.378020036669035,0.0,-1.3780200068667119,-1.0000001192092896
1428,-8.669732418874338,0.0,-1.6697322102580816,-7.000000834465027
1429,-3.670220272763124,0.0,-1.6702202131584796,-2.000000238418579
1430,-9.8331178489411,0.0,-1.83311761052252,-8.000000953674316
1431,-5.839023278850057,0.0,-1.8390231596407696,-4.000000476837158
1432,-6.832712252510182,0.0,-1.8327121034985707,-5.000000596046448
1433,-9.669723083686414,0.0,-1.6697228452678385,-8.000000953674316
1434,-5.827036631582544,0.0,-1.8270365123732537,-4.000000476837158
1435,-7.222448284690269,0.0,-1.2224481058763346,-6.000000715255737
1436,-2.3774492257383555,0.0,-1.377449195936031,-1.0000001192092896
1437,-4.669349876001024,0.0,-1.6693497865940614,-3.0000003576278687
1438,-0.37912721192086707,0.0,-1.37912724172319,1.0000001192092896
1439,-0.10504579496899076,0.0,-1.1050458247713122,1.0000001192092896
1440,-4.378775474584611,0.0,-1.3787753851776428,-3.0000003576278687
1441,-9.719627306831184,0.0,-1.7196270684126034,-8.000000953674316
1442,-2.8364633052929284,0.0,-1.8364632754906054,-1.0000001192092896
1443,-6.6707820555770905,-1.0000001192092896,-1.6707819065654788,-4.000000476837158
1444,-2.380155407369381,0.0,-1.3801553775670599,-1.0000001192092896
1445,-3.378433106908196,0.0,-1.3784330473035502,-2.000000238418579
1446,-8.838888779136788,0.0,-1.8388885705205311,-7.000000834465027
1447,-4.377169113663649,0.0,-1.377169024256679,-3.0000003576278687
1448,-5.6691870226288925,0.0,-1.6691869034196063,-4.000000476837158
1449,-5.669349901362899,0.0,-1.6693497821536067,-4.000000476837158
1450,-5.798464763007337,0.0,-1.7984646437980512,-4.000000476837158
1451,-5.779344630153679,0.0,-1.7793445109443868,-4.000000476837158
1452,-2.7240496906647267,0.0,-1.7240496608624056,-1.0000001192092896
1453,-5.834278174529533,0.0,-1.8342780553202431,-4.000000476837158
1454,0.6426243995169296,0.0,-1.3573756600877163,2.000000238418579
1455,-9.878937163211377,0.0,-1.8789369247928078,-8.000000953674316
1456,-9.772366594883563,0.0,-1.7723663564649903,-8.000000953674316
1457,-7.679358221091522,0.0,-1.6793580422775864,-6.000000715255737
1458,-2.7568968889569283,0.0,-1.7568968591546072,-1.0000001192092896
1459,-1.379948008497924,0.0,-1.3799480084979234,0.0
1460,-5.847693195602589,0.0,-1.8476930763932984,-4.000000476837158
1461,-6.8902589261491345,0.0,-1.8902587771375254,-5.000000596046448
1462,-3.6699770104233234,0.0,-1.669976950818681,-2.000000238418579
1463,-4.864449064706204,0.0,-1.8644489752992357,-3.0000003576278687
1464,-5.615230356700161,0.0,-1.6152302374908745,-4.000000476837158
1465,-6.848703569101706,0.0,-1.8487034200900894,-5.000000596046448
1466,-0.37895314725258156,0.0,-1.3789531770549037,1.0000001192092896
1467,-6.816787654929216,0.0,-1.8167875059176017,-5.000000596046448
1468,-5.670220318459477,0.0,-1.6702201992501893,-4.000000476837158
1469,-0.37855410942323053,0.0,-1.378554139225553,1.0000001192092896
1470,-5.815565506975335,0.0,-1.8155653877660458,-4.000000476837158
1471,-2.8377479093484035,0.0,-1.8377478795460807,-1.0000001192092896
1472,-3.305111158138235,0.0,-1.3051110985335868,-2.000000238418579
1473,-5.664248152130693,0.0,-1.6642480329214027,-4.000000476837158
1474,-2.379523280178508,0.0,-1.3795232503761845,-1.0000001192092896
1475,-10.80304820709105,0.0,-1.8030479388701501,-9.000001072883606
1476,-9.797551995501287,0.0,-1.7975517570827064,-8.000000953674316
1477,-7.6695443558228265,0.0,-1.6695441770088908,-6.000000715255737
1478,-7.661567465403864,0.0,-1.6615672865899311,-6.000000715255737
1479,-6.823493888687926,0.0,-1.8234937396763102,-5.000000596046448
1480,-9.852556908383525,0.0,-1.852556669964946,-8.000000953674316
1481,-7.807253730172825,0.0,-1.807253551358883,-6.000000715255737
1482,-0.7158487259288331,0.0,-1.7158487557311557,1.0000001192092896
1483,-5.836717101072347,0.0,-1.8367169818630575,-4.000000476837158
1484,-5.801789365015716,0.0,-1.8017892458064286,-4.000000476837158
1485,-5.834255766320641,0.0,-1.8342556471113527,-4.000000476837158
1486,-11.507709110487516,0.0,-1.5077088124642875,-10.000001192092896
1487,-2.3779259813630054,0.0,-1.3779259515606825,-1.0000001192092896
1488,-0.37822332759763366,0.0,-1.3782233573999565,1.0000001192092896
1489,-5.808656559803298,0.0,-1.808656440594007,-4.000000476837158
1490,-5.669143145220288,0.0,-1.669143026010998,-4.000000476837158
1491,-7.8931301215298255,0.0,-1.89312994271589,-6.000000715255737
1492,-7.669143205379988,0.0,-1.669143026566053,-6.000000715255737
1493,-0.3785956067617495,0.0,-1.378595636564072,1.0000001192092896
1494,-5.669976587598986,0.0,-1.6699764683896943,-4.000000476837158
1495,-5.669976579828219,0.0,-1.6699764606189298,-4.000000476837158
1496,-5.830562214354453,0.0,-1.8305620951451669,-4.000000476837158
1497,0.6213897391041349,0.0,-1.3786103205005105,2.000000238418579
1498,-5.6693499534697365,0.0,-1.6693498342604471,-4.000000476837158
1499,-3.780711018457482,0.0,-1.7807109588528365,-2.000000238418579
1500,-12.86796029156811,0.0,-1.8679599637425606,-11.000001311302185
1501,-6.669350078048558,0.0,-1.6693499290369438,-5.000000596046448
1502,-1.669845430808646,0.0,-1.6698454308086463,0.0
1503,-7.669977140384144,0.0,-1.6699769615702118,-6.000000715255737
1504,-7.668966324961952,0.0,-1.6689661461480234,-6.000000715255737
1505,-7.849670925115518,0.0,-1.849670746301588,-6.000000715255737
1506,-9.424237012085536,0.0,-1.4242367736669537,-8.000000953674316
1507,-6.806861448958372,0.0,-1.8068612999467586,-5.000000596046448
1508,-10.786712454437534,0.0,-1.7867121862166302,-9.000001072883606
1509,-7.669888676785646,0.0,-1.6698884979717152,-6.000000715255737
1510,-7.843371937564616,0.0,-1.8433717587506817,-6.000000715255737
1511,-4.832661087379992,0.0,-1.832660997973027,-3.0000003576278687
1512,-3.514861629114343,0.0,-1.5148615695096999,-2.000000238418579
1513,-2.669544220998769,0.0,-1.669544191196448,-1.0000001192092896
1514,-5.667313101666981,0.0,-1.6673129824576953,-4.000000476837158
1515,-7.822861357942528,0.0,-1.8228611791285931,-6.000000715255737
1516,-5.8437798423179,0.0,-1.8437797231086137,-4.000000476837158
1517,-5.681216314607569,0.0,-1.6812161953982794,-4.000000476837158
1518,-7.8455346857091595,0.0,-1.8455345068952305,-6.000000715255737
1519,-8.670220432915588,0.0,-1.6702202242993245,-7.000000834465027
1520,-5.669722711563315,0.0,-1.6697225923540222,-4.000000476837158
1521,-9.821996079754928,0.0,-1.8219958413363515,-8.000000953674316
1522,-0.37845995047772707,0.0,-1.3784599802800497,1.0000001192092896
1523,-7.669350126861546,0.0,-1.6693499480476048,-6.000000715255737
1524,-5.845775290323887,0.0,-1.845775171114598,-4.000000476837158
1525,-2.3781376339298355,0.0,-1.3781376041275122,-1.0000001192092896
1526,-4.808485902490157,0.0,-1.8084858130831871,-3.0000003576278687
1527,-9.83605596041392,0.0,-1.8360557219953413,-8.000000953674316
1528,-2.8584058479922763,0.0,-1.858405818189954,-1.0000001192092896
1529,-2.3801596579152915,0.0,-1.3801596281129684,-1.0000001192092896
1530,-7.756615311022954,0.0,-1.7566151322090227,-6.000000715255737
1531,-1.8223281963241467,0.0,-0.822328166521826,-1.0000001192092896
1532,-7.831675320203068,0.0,-1.8316751413891335,-6.000000715255737
1533,-5.667910958462457,0.0,-1.6679108392531679,-4.000000476837158
1534,-2.377969919396895,0.0,-1.3779698895945711,-1.0000001192092896
1535,-5.6693498943206935,0.0,-1.669349775111408,-4.000000476837158
1536,-6.8279124808308795,0.0,-1.8279123318192665,-5.000000596046448
1537,-7.6695432072092835,0.0,-1.6695430283953518,-6.000000715255737
1538,-1.3774929139971686,0.0,-1.3774929139971688,0.0
1539,-7.824297651290779,0.0,-1.824297472476844,-6.000000715255737
1540,-10.860703818261848,0.0,-1.860703550040946,-9.000001072883606
1541,-3.711391773197039,0.0,-1.7113917135923937,-2.000000238418579
1542,-4.921424493628916,-1.0000001192092896,-1.9214244042219484,-2.000000238418579
1543,-3.8634102156749215,0.0,-1.863410156070279,-2.000000238418579
1544,-6.758005742265268,0.0,-1.7580055932536565,-5.000000596046448
1545,-9.84459111951636,0.0,-1.844590881097778,-8.000000953674316
1546,-10.800303786971321,0.0,-1.8003035187504244,-9.000001072883606
1547,-3.66954427109418,0.0,-1.6695442114895345,-2.000000238418579
1548,-0.3771135464719644,0.0,-1.3771135762742868,1.0000001192092896
1549,-6.820283787490425,0.0,-1.8202836384788117,-5.000000596046448
1550,-7.861257713708857,0.0,-1.8612575348949223,-6.000000715255737
1551,0.621958236095098,0.0,-1.3780418235095457,2.000000238418579
1552,-7.8406237630280815,0.0,-1.8406235842141514,-6.000000715255737
1553,-6.9214247131448605,-1.0000001192092896,-1.9214245641332506,-4.000000476837158
1554,-8.660943413390047,-1.0000001192092896,-1.6609432047737855,-6.000000715255737
1555,-0.3796132888898711,0.0,-1.3796133186921935,1.0000001192092896
1556,-2.757526301629851,0.0,-1.7575262718275282,-1.0000001192092896
1557,-8.822357951681207,0.0,-1.8223577430649516,-7.000000834465027
1558,-6.805524583724393,0.0,-1.8055244347127837,-5.000000596046448
1559,-5.81970210177699,0.0,-1.8197019825676992,-4.000000476837158
1560,-5.669349971058089,0.0,-1.6693498518488006,-4.000000476837158
1561,-7.669969846446826,0.0,-1.6699696676328892,-6.000000715255737
1562,-6.7517011301456,0.0,-1.7517009811339892,-5.000000596046448
1563,-3.8157544348507213,0.0,-1.8157543752460747,-2.000000238418579
1564,-0.3782667082118971,0.0,-1.37826673801422,1.0000001192092896
1565,-7.842388314709028,0.0,-1.842388135895096,-6.000000715255737
1566,-3.6693498171968724,0.0,-1.6693497575922285,-2.000000238418579
1567,-5.818281897763167,0.0,-1.8182817785538772,-4.000000476837158
1568,-7.855652724657605,0.0,-1.8556525458436712,-6.000000715255737
1569,-14.876966192257006,0.0,-1.876965804826809,-13.000001549720764
1570,-7.66997647131864,0.0,-1.6699762925047046,-6.000000715255737
1571,0.6207269310809864,0.0,-1.3792731285236584,2.000000238418579
1572,-4.794611920930167,0.0,-1.7946118315232018,-3.0000003576278687
1573,-7.669906640468636,0.0,-1.669906461654706,-6.000000715255737
1574,-4.819452595038727,0.0,-1.8194525056317599,-3.0000003576278687
1575,-7.669906641578753,0.0,-1.6699064627648164,-6.000000715255737
1576,-5.807032172069117,0.0,-1.807032052859826,-4.000000476837158
1577,-4.684152518819812,0.0,-1.6841524294128458,-3.0000003576278687
1578,-5.766473151688163,0.0,-1.766473032478874,-4.000000476837158
1579,-5.790392020135861,0.0,-1.7903919009265716,-4.000000476837158
1580,-8.704972699267016,0.0,-1.7049724906507637,-7.000000834465027
1581,-11.85042344709733,0.0,-1.8504231490741025,-10.000001192092896
1582,-1.8735020176334543,0.0,-1.8735020176334558,0.0
1583,-8.780924437080543,0.0,-1.7809242284642874,-7.000000834465027
1584,-2.8128321560353813,0.0,-1.8128321262330584,-1.0000001192092896
1585,-5.669977096520917,0.0,-1.6699769773116286,-4.000000476837158
1586,-6.835741407425148,0.0,-1.8357412584135373,-5.000000596046448
1587,-7.787567144280766,0.0,-1.7875669654668278,-6.000000715255737
1588,-9.850731849671845,0.0,-1.850731611253266,-8.000000953674316
1589,-5.669732344754983,0.0,-1.6697322255456917,-4.000000476837158
1590,-2.3801834461247644,0.0,-1.38018341632244,-1.0000001192092896
1591,-2.6695430771392794,0.0,-1.6695430473369572,-1.0000001192092896
1592,-3.835485988220238,0.0,-1.8354859286155916,-2.000000238418579
1593,-0.37837753157221665,0.0,-1.3783775613745393,1.0000001192092896
1594,-2.291776278644421,0.0,-1.2917762488420983,-1.0000001192092896
1595,-6.796894535875578,0.0,-1.7968943868639653,-5.000000596046448
1596,-5.833218213370758,0.0,-1.833218094161468,-4.000000476837158
1597,-3.6702202822435104,0.0,-1.6702202226388676,-2.000000238418579
1598,-7.875031140990438,0.0,-1.8750309621765033,-6.000000715255737
1599,-0.378327672236237,0.0,-1.3783277020385598,1.0000001192092896
1600,-8.773996556787207,0.0,-1.7739963481709489,-7.000000834465027
1601,-7.821038690667318,0.0,-1.8210385118533814,-6.000000715255737
1602,-0.7979470871637268,0.0,-1.7979471169660504,1.0000001192092896
1603,-9.816918491858775,0.0,-1.8169182534402002,-8.000000953674316
1604,-5.79362646957798,0.0,-1.7936263503686918,-4.000000476837158
1605,-3.6697228995657314,0.0,-1.6697228399610873,-2.000000238418579
1606,-8.845037311446557,0.0,-1.8450371028303014,-7.000000834465027
1607,-6.784412720179982,0.0,-1.784412571168372,-5.000000596046448
1608,-3.840705165242852,0.0,-1.8407051056382084,-2.000000238418579
1609,-7.669732397144705,0.0,-1.669732218330773,-6.000000715255737
1610,-7.669893081073806,0.0,-1.669892902259868,-6.000000715255737
1611,-5.840059532939834,0.0,-1.8400594137305446,-4.000000476837158
1612,-7.670220403113266,0.0,-1.6702202242993254,-6.000000715255737
1613,-11.668192176287052,0.0,-1.668191878263823,-10.000001192092896
1614,-4.905718278778104,0.0,-1.9057181893711372,-3.0000003576278687
1615,-7.782185641132943,0.0,-1.7821854623190105,-6.000000715255737
1616,-2.3796301695732156,0.0,-1.3796301397708932,-1.0000001192092896
1617,-3.6699765416279218,0.0,-1.6699764820232768,-2.000000238418579
1618,-0.37832982677477434,0.0,-1.3783298565770967,1.0000001192092896
1619,-5.669543147049582,0.0,-1.6695430278402954,-4.000000476837158
1620,-3.0628565731706145,0.0,-1.0628565135659687,-2.000000238418579
1621,-5.8126258666654484,0.0,-1.8126257474561553,-4.000000476837158
1622,-9.8750478153922,0.0,-1.8750475769736188,-8.000000953674316
1623,0.6220823178340698,0.0,-1.3779177417705752,2.000000238418579
1624,-5.670237713852599,0.0,-1.6702375946433081,-4.000000476837158
1625,-5.66891486279361,0.0,-1.66891474358432,-4.000000476837158
1626,-5.824747317518951,0.0,-1.82474719830966,-4.000000476837158
1627,-5.769548457781815,0.0,-1.7695483385725261,-4.000000476837158
1628,-3.8310476769028208,0.0,-1.8310476172981751,-2.000000238418579
1629,-6.479522489064621,0.0,-1.4795223400530069,-5.000000596046448
1630,-10.878913101724816,0.0,-1.878912833503916,-9.000001072883606
1631,-5.669977096520915,0.0,-1.6699769773116298,-4.000000476837158
1632,-3.6699770245014554,0.0,-1.6699769648968124,-2.000000238418579
1633,-2.3802117380861896,0.0,-1.3802117082838676,-1.0000001192092896
1634,-2.3792106898792262,0.0,-1.3792106600769038,-1.0000001192092896
1635,-0.378402253398862,0.0,-1.3784022832011846,1.0000001192092896
1636,-1.8651826915378171,0.0,-1.8651826915378162,0.0
1637,-4.763570810793809,0.0,-1.76357072138684,-3.0000003576278687
1638,-2.855879076023218,0.0,-1.8558790462208954,-1.0000001192092896
1639,-5.8126260680148505,0.0,-1.8126259488055565,-4.000000476837158
1640,-7.802902557346634,0.0,-1.8029023785326983,-6.000000715255737
1641,-8.779402978253746,0.0,-1.7794027696374857,-7.000000834465027
1642,-5.377669557943998,0.0,-1.3776694387347077,-4.000000476837158
1643,-2.3793558813626614,0.0,-1.3793558515603395,-1.0000001192092896
1644,-3.559436509001191,0.0,-1.5594364493965471,-2.000000238418579
1645,-6.796176588183298,0.0,-1.7961764391716861,-5.000000596046448
1646,-3.6637381162879596,0.0,-1.6637380566833149,-2.000000238418579
1647,-3.6698929826914553,0.0,-1.6698929230868094,-2.000000238418579
1648,-3.7806774508190215,0.0,-1.7806773912143756,-2.000000238418579
1649,-9.693055325257506,0.0,-1.6930550868389351,-8.000000953674316
1650,-5.669977071691272,0.0,-1.6699769524819825,-4.000000476837158
1651,-3.6699770109777585,0.0,-1.6699769513731135,-2.000000238418579
1652,-0.379413137296182,0.0,-1.3794131670985046,1.0000001192092896
1653,-7.670220391972411,0.0,-1.670220213158478,-6.000000715255737
1654,-2.8048422052641966,0.0,-1.8048421754618749,-1.0000001192092896
1655,-5.837570057884206,0.0,-1.8375699386749185,-4.000000476837158
1656,-5.669722576628083,0.0,-1.669722457418795,-4.000000476837158
1657,-2.3777048036592223,0.0,-1.3777047738568995,-1.0000001192092896
1658,-0.3786673965754783,0.0,-1.3786674263778007,1.0000001192092896
1659,-5.885174302295325,0.0,-1.8851741830860362,-4.000000476837158
1660,-5.765702258092254,0.0,-1.765702138882965,-4.000000476837158
1661,-5.699395174401482,0.0,-1.6993950551921926,-4.000000476837158
1662,-5.669350066701845,0.0,-1.6693499474925515,-4.000000476837158
1663,-9.713959367076125,0.0,-1.7139591286575506,-8.000000953674316
1664,-4.690412298662788,0.0,-1.690412209255818,-3.0000003576278687
1665,-4.669732325245307,0.0,-1.6697322358383395,-3.0000003576278687
1666,-5.8285107365413555,0.0,-1.8285106173320629,-4.000000476837158
1667,-3.669722902340982,0.0,-1.6697228427363373,-2.000000238418579
1668,-9.81851623855669,0.0,-1.8185160001381164,-8.000000953674316
1669,-2.3797903444588684,0.0,-1.3797903146565442,-1.0000001192092896
1670,-10.656495932268491,0.0,-1.6564956640475865,-9.000001072883606
1671,-2.3795285817702654,0.0,-1.3795285519679419,-1.0000001192092896
1672,-7.865951689112728,0.0,-1.865951510298794,-6.000000715255737
1673,-7.765481490720075,0.0,-1.7654813119061397,-6.000000715255737
1674,-0.3782817437234407,0.0,-1.3782817735257633,1.0000001192092896
1675,-7.8392170323468555,0.0,-1.8392168535329239,-6.000000715255737
1676,-5.7669649704576,0.0,-1.7669648512483123,-4.000000476837158
1677,-2.380714475196804,0.0,-1.3807144453944793,-1.0000001192092896
1678,-5.669380499815957,0.0,-1.6693803806066665,-4.000000476837158
1679,-5.670080442870581,0.0,-1.6700803236612933,-4.000000476837158
1680,-8.825920967290084,0.0,-1.8259207586738275,-7.000000834465027
1681,-6.82676595142013,0.0,-1.8267658024085212,-5.000000596046448
1682,-3.670220270549181,0.0,-1.6702202109445345,-2.000000238418579
1683,-7.669143209265389,0.0,-1.6691430304514587,-6.000000715255737
1684,-5.833906906254195,0.0,-1.833906787044909,-4.000000476837158
1685,-2.3785303207067714,0.0,-1.378530290904449,-1.0000001192092896
1686,-4.752284855307725,0.0,-1.7522847659007565,-3.0000003576278687
1687,-6.852837679061903,0.0,-1.8528375300502893,-5.000000596046448
1688,-2.4814146478721466,0.0,-1.481414618069824,-1.0000001192092896
1689,-7.845291764858569,0.0,-1.845291586044634,-6.000000715255737
1690,-5.832381021236966,0.0,-1.8323809020276796,-4.000000476837158
1691,-5.796607528984331,0.0,-1.7966074097750384,-4.000000476837158
1692,-0.3783803916364772,0.0,-1.3783804214387996,1.0000001192092896
1693,-5.819688949432155,0.0,-1.819688830222861,-4.000000476837158
1694,-13.826866739811036,0.0,-1.8268663821831632,-12.000001430511475
1695,-5.669907762536933,0.0,-1.6699076433276403,-4.000000476837158
1696,-3.6699775696867905,0.0,-1.6699775100821455,-2.000000238418579
1697,-5.66934989914267,0.0,-1.6693497799333825,-4.000000476837158
1698,-7.921615075208289,-1.0000001192092896,-1.9216148963943542,-5.000000596046448
1699,-2.7251788355122226,0.0,-1.7251788057098998,-1.0000001192092896
1700,-8.802090857424355,0.0,-1.8020906488080999,-7.000000834465027
1701,-9.835548359527548,0.0,-1.8355481211089733,-8.000000953674316
1702,-0.37852602483136977,0.0,-1.3785260546336917,1.0000001192092896
1703,-5.67022033292125,0.0,-1.6702202137119637,-4.000000476837158
1704,-3.6691430856156435,0.0,-1.6691430260109987,-2.000000238418579
1705,-6.842388608679467,0.0,-1.8423884596678586,-5.000000596046448
1706,-2.380032770646788,0.0,-1.3800327408444661,-1.0000001192092896
1707,-9.858132324679099,0.0,-1.8581320862605133,-8.000000953674316
1708,-9.846813130210512,0.0,-1.846812891791934,-8.000000953674316
1709,-8.789267685273453,0.0,-1.7892674766571925,-7.000000834465027
1710,-7.707937997436046,0.0,-1.70793781862211,-6.000000715255737
1711,-4.6647249299640805,0.0,-1.6647248405571147,-3.0000003576278687
1712,-11.845900329260374,0.0,-1.845900031237151,-10.000001192092896
1713,-7.825155121989275,0.0,-1.8251549431753393,-6.000000715255737
1714,-5.669976599012342,0.0,-1.6699764798030545,-4.000000476837158
1715,-5.69171428426649,0.0,-1.6917141650572014,-4.000000476837158
1716,-6.821550354498954,0.0,-1.8215502054873398,-5.000000596046448
1717,-7.8173534394104385,0.0,-1.8173532605964982,-6.000000715255737
1718,-6.840281182174519,0.0,-1.840281033162909,-5.000000596046448
1719,-6.611668476454321,0.0,-1.6116683274427077,-5.000000596046448
1720,-5.830012188593583,0.0,-1.8300120693842963,-4.000000476837158
1721,-7.670220402559772,0.0,-1.6702202237458388,-6.000000715255737
1722,-3.7735120552122563,0.0,-1.773511995607612,-2.000000238418579
1723,-6.730327974500905,0.0,-1.7303278254892924,-5.000000596046448
1724,-9.770004289864183,0.0,-1.7700040514455968,-8.000000953674316
1725,-5.669893031752269,0.0,-1.6698929125429787,-4.000000476837158
1726,-5.162987888273813,0.0,-2.162987798866843,-3.0000003576278687
1727,-2.6086628369896903,0.0,-1.6086628071873683,-1.0000001192092896
1728,-5.830761957543484,0.0,-1.8307618383341935,-4.000000476837158
1729,-0.3781674732461193,0.0,-1.378167503048442,1.0000001192092896
1730,-2.6542621480110307,0.0,-1.654262118208705,-1.0000001192092896
1731,-7.809430637941944,0.0,-1.8094304591280101,-6.000000715255737
1732,-6.755372460312664,0.0,-1.755372311301051,-5.000000596046448
1733,-5.835411060225377,0.0,-1.8354109410160886,-4.000000476837158
1734,-2.3779183371702497,0.0,-1.377918307367929,-1.0000001192092896
1735,-3.6695044793350386,0.0,-1.6695044197303932,-2.000000238418579
1736,-5.6699770920854515,0.0,-1.6699769728761644,-4.000000476837158
1737,-10.831761186897204,0.0,-1.8317609186763044,-9.000001072883606
1738,-0.37830746742050847,0.0,-1.3783074972228309,1.0000001192092896
1739,-6.669976477977118,0.0,-1.6699763289655045,-5.000000596046448
1740,-9.66935002390253,0.0,-1.6693497854839474,-8.000000953674316
1741,-9.819533923551129,0.0,-1.8195336851325452,-8.000000953674316
1742,-7.764315251560688,0.0,-1.7643150727467534,-6.000000715255737
1743,-5.669543162660854,0.0,-1.6695430434515661,-4.000000476837158
1744,-0.37830178744264775,0.0,-1.3783018172449701,1.0000001192092896
1745,-9.845900547202511,0.0,-1.845900308783928,-8.000000953674316
1746,-7.66914319594404,0.0,-1.6691430171301063,-6.000000715255737
1747,-7.6649965986416495,0.0,-1.6649964198277147,-6.000000715255737
1748,-2.669976976739974,0.0,-1.6699769469376522,-1.0000001192092896
1749,-4.697176600662073,-1.0000001192092896,-1.697176511255104,-2.000000238418579
1750,-5.6699776479193815,0.0,-1.6699775287100918,-4.000000476837158
1751,-4.669976422812918,0.0,-1.6699763334059505,-3.0000003576278687
1752,-2.8855736210906366,0.0,-1.8855735912883145,-1.0000001192092896
1753,-7.669349965407995,0.0,-1.669349786594063,-6.000000715255737
1754,-7.791847849342062,0.0,-1.79184767052813,-6.000000715255737
1755,-2.380204606845136,0.0,-1.3802045770428126,-1.0000001192092896
1756,-3.272505524702497,0.0,-1.2725054650978502,-2.000000238418579
1757,-7.84142150248329,0.0,-1.841421323669357,-6.000000715255737
1758,-2.3771119328736225,0.0,-1.3771119030713013,-1.0000001192092896
1759,-5.669561233003686,0.0,-1.669561113794398,-4.000000476837158
1760,-4.669560908776881,0.0,-1.6695608193699132,-3.0000003576278687
1761,-2.623965983519141,0.0,-1.6239659537168196,-1.0000001192092896
1762,-3.6699763882577754,0.0,-1.6699763286531297,-2.000000238418579
1763,-0.3784310221249536,0.0,-1.3784310519272758,1.0000001192092896
1764,-6.753774812333086,0.0,-1.7537746633214744,-5.000000596046448
1765,-5.669733078187333,0.0,-1.6697329589780483,-4.000000476837158
1766,-5.669544325703383,0.0,-1.6695442064940902,-4.000000476837158
1767,-11.845450743820214,0.0,-1.8454504457970007,-10.000001192092896
1768,-5.669187287511676,0.0,-1.6691871683023878,-4.000000476837158
1769,-0.37875010750130267,0.0,-1.378750137303625,1.0000001192092896
1770,-5.844297771493304,0.0,-1.8442976522840158,-4.000000476837158
1771,-5.843492150742596,0.0,-1.8434920315333094,-4.000000476837158
1772,-11.66997725793013,0.0,-1.6699769599069136,-10.000001192092896
1773,-2.3798005476573296,0.0,-1.3798005178550061,-1.0000001192092896
1774,-7.669187021524659,0.0,-1.6691868427107237,-6.000000715255737
1775,-2.3797569203964035,0.0,-1.3797568905940831,-1.0000001192092896
1776,-6.887810872626321,0.0,-1.887810723614709,-5.000000596046448
1777,-12.852316932816041,0.0,-1.8523166049904942,-11.000001311302185
1778,-5.666287986935252,0.0,-1.6662878677259616,-4.000000476837158
1779,-8.708058625944997,0.0,-1.708058417328743,-7.000000834465027
1780,-5.799362455367876,0.0,-1.799362336158588,-4.000000476837158
1781,-5.865967588581193,0.0,-1.8659674693719044,-4.000000476837158
1782,-9.716958964299891,0.0,-1.7169587258813064,-8.000000953674316
1783,-5.837289461207279,0.0,-1.8372893419979897,-4.000000476837158
1784,-2.377959611401735,0.0,-1.3779595815994141,-1.0000001192092896
1785,-0.3784699033773422,0.0,-1.3784699331796646,1.0000001192092896
1786,-0.6188717458925173,0.0,-1.6188717756948394,1.0000001192092896
1787,-2.3774329023352276,0.0,-1.3774328725329048,-1.0000001192092896
1788,-4.844986077459957,0.0,-1.8449859880529902,-3.0000003576278687
1789,-3.848809442960691,0.0,-1.8488093833560462,-2.000000238418579
1790,-4.855600030552361,0.0,-1.8555999411453934,-3.0000003576278687
1791,-6.757703400959675,0.0,-1.7577032519480642,-5.000000596046448
1792,-5.668092445447435,0.0,-1.6680923262381433,-4.000000476837158
1793,-0.28591087871932613,0.0,-1.2859109085216487,1.0000001192092896
1794,-5.6699919814898205,0.0,-1.6699918622805272,-4.000000476837158
1795,-7.669926967808918,0.0,-1.6699267889949836,-6.000000715255737
1796,-2.6010003466909413,0.0,-1.6010003168886167,-1.0000001192092896
1797,-8.78625361174046,0.0,-1.7862534031242,-7.000000834465027
1798,-11.825496059819125,0.0,-1.8254957617959011,-10.000001192092896
1799,-5.824590729458543,0.0,-1.8245906102492542,-4.000000476837158
1800,-7.826324644453609,0.0,-1.8263244656396744,-6.000000715255737
1801,-0.3781845085888744,0.0,-1.3781845383911966,1.0000001192092896
1802,-11.696305699978991,0.0,-1.6963054019557668,-10.000001192092896
1803,-4.38042002563993,0.0,-1.3804199362329652,-3.0000003576278687
1804,-7.668191414256445,0.0,-1.668191235442516,-6.000000715255737
1805,-3.6669167358016748,0.0,-1.666916676197029,-2.000000238418579
1806,-5.7902655773347265,0.0,-1.7902654581254334,-4.000000476837158
1807,-0.7516299436007945,0.0,-1.7516299734031164,1.0000001192092896
1808,-2.379962837529277,0.0,-1.3799628077269523,-1.0000001192092896
1809,-2.380050772474773,0.0,-1.3800507426724522,-1.0000001192092896
1810,-0.37837093982691083,0.0,-1.3783709696292337,1.0000001192092896
1811,-7.669732389072017,0.0,-1.669732210258081,-6.000000715255737
1812,-15.785048293701582,0.0,-1.7850478764690745,-14.000001668930054
1813,-2.3779889418046745,0.0,-1.3779889120023516,-1.0000001192092896
1814,-4.742598459351703,0.0,-1.7425983699447372,-3.0000003576278687
1815,-7.824080395043694,0.0,-1.8240802162297618,-6.000000715255737
1816,-5.670393018316267,0.0,-1.6703928991069805,-4.000000476837158
1817,-7.668738545589833,0.0,-1.6687383667758975,-6.000000715255737
1818,-6.830429638824513,0.0,-1.8304294898129037,-5.000000596046448
1819,1.5347484235877995,0.0,-1.4652516658191688,3.0000003576278687
1820,-5.3775324554145705,0.0,-1.3775323362052792,-4.000000476837158
1821,-9.828205825684542,0.0,-1.8282055872659628,-8.000000953674316
1822,-9.80664844107848,0.0,-1.806648202659906,-8.000000953674316
1823,-5.719149217427059,0.0,-1.7191490982177702,-4.000000476837158
1824,-4.6747985271571535,0.0,-1.6747984377501886,-3.0000003576278687
1825,-5.669543166546251,0.0,-1.669543047336956,-4.000000476837158
1826,-5.822498769071408,0.0,-1.8224986498621143,-4.000000476837158
1827,-3.8003840095084964,0.0,-1.8003839499038523,-2.000000238418579
1828,-4.377470304756829,0.0,-1.3774702153498601,-3.0000003576278687
1829,-3.8172697891091087,0.0,-1.8172697295044637,-2.000000238418579
1830,-4.806944284026338,0.0,-1.8069441946193705,-3.0000003576278687
1831,-5.669893058128584,0.0,-1.6698929389192982,-4.000000476837158
1832,-7.66732182400379,0.0,-1.6673216451898598,-6.000000715255737
1833,-8.85886620657811,0.0,-1.85886599796185,-7.000000834465027
1834,-6.843147917990851,0.0,-1.8431477689792388,-5.000000596046448
1835,-11.811956815190761,0.0,-1.811956517167538,-10.000001192092896
1836,-0.3792175629880723,0.0,-1.3792175927903947,1.0000001192092896
1837,-5.876177994044474,0.0,-1.8761778748351838,-4.000000476837158
1838,-5.669977065592512,0.0,-1.6699769463832197,-4.000000476837158
1839,-5.833917960552314,0.0,-1.8339178413430228,-4.000000476837158
1840,-5.820133261794553,0.0,-1.8201331425852625,-4.000000476837158
1841,-2.3800860330274416,0.0,-1.3800860032251179,-1.0000001192092896
1842,-8.850803183742556,0.0,-1.8508029751262924,-7.000000834465027
1843,-3.6501402519159143,0.0,-1.650140192311271,-2.000000238418579
1844,-3.6702202738700946,0.0,-1.6702202142654519,-2.000000238418579
1845,-3.6695430344024524,0.0,-1.6695429747978077,-2.000000238418579
1846,-6.669350112357963,0.0,-1.6693499633463487,-5.000000596046448
1847,-0.3782964222962757,0.0,-1.378296452098598,1.0000001192092896
1848,-5.82623496629636,0.0,-1.826234847087067,-4.000000476837158
1849,-9.88047466139061,0.0,-1.8804744229720254,-8.000000953674316
1850,-2.378149853357017,0.0,-1.3781498235546918,-1.0000001192092896
1851,-5.828110116042269,0.0,-1.8281099968329835,-4.000000476837158
1852,-3.66997755494419,0.0,-1.6699774953395456,-2.000000238418579
1853,-7.669991935166181,0.0,-1.6699917563522462,-6.000000715255737
1854,-9.831955578041182,0.0,-1.831955339622607,-8.000000953674316
1855,-7.8097027427152,0.0,-1.8097025639012672,-6.000000715255737
1856,-11.689315712662337,0.0,-1.6893154146391154,-10.000001192092896
1857,-15.792153633442881,0.0,-1.7921532162103684,-14.000001668930054
1858,-6.871031716122754,0.0,-1.8710315671111433,-5.000000596046448
1859,-2.3778932638373163,0.0,-1.3778932340349943,-1.0000001192092896
1860,-2.6697322306255264,0.0,-1.6697322008232047,-1.0000001192092896
1861,-2.378040424655784,0.0,-1.3780403948534625,-1.0000001192092896
1862,-2.794988447474258,0.0,-1.7949884176719348,-1.0000001192092896
1863,-3.862999723112307,0.0,-1.8629996635076624,-2.000000238418579
1864,-5.769144088127991,0.0,-1.7691439689186992,-4.000000476837158
1865,-5.479428824553376,0.0,-1.4794287053440862,-4.000000476837158
1866,-5.816672508173417,0.0,-1.8166723889641279,-4.000000476837158
1867,-2.757411494739471,0.0,-1.7574114649371495,-1.0000001192092896
1868,-7.80936151555343,0.0,-1.8093613367394978,-6.000000715255737
1869,-1.377946769735483,0.0,-1.3779467697354835,0.0
1870,-7.73704602231695,0.0,-1.7370458435030214,-6.000000715255737
1871,-7.860550122437006,0.0,-1.8605499436230692,-6.000000715255737
1872,-2.3799312927292067,0.0,-1.379931262926884,-1.0000001192092896
1873,-3.823463259726512,0.0,-1.8234632001218674,-2.000000238418579
1874,-3.527522759153231,0.0,-1.5275226995485844,-2.000000238418579
1875,-2.377958018134025,0.0,-1.3779579883317032,-1.0000001192092896
1876,-5.818753707230667,0.0,-1.8187535880213797,-4.000000476837158
1877,-9.864231055249872,0.0,-1.8642308168312878,-8.000000953674316
1878,-0.38070700879907693,0.0,-1.3807070386013993,1.0000001192092896
1879,-0.3785563423593412,0.0,-1.3785563721616638,1.0000001192092896
1880,-3.3771902487034153,0.0,-1.377190189098771,-2.000000238418579
1881,0.6227887592865606,0.0,-1.3772113003180826,2.000000238418579
1882,-5.669893035636829,0.0,-1.6698929164275407,-4.000000476837158
1883,-2.827179497342626,0.0,-1.8271794675403057,-1.0000001192092896
1884,-7.841040781799337,0.0,-1.8410406029854023,-6.000000715255737
1885,-10.688334389747823,0.0,-1.6883341215269172,-9.000001072883606
1886,-7.669544375005819,0.0,-1.6695441961918844,-6.000000715255737
1887,-5.6698135467807145,0.0,-1.6698134275714245,-4.000000476837158
1888,-5.816999428505593,0.0,-1.8169993092963026,-4.000000476837158
1889,-5.669544310405738,0.0,-1.669544191196448,-4.000000476837158
1890,-4.840164434725297,0.0,-1.8401643453183298,-3.0000003576278687
1891,-7.669544371675531,0.0,-1.669544192861591,-6.000000715255737
1892,-0.37846848686117496,0.0,-1.3784685166634976,1.0000001192092896
1893,-6.667312287048036,0.0,-1.6673121380364215,-5.000000596046448
1894,-5.834508556479604,0.0,-1.8345084372703162,-4.000000476837158
1895,-1.3777719960243664,0.0,-1.3777719960243666,0.0
1896,-11.852712381718748,0.0,-1.852712083695529,-10.000001192092896
1897,-5.731735311348675,0.0,-1.7317351921393862,-4.000000476837158
1898,-7.821895464253227,0.0,-1.8218952854392922,-6.000000715255737
1899,-1.8207191124880382,0.0,-1.820719112488038,0.0
1900,-7.843727289803058,0.0,-1.8437271109891225,-6.000000715255737
1901,-7.669349947333766,0.0,-1.6693497685198346,-6.000000715255737
1902,-5.833867451723328,0.0,-1.833867332514035,-4.000000476837158
1903,-4.670220313706292,0.0,-1.6702202242993271,-3.0000003576278687
1904,0.626698151270392,0.0,-1.373301908334253,2.000000238418579
1905,-5.668698614632377,0.0,-1.668698495423093,-4.000000476837158
1906,-9.73167865308774,0.0,-1.7316784146691617,-8.000000953674316
1907,-8.827570391850125,0.0,-1.827570183233866,-7.000000834465027
1908,-5.674632264389614,0.0,-1.6746321451803223,-4.000000476837158
1909,-0.37840723106503926,0.0,-1.3784072608673617,1.0000001192092896
1910,-2.378244111583543,0.0,-1.3782440817812223,-1.0000001192092896
1911,-2.6698929495594954,0.0,-1.6698929197571724,-1.0000001192092896
1912,-3.6695430933078796,0.0,-1.6695430337032326,-2.000000238418579
1913,-7.847786721071781,0.0,-1.8477865422578468,-6.000000715255737
1914,-0.37813613155577297,0.0,-1.3781361613580954,1.0000001192092896
1915,-4.9021002139645695,0.0,-1.9021001245576024,-3.0000003576278687
1916,-5.831391227715051,0.0,-1.8313911085057595,-4.000000476837158
1917,-9.710859120843446,0.0,-1.7108588824248647,-8.000000953674316
1918,-5.843964054274481,0.0,-1.8439639350651904,-4.000000476837158
1919,-8.818618302411013,0.0,-1.8186180937947525,-7.000000834465027
1920,-6.921792244562081,-1.0000001192092896,-1.9217920955504662,-4.000000476837158
1921,-3.3775836563434436,0.0,-1.3775835967387988,-2.000000238418579
1922,-4.921457737671018,-1.0000001192092896,-1.9214576482640515,-2.000000238418579
1923,-8.83531458896466,0.0,-1.8353143803484089,-7.000000834465027
1924,-4.85397254835926,0.0,-1.8539724589522946,-3.0000003576278687
1925,-5.669966231183578,0.0,-1.66996611197429,-4.000000476837158
1926,-9.845286284560466,0.0,-1.8452860461418936,-8.000000953674316
1927,-2.3785963274444573,0.0,-1.378596297642133,-1.0000001192092896
1928,-5.6695443154011755,0.0,-1.669544196191885,-4.000000476837158
1929,-8.799391817493843,0.0,-1.7993916088775872,-7.000000834465027
1930,-6.736797348649088,0.0,-1.736797199637477,-5.000000596046448
1931,-5.835389558222263,0.0,-1.8353894390129704,-4.000000476837158
1932,-8.827228548115954,0.0,-1.8272283394996962,-7.000000834465027
1933,-5.801146790062938,0.0,-1.8011466708536488,-4.000000476837158
1934,-5.669350086996074,0.0,-1.6693499677867867,-4.000000476837158
1935,-9.849682211749833,0.0,-1.84968197333125,-8.000000953674316
1936,-5.670080451741516,0.0,-1.6700803325322282,-4.000000476837158
1937,-1.3771577332622127,0.0,-1.3771577332622136,0.0
1938,-0.378251570370878,0.0,-1.3782516001732001,1.0000001192092896
1939,-6.82646071893547,0.0,-1.8264605699238583,-5.000000596046448
1940,-7.669888736004799,0.0,-1.669888557190865,-6.000000715255737
1941,-5.669960096972139,0.0,-1.6699599777628498,-4.000000476837158
1942,-7.797189877824584,0.0,-1.7971896990106506,-6.000000715255737
1943,-4.673073843808151,0.0,-1.673073754401185,-3.0000003576278687
1944,-4.377646699554317,0.0,-1.377646610147355,-3.0000003576278687
1945,-5.827988409215247,0.0,-1.8279882900059576,-4.000000476837158
1946,-5.669256859735391,0.0,-1.6692567405261078,-4.000000476837158
1947,-4.669349878776318,0.0,-1.6693497893693494,-3.0000003576278687
1948,-7.667053737402794,0.0,-1.6670535585888575,-6.000000715255737
1949,0.6219555081690253,0.0,-1.3780445514356203,2.000000238418579
1950,-0.37731703328507216,0.0,-1.3773170630873943,1.0000001192092896
1951,-9.830549020884028,0.0,-1.8305487824654474,-8.000000953674316
1952,-5.794731814948435,0.0,-1.7947316957391426,-4.000000476837158
1953,-0.3783894283428071,0.0,-1.3783894581451293,1.0000001192092896
1954,-2.377456329227191,0.0,-1.377456299424868,-1.0000001192092896
1955,-5.764655096573359,0.0,-1.7646549773640658,-4.000000476837158
1956,-4.835132211215998,0.0,-1.835132121809032,-3.0000003576278687
1957,-3.6691430911662195,0.0,-1.6691430315615752,-2.000000238418579
1958,-4.754093957047989,0.0,-1.7540938676410212,-3.0000003576278687
1959,-4.377760142465274,0.0,-1.3777600530583058,-3.0000003576278687
1960,-11.705712303244479,0.0,-1.7057120052212542,-10.000001192092896
1961,-2.6693497835091566,0.0,-1.669349753706831,-1.0000001192092896
1962,-2.3782194575647404,0.0,-1.3782194277624193,-1.0000001192092896
1963,-2.646603412747369,0.0,-1.6466033829450466,-1.0000001192092896
1964,-2.3781085440436227,0.0,-1.3781085142413017,-1.0000001192092896
1965,-4.821331939662075,0.0,-1.821331850255104,-3.0000003576278687
1966,0.621963054588593,0.0,-1.3780370050160522,2.000000238418579
1967,-5.669143152748409,0.0,-1.6691430335391166,-4.000000476837158
1968,-0.7988668295281365,0.0,-1.7988668593304584,1.0000001192092896
1969,-5.843115510855771,0.0,-1.8431153916464802,-4.000000476837158
1970,-10.195401244580523,0.0,-1.195400976359614,-9.000001072883606
1971,-6.87175451683888,0.0,-1.8717543678272694,-5.000000596046448
1972,-5.854681910873562,0.0,-1.8546817916642713,-4.000000476837158
1973,-11.92539035797981,0.0,-1.9253900599565827,-10.000001192092896
1974,-1.3782312020329885,0.0,-1.3782312020329863,0.0
1975,-5.827368299955178,0.0,-1.8273681807458906,-4.000000476837158
1976,-3.600452976700841,0.0,-0.6004528872938724,-3.0000003576278687
1977,-3.6699770206204247,0.0,-1.6699769610157797,-2.000000238418579
1978,-4.88348068356264,0.0,-1.8834805941556731,-3.0000003576278687
1979,-3.6691431483379837,0.0,-1.6691430887333383,-2.000000238418579
1980,-13.848164933368102,0.0,-1.848164575740234,-12.000001430511475
1981,-6.669722991747954,0.0,-1.6697228427363375,-5.000000596046448
1982,-5.855642216943258,0.0,-1.8556420977339672,-4.000000476837158
1983,-5.826408595515097,0.0,-1.8264084763058115,-4.000000476837158
1984,-8.859874006669878,0.0,-1.8598737980536226,-7.000000834465027
1985,0.6203903250811642,0.0,-1.3796097345234801,2.000000238418579
1986,-5.829992582214802,0.0,-1.8299924630055153,-4.000000476837158
1987,-9.854768380302959,0.0,-1.8547681418843887,-8.000000953674316
1988,-3.66997638104203,0.0,-1.6699763214373837,-2.000000238418579
1989,-5.876396770842716,0.0,-1.8763966516334232,-4.000000476837158
1990,-4.779615353692178,0.0,-1.7796152642852117,-3.0000003576278687
1991,-1.669977514833852,0.0,-1.6699775148338518,0.0
1992,-7.851333397202664,0.0,-1.851333218388724,-6.000000715255737
1993,-5.670220355202936,0.0,-1.6702202359936473,-4.000000476837158
1994,-6.858269554331098,0.0,-1.8582694053194881,-5.000000596046448
1995,-9.754590663107843,0.0,-1.7545904246892625,-8.000000953674316
1996,-7.818998428632434,0.0,-1.8189982498184993,-6.000000715255737
1997,-2.3802042788331343,0.0,-1.3802042490308142,-1.0000001192092896
1998,-9.826681553165336,0.0,-1.8266813147467535,-8.000000953674316
1999,-0.3783241023182984,0.0,-1.378324132120621,1.0000001192092896
2000,-9.670080576157986,0.0,-1.670080337739409,-8.000000953674316
2001,-5.669350090326415,0.0,-1.669349971117124,-4.000000476837158
2002,-6.795846191234909,0.0,-1.7958460422233014,-5.000000596046448
2003,-3.6695442672088348,0.0,-1.6695442076041893,-2.000000238418579
2004,-3.669996355618537,0.0,-1.669996296013893,-2.000000238418579
2005,-7.6691432026047055,0.0,-1.6691430237907712,-6.000000715255737
2006,-5.66467294697507,0.0,-1.6646728277657787,-4.000000476837158
2007,-7.8326486364088215,0.0,-1.8326484575948883,-6.000000715255737
2008,-6.696701644165244,0.0,-1.6967014951536319,-5.000000596046448
2009,-3.66954309972588,0.0,-1.669543040121236,-2.000000238418579
2010,-5.854926447369186,0.0,-1.8549263281598958,-4.000000476837158
2011,-9.669350023902531,0.0,-1.6693497854839476,-8.000000953674316
2012,-7.838618695803628,0.0,-1.8386185169896958,-6.000000715255737
2013,-6.806190651660884,0.0,-1.8061905026492742,-5.000000596046448
2014,-4.669977050422748,0.0,-1.6699769610157795,-3.0000003576278687
2015,-9.655247376403738,0.0,-1.655247137985158,-8.000000953674316
2016,-0.3776998230876185,0.0,-1.3776998528899407,1.0000001192092896
2017,-9.843144513731504,0.0,-1.843144275312921,-8.000000953674316
2018,-9.82619429282729,0.0,-1.8261940544087167,-8.000000953674316
2019,-6.767677788902715,0.0,-1.7676776398911056,-5.000000596046448
2020,-9.669350022237357,0.0,-1.6693497838187754,-8.000000953674316
2021,-9.881723310050756,0.0,-1.8817230716321773,-8.000000953674316
2022,-7.669813654952194,0.0,-1.6698134761382561,-6.000000715255737
2023,-2.7468664047200426,0.0,-1.746866374917723,-1.0000001192092896
2024,-4.801840383735176,0.0,-1.80184029432821,-3.0000003576278687
2025,-7.795408131240774,0.0,-1.7954079524268425,-6.000000715255737
2026,-5.707040695567174,0.0,-1.707040576357885,-4.000000476837158
2027,-2.6263181028217364,0.0,-1.626318073019415,-1.0000001192092896
2028,-1.7473631074192653,0.0,-1.747363107419265,0.0
2029,-7.668603613660822,0.0,-1.6686034348468854,-6.000000715255737
2030,-5.875074721035623,0.0,-1.8750746018263351,-4.000000476837158
2031,-8.859660492103481,0.0,-1.8596602834872238,-7.000000834465027
2032,-7.856605331947358,0.0,-1.856605153133419,-6.000000715255737
2033,-3.6699588587136587,0.0,-1.6699587991090155,-2.000000238418579
2034,-3.6698929760321874,0.0,-1.6698929164275422,-2.000000238418579
2035,-5.67800967873882,0.0,-1.6780095595295306,-4.000000476837158
2036,0.36351480448639795,0.0,-1.6364852551182465,2.000000238418579
2037,-2.5760188795158103,0.0,-1.5760188497134906,-1.0000001192092896
2038,-7.85335083337807,0.0,-1.8533506545641307,-6.000000715255737
2039,-5.780396271999961,0.0,-1.7803961527906675,-4.000000476837158
2040,-7.670080508573994,0.0,-1.6700803297600566,-6.000000715255737
2041,-4.6699764036286275,0.0,-1.6699763142216595,-3.0000003576278687
2042,-2.8299782295772746,0.0,-1.8299781997749536,-1.0000001192092896
2043,-5.669977058721997,0.0,-1.6699769395127038,-4.000000476837158
2044,-6.854764972779298,0.0,-1.8547648237676844,-5.000000596046448
2045,-10.844782965792856,0.0,-1.8447826975719643,-9.000001072883606
2046,-3.656522461487654,0.0,-1.6565224018830096,-2.000000238418579
2047,-2.378291480344547,0.0,-1.3782914505422237,-1.0000001192092896
2048,-6.813097302301176,0.0,-1.8130971532895677,-5.000000596046448
2049,-6.806632602655765,0.0,-1.8066324536441514,-5.000000596046448
2050,-8.791821876282716,0.0,-1.7918216676664591,-7.000000834465027
2051,-0.3784773656942957,0.0,-1.3784773954966179,1.0000001192092896
2052,-1.8575800605026713,0.0,-1.8575800605026722,0.0
2053,-3.6697229028960314,0.0,-1.6697228432913873,-2.000000238418579
2054,-8.749660745097168,0.0,-1.7496605364809101,-7.000000834465027
2055,-3.6675881827614805,0.0,-1.6675881231568341,-2.000000238418579
2056,-3.9517066147192037,0.0,-1.9517065551145596,-2.000000238418579
2057,-4.377829603533687,0.0,-1.3778295141267214,-3.0000003576278687
2058,-3.669350029056601,0.0,-1.6693499694519554,-2.000000238418579
2059,-14.808523758575403,0.0,-1.808523371145211,-13.000001549720764
2060,-0.37826240916515763,0.0,-1.37826243896748,1.0000001192092896
2061,-10.795064048118554,0.0,-1.795063779897653,-9.000001072883606
2062,-2.3773961850853467,0.0,-1.3773961552830232,-1.0000001192092896
2063,-6.8064364315211225,0.0,-1.8064362825095135,-5.000000596046448
2064,-4.895050154721901,0.0,-1.8950500653149323,-3.0000003576278687
2065,-4.252407508558123,0.0,-1.2524074191511618,-3.0000003576278687
2066,-3.6699763754914687,0.0,-1.6699763158868246,-2.000000238418579
2067,-5.6699770700279695,0.0,-1.6699769508186797,-4.000000476837158
2068,-4.84856339315387,0.0,-1.8485633037469025,-3.0000003576278687
2069,-7.669723000702129,0.0,-1.6697228218881923,-6.000000715255737
2070,-5.7093376750293565,0.0,-1.7093375558200694,-4.000000476837158
2071,-0.3780316242444366,0.0,-1.3780316540467588,1.0000001192092896
2072,-7.816439438736677,0.0,-1.8164392599227421,-6.000000715255737
2073,-6.742905652293033,0.0,-1.742905503281426,-5.000000596046448
2074,-2.5772808158889675,0.0,-1.5772807860866476,-1.0000001192092896
2075,-5.829252431632845,0.0,-1.8292523124235571,-4.000000476837158
2076,-0.37850890032554285,0.0,-1.3785089301278655,1.0000001192092896
2077,-7.669544353047585,0.0,-1.6695441742336536,-6.000000715255737
2078,-7.737156820574117,0.0,-1.7371566417601825,-6.000000715255737
2079,-7.821657708534062,0.0,-1.8216575297201276,-6.000000715255737
2080,-5.827926498102157,0.0,-1.827926378892869,-4.000000476837158
2081,-5.666288058887502,0.0,-1.6662879396782122,-4.000000476837158
2082,-5.802587037110202,0.0,-1.8025869179009053,-4.000000476837158
2083,-5.823113037158319,0.0,-1.8231129179490304,-4.000000476837158
2084,-5.669893024243849,0.0,-1.6698929050345594,-4.000000476837158
2085,-0.37848499183217155,0.0,-1.3784850216344937,1.0000001192092896
2086,-9.827138913082935,0.0,-1.8271386746643603,-8.000000953674316
2087,-5.834738915048218,0.0,-1.8347387958389316,-4.000000476837158
2088,-2.761833940197876,0.0,-1.7618339103955505,-1.0000001192092896
2089,-5.810583917727904,0.0,-1.8105837985186168,-4.000000476837158
2090,-5.669722720755665,0.0,-1.669722601546379,-4.000000476837158
2091,-2.739820108413946,0.0,-0.7398200488093039,-2.000000238418579
2092,-12.857126412493237,0.0,-1.8571260846676918,-11.000001311302185
2093,-0.37838586510516836,0.0,-1.3783858949074905,1.0000001192092896
2094,-7.806127005503793,0.0,-1.8061268266898538,-6.000000715255737
2095,-9.849560890522236,0.0,-1.8495606521036578,-8.000000953674316
2096,-5.843461335990363,0.0,-1.8434612167810778,-4.000000476837158
2097,-9.969852850999414,0.0,-1.9698526125808344,-8.000000953674316
2098,-7.855407944132265,0.0,-1.8554077653183305,-6.000000715255737
2099,-5.669350091991579,0.0,-1.6693499727822956,-4.000000476837158
2100,-7.816897008135082,0.0,-1.816896829321148,-6.000000715255737
2101,-5.830149976372177,0.0,-1.830149857162886,-4.000000476837158
2102,-5.816959974166063,0.0,-1.8169598549567705,-4.000000476837158
2103,-5.668957073785641,0.0,-1.668956954576355,-4.000000476837158
2104,-2.5400685697492187,0.0,-1.540068539946897,-1.0000001192092896
2105,-4.784419435881158,0.0,-1.7844193464741889,-3.0000003576278687
2106,-7.669976665832721,0.0,-1.6699764870187856,-6.000000715255737
2107,-3.6703756097890365,0.0,-1.670375550184391,-2.000000238418579
2108,-10.937716637674022,0.0,-1.937716369453121,-9.000001072883606
2109,-6.771196913876858,0.0,-1.7711967648652442,-5.000000596046448
2110,-0.3782297626755595,0.0,-1.378229792477882,1.0000001192092896
2111,-2.5658797313234825,0.0,-1.5658797015211599,-1.0000001192092896
2112,-1.7645046384500074,0.0,-1.7645046384500103,0.0
2113,-5.686486647254272,0.0,-1.6864865280449841,-4.000000476837158
2114,-6.811110773941238,0.0,-1.8111106249296236,-5.000000596046448
2115,-4.378095028608702,0.0,-1.3780949392017359,-3.0000003576278687
2116,-5.839129356878638,0.0,-1.8391292376693464,-4.000000476837158
2117,-3.8100247327273125,0.0,-1.8100246731226657,-2.000000238418579
2118,-2.829927210458215,0.0,-1.829927180655895,-1.0000001192092896
2119,-4.547119379252219,0.0,-1.5471192898452488,-3.0000003576278687
2120,-2.623010209151243,0.0,-1.6230101793489211,-1.0000001192092896
2121,-0.37806181401007644,0.0,-1.378061843812399,1.0000001192092896
2122,-5.730539406581228,0.0,-1.7305392873719359,-4.000000476837158
2123,-2.380052522211935,0.0,-1.3800524924096105,-1.0000001192092896
2124,-4.669732317475407,0.0,-1.6697322280684361,-3.0000003576278687
2125,-7.669959131293118,0.0,-1.6699589524791794,-6.000000715255737
2126,-7.669723019330067,0.0,-1.6697228405161357,-6.000000715255737
2127,-5.66989300841135,0.0,-1.6698928892020592,-4.000000476837158
2128,-4.3800782434536245,0.0,-1.3800781540466576,-3.0000003576278687
2129,-6.789076346404642,0.0,-1.7890761973930245,-5.000000596046448
2130,-1.378089872732348,0.0,-1.3780898727323463,0.0
2131,-7.737329511106058,0.0,-1.7373293322921204,-6.000000715255737
2132,-6.817884037449638,0.0,-1.8178838884380295,-5.000000596046448
2133,-5.839668638614391,0.0,-1.8396685194051001,-4.000000476837158
2134,-5.776601067444788,0.0,-1.7766009482354965,-4.000000476837158
2135,-8.922126430206552,-1.0000001192092896,-1.9221262215902915,-6.000000715255737
2136,-0.378069752017798,0.0,-1.3780697818201206,1.0000001192092896
2137,-3.685966700813866,0.0,-1.6859666412092218,-2.000000238418579
2138,-7.805163928778971,0.0,-1.8051637499650433,-6.000000715255737
2139,-9.875370269496774,0.0,-1.8753700310781969,-8.000000953674316
2140,-5.826981293483574,0.0,-1.8269811742742843,-4.000000476837158
2141,-3.8447482133718616,0.0,-1.8447481537672177,-2.000000238418579
2142,-9.669723078934721,0.0,-1.6697228405161366,-8.000000953674316
2143,-2.609232500887839,0.0,-1.6092324710855137,-1.0000001192092896
2144,-10.864271333396402,0.0,-1.8642710651755068,-9.000001072883606
2145,-0.3786444870792032,0.0,-1.3786445168815253,1.0000001192092896
2146,-4.819891007271395,0.0,-1.8198909178644291,-3.0000003576278687
2147,-8.821185338149817,0.0,-1.8211851295335633,-7.000000834465027
2148,-3.8378876171974103,0.0,-1.8378875575927658,-2.000000238418579
2149,-2.3784067245215237,0.0,-1.3784066947192006,-1.0000001192092896
2150,-3.3787610942213844,0.0,-1.3787610346167405,-2.000000238418579
2151,-0.37904102353520974,0.0,-1.3790410533375326,1.0000001192092896
2152,-2.6699775376642716,0.0,-1.669977507861947,-1.0000001192092896
2153,-3.6699763919004846,0.0,-1.6699763322958379,-2.000000238418579
2154,-8.802350584903872,0.0,-1.8023503762876179,-7.000000834465027
2155,-3.669892989644911,0.0,-1.669892930040266,-2.000000238418579
2156,-7.7659042232682785,0.0,-1.76590404445434,-6.000000715255737
2157,-7.851993915140991,0.0,-1.8519937363270558,-6.000000715255737
2158,-5.917667257826121,0.0,-1.9176671386168327,-4.000000476837158
2159,-9.852423439020406,0.0,-1.8524232006018262,-8.000000953674316
2160,-8.696399233116198,0.0,-1.6963990244999427,-7.000000834465027
2161,-9.892066123797925,0.0,-1.8920658853793488,-8.000000953674316
2162,-5.669976435096116,0.0,-1.669976315886825,-4.000000476837158
2163,-5.714515980018792,0.0,-1.7145158608095052,-4.000000476837158
2164,-7.669976657194653,0.0,-1.6699764783807187,-6.000000715255737
2165,-2.3780816787060277,0.0,-1.3780816489037035,-1.0000001192092896
2166,-3.669350043800284,0.0,-1.6693499841956394,-2.000000238418579
2167,-0.3790230535638124,0.0,-1.3790230833661348,1.0000001192092896
2168,-7.6697226459802454,0.0,-1.6697224671663087,-6.000000715255737
2169,-5.669544312625927,0.0,-1.6695441934166415,-4.000000476837158
2170,-5.669893034232764,0.0,-1.6698929150234754,-4.000000476837158
2171,-4.667055542399753,0.0,-1.6670554529927843,-3.0000003576278687
2172,-5.7162088202817944,0.0,-1.716208701072505,-4.000000476837158
2173,-6.38068458618792,0.0,-1.3806844371763045,-5.000000596046448
2174,-6.733281665991191,0.0,-1.7332815169795766,-5.000000596046448
2175,-9.80131566291954,0.0,-1.8013154245009582,-8.000000953674316
2176,-9.850305982725096,0.0,-1.8503057443065112,-8.000000953674316
2177,-6.697938399500741,0.0,-1.697938250489129,-5.000000596046448
2178,-1.3128826158221645,0.0,-1.312882615822166,0.0
2179,-5.480143371765431,0.0,-1.4801432525561409,-4.000000476837158
2180,-9.849520668232142,0.0,-1.8495204298135652,-8.000000953674316
2181,-5.830003996501754,0.0,-1.8300038772924665,-4.000000476837158
2182,-5.668603509149285,0.0,-1.6686033899399946,-4.000000476837158
2183,-7.775856491202035,0.0,-1.7758563123881,-6.000000715255737
2184,-6.8577522191748574,0.0,-1.8577520701632466,-5.000000596046448
2185,-4.843678984363296,0.0,-1.843678894956328,-3.0000003576278687
2186,-5.668191724897686,0.0,-1.668191605688395,-4.000000476837158
2187,-5.669350082555638,0.0,-1.6693499633463469,-4.000000476837158
2188,-2.3703405307473764,0.0,-1.370340500945057,-1.0000001192092896
2189,-0.4122673296460247,0.0,-1.412267359448347,1.0000001192092896
2190,-5.82927887425037,0.0,-1.8292787550410805,-4.000000476837158
2191,-5.669875735868268,0.0,-1.6698756166589763,-4.000000476837158
2192,-11.892400694624467,0.0,-1.8924003966012402,-10.000001192092896
2193,-7.8706969748344395,0.0,-1.8706967960205023,-6.000000715255737
2194,-11.815623142231988,0.0,-1.8156228442087652,-10.000001192092896
2195,-5.836375955674241,0.0,-1.8363758364649518,-4.000000476837158
2196,-1.3782303446813793,0.0,-1.3782303446813788,0.0
2197,-1.6704771956571232,0.0,-1.6704771956571227,0.0
2198,-7.386897592486709,0.0,-1.386897413672776,-6.000000715255737
2199,-1.3782504531270818,0.0,-1.3782504531270825,0.0
2200,-6.82147817598124,0.0,-1.8214780269696287,-5.000000596046448
2201,-1.6699769384038379,0.0,-1.6699769384038383,0.0
2202,-1.3777052935829275,0.0,-1.3777052935829253,0.0
2203,-0.3787416048663419,0.0,-1.3787416346686643,1.0000001192092896
2204,-7.7954849295585875,0.0,-1.7954847507446585,-6.000000715255737
2205,-7.732735238179865,0.0,-1.7327350593659343,-6.000000715255737
2206,-6.802157802704187,0.0,-1.8021576536925756,-5.000000596046448
2207,-0.3784814738359259,0.0,-1.3784815036382483,1.0000001192092896
2208,-5.669143145220289,0.0,-1.6691430260109974,-4.000000476837158
2209,-2.3801309529926677,0.0,-1.380130923190345,-1.0000001192092896
2210,-2.378576686617792,0.0,-1.3785766568154705,-1.0000001192092896
2211,-7.818846221814379,0.0,-1.8188460430004492,-6.000000715255737
2212,-1.7761889622283469,0.0,-1.7761889622283467,0.0
2213,-6.854227067693005,0.0,-1.8542269186813942,-5.000000596046448
2214,-2.377394208730691,0.0,-1.3773941789283697,-1.0000001192092896
2215,-6.486764247280908,0.0,-1.486764098269295,-5.000000596046448
2216,-11.669544486999476,0.0,-1.6695441889762554,-10.000001192092896
2217,-7.669976500251319,0.0,-1.669976321437384,-6.000000715255737
2218,-3.5578383137227667,0.0,-1.5578382541181217,-2.000000238418579
2219,-2.380032513117171,0.0,-1.3800324833148476,-1.0000001192092896
2220,-9.853607118811555,0.0,-1.8536068803929706,-8.000000953674316
2221,-7.8142221584723695,0.0,-1.814221979658434,-6.000000715255737
2222,-8.66972305246269,0.0,-1.6697228438464384,-7.000000834465027
2223,-3.6702202961517765,0.0,-1.6702202365471324,-2.000000238418579
2224,-5.834959072726606,0.0,-1.834958953517317,-4.000000476837158
2225,-5.8325115652411474,0.0,-1.8325114460318592,-4.000000476837158
2226,-1.192685838699612,0.0,-1.1926858386996124,0.0
2227,-5.669977084106101,0.0,-1.6699769648968117,-4.000000476837158
2228,-11.475799061385398,0.0,-1.475798763362179,-10.000001192092896
2229,-0.37839357263130147,0.0,-1.3783936024336236,1.0000001192092896
2230,-5.669976448729852,0.0,-1.6699763295205612,-4.000000476837158
2231,0.6222446784661894,0.0,-1.3777553811384546,2.000000238418579
2232,-0.3784317990566566,0.0,-1.3784318288589787,1.0000001192092896
2233,-8.081303124565185,0.0,-2.0813029457512497,-6.000000715255737
2234,-5.669893033972018,0.0,-1.6698929147627286,-4.000000476837158
2235,0.6224414854845258,0.0,-1.377558574120119,2.000000238418579
2236,-5.668757442804121,0.0,-1.6687573235948276,-4.000000476837158
2237,-5.8507543960388055,0.0,-1.8507542768295115,-4.000000476837158
2238,-5.668070172731982,0.0,-1.6680700535226933,-4.000000476837158
2239,-9.669977747945675,0.0,-1.6699775095270963,-8.000000953674316
2240,-3.6678970743959756,0.0,-1.6678970147913312,-2.000000238418579
2241,-7.814788324938503,0.0,-1.81478814612457,-6.000000715255737
2242,-5.847753247078953,0.0,-1.847753127869665,-4.000000476837158
2243,-8.78247619094365,0.0,-1.782475982327391,-7.000000834465027
2244,-4.669544295901056,0.0,-1.6695442064940906,-3.0000003576278687
2245,-2.377798429091391,0.0,-1.3777983992890683,-1.0000001192092896
2246,-7.8137631801766565,0.0,-1.813763001362721,-6.000000715255737
2247,-0.3778766533490443,0.0,-1.3778766831513667,1.0000001192092896
2248,-5.669888664445189,0.0,-1.6698885452358971,-4.000000476837158
2249,-5.8189650267059125,0.0,-1.8189649074966232,-4.000000476837158
2250,-0.3782542364717849,0.0,-1.378254266274107,1.0000001192092896
2251,-8.81779941437145,0.0,-1.8177992057551886,-7.000000834465027
2252,-6.835832091934974,0.0,-1.8358319429233623,-5.000000596046448
2253,-6.8295659770555135,0.0,-1.8295658280439009,-5.000000596046448
2254,-2.72188800507059,0.0,-1.7218879752682665,-1.0000001192092896
2255,-2.378112352872475,0.0,-1.3781123230701533,-1.0000001192092896
2256,-12.952141263177545,0.0,-1.9521409353520045,-11.000001311302185
2257,-3.8039661817622124,0.0,-1.803966122157568,-2.000000238418579
2258,-9.87479598946664,0.0,-1.8747957510480566,-8.000000953674316
2259,-5.669866065387235,0.0,-1.6698659461779517,-4.000000476837158
2260,-8.83981736188891,0.0,-1.8398171532726522,-7.000000834465027
2261,-7.801062843446087,0.0,-1.8010626646321515,-6.000000715255737
2262,-3.8268195677865515,0.0,-1.8268195081819074,-2.000000238418579
2263,-3.7824897636229524,0.0,-1.7824897040183076,-2.000000238418579
2264,-7.838036877744864,0.0,-1.8380366989309322,-6.000000715255737
2265,-0.3785852270693917,0.0,-1.3785852568717143,1.0000001192092896
2266,-5.767548424537285,0.0,-1.7675483053279968,-4.000000476837158
2267,-5.669349850540695,0.0,-1.6693497313314056,-4.000000476837158
2268,-7.669906652679876,0.0,-1.6699064738659433,-6.000000715255737
2269,-5.827950017315871,0.0,-1.8279498981065787,-4.000000476837158
2270,-7.842391846032597,0.0,-1.8423916672186629,-6.000000715255737
2271,-7.894798269376137,0.0,-1.8947980905622002,-6.000000715255737
2272,-7.829494953050658,0.0,-1.829494774236726,-6.000000715255737
2273,-0.3783275660932468,0.0,-1.3783275958955694,1.0000001192092896
2274,-5.792473116035125,0.0,-1.7924729968258348,-4.000000476837158
2275,-11.710090947073772,0.0,-1.7100906490505414,-10.000001192092896
2276,-2.3803253803356252,0.0,-1.3803253505333022,-1.0000001192092896
2277,-9.844161943021549,0.0,-1.8441617046029695,-8.000000953674316
2278,-5.843268028771735,0.0,-1.8432679095624405,-4.000000476837158
2279,-5.704672615255856,0.0,-1.7046724960465673,-4.000000476837158
2280,-6.841092769099143,0.0,-1.8410926200875346,-5.000000596046448
2281,0.34452971647167624,0.0,-1.6554703431329687,2.000000238418579
2282,-4.805341878104804,0.0,-1.8053417886978376,-3.0000003576278687
2283,-0.3783398052524187,0.0,-1.3783398350547411,1.0000001192092896
2284,-10.85489370970081,0.0,-1.8548934414799134,-9.000001072883606
2285,-5.480410479529826,0.0,-1.4804103603205359,-4.000000476837158
2286,-5.834711066215591,0.0,-1.8347109470063028,-4.000000476837158
2287,0.6226817116578803,0.0,-1.3773183479467634,2.000000238418579
2288,-11.791993524545829,0.0,-1.7919932265226042,-10.000001192092896
2289,-9.823125954676915,0.0,-1.823125716258334,-8.000000953674316
2290,-0.37775609828867296,0.0,-1.3777561280909953,1.0000001192092896
2291,1.1584918430883588,0.0,-1.8415082463186083,3.0000003576278687
2292,-5.669732335875087,0.0,-1.6697322166657942,-4.000000476837158
2293,-5.821016476544809,0.0,-1.82101635733552,-4.000000476837158
2294,-0.3771275251199466,0.0,-1.377127554922269,1.0000001192092896
2295,-1.3787623670264726,0.0,-1.378762367026474,0.0
2296,-7.669350129672147,0.0,-1.6693499508582141,-6.000000715255737
2297,-6.8468837709538,0.0,-1.8468836219421927,-5.000000596046448
2298,-0.3785717355037259,0.0,-1.378571765306048,1.0000001192092896
2299,-7.813308448295903,0.0,-1.8133082694819682,-6.000000715255737
2300,-11.789219768617746,0.0,-1.7892194705945184,-10.000001192092896
2301,-0.37709434662082875,0.0,-1.3770943764231511,1.0000001192092896
2302,-3.6697322676427526,0.0,-1.6697322080381058,-2.000000238418579
2303,-4.57662167879211,0.0,-1.5766215893851423,-3.0000003576278687
2304,-7.805124529611803,0.0,-1.8051243507978696,-6.000000715255737
2305,-5.74894898812525,0.0,-1.7489488689159582,-4.000000476837158
2306,-0.3778219976941788,0.0,-1.3778220274965012,1.0000001192092896
2307,-6.845371720411577,0.0,-1.8453715713999645,-5.000000596046448
2308,-4.78262851618641,0.0,-1.7826284267794414,-3.0000003576278687
2309,-5.818559716906501,0.0,-1.818559597697205,-4.000000476837158
2310,-9.829084600414438,0.0,-1.8290843619958659,-8.000000953674316
2311,-5.828965817943595,0.0,-1.8289656987343044,-4.000000476837158
2312,-5.669996419107761,0.0,-1.6699962998984688,-4.000000476837158
2313,-5.669893057312887,0.0,-1.6698929381035965,-4.000000476837158
2314,-5.6699870059961475,0.0,-1.6699868867868528,-4.000000476837158
2315,-8.78697881345907,0.0,-1.7869786048428136,-7.000000834465027
2316,-7.669732371564424,0.0,-1.66973219275049,-6.000000715255737
2317,-7.824071008908788,0.0,-1.82407083009485,-6.000000715255737
2318,-2.3775850940475536,0.0,-1.3775850642452327,-1.0000001192092896
2319,-5.669544315956227,0.0,-1.669544196746934,-4.000000476837158
2320,-1.8135769786775298,0.0,-1.8135769786775298,0.0
2321,-5.669977065592511,0.0,-1.66997694638322,-4.000000476837158
2322,-7.6693499548619295,0.0,-1.669349776047996,-6.000000715255737
2323,-3.377381845313585,0.0,-1.3773817857089385,-2.000000238418579
2324,-2.6479200067241155,0.0,-1.6479199769217947,-1.0000001192092896
2325,-7.670080500811934,0.0,-1.670080321997998,-6.000000715255737
2326,-5.819421043422469,0.0,-1.819420924213178,-4.000000476837158
2327,-6.791898402824732,0.0,-1.7918982538131158,-5.000000596046448
2328,-9.835990914181952,0.0,-1.8359906757633788,-8.000000953674316
2329,1.6217767440485928,0.0,-1.3782233453583737,3.0000003576278687
2330,-5.841238594172238,0.0,-1.8412384749629487,-4.000000476837158
2331,-8.807581617484688,0.0,-1.807581408868427,-7.000000834465027
2332,-3.6224621223989604,0.0,-1.6224620627943143,-2.000000238418579
2333,-10.826253675995318,0.0,-1.8262534077744177,-9.000001072883606
2334,-0.3785949098527146,0.0,-1.3785949396550368,1.0000001192092896
2335,-2.37850538929418,0.0,-1.378505359491858,-1.0000001192092896
2336,-0.37847549431200544,0.0,-1.3784755241143278,1.0000001192092896
2337,-5.80520842632137,0.0,-1.8052083071120775,-4.000000476837158
2338,-2.378030463514938,0.0,-1.3780304337126155,-1.0000001192092896
2339,-5.82926369952141,0.0,-1.8292635803121189,-4.000000476837158
2340,-9.860097784449254,0.0,-1.8600975460306757,-8.000000953674316
2341,-5.666617677640051,0.0,-1.6666175584307616,-4.000000476837158
2342,-2.3773172621849947,0.0,-1.3773172323826697,-1.0000001192092896
2343,-5.824104891790046,0.0,-1.8241047725807626,-4.000000476837158
2344,-5.829187578829628,0.0,-1.829187459620338,-4.000000476837158
2345,-0.37863974983642734,0.0,-1.3786397796387497,1.0000001192092896
2346,-7.82665959855522,0.0,-1.8266594197412906,-6.000000715255737
2347,-7.861480570598201,0.0,-1.8614803917842642,-6.000000715255737
2348,-2.379935113512974,0.0,-1.37993508371065,-1.0000001192092896
2349,-7.677191074044295,0.0,-1.6771908952303605,-6.000000715255737
2350,-5.729794884974118,0.0,-1.7297947657648285,-4.000000476837158
2351,-4.380337298814561,0.0,-1.3803372094075934,-3.0000003576278687
2352,-6.80817777280248,0.0,-1.8081776237908698,-5.000000596046448
2353,-2.377995113428204,0.0,-1.377995083625882,-1.0000001192092896
2354,-2.377949086954824,0.0,-1.3779490571525002,-1.0000001192092896
2355,-3.669892990199849,0.0,-1.6698929305952044,-2.000000238418579
2356,-10.857625281075448,0.0,-1.8576250128545448,-9.000001072883606
2357,-0.3781071254695516,0.0,-1.378107155271874,1.0000001192092896
2358,-10.819968384799925,0.0,-1.819968116579029,-9.000001072883606
2359,-6.824789252704182,0.0,-1.82478910369257,-5.000000596046448
2360,-5.828462030047836,0.0,-1.8284619108385438,-4.000000476837158
2361,-6.8929715917546766,0.0,-1.8929714427430664,-5.000000596046448
2362,-9.798242791967256,0.0,-1.7982425535486795,-8.000000953674316
2363,-7.669460047426528,0.0,-1.6694598686125954,-6.000000715255737
2364,-7.834095293517027,0.0,-1.8340951147030888,-6.000000715255737
2365,-7.785009883815366,0.0,-1.7850097050014293,-6.000000715255737
2366,-3.6699770104233265,0.0,-1.6699769508186795,-2.000000238418579
2367,-11.839971363735552,0.0,-1.839971065712328,-10.000001192092896
2368,-3.6693498428683653,0.0,-1.6693497832637194,-2.000000238418579
2369,-7.837220449794673,0.0,-1.8372202709807401,-6.000000715255737
2370,-2.379928919656087,0.0,-1.3799288898537627,-1.0000001192092896
2371,-1.37897981475967,0.0,-1.3789798147596701,0.0
2372,-6.66914317668778,0.0,-1.6691430276761703,-5.000000596046448
2373,-0.3782769639834467,0.0,-1.3782769937857688,1.0000001192092896
2374,-5.669169379488987,0.0,-1.6691692602796975,-4.000000476837158
2375,-4.669907736619957,0.0,-1.6699076472129895,-3.0000003576278687
2376,-3.922257857881684,0.0,-1.9222577982770386,-2.000000238418579
2377,-0.37857783962643676,0.0,-1.3785778694287592,1.0000001192092896
2378,-2.3772681719010533,0.0,-1.377268142098732,-1.0000001192092896
2379,-4.865318406979162,0.0,-1.8653183175721935,-3.0000003576278687
2380,-6.686447459897751,0.0,-1.6864473108861417,-5.000000596046448
2381,-4.918607002726851,0.0,-1.9186069133198842,-3.0000003576278687
2382,-2.3784109568273335,0.0,-1.3784109270250102,-1.0000001192092896
2383,-4.7953433278562265,0.0,-1.795343238449261,-3.0000003576278687
2384,-5.669543145696806,0.0,-1.6695430264875146,-4.000000476837158
2385,-11.713768237164404,0.0,-1.7137679391411766,-10.000001192092896
2386,-1.6362080658841562,0.0,-1.6362080658841571,0.0
2387,-5.380631537418222,0.0,-1.3806314182089348,-4.000000476837158
2388,-2.377547851903463,0.0,-1.377547822101139,-1.0000001192092896
2389,-7.801932474612634,0.0,-1.8019322957987,-6.000000715255737
2390,-5.827514930503926,0.0,-1.8275148112946367,-4.000000476837158
2391,-3.6697322937780026,0.0,-1.6697322341733565,-2.000000238418579
2392,-9.670017203935496,0.0,-1.6700169655169197,-8.000000953674316
2393,-5.83692013405592,0.0,-1.8369200148466314,-4.000000476837158
2394,-3.8386694683649267,0.0,-1.8386694087602842,-2.000000238418579
2395,-9.84263773889349,0.0,-1.842637500474909,-8.000000953674316
2396,-2.925782844918254,-1.0000001192092896,-1.9257828151159315,0.0
2397,-5.6702203451690725,0.0,-1.6702202259597845,-4.000000476837158
2398,-5.669893035636836,0.0,-1.6698929164275427,-4.000000476837158
2399,-4.835105433604964,0.0,-1.8351053441979972,-3.0000003576278687
2400,-0.37872417501909106,0.0,-1.3787242048214132,1.0000001192092896
2401,-3.8361117767734085,0.0,-1.836111717168763,-2.000000238418579
2402,-5.668099223992874,0.0,-1.6680991047835831,-4.000000476837158
2403,-0.3784945355307272,0.0,-1.3784945653330496,1.0000001192092896
2404,-6.822317888993608,0.0,-1.8223177399819945,-5.000000596046448
2405,-4.377145705107318,0.0,-1.3771456157003505,-3.0000003576278687
2406,-7.776461539150143,0.0,-1.776461360336206,-6.000000715255737
2407,-7.8265595054421135,0.0,-1.826559326628179,-6.000000715255737
2408,-10.76660349741075,0.0,-1.7666032291898537,-9.000001072883606
2409,-9.846177527995215,0.0,-1.8461772895766386,-8.000000953674316
2410,-4.863334221414916,0.0,-1.8633341320079482,-3.0000003576278687
2411,-6.669722978670498,0.0,-1.669722829658884,-5.000000596046448
2412,-7.838831455489431,0.0,-1.838831276675496,-6.000000715255737
2413,-0.3782649350798639,0.0,-1.3782649648821863,1.0000001192092896
2414,-0.3786210761022786,0.0,-1.378621105904601,1.0000001192092896
2415,-4.921424493628917,-1.0000001192092896,-1.9214244042219493,-2.000000238418579
2416,-5.670237714959573,0.0,-1.670237595750281,-4.000000476837158
2417,-7.81227738621003,0.0,-1.8122772073960935,-6.000000715255737
2418,-5.837745060194393,0.0,-1.837744940985104,-4.000000476837158
2419,-9.668001414532982,0.0,-1.6680011761143978,-8.000000953674316
2420,-6.8298218888168245,0.0,-1.8298217398052137,-5.000000596046448
2421,-3.67743217406675,0.0,-1.6774321144621036,-2.000000238418579
2422,-3.869385773453346,0.0,-1.8693857138487013,-2.000000238418579
2423,-9.802908402982476,0.0,-1.8029081645638996,-8.000000953674316
2424,-1.3781208054973215,0.0,-1.3781208054973215,0.0
2425,-6.834776341191259,0.0,-1.8347761921796486,-5.000000596046448
2426,-5.758222941249197,0.0,-1.758222822039908,-4.000000476837158
2427,-0.37850920244192987,0.0,-1.3785092322442523,1.0000001192092896
2428,-5.669543140943958,0.0,-1.6695430217346672,-4.000000476837158
2429,-6.8866684967496,0.0,-1.8866683477379886,-5.000000596046448
2430,-9.856636230949645,0.0,-1.856635992531068,-8.000000953674316
2431,-0.378422167365005,0.0,-1.3784221971673276,1.0000001192092896
2432,-2.377961929304231,0.0,-1.377961899501909,-1.0000001192092896
2433,-2.3771253503481757,0.0,-1.377125320545857,-1.0000001192092896
2434,-5.833442814510945,0.0,-1.8334426953016536,-4.000000476837158
2435,-12.782324385081198,0.0,-1.7823240572556422,-11.000001311302185
2436,-2.3779776318426173,0.0,-1.3779776020402936,-1.0000001192092896
2437,-2.3798919204240616,0.0,-1.3798918906217377,-1.0000001192092896
2438,-5.480184700255191,0.0,-1.4801845810459011,-4.000000476837158
2439,-6.921507728126554,-1.0000001192092896,-1.9215075791149414,-4.000000476837158
2440,-0.37823785176954416,0.0,-1.3782378815718666,1.0000001192092896
2441,-7.825502057630399,0.0,-1.8255018788164672,-6.000000715255737
2442,-6.835450831038228,0.0,-1.8354506820266137,-5.000000596046448
2443,-5.670237714959568,0.0,-1.6702375957502795,-4.000000476837158
2444,-5.66819178228235,0.0,-1.6681916630730593,-4.000000476837158
2445,-5.839929923648509,0.0,-1.8399298044392205,-4.000000476837158
2446,-2.65438682435374,0.0,-1.654386794551418,-1.0000001192092896
2447,-6.830508745406948,0.0,-1.8305085963953367,-5.000000596046448
2448,-6.669977122996642,0.0,-1.669976973985028,-5.000000596046448
2449,-9.860556499132905,0.0,-1.860556260714319,-8.000000953674316
2450,-3.6699769946818854,0.0,-1.6699769350772415,-2.000000238418579
2451,-7.829540023210082,0.0,-1.829539844396148,-6.000000715255737
2452,-2.352351332578505,0.0,-1.3523513027761804,-1.0000001192092896
2453,-5.669977066701377,0.0,-1.6699769474920847,-4.000000476837158
2454,-0.37852528351609216,0.0,-1.3785253133184145,1.0000001192092896
2455,-9.861009050299128,0.0,-1.8610088118805563,-8.000000953674316
2456,-5.823002224020959,0.0,-1.8230021048116671,-4.000000476837158
2457,-8.929155418836102,0.0,-1.9291552102198444,-7.000000834465027
2458,-7.432711914261639,0.0,-1.4327117354476997,-6.000000715255737
2459,-0.378562242991652,0.0,-1.3785622727939746,1.0000001192092896
2460,-5.669732320032494,0.0,-1.6697322008232054,-4.000000476837158
2461,-7.8435103596921545,0.0,-1.8435101808782242,-6.000000715255737
2462,-5.6702203323677685,0.0,-1.670220213158479,-4.000000476837158
2463,-7.669512584714698,0.0,-1.6695124059007695,-6.000000715255737
2464,-7.82418910106829,0.0,-1.8241889222543537,-6.000000715255737
2465,-7.669143207045161,0.0,-1.6691430282312267,-6.000000715255737
2466,-5.838988300983304,0.0,-1.8389881817740177,-4.000000476837158
2467,-6.824987257342266,0.0,-1.8249871083306501,-5.000000596046448
2468,-5.669996405234305,0.0,-1.6699962860250177,-4.000000476837158
2469,-2.609512781239105,0.0,-1.6095127514367815,-1.0000001192092896
2470,-4.827364341932646,0.0,-1.8273642525256775,-3.0000003576278687
2471,-5.803396291042908,0.0,-1.8033961718336193,-4.000000476837158
2472,-9.755322861085217,0.0,-1.7553226226666356,-8.000000953674316
2473,-5.6689755229003245,0.0,-1.668975403691036,-4.000000476837158
2474,-5.669926886267472,0.0,-1.6699267670581854,-4.000000476837158
2475,-5.76373785427307,0.0,-1.763737735063778,-4.000000476837158
2476,-7.749325337828231,0.0,-1.749325159014296,-6.000000715255737
2477,-0.37860246958305765,0.0,-1.3786024993853798,1.0000001192092896
2478,-8.329070409014598,0.0,-1.3290702003983406,-7.000000834465027
2479,-5.791413344998739,0.0,-1.7914132257894475,-4.000000476837158
2480,-10.88122717171384,0.0,-1.881226903492948,-9.000001072883606
2481,-3.829559200804315,0.0,-1.8295591411996703,-2.000000238418579
2482,-3.706727740342278,0.0,-1.706727680737634,-2.000000238418579
2483,-5.821447825133231,0.0,-1.8214477059239431,-4.000000476837158
2484,-5.832477475971682,0.0,-1.832477356762389,-4.000000476837158
2485,-8.83236373109386,0.0,-1.832363522477605,-7.000000834465027
2486,-9.771071239317555,0.0,-1.7710710008989774,-8.000000953674316
2487,-0.37837966401466216,0.0,-1.3783796938169846,1.0000001192092896
2488,-0.37846856021368613,0.0,-1.3784685900160087,1.0000001192092896
2489,-7.669349958192264,0.0,-1.6693497793783287,-6.000000715255737
2490,-9.669544640939145,0.0,-1.6695444025205675,-8.000000953674316
2491,-3.669592169420554,0.0,-1.66959210981591,-2.000000238418579
2492,-7.669544406156161,0.0,-1.6695442273422259,-6.000000715255737
2493,-5.777991530499369,0.0,-1.7779914112900819,-4.000000476837158
2494,-5.831060712389618,0.0,-1.831060593180327,-4.000000476837158
2495,-5.832547096137837,0.0,-1.8325469769285505,-4.000000476837158
2496,-7.673125220566365,0.0,-1.6731250417524284,-6.000000715255737
2497,-8.670393125386495,0.0,-1.6703929167702378,-7.000000834465027
2498,-0.37810324863280886,0.0,-1.3781032784351313,1.0000001192092896
2499,-5.669349904693235,0.0,-1.6693497854839465,-4.000000476837158
2500,-2.3783272183078763,0.0,-1.3783271885055548,-1.0000001192092896
2501,-5.669996398280831,0.0,-1.6699962790715401,-4.000000476837158
2502,-2.378322651638755,0.0,-1.3783226218364328,-1.0000001192092896
2503,-1.379408324574038,0.0,-1.3794083245740398,0.0
2504,-2.3789925333736037,0.0,-1.3789925035712813,-1.0000001192092896
2505,-0.37925024437187127,0.0,-1.3792502741741934,1.0000001192092896
2506,-4.776337082100951,0.0,-1.7763369926939838,-3.0000003576278687
2507,-3.6691430833954146,0.0,-1.6691430237907705,-2.000000238418579
2508,-8.747329421820986,0.0,-1.747329213204732,-7.000000834465027
2509,-6.803215217280092,0.0,-1.8032150682684813,-5.000000596046448
2510,-6.921607113750408,-1.0000001192092896,-1.9216069647387977,-4.000000476837158
2511,-4.377224228217745,0.0,-1.377224138810777,-3.0000003576278687
2512,-7.81021417396826,0.0,-1.8102139951543255,-6.000000715255737
2513,-6.770272105344864,0.0,-1.7702719563332507,-5.000000596046448
2514,0.6209754319877187,0.0,-1.3790246276169267,2.000000238418579
2515,-5.863081548393885,0.0,-1.863081429184599,-4.000000476837158
2516,-4.7294569641479045,0.0,-1.7294568747409382,-3.0000003576278687
2517,-8.743220151095942,0.0,-1.7432199424796904,-7.000000834465027
2518,-0.3785270372503331,0.0,-1.3785270670526555,1.0000001192092896
2519,-7.837886009596691,0.0,-1.837885830782756,-6.000000715255737
2520,-4.797004948198499,0.0,-1.7970048587915353,-3.0000003576278687
2521,-6.81500955837708,0.0,-1.8150094093654687,-5.000000596046448
2522,-5.66997725118969,0.0,-1.669977131980398,-4.000000476837158
2523,-6.846284079241988,0.0,-1.8462839302303768,-5.000000596046448
2524,-7.798905017147251,0.0,-1.7989048383333222,-6.000000715255737
2525,-11.76886393047734,0.0,-1.76886363245412,-10.000001192092896
2526,-6.803071782473944,0.0,-1.8030716334623298,-5.000000596046448
2527,-8.839259815853858,0.0,-1.8392596072376006,-7.000000834465027
2528,-6.7897618421716,0.0,-1.7897616931599887,-5.000000596046448
2529,-5.669976440646669,0.0,-1.6699763214373817,-4.000000476837158
2530,-5.773516452833443,0.0,-1.7735163336241524,-4.000000476837158
2531,-6.804464078556596,0.0,-1.804463929544986,-5.000000596046448
2532,-9.848049783955132,0.0,-1.8480495455365558,-8.000000953674316
2533,-2.7490593354429143,0.0,-1.749059305640593,-1.0000001192092896
2534,-13.848411679172234,0.0,-1.8484113215443616,-12.000001430511475
2535,-5.776085480660837,0.0,-1.7760853614515506,-4.000000476837158
2536,-6.803477851579792,0.0,-1.8034777025681792,-5.000000596046448
2537,-4.880567129730252,0.0,-1.880567040323285,-3.0000003576278687
2538,-5.831148787441991,0.0,-1.8311486682327038,-4.000000476837158
2539,-4.838584691991886,0.0,-1.8385846025849162,-3.0000003576278687
2540,-3.7874565060906797,0.0,-1.787456446486035,-2.000000238418579
2541,-6.8454316940933255,0.0,-1.8454315450817147,-5.000000596046448
2542,-6.821625124018927,0.0,-1.8216249750073168,-5.000000596046448
2543,-5.655320895084288,0.0,-1.655320775874999,-4.000000476837158
2544,-2.669976362098161,0.0,-1.669976332295838,-1.0000001192092896
2545,-12.832307800945564,0.0,-1.832307473120015,-11.000001311302185
2546,-5.669977066146942,0.0,-1.66997694693765,-4.000000476837158
2547,-7.686809560352836,0.0,-1.6868093815389014,-6.000000715255737
2548,-12.770551620003197,0.0,-1.7705512921776554,-11.000001311302185
2549,-8.875008176765967,0.0,-1.8750079681497123,-7.000000834465027
2550,-4.926726568777062,0.0,-1.9267264793700962,-3.0000003576278687
2551,-7.785463028633214,0.0,-1.7854628498192804,-6.000000715255737
2552,-5.669732330880159,0.0,-1.6697322116708684,-4.000000476837158
2553,-6.837346147652609,0.0,-1.8373459986410001,-5.000000596046448
2554,-7.783912110934735,0.0,-1.7839119321207948,-6.000000715255737
2555,-2.6508499296211827,0.0,-1.650849899818862,-1.0000001192092896
2556,-5.796504286659082,0.0,-1.7965041674497912,-4.000000476837158
2557,-3.8241045688047026,0.0,-1.8241045092000558,-2.000000238418579
2558,-9.84652912186394,0.0,-1.8465288834453633,-8.000000953674316
2559,-5.703624679270932,0.0,-1.7036245600616413,-4.000000476837158
2560,-5.669977629291436,0.0,-1.6699775100821472,-4.000000476837158
2561,-5.729141742321595,0.0,-1.7291416231122985,-4.000000476837158
2562,-5.738748932170284,0.0,-1.738748812960993,-4.000000476837158
2563,-9.845250915860696,0.0,-1.8452506774421167,-8.000000953674316
2564,-7.669813968957284,0.0,-1.6698137901433467,-6.000000715255737
2565,-5.865990321740962,0.0,-1.8659902025316737,-4.000000476837158
2566,-5.6677848603423815,0.0,-1.6677847411330877,-4.000000476837158
2567,-0.3785587166818791,0.0,-1.3785587464842015,1.0000001192092896
2568,-7.669143212353047,0.0,-1.6691430335391158,-6.000000715255737
2569,-3.9214244638265914,-1.0000001192092896,-1.9214244042219466,-1.0000001192092896
2570,-5.6691431474405185,0.0,-1.6691430282312278,-4.000000476837158
2571,-6.800887705063673,0.0,-1.800887556052064,-5.000000596046448
2572,-8.68255347825249,0.0,-1.682553269636232,-7.000000834465027
2573,-5.709304144290608,0.0,-1.709304025081321,-4.000000476837158
2574,-7.878971362386229,0.0,-1.8789711835722926,-6.000000715255737
2575,-0.872339074731029,0.0,-1.8723391045333513,1.0000001192092896
2576,-6.759982490226882,0.0,-1.7599823412152729,-5.000000596046448
2577,-3.669350028501546,0.0,-1.6693499688968996,-2.000000238418579
2578,-5.82151190356601,0.0,-1.8215117843567172,-4.000000476837158
2579,-2.3789169479774968,0.0,-1.3789169181751726,-1.0000001192092896
2580,-5.669907780921138,0.0,-1.669907661711849,-4.000000476837158
2581,-7.769194143083423,0.0,-1.7691939642694863,-6.000000715255737
2582,-2.6393521968297735,0.0,-1.639352167027452,-1.0000001192092896
2583,-7.809091584791551,0.0,-1.8090914059776135,-6.000000715255737
2584,-5.838993424615943,0.0,-1.8389933054066534,-4.000000476837158
2585,-9.851263862723467,0.0,-1.8512636243048812,-8.000000953674316
2586,-5.4795216714027815,0.0,-1.4795215521934921,-4.000000476837158
2587,-5.669732345309976,0.0,-1.6697322261006857,-4.000000476837158
2588,-0.3782740606528081,0.0,-1.3782740904551303,1.0000001192092896
2589,-9.669497744331105,0.0,-1.6694975059125252,-8.000000953674316
2590,-7.7987132439065485,0.0,-1.7987130650926164,-6.000000715255737
2591,-8.84299205587605,0.0,-1.842991847259793,-7.000000834465027
2592,-13.669977304565522,0.0,-1.6699769469376544,-12.000001430511475
2593,-5.8382806722608205,0.0,-1.8382805530515307,-4.000000476837158
2594,-2.668965181793055,0.0,-1.6689651519907316,-1.0000001192092896
2595,-7.821849755573479,0.0,-1.8218495767595428,-6.000000715255737
2596,-2.3771168288134916,0.0,-1.377116799011169,-1.0000001192092896
2597,-7.66973240854735,0.0,-1.6697322297334123,-6.000000715255737
2598,-11.833842423016105,0.0,-1.8338421249928827,-10.000001192092896
2599,-11.841890524495307,0.0,-1.841890226472085,-10.000001192092896
2600,-3.6702202733166094,0.0,-1.6702202137119635,-2.000000238418579
2601,-2.3777954315978245,0.0,-1.3777954017955036,-1.0000001192092896
2602,-8.669976467817884,0.0,-1.669976259201631,-7.000000834465027
2603,-0.37807834236776006,0.0,-1.3780783721700822,1.0000001192092896
2604,-1.6693497799333823,0.0,-1.669349779933383,0.0
2605,-5.669589608906033,0.0,-1.6695894896967431,-4.000000476837158
2606,-7.803997433692258,0.0,-1.8039972548783203,-6.000000715255737
2607,-5.7864899767456555,0.0,-1.7864898575363681,-4.000000476837158
2608,-7.833156323681857,0.0,-1.8331561448679248,-6.000000715255737
2609,-11.848298357926009,0.0,-1.848298059902787,-10.000001192092896
2610,-0.37860927025920654,0.0,-1.378609300061529,1.0000001192092896
2611,-5.781750891401198,0.0,-1.781750772191907,-4.000000476837158
2612,-2.3775168683988523,0.0,-1.3775168385965304,-1.0000001192092896
2613,-8.855027882609868,0.0,-1.8550276739936127,-7.000000834465027
2614,-5.669544312070884,0.0,-1.6695441928615926,-4.000000476837158
2615,-2.3801875407817614,0.0,-1.3801875109794404,-1.0000001192092896
2616,-2.4813725421298933,0.0,-1.4813725123275707,-1.0000001192092896
2617,0.620990894220796,0.0,-1.3790091653838492,2.000000238418579
2618,-5.834837505785283,0.0,-1.834837386575995,-4.000000476837158
2619,-5.66923015667093,0.0,-1.669230037461638,-4.000000476837158
2620,-0.37846449337428556,0.0,-1.378464523176608,1.0000001192092896
2621,-5.867131954296799,0.0,-1.8671318350875115,-4.000000476837158
2622,-0.37730552125824857,0.0,-1.3773055510605707,1.0000001192092896
2623,-5.480440006570817,0.0,-1.4804398873615279,-4.000000476837158
2624,0.621351601121357,0.0,-1.3786484584832877,2.000000238418579
2625,-6.767315063271224,0.0,-1.7673149142596118,-5.000000596046448
2626,-7.83358959839447,0.0,-1.8335894195805362,-6.000000715255737
2627,-2.3776320508267332,0.0,-1.3776320210244113,-1.0000001192092896
2628,-6.9193410725148246,0.0,-1.919340923503216,-5.000000596046448
2629,-2.5849621146539787,0.0,-1.5849620848516568,-1.0000001192092896
2630,-0.37844251737226187,0.0,-1.3784425471745845,1.0000001192092896
2631,-7.8294633020762605,0.0,-1.8294631232623297,-6.000000715255737
2632,-6.480478713607139,0.0,-1.4804785645955272,-5.000000596046448
2633,-5.669732345864969,0.0,-1.6697322266556802,-4.000000476837158
2634,-7.813216855539243,0.0,-1.8132166767253024,-6.000000715255737
2635,-7.771976148002014,0.0,-1.7719759691880792,-6.000000715255737
2636,-5.820990847703359,0.0,-1.8209907284940687,-4.000000476837158
2637,-9.888730340841578,0.0,-1.8887301024230103,-8.000000953674316
2638,-10.860636932595852,0.0,-1.860636664374946,-9.000001072883606
2639,-5.669543140943959,0.0,-1.669543021734664,-4.000000476837158
2640,-3.6699869258061537,0.0,-1.6699868662015107,-2.000000238418579
2641,-2.3785757589936125,0.0,-1.3785757291912915,-1.0000001192092896
2642,-7.825684368986262,0.0,-1.8256841901723262,-6.000000715255737
2643,-0.3771013210005314,0.0,-1.377101350802854,1.0000001192092896
2644,-2.3783026844348156,0.0,-1.3783026546324946,-1.0000001192092896
2645,-2.3781089037060075,0.0,-1.3781088739036842,-1.0000001192092896
2646,-0.3776639117470231,0.0,-1.3776639415493457,1.0000001192092896
2647,-5.669349884398788,0.0,-1.6693497651895,-4.000000476837158
2648,-9.836190790454456,0.0,-1.8361905520358763,-8.000000953674316
2649,-5.853802407932456,0.0,-1.8538022887231682,-4.000000476837158
2650,-5.669543099557578,0.0,-1.66954298034829,-4.000000476837158
2651,-6.669544341873199,0.0,-1.6695441928615908,-5.000000596046448
2652,-11.780181526165233,0.0,-1.7801812281420086,-10.000001192092896
2653,-9.835732381584753,0.0,-1.835732143166169,-8.000000953674316
2654,-1.8458833753812658,0.0,-1.8458833753812653,0.0
2655,-2.3774427473111324,0.0,-1.377442717508809,-1.0000001192092896
2656,-0.8455344945836174,0.0,-1.8455345243859393,1.0000001192092896
2657,-5.669913696966296,0.0,-1.6699135777570082,-4.000000476837158
2658,-7.670351232044708,0.0,-1.6703510532307693,-6.000000715255737
2659,-5.846311102125829,0.0,-1.8463109829165367,-4.000000476837158
2660,-6.830493011626374,0.0,-1.8304928626147636,-5.000000596046448
2661,-7.669723022416629,0.0,-1.669722843602696,-6.000000715255737
2662,-4.7929984250733755,0.0,-1.7929983356664079,-3.0000003576278687
2663,-2.623745619308689,0.0,-1.6237455895063677,-1.0000001192092896
2664,-0.37835251111028234,0.0,-1.3783525409126047,1.0000001192092896
2665,-11.900834244520905,0.0,-1.9008339464976842,-10.000001192092896
2666,-2.3801750636281795,0.0,-1.3801750338258572,-1.0000001192092896
2667,-6.798731977594964,0.0,-1.7987318285833567,-5.000000596046448
2668,-5.6697229319053575,0.0,-1.669722812696072,-4.000000476837158
2669,-7.669732395479732,0.0,-1.6697322166657942,-6.000000715255737
2670,-7.669893099126048,0.0,-1.6698929203121131,-6.000000715255737
2671,-7.6695443925236715,0.0,-1.6695442137097372,-6.000000715255737
2672,-2.782711879271142,0.0,-1.7827118494688194,-1.0000001192092896
2673,-11.862448284406524,0.0,-1.8624479863833023,-10.000001192092896
2674,-5.761942922788572,0.0,-1.7619428035792817,-4.000000476837158
2675,-3.669442314934156,0.0,-1.6694422553295112,-2.000000238418579
2676,-9.850245757820591,0.0,-1.8502455194020135,-8.000000953674316
2677,-3.667230687161583,0.0,-1.6672306275569397,-2.000000238418579
2678,-9.79812528369446,0.0,-1.798125045275876,-8.000000953674316
2679,-0.37710995494368116,0.0,-1.3771099847460035,1.0000001192092896
2680,-4.667451656080936,0.0,-1.6674515666739682,-3.0000003576278687
2681,-9.843671965068218,0.0,-1.8436717266496365,-8.000000953674316
2682,-3.8943158518563354,0.0,-1.894315792251693,-2.000000238418579
2683,-0.37854539918269836,0.0,-1.3785454289850212,1.0000001192092896
2684,-5.261638314548359,0.0,-1.26163819533907,-4.000000476837158
2685,-7.831617216550757,0.0,-1.8316170377368224,-6.000000715255737
2686,-9.829256663479423,0.0,-1.8292564250608483,-8.000000953674316
2687,-10.825004352191353,0.0,-1.8250040839704547,-9.000001072883606
2688,-4.3782860383054665,0.0,-1.3782859488984993,-3.0000003576278687
2689,-1.6499352005026917,0.0,-1.6499352005026917,0.0
2690,-5.667023488837994,0.0,-1.6670233696287065,-4.000000476837158
2691,-6.845766170336981,0.0,-1.8457660213253666,-5.000000596046448
2692,-8.007903808294174,0.0,-2.0079036294802393,-6.000000715255737
2693,-7.837528096512095,0.0,-1.8375279176981634,-6.000000715255737
2694,-2.380217374649205,0.0,-1.3802173448468822,-1.0000001192092896
2695,-5.252355648628781,0.0,-1.2523555294194937,-4.000000476837158
2696,-0.3785331152518272,0.0,-1.3785331450541496,1.0000001192092896
2697,-3.669143086170698,0.0,-1.6691430265660558,-2.000000238418579
2698,-2.627447305137973,0.0,-1.6274472753356497,-1.0000001192092896
2699,-7.81221340634725,0.0,-1.8122132275333132,-6.000000715255737
2700,-7.670220391972408,0.0,-1.6702202131584787,-6.000000715255737
2701,-5.703425141403678,0.0,-1.7034250221943898,-4.000000476837158
2702,-4.669893023886747,0.0,-1.6698929344797762,-3.0000003576278687
2703,-5.669350082555636,0.0,-1.6693499633463498,-4.000000476837158
2704,-5.669722964477132,0.0,-1.6697228452678399,-4.000000476837158
2705,-7.831452455730353,0.0,-1.831452276916416,-6.000000715255737
2706,-0.3785316669173848,0.0,-1.378531696719707,1.0000001192092896
2707,-5.669544296218179,0.0,-1.6695441770088897,-4.000000476837158
2708,-2.380200809766972,0.0,-1.3802007799646512,-1.0000001192092896
2709,-5.83438288253935,0.0,-1.8343827633300576,-4.000000476837158
2710,-5.788918418340968,0.0,-1.7889182991316774,-4.000000476837158
2711,-5.669986992373524,0.0,-1.6699868731642324,-4.000000476837158
2712,-5.669862800528836,0.0,-1.669862681319542,-4.000000476837158
2713,-7.667067482727625,0.0,-1.6670673039136898,-6.000000715255737
2714,-5.669977066146942,0.0,-1.6699769469376518,-4.000000476837158
2715,-4.379079068141432,0.0,-1.3790789787344644,-3.0000003576278687
2716,-5.669732338095057,0.0,-1.6697322188857655,-4.000000476837158
2717,-3.6693500235060514,0.0,-1.6693499639014027,-2.000000238418579
2718,-3.765685457273513,0.0,-1.7656853976688691,-2.000000238418579
2719,-3.784766036347987,0.0,-1.7847659767433406,-2.000000238418579
2720,-4.837192571435021,0.0,-1.8371924820280552,-3.0000003576278687
2721,-7.750293634617409,0.0,-1.7502934558034748,-6.000000715255737
2722,-4.85712011137138,0.0,-1.8571200219644157,-3.0000003576278687
2723,-8.834168117417654,0.0,-1.8341679088013978,-7.000000834465027
2724,1.621501518580611,0.0,-1.3784985708263564,3.0000003576278687
2725,-7.868513080936994,0.0,-1.8685129021230586,-6.000000715255737
2726,-7.766359955132579,0.0,-1.7663597763186476,-6.000000715255737
2727,-2.3790825806999933,0.0,-1.3790825508976705,-1.0000001192092896
2728,-9.853105562987759,0.0,-1.8531053245691715,-8.000000953674316
2729,-3.6699770059878647,0.0,-1.669976946383221,-2.000000238418579
2730,-6.774804916270043,0.0,-1.7748047672584315,-5.000000596046448
2731,-6.669350103095512,0.0,-1.6693499540839003,-5.000000596046448
2732,-4.853456661299535,0.0,-1.8534565718925655,-3.0000003576278687
2733,-5.669187807908904,0.0,-1.6691876886996173,-4.000000476837158
2734,-8.848721072380588,0.0,-1.8487208637643309,-7.000000834465027
2735,-0.15558561452726333,0.0,-1.155585644329586,1.0000001192092896
2736,-6.875538211446375,0.0,-1.875538062434764,-5.000000596046448
2737,-7.836601059151321,0.0,-1.8366008803373868,-6.000000715255737
2738,-2.3780764431197454,0.0,-1.3780764133174208,-1.0000001192092896
2739,-9.823621156999288,0.0,-1.8236209185807093,-8.000000953674316
2740,-8.69304971913874,-1.0000001192092896,-1.6930495105224852,-6.000000715255737
2741,-2.3784565176473116,0.0,-1.3784564878449899,-1.0000001192092896
2742,-2.656051451411508,0.0,-1.6560514216091868,-1.0000001192092896
2743,-3.8009730557342056,0.0,-1.8009729961295595,-2.000000238418579
2744,-0.3789561453747585,0.0,-1.378956175177081,1.0000001192092896
2745,-7.681510252800498,0.0,-1.6815100739865636,-6.000000715255737
2746,-7.727033723700146,0.0,-1.7270335448862166,-6.000000715255737
2747,-8.66934998490689,0.0,-1.669349776290629,-7.000000834465027
2748,-0.3785417025701827,0.0,-1.378541732372505,1.0000001192092896
2749,-8.835684854283045,0.0,-1.8356846456667884,-7.000000834465027
2750,-9.739470064129739,0.0,-1.7394698257111618,-8.000000953674316
2751,-7.834230473234651,0.0,-1.8342302944207203,-6.000000715255737
2752,-3.3775847877993277,0.0,-1.3775847281946834,-2.000000238418579
2753,-5.685174131185575,0.0,-1.6851740119762866,-4.000000476837158
2754,-3.80597855463888,0.0,-1.8059784950342341,-2.000000238418579
2755,-3.827309553474781,0.0,-1.8273094938701377,-2.000000238418579
2756,-6.8522489363470225,0.0,-1.8522487873354105,-5.000000596046448
2757,-6.380167707624572,0.0,-1.380167558612959,-5.000000596046448
2758,-3.669350017886183,0.0,-1.6693499582815363,-2.000000238418579
2759,-1.3773505493433247,0.0,-1.3773505493433225,0.0
2760,-2.562048796880179,0.0,-1.562048767077857,-1.0000001192092896
2761,-10.81715727977927,0.0,-1.8171570115583695,-9.000001072883606
2762,-5.669544518399477,0.0,-1.6695443991901904,-4.000000476837158
2763,-0.37917026943730225,0.0,-1.3791702992396246,1.0000001192092896
2764,-11.720225798816376,0.0,-1.7202255007931488,-10.000001192092896
2765,-2.9073736954868123,0.0,-1.907373665684491,-1.0000001192092896
2766,-0.37826715018121115,0.0,-1.3782671799835335,1.0000001192092896
2767,-7.866317522186208,0.0,-1.8663173433722726,-6.000000715255737
2768,-2.3801745585607703,0.0,-1.3801745287584473,-1.0000001192092896
2769,-2.838844656030071,0.0,-1.8388446262277496,-1.0000001192092896
2770,-4.677235126028206,0.0,-1.6772350366212416,-3.0000003576278687
2771,-5.818164923436764,0.0,-1.8181648042274712,-4.000000476837158
2772,0.6208474131871391,0.0,-1.3791526464175052,2.000000238418579
2773,-5.840254951360477,0.0,-1.840254832151185,-4.000000476837158
2774,-0.3781989125474947,0.0,-1.378198942349817,1.0000001192092896
2775,-8.866822091686693,0.0,-1.8668218830704337,-7.000000834465027
2776,-6.877692423678524,0.0,-1.8776922746669165,-5.000000596046448
2777,-5.672231433521251,0.0,-1.6722313143119614,-4.000000476837158
2778,-5.838976714903173,0.0,-1.838976595693879,-4.000000476837158
2779,-10.77458031499243,0.0,-1.7745800467715283,-9.000001072883606
2780,-5.669722962500678,0.0,-1.669722843291388,-4.000000476837158
2781,-6.836633768065268,0.0,-1.8366336190536543,-5.000000596046448
2782,-2.580983323495124,0.0,-1.5809832936927992,-1.0000001192092896
2783,-10.867168900800719,0.0,-1.8671686325798156,-9.000001072883606
2784,-0.3785863247038703,0.0,-1.3785863545061927,1.0000001192092896
2785,-7.666715884482071,0.0,-1.6667157056681352,-6.000000715255737
2786,-2.6593009482440313,0.0,-1.6593009184417074,-1.0000001192092896
2787,-5.670220342955132,0.0,-1.6702202237458403,-4.000000476837158
2788,-4.669893007499326,0.0,-1.6698929180923578,-3.0000003576278687
2789,-7.669544386418121,0.0,-1.6695442076041895,-6.000000715255737
2790,-5.670220330153825,0.0,-1.6702202109445354,-4.000000476837158
2791,-3.8614678381177256,0.0,-1.86146777851308,-2.000000238418579
2792,-8.843534916096855,0.0,-1.843534707480597,-7.000000834465027
2793,-4.794430144585055,0.0,-1.794430055178086,-3.0000003576278687
2794,-5.833531875252899,0.0,-1.8335317560436055,-4.000000476837158
2795,-9.83909677370412,0.0,-1.8390965352855306,-8.000000953674316
2796,-7.669977152798962,0.0,-1.6699769739850279,-6.000000715255737
2797,-5.669350086996076,0.0,-1.6693499677867887,-4.000000476837158
2798,-9.850702795444318,0.0,-1.8507025570257396,-8.000000953674316
2799,-2.3802348507087796,0.0,-1.380234820906458,-1.0000001192092896
2800,-2.377188149618667,0.0,-1.3771881198163465,-1.0000001192092896
2801,-2.3799856164105457,0.0,-1.3799855866082213,-1.0000001192092896
2802,-9.82245271826929,0.0,-1.82245247985071,-8.000000953674316
2803,-4.377125390191418,0.0,-1.3771253007844502,-3.0000003576278687
2804,-3.6693498434234204,0.0,-1.669349783818776,-2.000000238418579
2805,-7.8443059262420185,0.0,-1.8443057474280806,-6.000000715255737
2806,-7.708452271195087,0.0,-1.7084520923811555,-6.000000715255737
2807,-7.669977122979425,0.0,-1.6699769441654935,-6.000000715255737
2808,-5.669977615658933,0.0,-1.6699774964496452,-4.000000476837158
2809,-5.670237726653906,0.0,-1.6702376074446135,-4.000000476837158
2810,-5.84951238997764,0.0,-1.8495122707683485,-4.000000476837158
2811,-9.669350188131348,0.0,-1.6693499497127682,-8.000000953674316
2812,-6.933647209291399,0.0,-1.9336470602797826,-5.000000596046448
2813,-7.840240931686586,0.0,-1.8402407528726512,-6.000000715255737
2814,-3.818479676264423,0.0,-1.8184796166597792,-2.000000238418579
2815,-3.729402659029082,0.0,-1.729402599424435,-2.000000238418579
2816,-5.669143143555119,0.0,-1.669143024345829,-4.000000476837158
2817,-3.669143081730246,0.0,-1.6691430221256023,-2.000000238418579
2818,-7.669977129078182,0.0,-1.669976950264247,-6.000000715255737
2819,-5.669976595682013,0.0,-1.669976476472725,-4.000000476837158
2820,-4.923110403400795,-1.0000001192092896,-1.9231103139938277,-2.000000238418579
2821,-7.8426545520860085,0.0,-1.842654373272074,-6.000000715255737
2822,-5.840923883096129,0.0,-1.8409237638868403,-4.000000476837158
2823,-0.6598441373116637,0.0,-1.659844167113986,1.0000001192092896
2824,-8.783755557540296,0.0,-1.7837553489240368,-7.000000834465027
2825,-2.379792134390325,0.0,-1.3797921045880028,-1.0000001192092896
2826,-2.750274908506824,0.0,-1.7502748787045013,-1.0000001192092896
2827,-4.377803696302257,0.0,-1.3778036068952897,-3.0000003576278687
2828,-10.921424679854578,-1.0000001192092896,-1.9214244116336727,-8.000000953674316
2829,-3.8390919837259747,0.0,-1.8390919241213284,-2.000000238418579
2830,-6.779384439357141,0.0,-1.7793842903455288,-5.000000596046448
2831,-2.37966403981768,0.0,-1.3796640100153565,-1.0000001192092896
2832,-3.669544253021284,0.0,-1.6695441934166417,-2.000000238418579
2833,-2.377961331024055,0.0,-1.3779613012217333,-1.0000001192092896
2834,-2.833147826951851,0.0,-1.8331477971495274,-1.0000001192092896
2835,-8.86795345761692,0.0,-1.8679532490006652,-7.000000834465027
2836,-3.6912795394437747,0.0,-1.6912794798391306,-2.000000238418579
2837,-5.670220332921257,0.0,-1.6702202137119642,-4.000000476837158
2838,-7.83572389931438,0.0,-1.8357237205004482,-6.000000715255737
2839,-1.3051712463590137,0.0,-1.3051712463590146,0.0
2840,-3.6700628750119417,0.0,-1.6700628154072956,-2.000000238418579
2841,-5.669722962500677,0.0,-1.669722843291388,-4.000000476837158
2842,-0.37875277355074877,0.0,-1.3787528033530712,1.0000001192092896
2843,-7.458181608884293,0.0,-1.4581814300703553,-6.000000715255737
2844,-2.3804477236461485,0.0,-1.3804476938438242,-1.0000001192092896
2845,-7.849351839610389,0.0,-1.849351660796458,-6.000000715255737
2846,-8.778542038591217,0.0,-1.778541829974956,-7.000000834465027
2847,-6.84864184266915,0.0,-1.8486416936575398,-5.000000596046448
2848,-2.380375634773345,0.0,-1.3803756049710225,-1.0000001192092896
2849,-7.6698930985711105,0.0,-1.669892919757173,-6.000000715255737
2850,-5.6702203557564275,0.0,-1.6702202365471333,-4.000000476837158
2851,-7.6698628807611,0.0,-1.6698627019471692,-6.000000715255737
2852,-5.377086688590051,0.0,-1.3770865693807608,-4.000000476837158
2853,-3.6693498020370066,0.0,-1.6693497424323618,-2.000000238418579
2854,-3.8613504018833686,0.0,-1.8613503422787239,-2.000000238418579
2855,-0.3789254968154796,0.0,-1.378925526617802,1.0000001192092896
2856,-4.890373884452432,0.0,-1.8903737950454647,-3.0000003576278687
2857,-6.669977674946447,0.0,-1.6699775259348375,-5.000000596046448
2858,-5.669256735246873,0.0,-1.6692566160375837,-4.000000476837158
2859,-7.846892937449123,0.0,-1.8468927586351873,-6.000000715255737
2860,-7.743255963757361,0.0,-1.7432557849434245,-6.000000715255737
2861,-7.835472157717632,0.0,-1.835471978903697,-6.000000715255737
2862,-7.670220401452804,0.0,-1.670220222638868,-6.000000715255737
2863,-7.669143200939539,0.0,-1.669143022125604,-6.000000715255737
2864,-1.805303600076886,0.0,-1.8053036000768887,0.0
2865,-6.669349928944993,0.0,-1.6693497799333854,-5.000000596046448
2866,-4.377497105567245,0.0,-1.3774970161602802,-3.0000003576278687
2867,-3.7980063516850855,0.0,-1.79800629208044,-2.000000238418579
2868,-7.821261602343132,0.0,-1.8212614235291953,-6.000000715255737
2869,-9.757401809196871,0.0,-1.7574015707782908,-8.000000953674316
2870,-4.771847127725631,0.0,-1.7718470383186662,-3.0000003576278687
2871,-2.379970869669901,0.0,-1.379970839867578,-1.0000001192092896
2872,-4.3775205673744875,0.0,-1.3775204779675185,-3.0000003576278687
2873,-3.6702202955982943,0.0,-1.6702202359936473,-2.000000238418579
2874,-8.774924676853246,0.0,-1.774924468236988,-7.000000834465027
2875,-9.846713410198788,0.0,-1.846713171780206,-8.000000953674316
2876,-5.894113769370522,0.0,-1.89411365016123,-4.000000476837158
2877,-2.380371468642693,0.0,-1.3803714388403718,-1.0000001192092896
2878,-6.83379877142268,0.0,-1.8337986224110672,-5.000000596046448
2879,-5.667238992507385,0.0,-1.6672388732980967,-4.000000476837158
2880,-6.814721876003249,0.0,-1.8147217269916351,-5.000000596046448
2881,-11.840297564894973,0.0,-1.8402972668717468,-10.000001192092896
2882,-0.3784511060557023,0.0,-1.378451135858025,1.0000001192092896
2883,-2.3802392008490525,0.0,-1.380239171046732,-1.0000001192092896
2884,-8.76047609169325,0.0,-1.7604758830769958,-7.000000834465027
2885,-4.834056471197111,0.0,-1.8340563817901452,-3.0000003576278687
2886,-2.859385150488848,0.0,-1.8593851206865246,-1.0000001192092896
2887,-7.669143201494592,0.0,-1.6691430226806585,-6.000000715255737
2888,-5.669349891614516,0.0,-1.6693497724052297,-4.000000476837158
2889,-0.37876629312726906,0.0,-1.3787663229295914,1.0000001192092896
2890,-1.6048103371833702,0.0,-1.6048103371833675,0.0
2891,-5.816901916991318,0.0,-1.816901797782028,-4.000000476837158
2892,-5.855302069879928,0.0,-1.8553019506706376,-4.000000476837158
2893,-7.818263455492333,0.0,-1.8182632766783977,-6.000000715255737
2894,-2.481001928021962,0.0,-1.4810018982196398,-1.0000001192092896
2895,-5.669976601787621,0.0,-1.6699764825783332,-4.000000476837158
2896,-0.3783999669656668,0.0,-1.3783999967679894,1.0000001192092896
2897,-9.140917113168026,0.0,-1.1409168747494416,-8.000000953674316
2898,-5.833454238148605,0.0,-1.8334541189393165,-4.000000476837158
2899,-0.37865837258813273,0.0,-1.3786584023904551,1.0000001192092896
2900,-7.786989678645813,0.0,-1.7869894998318818,-6.000000715255737
2901,-4.881235348315183,0.0,-1.8812352589082142,-3.0000003576278687
2902,-5.669543148159701,0.0,-1.6695430289504096,-4.000000476837158
2903,-4.86864035126715,0.0,-1.8686402618601845,-3.0000003576278687
2904,-5.670062926637239,0.0,-1.670062807427952,-4.000000476837158
2905,-7.669977126306016,0.0,-1.6699769474920843,-6.000000715255737
2906,-3.6699765229988452,0.0,-1.669976463394199,-2.000000238418579
2907,-3.7606796705498433,0.0,-1.7606796109451976,-2.000000238418579
2908,-9.664386681590981,0.0,-1.6643864431724078,-8.000000953674316
2909,-2.852974571582158,0.0,-1.8529745417798376,-1.0000001192092896
2910,-5.844941772025348,0.0,-1.8449416528160547,-4.000000476837158
2911,-8.83264097375948,0.0,-1.8326407651432277,-7.000000834465027
2912,-7.874836458588549,0.0,-1.8748362797746156,-6.000000715255737
2913,-7.669143197054151,0.0,-1.669143018240213,-6.000000715255737
2914,-5.669543167101305,0.0,-1.6695430478920148,-4.000000476837158
2915,-5.669349904693235,0.0,-1.6693497854839465,-4.000000476837158
2916,-5.670220352988998,0.0,-1.6702202337797039,-4.000000476837158
2917,-3.921424463826593,-1.0000001192092896,-1.9214244042219482,-1.0000001192092896
2918,-5.837767444598224,0.0,-1.8377673253889333,-4.000000476837158
2919,-3.6702202744235843,0.0,-1.6702202148189382,-2.000000238418579
2920,-0.37843225945040726,0.0,-1.3784322892527299,1.0000001192092896
2921,-2.3771695818242415,0.0,-1.3771695520219192,-1.0000001192092896
2922,-3.72827723594996,0.0,-1.7282771763453153,-2.000000238418579
2923,-5.825450241230693,0.0,-1.8254501220214088,-4.000000476837158
2924,-3.6695430971932748,0.0,-1.6695430375886293,-2.000000238418579
2925,-5.670351187309197,0.0,-1.6703510680999123,-4.000000476837158
2926,-0.6611075113978184,0.0,-1.661107541200141,1.0000001192092896
2927,-6.73387895436577,0.0,-1.7338788053541596,-5.000000596046448
2928,-5.831424563773519,0.0,-1.8314244445642252,-4.000000476837158
2929,-4.921424493628914,-1.0000001192092896,-1.9214244042219486,-2.000000238418579
2930,-5.669976452615242,0.0,-1.6699763334059508,-4.000000476837158
2931,-9.848018678737493,0.0,-1.8480184403189193,-8.000000953674316
2932,-5.669977641082821,0.0,-1.669977521873528,-4.000000476837158
2933,-11.6695433414748,0.0,-1.6695430434515668,-10.000001192092896
2934,-6.7505248350683384,0.0,-1.7505246860567243,-5.000000596046448
2935,-7.669349968738344,0.0,-1.669349789924408,-6.000000715255737
2936,-5.670220342955129,0.0,-1.6702202237458406,-4.000000476837158
2937,-11.836457413189008,0.0,-1.8364571151657865,-10.000001192092896
2938,-7.895402530347693,0.0,-1.8954023515337606,-6.000000715255737
2939,-7.848590534588544,0.0,-1.848590355774608,-6.000000715255737
2940,-5.667735636625806,0.0,-1.6677355174165187,-4.000000476837158
2941,-7.669987051978165,0.0,-1.6699868731642311,-6.000000715255737
2942,-5.6686078406925455,0.0,-1.6686077214832558,-4.000000476837158
2943,-3.669379617353115,0.0,-1.6693795577484705,-2.000000238418579
2944,-8.861969620573396,0.0,-1.86196941195714,-7.000000834465027
2945,-6.846440021245071,0.0,-1.8464398722334647,-5.000000596046448
2946,-3.821408198936861,0.0,-1.8214081393322157,-2.000000238418579
2947,-8.798550138834514,0.0,-1.7985499302182566,-7.000000834465027
2948,-11.84216522995791,0.0,-1.8421649319346884,-10.000001192092896
2949,-5.839540330742105,0.0,-1.8395402115328179,-4.000000476837158
2950,-5.837475808285349,0.0,-1.8374756890760595,-4.000000476837158
2951,-3.669888406050693,0.0,-1.6698883464460474,-2.000000238418579
2952,-6.842108326444316,0.0,-1.8421081774327075,-5.000000596046448
2953,-5.669976411158939,0.0,-1.669976291949649,-4.000000476837158
2954,-4.67022031315281,0.0,-1.6702202237458403,-3.0000003576278687
2955,-2.70491869278353,0.0,-1.7049186629812063,-1.0000001192092896
2956,-0.37823373607412303,0.0,-1.3782337658764452,1.0000001192092896
2957,-9.85392493843061,0.0,-1.8539247000120351,-8.000000953674316
2958,-4.377384660703694,0.0,-1.3773845712967263,-3.0000003576278687
2959,-7.669143193723822,0.0,-1.6691430149098878,-6.000000715255737
2960,-2.3780088432638635,0.0,-1.3780088134615425,-1.0000001192092896
2961,-3.669349841758253,0.0,-1.669349782153607,-2.000000238418579
2962,-7.824622957190644,0.0,-1.8246227783767097,-6.000000715255737
2963,-5.669977065592508,0.0,-1.6699769463832193,-4.000000476837158
2964,-4.669977052640479,0.0,-1.669976963233511,-3.0000003576278687
2965,-5.675392920076934,0.0,-1.6753928008676437,-4.000000476837158
2966,-2.748292473326979,0.0,-1.7482924435246567,-1.0000001192092896
2967,-0.37734710461290333,0.0,-1.3773471344152253,1.0000001192092896
2968,-5.670220342955132,0.0,-1.67022022374584,-4.000000476837158
2969,-8.792707003231364,0.0,-1.7927067946151085,-7.000000834465027
2970,-5.84448548563101,0.0,-1.8444853664217211,-4.000000476837158
2971,-8.669732434716947,0.0,-1.6697322261006862,-7.000000834465027
2972,0.38228370598776656,0.0,-1.6177163536168782,2.000000238418579
2973,-5.669544330698826,0.0,-1.6695442114895347,-4.000000476837158
2974,-6.828969663454874,0.0,-1.828969514443263,-5.000000596046448
2975,-6.92137032686376,-1.0000001192092896,-1.9213701778521495,-4.000000476837158
2976,-2.3800772176941596,0.0,-1.3800771878918368,-1.0000001192092896
2977,-0.849838641813885,0.0,-1.849838671616207,1.0000001192092896
2978,-5.8287287522316005,0.0,-1.8287286330223127,-4.000000476837158
2979,-8.83954541058984,0.0,-1.8395452019735856,-7.000000834465027
2980,-7.692821561590513,0.0,-1.69282138277658,-6.000000715255737
2981,-7.669561177929282,0.0,-1.6695609991153462,-6.000000715255737
2982,-10.826109477314265,0.0,-1.8261092090933717,-9.000001072883606
2983,-5.6693500842208,0.0,-1.6693499650115113,-4.000000476837158
2984,-7.7016402478129,0.0,-1.7016400689989675,-6.000000715255737
2985,-5.669977624851041,0.0,-1.6699775056417516,-4.000000476837158
2986,-6.669977643241063,0.0,-1.6699774942294487,-5.000000596046448
2987,-5.74789782662303,0.0,-1.7478977074137336,-4.000000476837158
2988,0.6209533352495007,0.0,-1.3790467243551428,2.000000238418579
2989,-0.3787701975148463,0.0,-1.3787702273171687,1.0000001192092896
2990,-7.781478658979111,0.0,-1.781478480165179,-6.000000715255737
2991,-0.37898424709218936,0.0,-1.3789842768945118,1.0000001192092896
2992,-5.703167417941402,0.0,-1.7031672987321096,-4.000000476837158
2993,-4.88451556457316,0.0,-1.8845154751661934,-3.0000003576278687
2994,-4.377287168493143,0.0,-1.3772870790861786,-3.0000003576278687
2995,-2.9212116178892336,0.0,-1.9212115880869114,-1.0000001192092896
2996,-0.37837816547624303,0.0,-1.3783781952785654,1.0000001192092896
2997,-7.669350125196377,0.0,-1.6693499463824457,-6.000000715255737
2998,-0.3771074510701262,0.0,-1.3771074808724486,1.0000001192092896
2999,-5.808228217433138,0.0,-1.808228098223847,-4.000000476837158
3000,-3.669977009868892,0.0,-1.6699769502642459,-2.000000238418579
3001,-5.669143152748403,0.0,-1.669143033539115,-4.000000476837158
3002,-5.6861777691861395,0.0,-1.6861776499768497,-4.000000476837158
3003,-6.830113634004939,0.0,-1.830113484993329,-5.000000596046448
3004,-8.723411468927562,0.0,-1.723411260311304,-7.000000834465027
3005,-5.666967182625675,0.0,-1.6669670634163853,-4.000000476837158
3006,-7.854882365671361,0.0,-1.854882186857426,-6.000000715255737
3007,-5.6695443465515165,0.0,-1.6695442273422272,-4.000000476837158
3008,-7.669349957637205,0.0,-1.6693497788232718,-6.000000715255737
3009,-5.66997707856177,0.0,-1.6699769593524827,-4.000000476837158
3010,-0.3785036690935448,0.0,-1.3785036988958672,1.0000001192092896
3011,-3.685076441874835,0.0,-1.685076382270192,-2.000000238418579
3012,-5.670237727760872,0.0,-1.6702376085515864,-4.000000476837158
3013,-3.6670547402704763,0.0,-1.667054680665833,-2.000000238418579
3014,-4.3772324376895675,0.0,-1.3772323482825994,-3.0000003576278687
3015,-3.670220272763122,0.0,-1.6702202131584776,-2.000000238418579
3016,-7.842476642998174,0.0,-1.8424764641842402,-6.000000715255737
3017,-0.3777942240890966,0.0,-1.3777942538914192,1.0000001192092896
3018,-3.6695431036112645,0.0,-1.6695430440066201,-2.000000238418579
3019,-5.803488560387755,0.0,-1.8034884411784626,-4.000000476837158
3020,-3.669732269307734,0.0,-1.6697322097030882,-2.000000238418579
3021,-5.831307395232798,0.0,-1.8313072760235092,-4.000000476837158
3022,-5.789501503099413,0.0,-1.789501383890124,-4.000000476837158
3023,-9.667230976967934,0.0,-1.6672307385493597,-8.000000953674316
3024,-5.669732335875081,0.0,-1.669732216665797,-4.000000476837158
3025,-5.7431999138019805,0.0,-1.7431997945926916,-4.000000476837158
3026,-5.736471812212329,0.0,-1.7364716930030437,-4.000000476837158
3027,-0.3785489950707024,0.0,-1.378549024873025,1.0000001192092896
3028,-5.669977624851042,0.0,-1.6699775056417527,-4.000000476837158
3029,-7.838068035699368,0.0,-1.8380678568854285,-6.000000715255737
3030,-0.3785407907842959,0.0,-1.378540820586618,1.0000001192092896
3031,-5.831919587657459,0.0,-1.8319194684481723,-4.000000476837158
3032,-5.838756737202839,0.0,-1.8387566179935468,-4.000000476837158
3033,-2.6693499888817307,0.0,-1.669349959079408,-1.0000001192092896
3034,-7.848771197468701,0.0,-1.8487710186547657,-6.000000715255737
3035,-6.844543043830499,0.0,-1.8445428948188827,-5.000000596046448
3036,-0.37778836833877616,0.0,-1.3777883981410985,1.0000001192092896
3037,-3.8379037199600345,0.0,-1.837903660355386,-2.000000238418579
3038,-7.670351260101006,0.0,-1.670351081287071,-6.000000715255737
3039,-9.850376284212356,0.0,-1.8503760457937786,-8.000000953674316
3040,-0.37878039168240396,0.0,-1.3787804214847263,1.0000001192092896
3041,-5.669722942762626,0.0,-1.6697228235533395,-4.000000476837158
3042,-2.380054065015047,0.0,-1.3800540352127244,-1.0000001192092896
3043,-3.8497780891353997,0.0,-1.849778029530755,-2.000000238418579
3044,-0.15722492462587812,0.0,-1.1572249544282012,1.0000001192092896
3045,-8.838435103691905,0.0,-1.838434895075648,-7.000000834465027
3046,-5.850366147618004,0.0,-1.8503660284087173,-4.000000476837158
3047,-2.3773881859277086,0.0,-1.377388156125387,-1.0000001192092896
3048,-0.3786160579552058,0.0,-1.3786160877575282,1.0000001192092896
3049,-9.771491994125645,0.0,-1.7714917557070637,-8.000000953674316
3050,-5.829768937359111,0.0,-1.8297688181498228,-4.000000476837158
3051,-2.8181789660763954,0.0,-1.8181789362740752,-1.0000001192092896
3052,-7.8686679299287245,0.0,-1.8686677511147876,-6.000000715255737
3053,-0.3782139378140721,0.0,-1.3782139676163945,1.0000001192092896
3054,-2.66934981528627,0.0,-1.6693497854839479,-1.0000001192092896
3055,-7.856279976738692,0.0,-1.856279797924758,-6.000000715255737
3056,-8.784133161241732,0.0,-1.7841329526254723,-7.000000834465027
3057,-4.837791520724126,0.0,-1.8377914313171546,-3.0000003576278687
3058,-7.669543209186835,0.0,-1.6695430303729002,-6.000000715255737
3059,-9.8360705423639,0.0,-1.8360703039453228,-8.000000953674316
3060,-2.3792094721407686,0.0,-1.3792094423384471,-1.0000001192092896
3061,-4.378121341085674,0.0,-1.3781212516787056,-3.0000003576278687
3062,-7.669732381302115,0.0,-1.6697322024881798,-6.000000715255737
3063,-0.3776164368582995,0.0,-1.377616466660622,1.0000001192092896
3064,-4.669350058303867,0.0,-1.6693499688969002,-3.0000003576278687
3065,-3.3778562056399912,0.0,-1.377856146035347,-2.000000238418579
3066,-7.837390547260636,0.0,-1.8373903684467028,-6.000000715255737
3067,-4.670220312045835,0.0,-1.6702202226388676,-3.0000003576278687
3068,-7.821383582691362,0.0,-1.8213834038774308,-6.000000715255737
3069,-6.669544341006838,0.0,-1.6695441919952245,-5.000000596046448
3070,-13.834863422442552,0.0,-1.8348630648146877,-12.000001430511475
3071,-3.8350991246650725,0.0,-1.8350990650604275,-2.000000238418579
3072,-3.2326399994351753,0.0,-1.2326399398305319,-2.000000238418579
3073,-5.838515519226793,0.0,-1.8385154000175068,-4.000000476837158
3074,-5.862289433795286,0.0,-1.862289314586,-4.000000476837158
3075,-8.861526158483786,0.0,-1.861525949867524,-7.000000834465027
3076,-5.669722932460409,0.0,-1.6697228132511213,-4.000000476837158
3077,-6.817790573988101,0.0,-1.8177904249764882,-5.000000596046448
3078,-7.669209264126888,0.0,-1.6692090853129542,-6.000000715255737
3079,-5.874350363041254,0.0,-1.8743502438319635,-4.000000476837158
3080,-7.819610172618337,0.0,-1.8196099938044046,-6.000000715255737
3081,-5.669976408626294,0.0,-1.669976289417008,-4.000000476837158
3082,-5.841912392453816,0.0,-1.8419122732445297,-4.000000476837158
3083,-0.3788202140989292,0.0,-1.3788202439012511,1.0000001192092896
3084,-7.753601165062659,0.0,-1.7536009862487278,-6.000000715255737
3085,-2.3795688655092935,0.0,-1.3795688357069715,-1.0000001192092896
3086,-1.6162168820801481,0.0,-1.6162168820801472,0.0
3087,-7.669350109828323,0.0,-1.6693499310143898,-6.000000715255737
3088,-5.669722925799826,0.0,-1.6697228065905383,-4.000000476837158
3089,-7.760100956109333,0.0,-1.7601007772953967,-6.000000715255737
3090,-0.378250895371254,0.0,-1.3782509251735764,1.0000001192092896
3091,-2.549925204831123,0.0,-1.549925175028803,-1.0000001192092896
3092,-5.669976462363572,0.0,-1.669976343154282,-4.000000476837158
3093,-2.827831796999448,0.0,-1.8278317671971251,-1.0000001192092896
3094,-7.461010580585221,0.0,-1.461010401771286,-6.000000715255737
3095,-7.76764352168628,0.0,-1.7676433428723466,-6.000000715255737
3096,-2.377334997445503,0.0,-1.3773349676431794,-1.0000001192092896
3097,-9.83765432639086,0.0,-1.8376540879722878,-8.000000953674316
3098,-2.7568311590525973,0.0,-1.756831129250273,-1.0000001192092896
3099,-9.669544431835225,0.0,-1.669544193416641,-8.000000953674316
3100,0.6228781138243412,0.0,-1.3771219457803037,2.000000238418579
3101,-8.801797996506716,0.0,-1.8017977878904645,-7.000000834465027
3102,-0.6691429939884495,0.0,-1.6691430237907716,1.0000001192092896
3103,-7.701619948138796,0.0,-1.7016197693248625,-6.000000715255737
3104,-0.7698411373319649,0.0,-1.7698411671342866,1.0000001192092896
3105,-0.8495004558778523,0.0,-1.8495004856801749,1.0000001192092896
3106,-5.751098657558538,0.0,-1.75109853834925,-4.000000476837158
3107,-5.841226277808622,0.0,-1.841226158599331,-4.000000476837158
3108,-5.843921905000219,0.0,-1.8439217857909296,-4.000000476837158
3109,-6.789551688658961,0.0,-1.789551539647349,-5.000000596046448
3110,-7.668758822728984,0.0,-1.6687586439150501,-6.000000715255737
3111,-5.806738478704618,0.0,-1.8067383594953315,-4.000000476837158
3112,-6.668975582596317,0.0,-1.6689754335847005,-5.000000596046448
3113,-3.6702202833504853,0.0,-1.6702202237458383,-2.000000238418579
3114,-5.667342335977134,0.0,-1.6673422167678489,-4.000000476837158
3115,-9.85518079072521,0.0,-1.8551805523066267,-8.000000953674316
3116,-7.789551849741684,0.0,-1.789551670927751,-6.000000715255737
3117,-9.669543276562266,0.0,-1.6695430381436882,-8.000000953674316
3118,-5.6677969603604526,0.0,-1.6677968411511648,-4.000000476837158
3119,-2.377136025614823,0.0,-1.3771359958124982,-1.0000001192092896
3120,-0.11987124479059198,0.0,-2.1198713043952377,2.000000238418579
3121,-3.6697322704177195,0.0,-1.6697322108130743,-2.000000238418579
3122,-2.3778836354219157,0.0,-1.3778836056195942,-1.0000001192092896
3123,-2.3782624167821274,0.0,-1.3782623869798054,-1.0000001192092896
3124,-7.840679007142987,0.0,-1.8406788283290536,-6.000000715255737
3125,-7.670080506356255,0.0,-1.6700803275423233,-6.000000715255737
3126,-11.84762801245189,0.0,-1.8476277144286648,-10.000001192092896
3127,-5.834913541586299,0.0,-1.8349134223770078,-4.000000476837158
3128,-5.829659789645045,0.0,-1.8296596704357553,-4.000000476837158
3129,-5.669349884398792,0.0,-1.6693497651894997,-4.000000476837158
3130,-9.845621762744832,0.0,-1.8456215243262468,-8.000000953674316
3131,-9.815890503887891,0.0,-1.815890265469311,-8.000000953674316
3132,-5.826444353772659,0.0,-1.8264442345633696,-4.000000476837158
3133,-4.939467226236597,0.0,-1.9394671368296303,-3.0000003576278687
3134,-0.37868339487117186,0.0,-1.3786834246734943,1.0000001192092896
3135,-7.056001007706374,0.0,-2.0560008586947607,-5.000000596046448
3136,-11.862391848503327,0.0,-1.8623915504801036,-10.000001192092896
3137,-7.837214668560908,0.0,-1.8372144897469727,-6.000000715255737
3138,-4.799341966614126,0.0,-1.7993418772071588,-3.0000003576278687
3139,-10.806462101101207,0.0,-1.8064618328803106,-9.000001072883606
3140,-5.669350086441023,0.0,-1.6693499672317327,-4.000000476837158
3141,-3.669732293778002,0.0,-1.6697322341733571,-2.000000238418579
3142,-9.782092205081733,0.0,-1.7820919666631558,-8.000000953674316
3143,-2.3781183648459585,0.0,-1.3781183350436352,-1.0000001192092896
3144,-2.3785393056288906,0.0,-1.3785392758265673,-1.0000001192092896
3145,-7.819686219937193,0.0,-1.8196860411232592,-6.000000715255737
3146,-0.37723149499083175,0.0,-1.3772315247931544,1.0000001192092896
3147,-2.3780687453899105,0.0,-1.3780687155875864,-1.0000001192092896
3148,-15.89573613127772,0.0,-1.895735714045205,-14.000001668930054
3149,-9.81764390212969,0.0,-1.817643663711113,-8.000000953674316
3150,-1.812867909497767,0.0,-1.8128679094977684,0.0
3151,-5.667312622119382,0.0,-1.6673125029100966,-4.000000476837158
3152,-9.82512440767075,0.0,-1.8251241692521727,-8.000000953674316
3153,-2.3773881926883367,0.0,-1.3773881628860136,-1.0000001192092896
3154,-3.7568555228892113,0.0,-1.756855463284569,-2.000000238418579
3155,-5.798174899838039,0.0,-1.798174780628751,-4.000000476837158
3156,-5.6702377277608775,0.0,-1.670237608551586,-4.000000476837158
3157,-4.379718985617058,0.0,-1.3797188962100893,-3.0000003576278687
3158,-2.669143050262758,0.0,-1.6691430204604363,-1.0000001192092896
3159,-5.669349894944859,0.0,-1.6693497757355715,-4.000000476837158
3160,-5.670220331260794,0.0,-1.6702202120515068,-4.000000476837158
3161,-7.8307528201558325,0.0,-1.8307526413418962,-6.000000715255737
3162,-2.380033477828378,0.0,-1.3800334480260565,-1.0000001192092896
3163,-2.3791895323229335,0.0,-1.379189502520612,-1.0000001192092896
3164,-5.808176081159741,0.0,-1.8081759619504496,-4.000000476837158
3165,-3.6702203083995717,0.0,-1.6702202487949263,-2.000000238418579
3166,-9.843986300681596,0.0,-1.8439860622630284,-8.000000953674316
3167,-6.669977111690691,0.0,-1.6699769626790764,-5.000000596046448
3168,-5.480408321057158,0.0,-1.4804082018478675,-4.000000476837158
3169,-2.5690385301888305,0.0,-1.569038500386507,-1.0000001192092896
3170,-6.6678746433774885,0.0,-1.6678744943658705,-5.000000596046448
3171,-9.851261472768277,0.0,-1.8512612343496992,-8.000000953674316
3172,-5.837079152290557,0.0,-1.8370790330812654,-4.000000476837158
3173,-3.6693500438002835,0.0,-1.6693499841956407,-2.000000238418579
3174,-3.6695430768988633,0.0,-1.6695430172942192,-2.000000238418579
3175,-0.3788515195007931,0.0,-1.3788515493031155,1.0000001192092896
3176,-5.483495628974278,0.0,-1.4834955097649847,-4.000000476837158
3177,-9.852081086566155,0.0,-1.85208084814758,-8.000000953674316
3178,-6.780800019408148,0.0,-1.7807998703965346,-5.000000596046448
3179,-13.855819921007537,0.0,-1.855819563379675,-12.000001430511475
3180,-5.66914310858684,0.0,-1.6691429893775507,-4.000000476837158
3181,-8.808199871965236,0.0,-1.8081996633489805,-7.000000834465027
3182,-0.3742347882336775,0.0,-1.3742348180359998,1.0000001192092896
3183,-5.814264851322591,0.0,-1.8142647321133025,-4.000000476837158
3184,-7.8224285316142685,0.0,-1.822428352800339,-6.000000715255737
3185,-9.66972304389903,0.0,-1.669722805480442,-8.000000953674316
3186,-6.670220363830551,0.0,-1.6702202148189373,-5.000000596046448
3187,-4.92160843491599,-1.0000001192092896,-1.9216083455090245,-2.000000238418579
3188,-2.7230473382804776,0.0,-1.7230473084781548,-1.0000001192092896
3189,-0.37868284636092864,0.0,-1.3786828761632512,1.0000001192092896
3190,-5.666944525530336,0.0,-1.6669444063210472,-4.000000476837158
3191,-3.6699764066443223,0.0,-1.6699763470396753,-2.000000238418579
3192,-7.667240851035931,0.0,-1.667240672221993,-6.000000715255737
3193,-5.844948567211086,0.0,-1.8449484480017992,-4.000000476837158
3194,-7.845626813464363,0.0,-1.8456266346504309,-6.000000715255737
3195,-8.841172681146029,0.0,-1.8411724725297725,-7.000000834465027
3196,-5.670220355202939,0.0,-1.6702202359936464,-4.000000476837158
3197,-8.780762791891961,0.0,-1.7807625832757055,-7.000000834465027
3198,-3.8721135026390527,0.0,-1.872113443034408,-2.000000238418579
3199,-5.755451080820024,0.0,-1.755450961610733,-4.000000476837158
3200,-7.86257906539063,0.0,-1.8625788865766975,-6.000000715255737
3201,-5.669497667658314,0.0,-1.6694975484490238,-4.000000476837158
3202,-8.46522905498269,0.0,-1.4652288463664314,-7.000000834465027
3203,-5.669976439536564,0.0,-1.6699763203272702,-4.000000476837158
3204,-6.824220506751846,0.0,-1.8242203577402354,-5.000000596046448
3205,-9.82396507618166,0.0,-1.823964837763083,-8.000000953674316
3206,-1.3789582460371883,0.0,-1.378958246037189,0.0
3207,-5.828199000299577,0.0,-1.8281988810902856,-4.000000476837158
3208,-2.3063576796446905,0.0,-1.30635764984237,-1.0000001192092896
3209,-4.842486514279159,0.0,-1.8424864248721917,-3.0000003576278687
3210,-3.669732272082701,0.0,-1.669732212478059,-2.000000238418579
3211,-5.831755390450564,0.0,-1.8317552712412701,-4.000000476837158
3212,-4.669722926281521,0.0,-1.6697228368745518,-3.0000003576278687
3213,-5.669380837815769,0.0,-1.6693807186064773,-4.000000476837158
3214,-5.838163539548167,0.0,-1.8381634203388741,-4.000000476837158
3215,-9.831100487122677,0.0,-1.8311002487040993,-8.000000953674316
3216,-7.744361910694096,0.0,-1.7443617318801585,-6.000000715255737
3217,-4.7209241595816085,0.0,-1.72092407017464,-3.0000003576278687
3218,-5.670062930735557,0.0,-1.6700628115262666,-4.000000476837158
3219,-3.6668811395846315,0.0,-1.6668810799799865,-2.000000238418579
3220,-5.850288271204973,0.0,-1.850288151995684,-4.000000476837158
3221,-7.766152408455004,0.0,-1.7661522296410719,-6.000000715255737
3222,-4.728477425652188,0.0,-1.7284773362452224,-3.0000003576278687
3223,-5.695729720968206,0.0,-1.6957296017589156,-4.000000476837158
3224,-5.6843746899742085,0.0,-1.6843745707649194,-4.000000476837158
3225,-2.3774577925940257,0.0,-1.3774577627917046,-1.0000001192092896
3226,-6.883474604261054,0.0,-1.8834744552494471,-5.000000596046448
3227,-4.669845468917859,0.0,-1.669845379510893,-3.0000003576278687
3228,-0.37832165737777657,0.0,-1.378321687180099,1.0000001192092896
3229,-5.772605096257457,0.0,-1.772604977048168,-4.000000476837158
3230,-0.37853965210621876,0.0,-1.3785396819085411,1.0000001192092896
3231,-6.8164783493375944,0.0,-1.816478200325983,-5.000000596046448
3232,-0.7781029471894448,0.0,-1.7781029769917667,1.0000001192092896
3233,-9.816820722551231,0.0,-1.8168204841326543,-8.000000953674316
3234,-5.814082284052966,0.0,-1.814082164843678,-4.000000476837158
3235,-5.711784011349976,0.0,-1.7117838921406885,-4.000000476837158
3236,-3.669976381042028,0.0,-1.6699763214373846,-2.000000238418579
3237,-3.669722902896031,0.0,-1.6697228432913884,-2.000000238418579
3238,-9.838050973928151,0.0,-1.8380507355095657,-8.000000953674316
3239,-10.837474424239398,0.0,-1.837474156018498,-9.000001072883606
3240,-7.846364380985286,0.0,-1.8463642021713482,-6.000000715255737
3241,-5.65359078497325,0.0,-1.6535906657639607,-4.000000476837158
3242,-6.669642778195469,0.0,-1.669642629183855,-5.000000596046448
3243,-8.779936791128467,0.0,-1.7799365825122113,-7.000000834465027
3244,-2.3510414961775115,0.0,-1.3510414663751906,-1.0000001192092896
3245,-0.3786486282909918,0.0,-1.378648658093314,1.0000001192092896
3246,-5.669349901362896,0.0,-1.6693497821536085,-4.000000476837158
3247,-3.796091939452813,0.0,-1.796091879848167,-2.000000238418579
3248,-5.808605009085422,0.0,-1.8086048898761333,-4.000000476837158
3249,-5.830464764372755,0.0,-1.8304646451634619,-4.000000476837158
3250,-3.8446022439597436,0.0,-1.8446021843550993,-2.000000238418579
3251,-4.819338591804183,0.0,-1.8193385023972173,-3.0000003576278687
3252,-2.377747980649602,0.0,-1.3777479508472792,-1.0000001192092896
3253,-5.669239514198601,0.0,-1.66923939498931,-4.000000476837158
3254,-5.669349905803352,0.0,-1.6693497865940607,-4.000000476837158
3255,-1.3777518873183798,0.0,-1.3777518873183774,0.0
3256,-3.6699763482239636,0.0,-1.669976288619321,-2.000000238418579
3257,-3.6699693934875315,0.0,-1.6699693338828867,-2.000000238418579
3258,-2.670220265795969,0.0,-1.6702202359936462,-1.0000001192092896
3259,-8.837830182794404,0.0,-1.8378299741781488,-7.000000834465027
3260,-5.763053987915571,0.0,-1.763053868706282,-4.000000476837158
3261,-7.669976496365917,0.0,-1.6699763175519917,-6.000000715255737
3262,-7.8376987259090996,0.0,-1.8376985470951677,-6.000000715255737
3263,-6.004279023390832,0.0,-2.0042789041815436,-4.000000476837158
3264,-3.6695431074966574,0.0,-1.6695430478920124,-2.000000238418579
3265,-6.840295897924808,0.0,-1.8402957489131992,-5.000000596046448
3266,-0.3786843046664088,0.0,-1.3786843344687312,1.0000001192092896
3267,-3.669544273869431,0.0,-1.6695442142647863,-2.000000238418579
3268,-0.37865451690774665,0.0,-1.3786545467100688,1.0000001192092896
3269,-7.7414130457746335,0.0,-1.7414128669606992,-6.000000715255737
3270,-6.824288301247369,0.0,-1.8242881522357506,-5.000000596046448
3271,-5.834369398861996,0.0,-1.8343692796527058,-4.000000476837158
3272,-7.841501199122133,0.0,-1.8415010203081987,-6.000000715255737
3273,-0.3790738709425301,0.0,-1.3790739007448525,1.0000001192092896
3274,-2.2954082535305043,0.0,-1.2954082237281828,-1.0000001192092896
3275,0.6228936764531814,0.0,-1.377106383151464,2.000000238418579
3276,-8.833848777080759,0.0,-1.833848568464507,-7.000000834465027
3277,-3.66647928009736,0.0,-1.666479220492715,-2.000000238418579
3278,0.6223456125761724,0.0,-1.377654447028472,2.000000238418579
3279,-5.669544310405732,0.0,-1.669544191196449,-4.000000476837158
3280,-8.822189013257116,0.0,-1.8221888046408605,-7.000000834465027
3281,-3.853655926042427,0.0,-1.8536558664377825,-2.000000238418579
3282,-5.669977655270277,0.0,-1.669977536060988,-4.000000476837158
3283,-4.742883098848755,0.0,-1.7428830094417926,-3.0000003576278687
3284,-7.669647945187252,0.0,-1.6696477663733165,-6.000000715255737
3285,-7.85737117462484,0.0,-1.857370995810908,-6.000000715255737
3286,-5.880155706234986,0.0,-1.8801555870256972,-4.000000476837158
3287,-7.6695432125171665,0.0,-1.6695430337032335,-6.000000715255737
3288,-5.828762903770063,0.0,-1.8287627845607703,-4.000000476837158
3289,-2.8298578862432273,0.0,-1.8298578564409063,-1.0000001192092896
3290,-9.85745002859055,0.0,-1.8574497901719662,-8.000000953674316
3291,-3.7801303740921197,0.0,-1.7801303144874747,-2.000000238418579
3292,-5.834122356158532,0.0,-1.8341222369492423,-4.000000476837158
3293,-3.8302537564033505,0.0,-1.8302536967987049,-2.000000238418579
3294,-2.37800683234828,0.0,-1.3780068025459595,-1.0000001192092896
3295,-10.816043113813114,0.0,-1.8160428455922073,-9.000001072883606
3296,-3.834378787662204,0.0,-1.834378728057559,-2.000000238418579
3297,-0.6110403672779535,0.0,-1.611040397080276,1.0000001192092896
3298,-9.683182303750748,0.0,-1.683182065332168,-8.000000953674316
3299,-5.377340770552914,0.0,-1.377340651343625,-4.000000476837158
3300,-0.3785324618328574,0.0,-1.37853249163518,1.0000001192092896
3301,-3.6695431108270014,0.0,-1.669543051222356,-2.000000238418579
3302,-10.836167112970818,0.0,-1.8361668447499222,-9.000001072883606
3303,-2.377287978516965,0.0,-1.377287948714643,-1.0000001192092896
3304,-7.669544371675527,0.0,-1.6695441928615924,-6.000000715255737
3305,-6.851704496805813,0.0,-1.8517043477942028,-5.000000596046448
3306,-5.669875815925517,0.0,-1.6698756967162294,-4.000000476837158
3307,-3.66954427331438,0.0,-1.6695442137097352,-2.000000238418579
3308,-0.3781513832949126,0.0,-1.3781514130972354,1.0000001192092896
3309,-4.669732277717521,0.0,-1.6697321883105534,-3.0000003576278687
3310,-8.832399724374463,0.0,-1.832399515758208,-7.000000834465027
3311,-0.37854797764690873,0.0,-1.378548007449231,1.0000001192092896
3312,-10.770539529758823,0.0,-1.770539261537922,-9.000001072883606
3313,-7.669544389748424,0.0,-1.6695442109344845,-6.000000715255737
3314,-5.832245277951143,0.0,-1.832245158741854,-4.000000476837158
3315,-9.834645205704781,0.0,-1.8346449672862013,-8.000000953674316
3316,-3.6698929749223113,0.0,-1.6698929153176665,-2.000000238418579
3317,-4.253404225469136,0.0,-1.2534041360621706,-3.0000003576278687
3318,-5.782028931717723,0.0,-1.7820288125084343,-4.000000476837158
3319,-7.836948618702847,0.0,-1.8369484398889122,-6.000000715255737
3320,-6.673849918235168,0.0,-1.6738497692235579,-5.000000596046448
3321,-7.738976016380057,0.0,-1.7389758375661226,-6.000000715255737
3322,-4.668021396571552,0.0,-1.6680213071645842,-3.0000003576278687
3323,-5.841969588698411,0.0,-1.8419694694891222,-4.000000476837158
3324,-5.828671094673394,0.0,-1.828670975464111,-4.000000476837158
3325,-5.692277505271644,0.0,-1.6922773860623566,-4.000000476837158
3326,-2.3776597656043617,0.0,-1.3776597358020368,-1.0000001192092896
3327,-8.819172410714167,0.0,-1.819172202097905,-7.000000834465027
3328,-5.811793392978097,0.0,-1.8117932737688058,-4.000000476837158
3329,-9.838792423472338,0.0,-1.8387921850537652,-8.000000953674316
3330,-3.8009171648352815,0.0,-1.8009171052306365,-2.000000238418579
3331,-5.8364196397187476,0.0,-1.8364195205094578,-4.000000476837158
3332,-7.798845878448347,0.0,-1.7988456996344164,-6.000000715255737
3333,-5.669211877906857,0.0,-1.6692117586975643,-4.000000476837158
3334,-7.8495824069662445,0.0,-1.8495822281523109,-6.000000715255737
3335,-7.733505310961426,0.0,-1.733505132147494,-6.000000715255737
3336,-0.3783497015225996,0.0,-1.3783497313249216,1.0000001192092896
3337,-5.6698930306423945,0.0,-1.669892911433105,-4.000000476837158
3338,-7.842851668656553,0.0,-1.842851489842619,-6.000000715255737
3339,-3.840587804671239,0.0,-1.840587745066592,-2.000000238418579
3340,-5.85905022375956,0.0,-1.8590501045502679,-4.000000476837158
3341,-3.6702202855644304,0.0,-1.6702202259597836,-2.000000238418579
3342,-6.82036948088124,0.0,-1.820369331869633,-5.000000596046448
3343,-3.8491514465694476,0.0,-1.8491513869648037,-2.000000238418579
3344,-2.378077249439142,0.0,-1.378077219636821,-1.0000001192092896
3345,-5.6703930546068735,0.0,-1.6703929353975793,-4.000000476837158
3346,-7.828924980477056,0.0,-1.8289248016631208,-6.000000715255737
3347,-4.670080410850532,0.0,-1.670080321443568,-3.0000003576278687
3348,-3.7706157331000627,0.0,-1.7706156734954202,-2.000000238418579
3349,-3.8530918231642426,0.0,-1.853091763559597,-2.000000238418579
3350,-5.762424032143717,0.0,-1.7624239129344261,-4.000000476837158
3351,-8.786873902076797,0.0,-1.7868736934605454,-7.000000834465027
3352,-6.669976631589942,0.0,-1.6699764825783334,-5.000000596046448
3353,-3.8175260879609887,0.0,-1.8175260283563441,-2.000000238418579
3354,-5.819626252141297,0.0,-1.8196261329320067,-4.000000476837158
3355,-0.3790503490270636,0.0,-1.379050378829386,1.0000001192092896
3356,-2.6174444080175565,0.0,-1.617444378215234,-1.0000001192092896
3357,-7.839526036177949,0.0,-1.8395258573640114,-6.000000715255737
3358,-7.67022040311326,0.0,-1.6702202242993263,-6.000000715255737
3359,-7.8255504629101456,0.0,-1.825550284096213,-6.000000715255737
3360,-7.803396829638941,0.0,-1.8033966508250039,-6.000000715255737
3361,-9.83331607520191,0.0,-1.8333158367833358,-8.000000953674316
3362,-7.670220388651497,0.0,-1.6702202098375631,-6.000000715255737
3363,-6.8696084537337265,0.0,-1.8696083047221148,-5.000000596046448
3364,-9.80053628716219,0.0,-1.8005360487436077,-8.000000953674316
3365,-4.66997705097718,0.0,-1.6699769615702102,-3.0000003576278687
3366,-5.669497545576395,0.0,-1.6694974263671047,-4.000000476837158
3367,-7.890342102417645,0.0,-1.8903419236037131,-6.000000715255737
3368,-9.889094927178535,0.0,-1.8890946887599538,-8.000000953674316
3369,-3.669732270417719,0.0,-1.6697322108130752,-2.000000238418579
3370,-5.669907774504282,0.0,-1.669907655294992,-4.000000476837158
3371,-7.816929012559497,0.0,-1.8169288337455631,-6.000000715255737
3372,-5.669926884602666,0.0,-1.669926765393374,-4.000000476837158
3373,-5.669186768207632,0.0,-1.6691866489983447,-4.000000476837158
3374,-7.817300982266527,0.0,-1.8173008034525944,-6.000000715255737
3375,-3.6322423187011585,0.0,-1.6322422590965167,-2.000000238418579
3376,-10.812302218429815,0.0,-1.8123019502089057,-9.000001072883606
3377,-4.669722932143305,0.0,-1.669722842736337,-3.0000003576278687
3378,-4.377617444825189,0.0,-1.3776173554182258,-3.0000003576278687
3379,-2.3801005770121604,0.0,-1.3801005472098373,-1.0000001192092896
3380,-5.806826352096467,0.0,-1.8068262328871798,-4.000000476837158
3381,-7.817365948671208,0.0,-1.8173657698572745,-6.000000715255737
3382,-9.831060739096081,0.0,-1.8310605006774947,-8.000000953674316
3383,-1.8804120569000498,0.0,-1.880412056900049,0.0
3384,-7.7918264812379014,0.0,-1.7918263024239673,-6.000000715255737
3385,-2.531374069179101,0.0,-1.5313740393767803,-1.0000001192092896
3386,-11.894251143287462,0.0,-1.8942508452642344,-10.000001192092896
3387,-6.897507865216393,0.0,-1.8975077162047784,-5.000000596046448
3388,-9.845307808940332,0.0,-1.8453075705217614,-8.000000953674316
3389,-5.379341042865191,0.0,-1.379340923655906,-4.000000476837158
3390,-4.378576228111862,0.0,-1.3785761387048987,-3.0000003576278687
3391,-7.837562327096667,0.0,-1.8375621482827358,-6.000000715255737
3392,-3.999031562506109,0.0,-1.9990315029014647,-2.000000238418579
3393,-4.85924451611866,0.0,-1.8592444267116957,-3.0000003576278687
3394,-2.8127714313846672,0.0,-1.8127714015823453,-1.0000001192092896
3395,-2.3771172610851776,0.0,-1.377117231282855,-1.0000001192092896
3396,-5.825039056100138,0.0,-1.8250389368908488,-4.000000476837158
3397,-6.669543187155303,0.0,-1.6695430381436864,-5.000000596046448
3398,-0.3779867029727375,0.0,-1.37798673277506,1.0000001192092896
3399,-1.8477670311796917,0.0,-1.8477670311796919,0.0
3400,-5.669349883843738,0.0,-1.6693497646344457,-4.000000476837158
3401,-5.6695431359484525,0.0,-1.6695430167391636,-4.000000476837158
3402,-5.834494699770594,0.0,-1.8344945805613,-4.000000476837158
3403,-7.8684516276329015,0.0,-1.8684514488189665,-6.000000715255737
3404,-9.853110476301545,0.0,-1.8531102378829631,-8.000000953674316
3405,-5.669722970582666,0.0,-1.6697228513733764,-4.000000476837158
3406,-5.66973232780239,0.0,-1.6697322085931001,-4.000000476837158
3407,-2.7500798094673127,0.0,-1.7500797796649912,-1.0000001192092896
3408,-7.755382783558277,0.0,-1.7553826047443444,-6.000000715255737
3409,-5.669893038966465,0.0,-1.6698929197571721,-4.000000476837158
3410,-1.3777749774624763,0.0,-1.3777749774624768,0.0
3411,-5.8309052356791256,0.0,-1.8309051164698305,-4.000000476837158
3412,-6.817100867694978,0.0,-1.8171007186833668,-5.000000596046448
3413,-6.669976550135495,0.0,-1.669976401123882,-5.000000596046448
3414,-5.669349891614517,0.0,-1.6693497724052282,-4.000000476837158
3415,-2.669349813066043,0.0,-1.6693497832637214,-1.0000001192092896
3416,-3.670237680957523,0.0,-1.6702376213528785,-2.000000238418579
3417,-5.799678438852913,0.0,-1.7996783196436246,-4.000000476837158
3418,-7.819268057870228,0.0,-1.8192678790562953,-6.000000715255737
3419,-7.669976474093918,0.0,-1.6699762952799848,-6.000000715255737
3420,-5.667240806795171,0.0,-1.6672406875858785,-4.000000476837158
3421,-0.37869850927560855,0.0,-1.3786985390779312,1.0000001192092896
3422,-7.835826229083864,0.0,-1.8358260502699324,-6.000000715255737
3423,-4.655874558387152,0.0,-1.6558744689801879,-3.0000003576278687
3424,-9.669512586489313,0.0,-1.6695123480707323,-8.000000953674316
3425,-7.669976616675786,0.0,-1.6699764378618491,-6.000000715255737
3426,-6.921712807591848,-1.0000001192092896,-1.9217126585802367,-4.000000476837158
3427,-8.787427701946456,0.0,-1.7874274933302003,-7.000000834465027
3428,-0.3780791218053383,0.0,-1.3780791516076607,1.0000001192092896
3429,-0.37778549208013756,0.0,-1.37778552188246,1.0000001192092896
3430,-7.788349598045116,0.0,-1.7883494192311862,-6.000000715255737
3431,-5.669543162660854,0.0,-1.6695430434515655,-4.000000476837158
3432,-9.851653908173901,0.0,-1.8516536697553174,-8.000000953674316
3433,-5.669996408008989,0.0,-1.6699962887997002,-4.000000476837158
3434,-5.84949854181043,0.0,-1.8494984226011417,-4.000000476837158
3435,-4.668975518990242,0.0,-1.6689754295832742,-3.0000003576278687
3436,-5.809801460899735,0.0,-1.809801341690445,-4.000000476837158
3437,-11.885030717613045,0.0,-1.885030419589819,-10.000001192092896
3438,-2.377662243522368,0.0,-1.377662213720045,-1.0000001192092896
3439,-5.8359201421553255,0.0,-1.8359200229460413,-4.000000476837158
3440,-3.2636364104780933,0.0,-1.2636363508734498,-2.000000238418579
3441,-7.767751144933467,0.0,-1.7677509661195345,-6.000000715255737
3442,-0.3785171807791272,0.0,-1.3785172105814498,1.0000001192092896
3443,-7.667735712259167,0.0,-1.667735533445225,-6.000000715255737
3444,-7.871949786400679,0.0,-1.8719496075867457,-6.000000715255737
3445,-6.800276198101388,0.0,-1.800276049089778,-5.000000596046448
3446,-1.3789821989044082,0.0,-1.3789821989044087,0.0
3447,-8.783733054687367,0.0,-1.7837328460711077,-7.000000834465027
3448,-7.8309205241988815,0.0,-1.830920345384944,-6.000000715255737
3449,-2.7202486604215137,0.0,-1.7202486306191895,-1.0000001192092896
3450,-7.668966439950454,0.0,-1.6689662611365148,-6.000000715255737
3451,-5.796169206496388,0.0,-1.7961690872871,-4.000000476837158
3452,-5.669544315401177,0.0,-1.6695441961918855,-4.000000476837158
3453,-5.669349880686917,0.0,-1.6693497614776287,-4.000000476837158
3454,-5.824076142776088,0.0,-1.8240760235667979,-4.000000476837158
3455,-5.747975336641122,0.0,-1.7479752174318326,-4.000000476837158
3456,-4.827480976793968,0.0,-1.8274808873870005,-3.0000003576278687
3457,-4.7278444020442265,0.0,-1.7278443126372607,-3.0000003576278687
3458,-3.37735421565222,0.0,-1.377354156047574,-2.000000238418579
3459,-7.809813501606906,0.0,-1.8098133227929745,-6.000000715255737
3460,-2.8381164010494726,0.0,-1.8381163712471495,-1.0000001192092896
3461,-5.7692087496859195,0.0,-1.7692086304766321,-4.000000476837158
3462,-3.6695611866333735,0.0,-1.6695611270287294,-2.000000238418579
3463,-7.890056014560104,0.0,-1.8900558357461723,-6.000000715255737
3464,-5.669543163215911,0.0,-1.6695430440066201,-4.000000476837158
3465,-4.66710901002476,0.0,-1.6671089206177936,-3.0000003576278687
3466,-3.794523120742639,0.0,-1.794523061137995,-2.000000238418579
3467,-5.854964582838939,0.0,-1.8549644636296485,-4.000000476837158
3468,-0.37887789289269724,0.0,-1.37887792269502,1.0000001192092896
3469,-2.8506627178826682,0.0,-1.8506626880803458,-1.0000001192092896
3470,-5.76457874169521,0.0,-1.7645786224859186,-4.000000476837158
3471,-7.831367360348763,0.0,-1.8313671815348331,-6.000000715255737
3472,-2.6035734122195118,0.0,-1.603573382417189,-1.0000001192092896
3473,-2.3800595709510146,0.0,-1.380059541148691,-1.0000001192092896
3474,-9.843901684066374,0.0,-1.8439014456477993,-8.000000953674316
3475,-5.669544325703381,0.0,-1.6695442064940915,-4.000000476837158
3476,-4.803891302661988,0.0,-1.8038912132550224,-3.0000003576278687
3477,-5.480250130083631,0.0,-1.480250010874341,-4.000000476837158
3478,-5.840328562099635,0.0,-1.8403284428903477,-4.000000476837158
3479,-1.3790604996458526,0.0,-1.379060499645853,0.0
3480,-5.7439843425727135,0.0,-1.7439842233634282,-4.000000476837158
3481,-7.8389813051435135,0.0,-1.8389811263295772,-6.000000715255737
3482,-3.872266094364521,0.0,-1.8722660347598759,-2.000000238418579
3483,-6.846192637999307,0.0,-1.846192488987698,-5.000000596046448
3484,-7.669893101900747,0.0,-1.6698929230868114,-6.000000715255737
3485,-3.6691430861706995,0.0,-1.6691430265660536,-2.000000238418579
3486,-2.3786145863569335,0.0,-1.3786145565546106,-1.0000001192092896
3487,-1.6115629160601617,0.0,-1.6115629160601612,0.0
3488,-5.797338203759603,0.0,-1.797338084550313,-4.000000476837158
3489,-7.83651619630612,0.0,-1.836516017492187,-6.000000715255737
3490,-5.831064729972021,0.0,-1.8310646107627304,-4.000000476837158
3491,-4.690357818796793,0.0,-1.690357729389825,-3.0000003576278687
3492,-7.6693501263064885,0.0,-1.669349947492552,-6.000000715255737
3493,-5.669168566291778,0.0,-1.6691684470824895,-4.000000476837158
3494,-8.781400837694424,0.0,-1.7814006290781652,-7.000000834465027
3495,-2.3803863379663497,0.0,-1.3803863081640266,-1.0000001192092896
3496,-5.838333463973797,0.0,-1.8383333447645072,-4.000000476837158
3497,-2.6725637760090453,0.0,-1.672563746206722,-1.0000001192092896
3498,-7.666618552435084,0.0,-1.6666183736211466,-6.000000715255737
3499,-4.905206348012738,0.0,-1.9052062586057728,-3.0000003576278687
3500,-6.827083179909808,0.0,-1.827083030898194,-5.000000596046448
3501,-8.803601439626366,0.0,-1.8036012310101093,-7.000000834465027
3502,-1.3776837954270678,0.0,-1.3776837954270675,0.0
3503,-3.8810794559585324,0.0,-1.8810793963538872,-2.000000238418579
3504,-3.6700803747321373,0.0,-1.670080315127493,-2.000000238418579
3505,-8.670080537821878,0.0,-1.6700803292056217,-7.000000834465027
3506,-10.860753690360259,0.0,-1.8607534221393518,-9.000001072883606
3507,-5.8335088930995616,0.0,-1.833508773890273,-4.000000476837158
3508,-2.377706618707962,0.0,-1.3777065889056401,-1.0000001192092896
3509,-5.795574966367274,0.0,-1.7955748471579869,-4.000000476837158
3510,-2.000872598128544,0.0,-1.000872568326221,-1.0000001192092896
3511,-5.66914314355512,0.0,-1.6691430243458278,-4.000000476837158
3512,-6.75677164872208,0.0,-1.7567714997104698,-5.000000596046448
3513,-4.807956371818505,0.0,-1.807956282411539,-3.0000003576278687
3514,-7.817926820108115,0.0,-1.817926641294177,-6.000000715255737
3515,-2.379999192112879,0.0,-1.3799991623105603,-1.0000001192092896
3516,-2.6425564611186165,0.0,-1.6425564313162972,-1.0000001192092896
3517,-3.66997756802164,0.0,-1.6699775084169972,-2.000000238418579
3518,-8.795682078152355,0.0,-1.7956818695360983,-7.000000834465027
3519,-7.669893083848497,0.0,-1.6698929050345603,-6.000000715255737
3520,-11.83538993478927,0.0,-1.8353896367660403,-10.000001192092896
3521,-3.3770963443966813,0.0,-1.3770962847920372,-2.000000238418579
3522,-0.6749012569348254,0.0,-1.6749012867371473,1.0000001192092896
3523,-2.3778755042010866,0.0,-1.3778754743987651,-1.0000001192092896
3524,-1.3781475603614464,0.0,-1.3781475603614455,0.0
3525,-3.6695442524662383,0.0,-1.6695441928615922,-2.000000238418579
3526,-5.698646400063852,0.0,-1.698646280854559,-4.000000476837158
3527,-3.669002252839893,0.0,-1.6690021932352488,-2.000000238418579
3528,-8.840324475199347,0.0,-1.8403242665830997,-7.000000834465027
3529,-4.669143083779949,0.0,-1.6691429943729832,-3.0000003576278687
3530,-8.717575492323748,0.0,-1.7175752837074902,-7.000000834465027
3531,-5.768350547811575,0.0,-1.768350428602286,-4.000000476837158
3532,-7.83211505577184,0.0,-1.8321148769579083,-6.000000715255737
3533,-3.6702202727631223,0.0,-1.670220213158479,-2.000000238418579
3534,-1.3776853763155317,0.0,-1.3776853763155303,0.0
3535,-2.6696427355379253,0.0,-1.669642705735602,-1.0000001192092896
3536,-8.771772894489674,0.0,-1.7717726858734149,-7.000000834465027
3537,-2.668070154147836,0.0,-1.6680701243455138,-1.0000001192092896
3538,-9.828835766640367,0.0,-1.828835528221788,-8.000000953674316
3539,-3.6697322715277094,0.0,-1.669732211923065,-2.000000238418579
3540,-5.669977629291438,0.0,-1.6699775100821463,-4.000000476837158
3541,-4.66797544885053,0.0,-1.6679753594435645,-3.0000003576278687
3542,-9.873835479969978,0.0,-1.873835241551399,-8.000000953674316
3543,-2.8772392377513696,0.0,-1.8772392079490459,-1.0000001192092896
3544,-2.3781224174935676,0.0,-1.3781223876912476,-1.0000001192092896
3545,-3.6655887902389592,0.0,-1.665588730634316,-2.000000238418579
3546,-5.815342516411451,0.0,-1.8153423972021587,-4.000000476837158
3547,-3.669350043800281,0.0,-1.6693499841956396,-2.000000238418579
3548,-5.6703756671671215,0.0,-1.6703755479578326,-4.000000476837158
3549,-5.669987019870998,0.0,-1.66998690066171,-4.000000476837158
3550,-8.853259256634107,0.0,-1.853259048017849,-7.000000834465027
3551,-7.824739502067871,0.0,-1.8247393232539362,-6.000000715255737
3552,-8.790962793745315,0.0,-1.7909625851290576,-7.000000834465027
3553,-5.669349895257287,0.0,-1.669349776047996,-4.000000476837158
3554,-0.3786212233783055,0.0,-1.378621253180628,1.0000001192092896
3555,-10.921829587140094,-1.0000001192092896,-1.9218293189191917,-8.000000953674316
3556,-5.83330884602817,0.0,-1.833308726818879,-4.000000476837158
3557,-3.670016973989595,0.0,-1.67001691438495,-2.000000238418579
3558,-7.702724251733615,0.0,-1.7027240729196802,-6.000000715255737
3559,-3.669544270539131,0.0,-1.6695442109344838,-2.000000238418579
3560,-7.803480183278127,0.0,-1.8034800044641934,-6.000000715255737
3561,-3.6699775702418407,0.0,-1.669977510637197,-2.000000238418579
3562,-7.6691873233915056,0.0,-1.6691871445775697,-6.000000715255737
3563,-5.782054132157481,0.0,-1.782054012948189,-4.000000476837158
3564,-5.821423928044955,0.0,-1.8214238088356633,-4.000000476837158
3565,-3.669976995236321,0.0,-1.6699769356316756,-2.000000238418579
3566,-2.380190739309602,0.0,-1.380190709507279,-1.0000001192092896
3567,-11.818596934616922,0.0,-1.818596636593696,-10.000001192092896
3568,-0.37868785780937264,0.0,-1.3786878876116953,1.0000001192092896
3569,-6.922509770774431,-1.0000001192092896,-1.9225096217628195,-4.000000476837158
3570,-5.669893042851039,0.0,-1.6698929236417506,-4.000000476837158
3571,-5.850027426728752,0.0,-1.8500273075194567,-4.000000476837158
3572,-6.380529331544087,0.0,-1.3805291825324755,-5.000000596046448
3573,-5.669589633683494,0.0,-1.6695895144742092,-4.000000476837158
3574,-11.83004110656474,0.0,-1.8300408085415196,-10.000001192092896
3575,-4.710952244631974,0.0,-1.7109521552250093,-3.0000003576278687
3576,-5.669996395506141,0.0,-1.6699962762968548,-4.000000476837158
3577,-3.745268358334798,0.0,-1.7452682987301527,-2.000000238418579
3578,-1.6693497865940612,0.0,-1.6693497865940616,0.0
3579,-5.670375635587957,0.0,-1.6703755163786649,-4.000000476837158
3580,-8.806604904915739,0.0,-1.8066046962994846,-7.000000834465027
3581,-8.765382856384736,0.0,-1.7653826477684829,-7.000000834465027
3582,-1.7936905697218983,0.0,-1.7936905697218974,0.0
3583,-5.66973234586497,0.0,-1.6697322266556809,-4.000000476837158
3584,-11.836130502221716,0.0,-1.8361302041984984,-10.000001192092896
3585,-7.79216629351348,0.0,-1.7921661146995465,-6.000000715255737
3586,-2.823347241575787,0.0,-1.8233472117734648,-1.0000001192092896
3587,-6.845027278285602,0.0,-1.8450271292739913,-5.000000596046448
3588,-2.6697224872211196,0.0,-1.6697224574187959,-1.0000001192092896
3589,-9.880121334157481,0.0,-1.880121095738899,-8.000000953674316
3590,-2.378116539720069,0.0,-1.3781165099177473,-1.0000001192092896
3591,-2.380141122666993,0.0,-1.38014109286467,-1.0000001192092896
3592,-3.3773002382494646,0.0,-1.377300178644818,-2.000000238418579
3593,-5.3802600720655445,0.0,-1.3802599528562547,-4.000000476837158
3594,-5.850758178385008,0.0,-1.8507580591757202,-4.000000476837158
3595,0.6220874350040728,0.0,-1.3779126246005704,2.000000238418579
3596,-5.669960086114884,0.0,-1.669959966905592,-4.000000476837158
3597,-5.842066925133292,0.0,-1.8420668059240035,-4.000000476837158
3598,-5.807147008712493,0.0,-1.8071468895032026,-4.000000476837158
3599,-5.783888985203731,0.0,-1.7838888659944439,-4.000000476837158
3600,-3.6702202833504836,0.0,-1.6702202237458397,-2.000000238418579
3601,-4.469354609782428,0.0,-1.4693545203754614,-3.0000003576278687
3602,-5.718107815770472,0.0,-1.7181076965611854,-4.000000476837158
3603,-8.820330921049505,0.0,-1.8203307124332484,-7.000000834465027
3604,-6.664672743236314,0.0,-1.664672594224701,-5.000000596046448
3605,-8.720160196243409,0.0,-1.7201599876271503,-7.000000834465027
3606,-4.3773993996554506,0.0,-1.3773993102484798,-3.0000003576278687
3607,-5.822305702991991,0.0,-1.8223055837827011,-4.000000476837158
3608,-5.669977628736384,0.0,-1.6699775095270974,-4.000000476837158
3609,-7.78413352497087,0.0,-1.7841333461569364,-6.000000715255737
3610,-3.8157745689285356,0.0,-1.815774509323892,-2.000000238418579
3611,-7.699398137906492,0.0,-1.6993979590925576,-6.000000715255737
3612,-7.673882355382499,0.0,-1.6738821765685667,-6.000000715255737
3613,-2.3788062502814737,0.0,-1.3788062204791498,-1.0000001192092896
3614,-4.86347540741588,0.0,-1.8634753180089116,-3.0000003576278687
3615,-8.667055291962967,0.0,-1.6670550833467062,-7.000000834465027
3616,-3.839857435668972,0.0,-1.839857376064327,-2.000000238418579
3617,-3.6689754282574945,0.0,-1.6689753686528475,-2.000000238418579
3618,-5.669143148550633,0.0,-1.6691430293413423,-4.000000476837158
3619,-5.669976435651168,0.0,-1.6699763164418802,-4.000000476837158
3620,-5.669977628736385,0.0,-1.6699775095270963,-4.000000476837158
3621,-0.37873339498963166,0.0,-1.3787334247919543,1.0000001192092896
3622,-7.793623745492449,0.0,-1.7936235666785152,-6.000000715255737
3623,-5.669977594810794,0.0,-1.6699774756015018,-4.000000476837158
3624,-2.3774715415209298,0.0,-1.3774715117186087,-1.0000001192092896
3625,-2.6695124232298286,0.0,-1.669512393427505,-1.0000001192092896
3626,-6.757876182437942,0.0,-1.7578760334263288,-5.000000596046448
3627,-9.845635383070826,0.0,-1.8456351446522468,-8.000000953674316
3628,-12.825028573107973,0.0,-1.8250282452824265,-11.000001311302185
3629,-2.8032223466218236,0.0,-1.8032223168195014,-1.0000001192092896
3630,-3.6698929793618187,0.0,-1.6698929197571737,-2.000000238418579
3631,-3.377737088214599,0.0,-1.3777370286099542,-2.000000238418579
3632,-10.670611933724876,0.0,-1.6706116655039747,-9.000001072883606
3633,-7.731814212150038,0.0,-1.731814033336102,-6.000000715255737
3634,-5.803916509072379,0.0,-1.8039163898630863,-4.000000476837158
3635,-2.3792975596716603,0.0,-1.3792975298693357,-1.0000001192092896
3636,-8.806936256281205,0.0,-1.8069360476649448,-7.000000834465027
3637,-4.379355455706828,0.0,-1.379355366299864,-3.0000003576278687
3638,-5.669168630745205,0.0,-1.6691685115359263,-4.000000476837158
3639,-11.838093774447142,0.0,-1.838093476423916,-10.000001192092896
3640,-4.794082885096568,0.0,-1.7940827956896064,-3.0000003576278687
3641,-4.835431676726849,0.0,-1.8354315873198843,-3.0000003576278687
3642,-10.790533538039941,0.0,-1.7905332698190373,-9.000001072883606
3643,-5.816178375843655,0.0,-1.8161782566343623,-4.000000476837158
3644,-5.830918135615853,0.0,-1.8309180164065626,-4.000000476837158
3645,-5.7937746635121155,0.0,-1.7937745443028266,-4.000000476837158
3646,-9.729593171155306,0.0,-1.729592932736731,-8.000000953674316
3647,-5.829205913601294,0.0,-1.8292057943920028,-4.000000476837158
3648,-0.37865758749030465,0.0,-1.3786576172926268,1.0000001192092896
3649,-8.835451495168948,0.0,-1.8354512865526864,-7.000000834465027
3650,-2.6686034247780572,0.0,-1.668603394975733,-1.0000001192092896
3651,-5.669350082555639,0.0,-1.669349963346348,-4.000000476837158
3652,-8.843662623796494,0.0,-1.8436624151802443,-7.000000834465027
3653,-4.378243788846043,0.0,-1.3782436994390723,-3.0000003576278687
3654,-6.669543177406962,0.0,-1.669543028395353,-5.000000596046448
3655,-7.860696815617478,0.0,-1.8606966368035405,-6.000000715255737
3656,-1.2798502099703921,0.0,-1.2798502099703928,0.0
3657,-0.3786751612067374,0.0,-1.3786751910090596,1.0000001192092896
3658,-5.669722963922082,0.0,-1.6697228447127916,-4.000000476837158
3659,-10.904648926291996,0.0,-1.9046486580710924,-9.000001072883606
3660,-9.84796088898882,0.0,-1.847960650570243,-8.000000953674316
3661,-3.671577510839858,0.0,-1.6715774512352162,-2.000000238418579
3662,-3.2920976072208883,0.0,-1.2920975476162428,-2.000000238418579
3663,-7.779794597236198,0.0,-1.77979441842226,-6.000000715255737
3664,-0.3786550227071199,0.0,-1.3786550525094425,1.0000001192092896
3665,-2.3791753666187287,0.0,-1.3791753368164068,-1.0000001192092896
3666,-8.84391940101561,0.0,-1.8439191923993439,-7.000000834465027
3667,-2.8025018438150333,0.0,-1.802501814012712,-1.0000001192092896
3668,-7.817449312726958,0.0,-1.817449133913024,-6.000000715255737
3669,-1.3782361561021137,0.0,-1.3782361561021133,0.0
3670,-2.378065267592084,0.0,-1.378065237789762,-1.0000001192092896
3671,-5.822795879907253,0.0,-1.8227957606979603,-4.000000476837158
3672,-2.379714304400868,0.0,-1.3797142745985447,-1.0000001192092896
3673,-5.837173052081916,0.0,-1.8371729328726247,-4.000000476837158
3674,-6.814433697876396,0.0,-1.8144335488647847,-5.000000596046448
3675,-5.819723856452584,0.0,-1.819723737243291,-4.000000476837158
3676,-2.3801601356498723,0.0,-1.3801601058475497,-1.0000001192092896
3677,-6.864146839057288,0.0,-1.8641466900456793,-5.000000596046448
3678,-10.892520571599624,0.0,-1.8925203033787228,-9.000001072883606
3679,-9.815316600000779,0.0,-1.8153163615822054,-8.000000953674316
3680,-9.756066166103357,0.0,-1.7560659276847823,-8.000000953674316
3681,-10.771210565780454,0.0,-1.771210297559553,-9.000001072883606
3682,-5.832683667779382,0.0,-1.8326835485700925,-4.000000476837158
3683,-11.832817281502589,0.0,-1.8328169834793686,-10.000001192092896
3684,-8.734460806298953,0.0,-1.7344605976826988,-7.000000834465027
3685,-6.817204401806393,0.0,-1.8172042527947787,-5.000000596046448
3686,-5.838252612752177,0.0,-1.8382524935428874,-4.000000476837158
3687,-0.7978348085953039,0.0,-1.7978348383976266,1.0000001192092896
3688,-2.537364448275081,0.0,-1.537364418472764,-1.0000001192092896
3689,0.36621489195440105,0.0,-1.6337851676502428,2.000000238418579
3690,-8.806063973766166,0.0,-1.8060637651499096,-7.000000834465027
3691,-1.2859195407345296,0.0,-1.2859195407345296,0.0
3692,-5.670220343508615,0.0,-1.6702202242993274,-4.000000476837158
3693,-8.774520827951262,0.0,-1.7745206193350072,-7.000000834465027
3694,-11.800326895841772,0.0,-1.800326597818544,-10.000001192092896
3695,-7.669814042363346,0.0,-1.6698138635494124,-6.000000715255737
3696,-7.662609556208479,0.0,-1.6626093773945412,-6.000000715255737
3697,-3.668191152133329,0.0,-1.668191092528685,-2.000000238418579
3698,-3.690626002231327,0.0,-1.6906259426266794,-2.000000238418579
3699,-5.8314041985543,0.0,-1.8314040793450146,-4.000000476837158
3700,-5.669143141334893,0.0,-1.6691430221256027,-4.000000476837158
3701,-12.805115437941893,0.0,-1.8051151101163456,-11.000001311302185
3702,-6.842983759671737,0.0,-1.842983610660127,-5.000000596046448
3703,-6.834311718190741,0.0,-1.8343115691791259,-5.000000596046448
3704,-8.841096133404953,0.0,-1.8410959247886935,-7.000000834465027
3705,-0.37935474440397887,0.0,-1.3793547742063013,1.0000001192092896
3706,-5.6699764189297275,0.0,-1.6699762997204393,-4.000000476837158
3707,-8.70279666205589,0.0,-1.702796453439635,-7.000000834465027
3708,-5.752279582077981,0.0,-1.7522794628686877,-4.000000476837158
3709,-4.8667054811678065,0.0,-1.8667053917608403,-3.0000003576278687
3710,-2.3797811857305473,0.0,-1.3797811559282265,-1.0000001192092896
3711,-1.8662316156597232,0.0,-1.8662316156597232,0.0
3712,-3.669977023947023,0.0,-1.6699769643423765,-2.000000238418579
3713,-8.742374356585911,0.0,-1.7423741479696597,-7.000000834465027
3714,-0.3782086880160127,0.0,-1.3782087178183353,1.0000001192092896
3715,-5.794102807556597,0.0,-1.7941026883473035,-4.000000476837158
3716,-4.807853227940305,0.0,-1.8078531385333363,-3.0000003576278687
3717,-5.803472990704002,0.0,-1.8034728714947108,-4.000000476837158
3718,-7.670220416468038,0.0,-1.6702202376541042,-6.000000715255737
3719,-7.837965838730896,0.0,-1.8379656599169667,-6.000000715255737
3720,-8.669732419429327,0.0,-1.6697322108130739,-7.000000834465027
3721,-2.378013976001429,0.0,-1.3780139461991068,-1.0000001192092896
3722,-10.8210770548241,0.0,-1.8210767866031974,-9.000001072883606
3723,-5.669977058721995,0.0,-1.669976939512704,-4.000000476837158
3724,-5.841068127785464,0.0,-1.8410680085761733,-4.000000476837158
3725,-5.669977066146936,0.0,-1.6699769469376518,-4.000000476837158
3726,-7.82254753838799,0.0,-1.8225473595740518,-6.000000715255737
3727,-5.669722964477126,0.0,-1.6697228452678394,-4.000000476837158
3728,-7.670220391972411,0.0,-1.6702202131584774,-6.000000715255737
3729,-1.3780534171534669,0.0,-1.3780534171534664,0.0
3730,-9.738792804209172,0.0,-1.7387925657905925,-8.000000953674316
3731,-7.8454406340151515,0.0,-1.8454404552012174,-6.000000715255737
3732,-3.6699963403409996,0.0,-1.6699962807363546,-2.000000238418579
3733,-7.668541948413035,0.0,-1.6685417695991012,-6.000000715255737
3734,-5.8158875762621625,0.0,-1.8158874570528702,-4.000000476837158
3735,-9.90466274081982,0.0,-1.9046625024012465,-8.000000953674316
3736,-0.3786616789789943,0.0,-1.3786617087813164,1.0000001192092896
3737,-3.75314288542699,0.0,-1.753142825822345,-2.000000238418579
3738,-3.6675882030952933,0.0,-1.6675881434906488,-2.000000238418579
3739,-7.669723030187309,0.0,-1.6697228513733775,-6.000000715255737
3740,-0.3785593866042729,0.0,-1.3785594164065955,1.0000001192092896
3741,-7.845854400844636,0.0,-1.8458542220306968,-6.000000715255737
3742,-3.8135755049714066,0.0,-1.8135754453667616,-2.000000238418579
3743,-4.688444565508479,0.0,-1.6884444761015098,-3.0000003576278687
3744,-7.83297387680876,0.0,-1.8329736979948228,-6.000000715255737
3745,-0.37849587066327994,0.0,-1.378495900465602,1.0000001192092896
3746,-6.676127129835724,0.0,-1.676126980824112,-5.000000596046448
3747,-5.6697323200324945,0.0,-1.6697322008232052,-4.000000476837158
3748,-1.3783119081015833,0.0,-1.3783119081015838,0.0
3749,-4.669892991666838,0.0,-1.6698929022598687,-3.0000003576278687
3750,-7.669543226150897,0.0,-1.6695430473369575,-6.000000715255737
3751,-9.824990288082299,0.0,-1.82499004966372,-8.000000953674316
3752,-7.669976525853609,0.0,-1.6699763470396756,-6.000000715255737
3753,-4.797458232814114,0.0,-1.7974581434071495,-3.0000003576278687
3754,-1.3776773192027207,0.0,-1.377677319202722,0.0
3755,-7.66997649248054,0.0,-1.669976313666607,-6.000000715255737
3756,-2.661772728707431,0.0,-1.661772698905109,-1.0000001192092896
3757,-7.845626237668838,0.0,-1.8456260588549074,-6.000000715255737
3758,-5.71867184594125,0.0,-1.7186717267319633,-4.000000476837158
3759,-2.377093028562956,0.0,-1.3770929987606333,-1.0000001192092896
3760,0.622131955529108,0.0,-1.3778681040755356,2.000000238418579
3761,-4.894733217719871,0.0,-1.894733128312904,-3.0000003576278687
3762,-7.817581658711998,0.0,-1.8175814798980623,-6.000000715255737
3763,-2.3770823876430036,0.0,-1.3770823578406826,-1.0000001192092896
3764,-3.7883891798925875,0.0,-1.7883891202879423,-2.000000238418579
3765,-0.3785537355785604,0.0,-1.378553765380883,1.0000001192092896
3766,-7.575326232979101,0.0,-1.5753260541651686,-6.000000715255737
3767,-5.6702203296003395,0.0,-1.6702202103910488,-4.000000476837158
3768,-7.812403167089433,0.0,-1.8124029882755013,-6.000000715255737
3769,-9.864791263182408,0.0,-1.8647910247638277,-8.000000953674316
3770,-3.778662515351105,0.0,-1.7786624557464603,-2.000000238418579
3771,-5.669349898587616,0.0,-1.6693497793783287,-4.000000476837158
3772,-5.84290298911911,0.0,-1.8429028699098184,-4.000000476837158
3773,-9.83427991991863,0.0,-1.834279681500044,-8.000000953674316
3774,-8.806660899831865,0.0,-1.8066606912156107,-7.000000834465027
3775,-5.808753013661783,0.0,-1.8087528944524927,-4.000000476837158
3776,-5.671571122863362,0.0,-1.6715710036540739,-4.000000476837158
3777,-7.864853641615614,0.0,-1.8648534628016802,-6.000000715255737
3778,-2.3774698301823203,0.0,-1.3774698003799961,-1.0000001192092896
3779,-7.829150809553465,0.0,-1.829150630739529,-6.000000715255737
3780,-5.668532227943318,0.0,-1.6685321087340295,-4.000000476837158
3781,-7.84907395925349,0.0,-1.8490737804395545,-6.000000715255737
3782,-7.670220389758471,0.0,-1.6702202109445337,-6.000000715255737
3783,-5.669722942762632,0.0,-1.6697228235533395,-4.000000476837158
3784,-2.380062887443513,0.0,-1.3800628576411893,-1.0000001192092896
3785,-4.831533081806502,0.0,-1.8315329923995312,-3.0000003576278687
3786,-2.3801605300558624,0.0,-1.3801605002535413,-1.0000001192092896
3787,-5.7897364878484066,0.0,-1.7897363686391206,-4.000000476837158
3788,-2.568205447601937,0.0,-1.568205417799616,-1.0000001192092896
3789,-0.9019085730455326,0.0,-1.9019086028478547,1.0000001192092896
3790,-6.8162095246955605,0.0,-1.8162093756839477,-5.000000596046448
3791,-7.6699771561255625,0.0,-1.6699769773116273,-6.000000715255737
3792,-5.669349894147178,0.0,-1.66934977493789,-4.000000476837158
3793,-7.6699764740939225,0.0,-1.6699762952799846,-6.000000715255737
3794,-1.7811199362502337,0.0,-1.7811199362502332,0.0
3795,-0.3786458664648309,0.0,-1.3786458962671535,1.0000001192092896
3796,-5.678243427417038,0.0,-1.6782433082077461,-4.000000476837158
3797,-5.710798326868318,0.0,-1.7107982076590307,-4.000000476837158
3798,-6.837017393871372,0.0,-1.8370172448597661,-5.000000596046448
3799,-0.37861479402786347,0.0,-1.378614823830186,1.0000001192092896
3800,-1.8250350428009052,0.0,-1.8250350428009037,0.0
3801,-5.849940032658752,0.0,-1.8499399134494658,-4.000000476837158
3802,-5.6699590705783605,0.0,-1.66995895136907,-4.000000476837158
3803,-5.857126428983442,0.0,-1.857126309774152,-4.000000476837158
3804,-9.688166806746743,0.0,-1.6881665683281601,-8.000000953674316
3805,-5.821368619176368,0.0,-1.8213684999670776,-4.000000476837158
3806,-10.9125779866269,0.0,-1.9125777184059949,-9.000001072883606
3807,-7.84407353902316,0.0,-1.8440733602092247,-6.000000715255737
3808,-7.850111002440776,0.0,-1.8501108236268413,-6.000000715255737
3809,-7.670080500811932,0.0,-1.6700803219979978,-6.000000715255737
3810,-5.858544125024285,0.0,-1.8585440058149996,-4.000000476837158
3811,-9.85705356750735,0.0,-1.8570533290887694,-8.000000953674316
3812,-5.895377598495649,0.0,-1.8953774792863558,-4.000000476837158
3813,-5.797753337124294,0.0,-1.7977532179150064,-4.000000476837158
3814,-4.669350024306732,0.0,-1.6693499348997665,-3.0000003576278687
3815,-7.766957232516881,0.0,-1.7669570537029482,-6.000000715255737
3816,-8.774056656847236,0.0,-1.774056448230988,-7.000000834465027
3817,-8.848749366774006,0.0,-1.8487491581577535,-7.000000834465027
3818,-7.778425280275141,0.0,-1.7784251014612067,-6.000000715255737
3819,-7.66819142749929,0.0,-1.6681912486853527,-6.000000715255737
3820,-6.838253158655512,0.0,-1.8382530096438958,-5.000000596046448
3821,-5.846866255224335,0.0,-1.846866136015045,-4.000000476837158
3822,-5.669545751735394,0.0,-1.669545632526103,-4.000000476837158
3823,-0.37853123338794026,0.0,-1.3785312631902626,1.0000001192092896
3824,-8.770652618982005,0.0,-1.7706524103657513,-7.000000834465027
3825,-8.79689270666872,0.0,-1.79689249805246,-7.000000834465027
3826,-2.3779757329314624,0.0,-1.377975703129139,-1.0000001192092896
3827,-2.3775163048510723,0.0,-1.3775162750487497,-1.0000001192092896
3828,-5.811674719461627,0.0,-1.811674600252342,-4.000000476837158
3829,-7.837116030535639,0.0,-1.8371158517217052,-6.000000715255737
3830,-5.818439639787789,0.0,-1.8184395205784962,-4.000000476837158
3831,-5.674368135353863,0.0,-1.6743680161445704,-4.000000476837158
3832,-7.854123074338193,0.0,-1.8541228955242575,-6.000000715255737
3833,-9.842988801928183,0.0,-1.842988563509603,-8.000000953674316
3834,-8.9523639261541,0.0,-1.9523637175378443,-7.000000834465027
3835,-11.793041797121235,0.0,-1.7930414990980097,-10.000001192092896
3836,-3.7155611322493174,0.0,-1.7155610726446724,-2.000000238418579
3837,-3.8379776345304877,0.0,-1.8379775749258418,-2.000000238418579
3838,-7.7979707301349155,0.0,-1.7979705513209843,-6.000000715255737
3839,-3.840194106872012,0.0,-1.8401940472673686,-2.000000238418579
3840,-6.803571590097405,0.0,-1.8035714410858004,-5.000000596046448
3841,-3.8500928823108143,0.0,-1.85009282270617,-2.000000238418579
3842,-2.3777911343666256,0.0,-1.3777911045643016,-1.0000001192092896
3843,-7.776350912303806,0.0,-1.7763507334898687,-6.000000715255737
3844,-9.83360835082829,0.0,-1.833608112409714,-8.000000953674316
3845,-3.782589289087233,0.0,-1.782589229482589,-2.000000238418579
3846,-5.828352979122312,0.0,-1.828352859913022,-4.000000476837158
3847,-6.837152231161957,0.0,-1.8371520821503482,-5.000000596046448
3848,-5.6711589188905975,0.0,-1.6711587996813082,-4.000000476837158
3849,-4.378363516102274,0.0,-1.3783634266953069,-3.0000003576278687
3850,-0.37841609603584025,0.0,-1.3784161258381626,1.0000001192092896
3851,-8.8558378674384,0.0,-1.8558376588221424,-7.000000834465027
3852,-2.658954035079156,0.0,-1.6589540052768312,-1.0000001192092896
3853,-6.760200969478443,0.0,-1.7602008204668307,-5.000000596046448
3854,-3.7480680382312093,0.0,-1.7480679786265674,-2.000000238418579
3855,-5.946583311056867,0.0,-0.9465831620452538,-5.000000596046448
3856,-8.879935843248907,0.0,-1.8799356346326486,-7.000000834465027
3857,-8.715693403725496,0.0,-1.7156931951092327,-7.000000834465027
3858,-5.669893049249555,0.0,-1.6698929300402654,-4.000000476837158
3859,-7.664672942169917,0.0,-1.664672763355988,-6.000000715255737
3860,-5.836038881957246,0.0,-1.8360387627479597,-4.000000476837158
3861,-0.378333923417318,0.0,-1.3783339532196404,1.0000001192092896
3862,-3.846687437065048,0.0,-1.8466873774604031,-2.000000238418579
3863,-0.3793626079342771,0.0,-1.3793626377365995,1.0000001192092896
3864,-5.670080426574731,0.0,-1.6700803073654424,-4.000000476837158
3865,-13.686191003823094,0.0,-1.68619064619523,-12.000001430511475
3866,-6.834848820182632,0.0,-1.8348486711710217,-5.000000596046448
3867,-2.3797443029547094,0.0,-1.3797442731523875,-1.0000001192092896
3868,-0.3790023738585844,0.0,-1.3790024036609065,1.0000001192092896
3869,-5.698478073145527,0.0,-1.6984779539362393,-4.000000476837158
3870,-4.669976409179182,0.0,-1.6699763197722148,-3.0000003576278687
3871,-4.773514059045993,0.0,-1.7735139696390296,-3.0000003576278687
3872,-5.821343361394739,0.0,-1.8213432421854514,-4.000000476837158
3873,-0.37874224230327247,0.0,-1.3787422721055953,1.0000001192092896
3874,-3.922071281374217,-1.0000001192092896,-1.9220712217695712,-1.0000001192092896
3875,-6.823344368535828,0.0,-1.8233442195242175,-5.000000596046448
3876,-7.8450918597681465,0.0,-1.8450916809542162,-6.000000715255737
3877,-2.3800123421545214,0.0,-1.3800123123522001,-1.0000001192092896
3878,-7.8323808156494295,0.0,-1.8323806368354962,-6.000000715255737
3879,-0.3780376117475426,0.0,-1.3780376415498647,1.0000001192092896
3880,-5.826963340370917,0.0,-1.8269632211616291,-4.000000476837158
3881,-3.669996322843703,0.0,-1.6699962632390575,-2.000000238418579
3882,-5.772311024372668,0.0,-1.7723109051633796,-4.000000476837158
3883,-9.800884165919918,0.0,-1.8008839275013324,-8.000000953674316
3884,-0.37845908003410367,0.0,-1.378459109836426,1.0000001192092896
3885,-5.824796332878986,0.0,-1.824796213669695,-4.000000476837158
3886,-6.736731149909074,0.0,-1.7367310008974681,-5.000000596046448
3887,-5.839242927529021,0.0,-1.8392428083197365,-4.000000476837158
3888,-4.772465636672487,0.0,-1.772465547265519,-3.0000003576278687
3889,-8.84681281180816,0.0,-1.8468126031919043,-7.000000834465027
3890,-4.377262135112405,0.0,-1.3772620457054372,-3.0000003576278687
3891,-13.86248765216854,0.0,-1.8624872945406579,-12.000001430511475
3892,-7.8262833412542,0.0,-1.8262831624402645,-6.000000715255737
3893,-11.770703334599098,0.0,-1.7707030365758798,-10.000001192092896
3894,-0.3776552834707263,0.0,-1.377655313273049,1.0000001192092896
3895,-10.849208950426874,0.0,-1.8492086822059683,-9.000001072883606
3896,-3.6693500291613605,0.0,-1.669349969556715,-2.000000238418579
3897,-7.803187215058755,0.0,-1.8031870362448252,-6.000000715255737
3898,-7.669732397699702,0.0,-1.6697322188857668,-6.000000715255737
3899,-2.3783441845916204,0.0,-1.3783441547892972,-1.0000001192092896
3900,-8.801306339014335,0.0,-1.8013061303980775,-7.000000834465027
3901,-7.81404325587394,0.0,-1.8140430770600084,-6.000000715255737
3902,-5.832852129550323,0.0,-1.8328520103410342,-4.000000476837158
3903,-5.8252440933054705,0.0,-1.825243974096182,-4.000000476837158
3904,1.601070425272147,0.0,-1.39892966413482,3.0000003576278687
3905,-3.670237680957525,0.0,-1.670237621352877,-2.000000238418579
3906,-5.823230820701032,0.0,-1.823230701491742,-4.000000476837158
3907,-5.666766773980266,0.0,-1.666766654770976,-4.000000476837158
3908,-7.668603611504651,0.0,-1.668603432690716,-6.000000715255737
3909,-2.703625721386309,0.0,-1.7036256915839858,-1.0000001192092896
3910,-11.83883517992453,0.0,-1.8388348819013047,-10.000001192092896
3911,-12.85410112434433,0.0,-1.8541007965187875,-11.000001311302185
3912,-5.829784221157766,0.0,-1.8297841019484729,-4.000000476837158
3913,-0.37876847678835013,0.0,-1.3787685065906725,1.0000001192092896
3914,-8.853782799070032,0.0,-1.8537825904537748,-7.000000834465027
3915,-3.669350003454592,0.0,-1.669349943849945,-2.000000238418579
3916,-5.667055014756324,0.0,-1.6670548955470335,-4.000000476837158
3917,-9.74672351350565,0.0,-1.7467232750870754,-8.000000953674316
3918,-2.3801742011422222,0.0,-1.3801741713398994,-1.0000001192092896
3919,-6.792833422392333,0.0,-1.7928332733807213,-5.000000596046448
3920,-7.669976660837207,0.0,-1.6699764820232779,-6.000000715255737
3921,-5.670220342955129,0.0,-1.67022022374584,-4.000000476837158
3922,-5.8514827203230455,0.0,-1.8514826011137568,-4.000000476837158
3923,-5.669722943317676,0.0,-1.6697228241083877,-4.000000476837158
3924,-0.3781457262374781,0.0,-1.378145756039801,1.0000001192092896
3925,-2.3802585261842495,0.0,-1.3802584963819269,-1.0000001192092896
3926,-5.780617963910797,0.0,-1.7806178447015084,-4.000000476837158
3927,-5.701511530194046,0.0,-1.7015114109847593,-4.000000476837158
3928,-2.842434685371997,0.0,-1.842434655569673,-1.0000001192092896
3929,-6.792346661227615,0.0,-1.7923465122160047,-5.000000596046448
3930,-7.669732389627005,0.0,-1.6697322108130759,-6.000000715255737
3931,-7.669350144380501,0.0,-1.6693499655665658,-6.000000715255737
3932,-8.8362818364046,0.0,-1.836281627788342,-7.000000834465027
3933,-4.731826734368389,0.0,-1.7318266449614221,-3.0000003576278687
3934,-6.823756484319566,0.0,-1.8237563353079522,-5.000000596046448
3935,-6.873709569945312,0.0,-1.8737094209336984,-5.000000596046448
3936,-5.668625382696318,0.0,-1.6686252634870267,-4.000000476837158
3937,-7.669380304446953,0.0,-1.669380125633017,-6.000000715255737
3938,-5.821430494917843,0.0,-1.8214303757085533,-4.000000476837158
3939,-5.847228455698061,0.0,-1.847228336488768,-4.000000476837158
3940,-6.8169975392565805,0.0,-1.8169973902449734,-5.000000596046448
3941,-4.670220301458475,0.0,-1.6702202120515044,-3.0000003576278687
3942,-5.667790016855733,0.0,-1.6677898976464431,-4.000000476837158
3943,-6.833805235900336,0.0,-1.8338050868887232,-5.000000596046448
3944,-1.7190466267754747,0.0,-1.7190466267754734,0.0
3945,-0.37846233252612715,0.0,-1.37846236232845,1.0000001192092896
3946,-7.8416057166818165,0.0,-1.841605537867881,-6.000000715255737
3947,-7.69165530323579,0.0,-1.6916551244218558,-6.000000715255737
3948,-4.379781870948449,0.0,-1.3797817815414817,-3.0000003576278687
3949,-7.865002279500283,0.0,-1.8650021006863462,-6.000000715255737
3950,-2.378898151586741,0.0,-1.378898121784418,-1.0000001192092896
3951,-7.8376503613256,0.0,-1.8376501825116645,-6.000000715255737
3952,-7.669893096906294,0.0,-1.6698929180923567,-6.000000715255737
3953,-4.81768850947953,0.0,-1.817688420072566,-3.0000003576278687
3954,-5.726429631844932,0.0,-1.726429512635642,-4.000000476837158
3955,-2.380102795689127,0.0,-1.3801027658868024,-1.0000001192092896
3956,-0.37792032936618236,0.0,-1.3779203591685047,1.0000001192092896
3957,-2.3780701009590604,0.0,-1.3780700711567375,-1.0000001192092896
3958,-5.669732335875086,0.0,-1.6697322166657949,-4.000000476837158
3959,-7.244282923651879,0.0,-1.2442827448379445,-6.000000715255737
3960,-7.669815605454477,0.0,-1.6698154266405425,-6.000000715255737
3961,-5.801632014151815,0.0,-1.801631894942526,-4.000000476837158
3962,-4.669722675100471,0.0,-1.6697225856935043,-3.0000003576278687
3963,-1.6697322041531566,0.0,-1.6697322041531566,0.0
3964,-10.795902310138702,0.0,-1.7959020419178024,-9.000001072883606
3965,-8.772601268074176,0.0,-1.7726010594579205,-7.000000834465027
3966,-0.37846422112524913,0.0,-1.3784642509275713,1.0000001192092896
3967,-2.3782728740943364,0.0,-1.3782728442920145,-1.0000001192092896
3968,-5.669722948868172,0.0,-1.6697228296588853,-4.000000476837158
3969,-2.6486106935907765,0.0,-1.648610663788455,-1.0000001192092896
3970,-5.712308636493856,0.0,-1.7123085172845645,-4.000000476837158
3971,-3.669001854042379,0.0,-1.669001794437735,-2.000000238418579
3972,-7.8323851015413855,0.0,-1.8323849227274502,-6.000000715255737
3973,-13.893259277650165,0.0,-1.8932589200223033,-12.000001430511475
3974,-1.8458033452243856,0.0,-1.8458033452243858,0.0
3975,-2.379422389048359,0.0,-1.3794223592460355,-1.0000001192092896
3976,-0.8687331171212569,0.0,-1.8687331469235804,1.0000001192092896
3977,-9.917056829425329,0.0,-1.9170565910067467,-8.000000953674316
3978,-5.825805625547006,0.0,-1.8258055063377159,-4.000000476837158
3979,-1.66934977629063,0.0,-1.66934977629063,0.0
3980,-7.849553133632264,0.0,-1.849552954818328,-6.000000715255737
3981,-2.6702376383539077,0.0,-1.6702376085515862,-1.0000001192092896
3982,-7.882491562582481,0.0,-1.8824913837685475,-6.000000715255737
3983,-4.377422500079122,0.0,-1.3774224106721544,-3.0000003576278687
3984,-4.378330044403669,0.0,-1.3783299549967039,-3.0000003576278687
3985,-6.668862180106213,0.0,-1.6688620310946025,-5.000000596046448
3986,-4.378047452121741,0.0,-1.3780473627147731,-3.0000003576278687
3987,-7.78009414286495,0.0,-1.7800939640510165,-6.000000715255737
3988,-7.669723004587464,0.0,-1.6697228257735353,-6.000000715255737
3989,-0.37779710753704077,0.0,-1.377797137339363,1.0000001192092896
3990,-10.86158115750856,0.0,-1.8615808892876606,-9.000001072883606
3991,-7.805794302951599,0.0,-1.8057941241376625,-6.000000715255737
3992,-4.889756408032749,0.0,-1.8897563186257795,-3.0000003576278687
3993,-3.5352142874544854,0.0,-1.5352142278498415,-2.000000238418579
3994,-3.6697228887084807,0.0,-1.6697228291038353,-2.000000238418579
3995,-5.808316174984802,0.0,-1.8083160557755116,-4.000000476837158
3996,-13.829359961602247,0.0,-1.8293596039743825,-12.000001430511475
3997,-3.80463214676832,0.0,-1.8046320871636747,-2.000000238418579
3998,-6.829421067162375,0.0,-1.8294209181507672,-5.000000596046448
3999,-5.750757723670988,0.0,-1.750757604461697,-4.000000476837158
4000,-5.669996399945643,0.0,-1.6699962807363535,-4.000000476837158
4001,-9.853226552102376,0.0,-1.8532263136837925,-8.000000953674316
4002,-3.670392946316601,0.0,-1.6703928867119584,-2.000000238418579
4003,-0.3785554880599946,0.0,-1.378555517862317,1.0000001192092896
4004,-6.922090371547896,-1.0000001192092896,-1.922090222536286,-4.000000476837158
4005,-4.855456687041178,0.0,-1.8554565976342114,-3.0000003576278687
4006,-4.850292236470258,0.0,-1.8502921470632883,-3.0000003576278687
4007,-2.84653180992069,0.0,-1.846531780118367,-1.0000001192092896
4008,-2.3780104399054434,0.0,-1.378010410103122,-1.0000001192092896
4009,-5.904151322614697,0.0,-1.904151203405411,-4.000000476837158
4010,-8.669893122824057,0.0,-1.6698929142077898,-7.000000834465027
4011,-7.836165076514335,0.0,-1.8361648977003984,-6.000000715255737
4012,-4.377714773633127,0.0,-1.3777146842261592,-3.0000003576278687
4013,-3.670237658122357,0.0,-1.67023759851771,-2.000000238418579
4014,-5.831903516074459,0.0,-1.8319033968651732,-4.000000476837158
4015,-5.6697229644771285,0.0,-1.6697228452678403,-4.000000476837158
4016,-0.3784297719601013,0.0,-1.3784298017624237,1.0000001192092896
4017,-2.378943707092728,0.0,-1.3789436772904053,-1.0000001192092896
4018,-5.674264444700286,0.0,-1.674264325490997,-4.000000476837158
4019,-5.669732336985069,0.0,-1.669732217775781,-4.000000476837158
4020,-12.847309265186322,0.0,-1.8473089373607714,-11.000001311302185
4021,-5.6699964257670485,0.0,-1.6699963065577579,-4.000000476837158
4022,-11.819306549263173,0.0,-1.8193062512399512,-10.000001192092896
4023,-4.830638797888091,0.0,-1.8306387084811244,-3.0000003576278687
4024,-0.3785693845818243,0.0,-1.3785694143841467,1.0000001192092896
4025,-0.37853059146766177,0.0,-1.3785306212699844,1.0000001192092896
4026,-3.8298158982716757,0.0,-1.8298158386670302,-2.000000238418579
4027,-2.747285827225152,0.0,-1.7472857974228275,-1.0000001192092896
4028,-9.857659982512452,0.0,-1.8576597440938718,-8.000000953674316
4029,-5.669977053177667,0.0,-1.669976933968377,-4.000000476837158
4030,-8.81036735092807,0.0,-1.8103671423118095,-7.000000834465027
4031,-7.669907822696624,0.0,-1.6699076438826899,-6.000000715255737
4032,-0.37830548637902517,0.0,-1.3783055161813476,1.0000001192092896
4033,-2.3781444289303577,0.0,-1.3781443991280362,-1.0000001192092896
4034,-5.793751120657659,0.0,-1.7937510014483669,-4.000000476837158
4035,-7.848165362866012,0.0,-1.848165184052079,-6.000000715255737
4036,-2.640262486417828,0.0,-1.6402624566155048,-1.0000001192092896
4037,-6.8415133282405085,0.0,-1.8415131792288981,-5.000000596046448
4038,-5.669987001253414,0.0,-1.6699868820441253,-4.000000476837158
4039,-3.8600239356092856,0.0,-1.8600238760046417,-2.000000238418579
4040,-5.667313047207451,0.0,-1.6673129279981613,-4.000000476837158
4041,-0.6599334098538696,0.0,-1.6599334396561911,1.0000001192092896
4042,-5.666715835237606,0.0,-1.6667157160283148,-4.000000476837158
4043,-2.378035702843367,0.0,-1.3780356730410463,-1.0000001192092896
4044,-7.669987067820757,0.0,-1.669986889006825,-6.000000715255737
4045,-7.045684804368726,0.0,-2.0456846553571135,-5.000000596046448
4046,-2.3795573683250244,0.0,-1.3795573385227025,-1.0000001192092896
4047,-0.15936958271820073,0.0,-1.1593696125205233,1.0000001192092896
4048,-7.835667056259337,0.0,-1.835666877445406,-6.000000715255737
4049,-7.827516375034035,0.0,-1.8275161962201016,-6.000000715255737
4050,-7.757473229413324,0.0,-1.7574730505993916,-6.000000715255737
4051,-5.868413591334124,0.0,-1.8684134721248307,-4.000000476837158
4052,-12.822545589713839,0.0,-1.8225452618882945,-11.000001311302185
4053,-9.775182712178383,0.0,-1.7751824737598025,-8.000000953674316
4054,-2.6735677860391247,0.0,-1.6735677562368034,-1.0000001192092896
4055,-3.669862850198751,0.0,-1.6698627905941092,-2.000000238418579
4056,-5.6168687835004905,0.0,-1.6168686642912025,-4.000000476837158
4057,-5.669996396616017,0.0,-1.6699962774067278,-4.000000476837158
4058,-2.8229776018956056,0.0,-1.8229775720932828,-1.0000001192092896
4059,-7.669544376115914,0.0,-1.669544197301984,-6.000000715255737
4060,-5.81721159636813,0.0,-1.8172114771588395,-4.000000476837158
4061,-2.3796388162811715,0.0,-1.3796387864788513,-1.0000001192092896
4062,-7.849920067359059,0.0,-1.8499198885451225,-6.000000715255737
4063,-5.840260143366893,0.0,-1.8402600241576048,-4.000000476837158
4064,-0.37937616467043966,0.0,-1.379376194472762,1.0000001192092896
4065,-7.67022039197241,0.0,-1.6702202131584778,-6.000000715255737
4066,-8.784425384332716,0.0,-1.7844251757164622,-7.000000834465027
4067,-7.767182625490017,0.0,-1.7671824466760837,-6.000000715255737
4068,-5.7666549833681335,0.0,-1.7666548641588429,-4.000000476837158
4069,-3.669969309069793,0.0,-1.6699692494651475,-2.000000238418579
4070,-2.3772640702896877,0.0,-1.3772640404873648,-1.0000001192092896
4071,-0.3783707108043308,0.0,-1.3783707406066532,1.0000001192092896
4072,-7.821412693677721,0.0,-1.821412514863788,-6.000000715255737
4073,-7.828816940159195,0.0,-1.8288167613452635,-6.000000715255737
4074,-3.792185983756406,0.0,-1.792185924151762,-2.000000238418579
4075,-5.6698930509143715,0.0,-1.6698929317050824,-4.000000476837158
4076,-7.791049917912043,0.0,-1.7910497390981053,-6.000000715255737
4077,-5.669976599012345,0.0,-1.6699764798030527,-4.000000476837158
4078,-7.844510740507407,0.0,-1.8445105616934707,-6.000000715255737
4079,-0.3783047878182777,0.0,-1.3783048176206,1.0000001192092896
4080,-5.669543162660853,0.0,-1.669543043451565,-4.000000476837158
4081,-7.823422106765479,0.0,-1.8234219279515391,-6.000000715255737
4082,-4.64771422365914,0.0,-1.647714134252169,-3.0000003576278687
4083,-2.3799096030117215,0.0,-1.3799095732093973,-1.0000001192092896
4084,-12.833794100216737,0.0,-1.8337937723911808,-11.000001311302185
4085,-7.669349951219162,0.0,-1.6693497724052275,-6.000000715255737
4086,-2.380058499530625,0.0,-1.3800584697283031,-1.0000001192092896
4087,-11.791048369833339,0.0,-1.791048071810117,-10.000001192092896
4088,-0.37844850057640333,0.0,-1.3784485303787255,1.0000001192092896
4089,-4.377337061326008,0.0,-1.3773369719190398,-3.0000003576278687
4090,-9.840199452718437,0.0,-1.840199214299863,-8.000000953674316
4091,-7.667239453085569,0.0,-1.6672392742716375,-6.000000715255737
4092,0.1156558458484041,0.0,-1.8843442137562403,2.000000238418579
4093,-10.867045234406621,0.0,-1.86704496618572,-9.000001072883606
4094,-4.86494122333987,0.0,-1.8649411339329052,-3.0000003576278687
4095,-1.7319470000626433,0.0,-1.7319470000626433,0.0
4096,-11.831312225718545,0.0,-1.8313119276953234,-10.000001192092896
4097,-2.3803224099068645,0.0,-1.3803223801045412,-1.0000001192092896
4098,-5.669544335694278,0.0,-1.6695442164849918,-4.000000476837158
4099,-8.82607144052668,0.0,-1.8260712319104266,-7.000000834465027
4100,-6.228869284508205,0.0,-1.2288691354965928,-5.000000596046448
4101,-4.669977050977177,0.0,-1.66997696157021,-3.0000003576278687
4102,-8.66990783664623,0.0,-1.6699076280299816,-7.000000834465027
4103,-5.669544312070883,0.0,-1.6695441928615924,-4.000000476837158
4104,-9.760526353035203,0.0,-1.7605261146166284,-8.000000953674316
4105,-0.3785552441906608,0.0,-1.3785552739929834,1.0000001192092896
4106,-2.3779886559258037,0.0,-1.3779886261234813,-1.0000001192092896
4107,-5.7871409441324,0.0,-1.7871408249231102,-4.000000476837158
4108,-9.721638201848325,0.0,-1.7216379634297485,-8.000000953674316
4109,-5.8267871169707535,0.0,-1.826786997761465,-4.000000476837158
4110,-7.669732702236796,0.0,-1.6697325234228624,-6.000000715255737
4111,-2.3800180443420578,0.0,-1.380018014539734,-1.0000001192092896
4112,-7.798280544084224,0.0,-1.798280365270288,-6.000000715255737
4113,-6.765047574736406,0.0,-1.7650474257247977,-5.000000596046448
4114,-2.5471698199078747,0.0,-1.5471697901055506,-1.0000001192092896
4115,-5.701124320384594,0.0,-1.701124201175305,-4.000000476837158
4116,-2.380232883250727,0.0,-1.380232853448403,-1.0000001192092896
4117,-6.704005501830427,0.0,-1.7040053528188184,-5.000000596046448
4118,-5.669143146330399,0.0,-1.6691430271211118,-4.000000476837158
4119,-4.851163794958876,0.0,-1.851163705551909,-3.0000003576278687
4120,-6.858123549962136,0.0,-1.8581234009505243,-5.000000596046448
4121,-8.669906656324793,0.0,-1.6699064477085415,-7.000000834465027
4122,-2.8349449983195814,0.0,-1.8349449685172592,-1.0000001192092896
4123,-3.675238360252172,0.0,-1.6752383006475255,-2.000000238418579
4124,-6.730153197077556,0.0,-1.7301530480659468,-5.000000596046448
4125,-7.814162621433944,0.0,-1.8141624426200171,-6.000000715255737
4126,0.6214599844024866,0.0,-1.3785400752021582,2.000000238418579
4127,-6.719279724820779,0.0,-1.7192795758091697,-5.000000596046448
4128,-5.6598203383954875,0.0,-1.6598202191862,-4.000000476837158
4129,-3.2555591656249394,0.0,-1.2555591060202944,-2.000000238418579
4130,-6.842247530590892,0.0,-1.8422473815792806,-5.000000596046448
4131,-7.815561069465806,0.0,-1.8155608906518677,-6.000000715255737
4132,-6.708327616194597,0.0,-1.708327467182984,-5.000000596046448
4133,-0.3785246441858532,0.0,-1.3785246739881754,1.0000001192092896
4134,-5.845473498673609,0.0,-1.845473379464325,-4.000000476837158
4135,-9.855797239563556,0.0,-1.8557970011449778,-8.000000953674316
4136,-5.830531673226932,0.0,-1.8305315540176434,-4.000000476837158
4137,-11.810461990240023,0.0,-1.810461692216801,-10.000001192092896
4138,-2.3802774768044266,0.0,-1.3802774470021022,-1.0000001192092896
4139,-5.833060129338182,0.0,-1.8330600101288959,-4.000000476837158
4140,-7.84065012525989,0.0,-1.8406499464459576,-6.000000715255737
4141,-10.613262761068988,0.0,-1.6132624928480912,-9.000001072883606
4142,-5.669350086441021,0.0,-1.6693499672317336,-4.000000476837158
4143,-0.3771187727471612,0.0,-1.3771188025494836,1.0000001192092896
4144,-7.669732412432296,0.0,-1.6697322336183642,-6.000000715255737
4145,-5.668624967764157,0.0,-1.6686248485548685,-4.000000476837158
4146,-10.8456010433252,0.0,-1.8456007751042993,-9.000001072883606
4147,-5.669143147440517,0.0,-1.6691430282312254,-4.000000476837158
4148,-7.809321858547409,0.0,-1.8093216797334775,-6.000000715255737
4149,-7.811239640969427,0.0,-1.8112394621554926,-6.000000715255737
4150,-7.700773573183934,0.0,-1.700773394370002,-6.000000715255737
4151,-7.670237773457243,0.0,-1.6702375946433092,-6.000000715255737
4152,-5.809895291227301,0.0,-1.809895172018012,-4.000000476837158
4153,-0.37858291048924575,0.0,-1.378582940291568,1.0000001192092896
4154,-7.882798835972173,0.0,-1.8827986571582394,-6.000000715255737
4155,-0.37883675962817387,0.0,-1.3788367894304958,1.0000001192092896
4156,-0.37873526760999376,0.0,-1.378735297412316,1.0000001192092896
4157,-5.790605408754735,0.0,-1.7906052895454445,-4.000000476837158
4158,-0.3778261874648665,0.0,-1.3778262172671887,1.0000001192092896
4159,-8.848398782457393,0.0,-1.8483985738411364,-7.000000834465027
4160,-5.732157191501437,0.0,-1.7321570722921473,-4.000000476837158
4161,-5.82675132228985,0.0,-1.8267512030805586,-4.000000476837158
4162,-8.858311554604564,0.0,-1.8583113459883043,-7.000000834465027
4163,-2.3791623526434518,0.0,-1.3791623228411305,-1.0000001192092896
4164,-3.669722889263527,0.0,-1.6697228296588844,-2.000000238418579
4165,-6.889880945241912,0.0,-1.889880796230303,-5.000000596046448
4166,-5.668884089076392,0.0,-1.6688839698671027,-4.000000476837158
4167,-3.8368226169555557,0.0,-1.8368225573509112,-2.000000238418579
4168,-5.669893025908665,0.0,-1.6698929066993748,-4.000000476837158
4169,-7.336251918012926,0.0,-1.3362517391989943,-6.000000715255737
4170,-4.856783637073885,0.0,-1.856783547666918,-3.0000003576278687
4171,-6.80795507850469,0.0,-1.8079549294930792,-5.000000596046448
4172,-5.667614109012014,0.0,-1.6676139898027214,-4.000000476837158
4173,-6.669543196903629,0.0,-1.6695430478920141,-5.000000596046448
4174,-13.809042758313266,0.0,-1.809042400685383,-12.000001430511475
4175,-8.810043856357481,0.0,-1.8100436477412225,-7.000000834465027
4176,-10.846010976475425,0.0,-1.8460107082545212,-9.000001072883606
4177,-12.830026484240308,0.0,-1.8300261564147642,-11.000001311302185
4178,-0.37874802215236114,0.0,-1.3787480519546835,1.0000001192092896
4179,-5.838153015230322,0.0,-1.838152896021034,-4.000000476837158
4180,-9.842103775363547,0.0,-1.8421035369449692,-8.000000953674316
4181,-0.37825730321848394,0.0,-1.3782573330208066,1.0000001192092896
4182,-11.877333124520705,0.0,-1.8773328264974727,-10.000001192092896
4183,-5.831555122109975,0.0,-1.831555002900685,-4.000000476837158
4184,-6.8182613472254685,0.0,-1.8182611982138535,-5.000000596046448
4185,-4.377958811357162,0.0,-1.3779587219501985,-3.0000003576278687
4186,-2.6144548477608445,0.0,-1.6144548179585232,-1.0000001192092896
4187,-0.3788988858225508,0.0,-1.3788989156248734,1.0000001192092896
4188,-2.849659244305524,0.0,-1.8496592145032027,-1.0000001192092896
4189,-0.3788364095209673,0.0,-1.3788364393232895,1.0000001192092896
4190,-5.847285087449317,0.0,-1.8472849682400287,-4.000000476837158
4191,-6.875225026480001,0.0,-1.8752248774683913,-5.000000596046448
4192,-9.872573607296818,0.0,-1.8725733688782358,-8.000000953674316
4193,-5.669996392437235,0.0,-1.6699962732279432,-4.000000476837158
4194,-6.378524062128458,0.0,-1.3785239131168465,-5.000000596046448
4195,-3.6696020502027027,0.0,-1.6696019905980573,-2.000000238418579
4196,-9.821707436472636,0.0,-1.8217071980540582,-8.000000953674316
4197,-0.3784646307116455,0.0,-1.3784646605139679,1.0000001192092896
4198,-8.883084081921897,0.0,-1.8830838733056394,-7.000000834465027
4199,-4.9214244936289155,-1.0000001192092896,-1.9214244042219486,-2.000000238418579
4200,-7.842598639582604,0.0,-1.84259846076867,-6.000000715255737
4201,-8.860507400582827,0.0,-1.860507191966572,-7.000000834465027
4202,-4.904559570228771,0.0,-1.9045594808218023,-3.0000003576278687
4203,-5.835181204180945,0.0,-1.8351810849716577,-4.000000476837158
4204,-7.81587591200976,0.0,-1.8158757331958253,-6.000000715255737
4205,-11.838783029529688,0.0,-1.8387827315064706,-10.000001192092896
4206,-3.669256567685739,0.0,-1.6692565080810948,-2.000000238418579
4207,-2.3774485422720715,0.0,-1.377448512469748,-1.0000001192092896
4208,-5.830196315969514,0.0,-1.8301961967602245,-4.000000476837158
4209,-0.3782173033454739,0.0,-1.378217333147796,1.0000001192092896
4210,-7.798217371104589,0.0,-1.798217192290653,-6.000000715255737
4211,-3.6691430778448604,0.0,-1.6691430182402163,-2.000000238418579
4212,-4.8894942472911085,0.0,-1.8894941578841409,-3.0000003576278687
4213,-5.848122560106356,0.0,-1.8481224408970651,-4.000000476837158
4214,-0.3785340030518549,0.0,-1.378534032854177,1.0000001192092896
4215,-5.668099274655762,0.0,-1.6680991554464712,-4.000000476837158
4216,-7.862277766136525,0.0,-1.8622775873225916,-6.000000715255737
4217,-3.6697322731926936,0.0,-1.669732213588049,-2.000000238418579
4218,-2.7549265735774364,0.0,-1.7549265437751136,-1.0000001192092896
4219,-4.922025234335795,-1.0000001192092896,-1.9220251449288273,-2.000000238418579
4220,-0.3792456301302889,0.0,-1.3792456599326117,1.0000001192092896
4221,-5.66996008333964,0.0,-1.6699599641303526,-4.000000476837158
4222,-5.779921965246331,0.0,-1.7799218460370403,-4.000000476837158
4223,-9.813355727390608,0.0,-1.813355488972035,-8.000000953674316
4224,-0.37926713475836804,0.0,-1.3792671645606907,1.0000001192092896
4225,-5.669349898032557,0.0,-1.669349778823273,-4.000000476837158
4226,-4.846431649206795,0.0,-1.8464315597998286,-3.0000003576278687
4227,-4.793075403553876,0.0,-1.7930753141469071,-3.0000003576278687
4228,-9.830936175093235,0.0,-1.8309359366746603,-8.000000953674316
4229,-9.851594405489362,0.0,-1.8515941670707825,-8.000000953674316
4230,-5.377975296899908,0.0,-1.377975177690618,-4.000000476837158
4231,-6.377609199216067,0.0,-1.3776090502044536,-5.000000596046448
4232,-7.856151769429263,0.0,-1.8561515906153279,-6.000000715255737
4233,-7.800412668922967,0.0,-1.8004124901090304,-6.000000715255737
4234,-7.8909189655693135,0.0,-1.8909187867553772,-6.000000715255737
4235,-3.6699770189571255,0.0,-1.6699769593524814,-2.000000238418579
4236,-7.7517139072534595,0.0,-1.7517137284395243,-6.000000715255737
4237,-7.668759288790748,0.0,-1.6687591099768155,-6.000000715255737
4238,2.6227722207158166,0.0,-1.3772278984934725,4.000000476837158
4239,-6.83231783907707,0.0,-1.8323176900654576,-5.000000596046448
4240,-7.669976464345536,0.0,-1.669976285531604,-6.000000715255737
4241,-5.669143141334892,0.0,-1.6691430221256045,-4.000000476837158
4242,-0.37902110370247577,0.0,-1.3790211335047982,1.0000001192092896
4243,-7.669893100790868,0.0,-1.6698929219769312,-6.000000715255737
4244,-2.6238656165602925,0.0,-1.623865586757969,-1.0000001192092896
4245,-4.823112292680478,0.0,-1.8231122032735114,-3.0000003576278687
4246,-6.832581379478565,0.0,-1.8325812304669549,-5.000000596046448
4247,-7.837564917587346,0.0,-1.8375647387734124,-6.000000715255737
4248,-3.670237668709717,0.0,-1.6702376091050712,-2.000000238418579
4249,-3.669543097193273,0.0,-1.6695430375886313,-2.000000238418579
4250,-1.8373070855962703,0.0,-1.8373070855962748,0.0
4251,-3.6693498208396442,0.0,-1.6693497612349983,-2.000000238418579
4252,-2.37719835951579,0.0,-1.3771983297134696,-1.0000001192092896
4253,-7.669230227708133,0.0,-1.6692300488941971,-6.000000715255737
4254,-7.789505229068145,0.0,-1.789505050254217,-6.000000715255737
4255,-3.9267253385298098,0.0,-1.9267252789251665,-2.000000238418579
4256,-0.3784260865317268,0.0,-1.3784261163340488,1.0000001192092896
4257,-8.6699771470201,0.0,-1.6699769384038383,-7.000000834465027
4258,-7.668965796875946,0.0,-1.668965618062012,-6.000000715255737
4259,-5.6698930317522676,0.0,-1.669892912542979,-4.000000476837158
4260,-0.37838317138426625,0.0,-1.3783832011865884,1.0000001192092896
4261,-3.669143086170697,0.0,-1.669143026566054,-2.000000238418579
4262,-5.741887550373835,0.0,-1.7418874311645511,-4.000000476837158
4263,-8.824287502431929,0.0,-1.8242872938156758,-7.000000834465027
4264,-4.791610341622398,0.0,-1.791610252215431,-3.0000003576278687
4265,-2.3779806148041445,0.0,-1.3779805850018247,-1.0000001192092896
4266,-4.787572584328293,0.0,-1.7875724949213259,-3.0000003576278687
4267,-2.6471848186783866,0.0,-1.6471847888760642,-1.0000001192092896
4268,-9.851766564866589,0.0,-1.8517663264480075,-8.000000953674316
4269,-5.704793228888421,0.0,-1.704793109679128,-4.000000476837158
4270,-7.818169438253112,0.0,-1.818169259439176,-6.000000715255737
4271,-0.3785663538149584,0.0,-1.3785663836172812,1.0000001192092896
4272,-9.852068769465376,0.0,-1.8520685310468006,-8.000000953674316
4273,-7.790162131530723,0.0,-1.79016195271679,-6.000000715255737
4274,-3.7948195138879446,0.0,-1.7948194542833,-2.000000238418579
4275,-1.378059160003195,0.0,-1.3780591600031962,0.0
4276,-7.669902495374027,0.0,-1.6699023165600877,-6.000000715255737
4277,-3.669349824794143,0.0,-1.669349765189499,-2.000000238418579
4278,-2.3800447352911305,0.0,-1.3800447054888105,-1.0000001192092896
4279,-7.670220403113263,0.0,-1.6702202242993258,-6.000000715255737
4280,-0.3787561720872439,0.0,-1.378756201889566,1.0000001192092896
4281,-3.6699763827071954,0.0,-1.6699763231025526,-2.000000238418579
4282,-5.817483048015899,0.0,-1.8174829288066088,-4.000000476837158
4283,-2.378046690918878,0.0,-1.3780466611165552,-1.0000001192092896
4284,-9.860279595727267,0.0,-1.86027935730869,-8.000000953674316
4285,-0.37849242043080755,0.0,-1.37849245023313,1.0000001192092896
4286,-5.828584597079423,0.0,-1.8285844778701361,-4.000000476837158
4287,-5.6688840930613,0.0,-1.668883973852011,-4.000000476837158
4288,-7.841438514977623,0.0,-1.841438336163689,-6.000000715255737
4289,-3.6702202705491778,0.0,-1.6702202109445334,-2.000000238418579
4290,-6.8000389204460925,0.0,-1.8000387714344832,-5.000000596046448
4291,-5.670220329600335,0.0,-1.6702202103910484,-4.000000476837158
4292,-10.923251082469779,-1.0000001192092896,-1.9232508142488816,-8.000000953674316
4293,-3.778406171262587,0.0,-1.778406111657942,-2.000000238418579
4294,-0.37816877320812803,0.0,-1.3781688030104504,1.0000001192092896
4295,-0.37825750555922366,0.0,-1.378257535361546,1.0000001192092896
4296,-8.377637202417198,0.0,-1.3776369938009387,-7.000000834465027
4297,-5.669926897366247,0.0,-1.6699267781569558,-4.000000476837158
4298,-8.890056981925479,0.0,-1.8900567733092175,-7.000000834465027
4299,-3.6698929776970037,0.0,-1.6698929180923576,-2.000000238418579
4300,-6.849320287110876,0.0,-1.849320138099265,-5.000000596046448
4301,-5.816646004484961,0.0,-1.8166458852756735,-4.000000476837158
4302,-2.738681111005101,0.0,-1.7386810812027806,-1.0000001192092896
4303,-3.6699763988735397,0.0,-1.669976339268896,-2.000000238418579
4304,-2.377949970242174,0.0,-1.3779499404398512,-1.0000001192092896
4305,-3.8830643946890837,0.0,-1.8830643350844405,-2.000000238418579
4306,-0.3784483675085568,0.0,-1.378448397310879,1.0000001192092896
4307,-6.794367049807163,0.0,-1.794366900795548,-5.000000596046448
4308,-6.824035672614768,0.0,-1.8240355236031554,-5.000000596046448
4309,-5.709734208259283,0.0,-1.7097340890499935,-4.000000476837158
4310,-7.828593896332976,0.0,-1.8285937175190417,-6.000000715255737
4311,-7.827078911271214,0.0,-1.8270787324572753,-6.000000715255737
4312,-5.78089559881427,0.0,-1.7808954796049814,-4.000000476837158
4313,0.6216806800916312,0.0,-1.3783193795130138,2.000000238418579
4314,-0.3788234927198624,0.0,-1.3788235225221848,1.0000001192092896
4315,-5.830541424357152,0.0,-1.8305413051478605,-4.000000476837158
4316,-5.669349887729124,0.0,-1.6693497685198315,-4.000000476837158
4317,-5.6695443268134795,0.0,-1.6695442076041889,-4.000000476837158
4318,-5.669996403275274,0.0,-1.6699962840659859,-4.000000476837158
4319,-7.6695444067112115,0.0,-1.6695442278972787,-6.000000715255737
4320,-2.8261482009376238,0.0,-1.8261481711352998,-1.0000001192092896
4321,-12.837882087472316,0.0,-1.8378817596467647,-11.000001311302185
4322,-3.824592395189662,0.0,-1.824592335585018,-2.000000238418579
4323,-8.847355071111446,0.0,-1.847354862495189,-7.000000834465027
4324,-7.791785552105334,0.0,-1.7917853732913998,-6.000000715255737
4325,-2.8458568490322675,0.0,-1.8458568192299452,-1.0000001192092896
4326,-9.795972468875215,0.0,-1.7959722304566357,-8.000000953674316
4327,-5.670220332367766,0.0,-1.670220213158478,-4.000000476837158
4328,-7.670220403113262,0.0,-1.6702202242993267,-6.000000715255737
4329,-4.740820357748555,0.0,-1.7408202683415914,-3.0000003576278687
4330,1.0644200012001084,0.0,-1.9355800882068588,3.0000003576278687
4331,0.6960679893609595,0.0,-1.303932070243685,2.000000238418579
4332,-5.729782995480106,0.0,-1.7297828762708167,-4.000000476837158
4333,-3.668021408492205,0.0,-1.6680213488875593,-2.000000238418579
4334,-7.669002070199871,0.0,-1.669001891385939,-6.000000715255737
4335,-7.722116325680686,0.0,-1.722116146866754,-6.000000715255737
4336,-2.480194303441639,0.0,-1.4801942736393163,-1.0000001192092896
4337,-3.753732305238535,0.0,-1.7537322456338917,-2.000000238418579
4338,-3.6691430889459866,0.0,-1.6691430293413436,-2.000000238418579
4339,-8.8272692613463,0.0,-1.8272690527300497,-7.000000834465027
4340,-3.8137785445734593,0.0,-1.8137784849688139,-2.000000238418579
4341,-6.653606871863911,0.0,-1.653606722852296,-5.000000596046448
4342,-5.8116423139575115,0.0,-1.811642194748225,-4.000000476837158
4343,-4.913898661771676,0.0,-1.913898572364709,-3.0000003576278687
4344,-9.843810281009208,0.0,-1.8438100425906307,-8.000000953674316
4345,-5.670237717173514,0.0,-1.6702375979642234,-4.000000476837158
4346,-0.37854389056827165,0.0,-1.378543920370594,1.0000001192092896
4347,-0.37823997508229557,0.0,-1.3782400048846182,1.0000001192092896
4348,-4.669544282268561,0.0,-1.669544192861593,-3.0000003576278687
4349,-0.3786250482411573,0.0,-1.3786250780434797,1.0000001192092896
4350,-3.825063655867455,0.0,-1.8250635962628083,-2.000000238418579
4351,-5.835033106011021,0.0,-1.8350329868017359,-4.000000476837158
4352,-0.37946697949974206,0.0,-1.3794670093020645,1.0000001192092896
4353,-5.816587702692471,0.0,-1.8165875834831777,-4.000000476837158
4354,-7.913054609949949,0.0,-1.9130544311360151,-6.000000715255737
4355,-5.669722959170376,0.0,-1.6697228399610857,-4.000000476837158
4356,-9.813227274822982,0.0,-1.8132270364044045,-8.000000953674316
4357,-8.815380896906525,0.0,-1.8153806882902692,-7.000000834465027
4358,-5.669143152748406,0.0,-1.6691430335391158,-4.000000476837158
4359,-7.819235627787598,0.0,-1.8192354489736628,-6.000000715255737
4360,-6.885990288291423,0.0,-1.8859901392798113,-5.000000596046448
4361,-9.666944587583723,0.0,-1.6669443491651441,-8.000000953674316
4362,-5.670220342955129,0.0,-1.6702202237458401,-4.000000476837158
4363,-5.8294087593318125,0.0,-1.8294086401225225,-4.000000476837158
4364,-2.378100808499661,0.0,-1.3781007786973403,-1.0000001192092896
4365,-0.37714939591426333,0.0,-1.3771494257165857,1.0000001192092896
4366,-1.3775062154481292,0.0,-1.3775062154481312,0.0
4367,-4.831735409839291,0.0,-1.8317353204323206,-3.0000003576278687
4368,-5.839092940107051,0.0,-1.8390928208977588,-4.000000476837158
4369,-5.669732335875086,0.0,-1.669732216665795,-4.000000476837158
4370,-5.8372233574596954,0.0,-1.837223238250407,-4.000000476837158
4371,-6.824382693087262,0.0,-1.8243825440756518,-5.000000596046448
4372,-7.822286508159783,0.0,-1.8222863293458478,-6.000000715255737
4373,-7.689363455299911,0.0,-1.689363276485977,-6.000000715255737
4374,-11.669723142736013,0.0,-1.6697228447127934,-10.000001192092896
4375,-7.8204097368904915,0.0,-1.8204095580765567,-6.000000715255737
4376,-2.3784301398391223,0.0,-1.3784301100368008,-1.0000001192092896
4377,-0.3785677706171888,0.0,-1.378567800419511,1.0000001192092896
4378,-2.661739389364235,0.0,-1.661739359561912,-1.0000001192092896
4379,-7.971600452774468,0.0,-1.971600273960536,-6.000000715255737
4380,-5.668981060366471,0.0,-1.6689809411571799,-4.000000476837158
4381,-0.378450758108992,0.0,-1.3784507879113144,1.0000001192092896
4382,-7.848567248116531,0.0,-1.8485670693026006,-6.000000715255737
4383,-5.797686366753861,0.0,-1.7976862475445738,-4.000000476837158
4384,-3.6699963344974065,0.0,-1.6699962748927628,-2.000000238418579
4385,-7.669976475759086,0.0,-1.6699762969451533,-6.000000715255737
4386,-7.781430991994363,0.0,-1.7814308131804288,-6.000000715255737
4387,-12.75455108277219,0.0,-1.7545507549466457,-11.000001311302185
4388,-5.826011396698313,0.0,-1.8260112774890236,-4.000000476837158
4389,-5.817496522133537,0.0,-1.8174964029242509,-4.000000476837158
4390,-3.6698929846504695,0.0,-1.669892925045826,-2.000000238418579
4391,-8.302420176996616,0.0,-1.302419968380362,-7.000000834465027
4392,-4.670220317027209,0.0,-1.6702202276202431,-3.0000003576278687
4393,-10.849664361325654,0.0,-1.8496640931047594,-9.000001072883606
4394,-7.748222692300134,0.0,-1.7482225134862017,-6.000000715255737
4395,-7.843566312062322,0.0,-1.8435661332483886,-6.000000715255737
4396,-2.3772837090539696,0.0,-1.377283679251652,-1.0000001192092896
4397,-7.781448375162434,0.0,-1.7814481963484998,-6.000000715255737
4398,-0.37854215166684746,0.0,-1.3785421814691698,1.0000001192092896
4399,-5.811854160664504,0.0,-1.8118540414552136,-4.000000476837158
4400,-5.8260979021425525,0.0,-1.8260977829332627,-4.000000476837158
4401,-5.851256699247539,0.0,-1.851256580038249,-4.000000476837158
4402,-3.669350014867961,0.0,-1.669349955263316,-2.000000238418579
4403,-7.801298266906132,0.0,-1.8012980880921976,-6.000000715255737
4404,-6.669513732844265,0.0,-1.6695135838326496,-5.000000596046448
4405,-5.669977080225066,0.0,-1.6699769610157786,-4.000000476837158
4406,-5.37708985776027,0.0,-1.3770897385509804,-4.000000476837158
4407,-7.88720628018517,0.0,-1.8872061013712362,-6.000000715255737
4408,-2.378447227865236,0.0,-1.3784471980629132,-1.0000001192092896
4409,-3.6691871893692127,0.0,-1.669187129764569,-2.000000238418579
4410,-0.37824777798103026,0.0,-1.3782478077833527,1.0000001192092896
4411,-6.836633191601005,0.0,-1.8366330425893904,-5.000000596046448
4412,-3.75272216474924,0.0,-1.7527221051445947,-2.000000238418579
4413,-3.6699694285027,0.0,-1.669969368898054,-2.000000238418579
4414,-7.695996311512341,0.0,-1.695996132698406,-6.000000715255737
4415,-9.83551049578198,0.0,-1.8355102573634068,-8.000000953674316
4416,-7.809669082424332,0.0,-1.8096689036104003,-6.000000715255737
4417,-9.804615965041997,0.0,-1.8046157266234213,-8.000000953674316
4418,-3.6693498353402174,0.0,-1.6693497757355726,-2.000000238418579
4419,-9.834046940996059,0.0,-1.8340467025774845,-8.000000953674316
4420,-5.799319000045152,0.0,-1.7993188808358633,-4.000000476837158
4421,-5.827837968912343,0.0,-1.827837849703054,-4.000000476837158
4422,-7.850250705244659,0.0,-1.8502505264307265,-6.000000715255737
4423,-7.669977136503121,0.0,-1.669976957689185,-6.000000715255737
4424,-5.6691431396697265,0.0,-1.6691430204604365,-4.000000476837158
4425,-8.815493778303694,0.0,-1.8154935696874417,-7.000000834465027
4426,-8.786265681964068,0.0,-1.7862654733478132,-7.000000834465027
4427,-2.3780604949664292,0.0,-1.3780604651641044,-1.0000001192092896
4428,-5.670220330153823,0.0,-1.670220210944534,-4.000000476837158
4429,-6.708605474388998,0.0,-1.7086053253773879,-5.000000596046448
4430,-5.67008044453388,0.0,-1.670080325324592,-4.000000476837158
4431,-12.800203057623438,0.0,-1.8002027297978904,-11.000001311302185
4432,-5.826125013060892,0.0,-1.8261248938516053,-4.000000476837158
4433,-1.7768158576236244,0.0,-1.7768158576236248,0.0
4434,-4.839309298004041,0.0,-1.839309208597073,-3.0000003576278687
4435,-5.852809342874681,0.0,-1.852809223665391,-4.000000476837158
4436,-2.377661866289814,0.0,-1.3776618364874937,-1.0000001192092896
4437,-2.3797665639750685,0.0,-1.379766534172747,-1.0000001192092896
4438,-7.849112596534667,0.0,-1.8491124177207383,-6.000000715255737
4439,-9.707814739922062,0.0,-1.707814501503486,-8.000000953674316
4440,-4.81554874320085,0.0,-1.8155486537938845,-3.0000003576278687
4441,-6.669544340208057,0.0,-1.6695441911964468,-5.000000596046448
4442,-5.851040806772527,0.0,-1.8510406875632386,-4.000000476837158
4443,-6.862339333954942,0.0,-1.8623391849433342,-5.000000596046448
4444,-4.921424501806015,-1.0000001192092896,-1.9214244123990487,-2.000000238418579
4445,-10.83404564461876,0.0,-1.8340453763978593,-9.000001072883606
4446,-5.6699764072735555,0.0,-1.6699762880642666,-4.000000476837158
4447,-3.8260559434622077,0.0,-1.8260558838575631,-2.000000238418579
4448,-5.831684896927593,0.0,-1.8316847777183052,-4.000000476837158
4449,-5.669722942762631,0.0,-1.66972282355334,-4.000000476837158
4450,-4.6699765675448575,0.0,-1.669976478137888,-3.0000003576278687
4451,-6.843230339901506,0.0,-1.8432301908898974,-5.000000596046448
4452,-9.837396041873752,0.0,-1.8373958034551756,-8.000000953674316
4453,-1.3316616985453118,0.0,-1.3316616985453118,0.0
4454,-7.793215082421118,0.0,-1.793214903607186,-6.000000715255737
4455,-0.3784510178779865,0.0,-1.3784510476803091,1.0000001192092896
4456,-6.761575767409143,0.0,-1.761575618397532,-5.000000596046448
4457,-3.671207917758874,0.0,-1.6712078581542287,-2.000000238418579
4458,-3.8422606273363864,0.0,-1.842260567731742,-2.000000238418579
4459,-0.3790696434921601,0.0,-1.3790696732944825,1.0000001192092896
4460,-9.781938607824134,0.0,-1.781938369405551,-8.000000953674316
4461,-1.3780887576293135,0.0,-1.378088757629313,0.0
4462,-7.849887997083709,0.0,-1.8498878182697782,-6.000000715255737
4463,-3.6702202833504876,0.0,-1.6702202237458401,-2.000000238418579
4464,-7.737834105380954,0.0,-1.73783392656702,-6.000000715255737
4465,-7.845443178389905,0.0,-1.8454429995759678,-6.000000715255737
4466,-5.669143138559611,0.0,-1.6691430193503247,-4.000000476837158
4467,-0.3782864384767477,0.0,-1.3782864682790703,1.0000001192092896
4468,-2.668758531813699,0.0,-1.668758502011373,-1.0000001192092896
4469,-8.825309119745175,0.0,-1.8253089111289176,-7.000000834465027
4470,-5.669349887660009,0.0,-1.6693497684507197,-4.000000476837158
4471,-6.820559803903343,0.0,-1.820559654891736,-5.000000596046448
4472,-7.855134922485021,0.0,-1.8551347436710848,-6.000000715255737
4473,-7.833472479072584,0.0,-1.8334723002586455,-6.000000715255737
4474,-8.66954438562514,0.0,-1.6695441770088901,-7.000000834465027
4475,-7.669996461770043,0.0,-1.6699962829561086,-6.000000715255737
4476,-10.775810172817861,0.0,-1.7758099045969629,-9.000001072883606
4477,-2.3799402576420556,0.0,-1.379940227839732,-1.0000001192092896
4478,-8.805082123817806,0.0,-1.8050819152015445,-7.000000834465027
4479,-5.852727657310792,0.0,-1.8527275381015051,-4.000000476837158
4480,-9.67023785866449,0.0,-1.670237620245906,-8.000000953674316
4481,-4.81136071113837,0.0,-1.8113606217314042,-3.0000003576278687
4482,-2.916611283444764,0.0,-1.9166112536424422,-1.0000001192092896
4483,-5.6700629092325086,0.0,-1.6700627900232174,-4.000000476837158
4484,-5.8277745251206605,0.0,-1.8277744059113692,-4.000000476837158
4485,-11.788055548520694,0.0,-1.788055250497469,-10.000001192092896
4486,-2.3802341597412195,0.0,-1.3802341299388978,-1.0000001192092896
4487,-7.817809938102805,0.0,-1.8178097592888716,-6.000000715255737
4488,-11.727799523461684,0.0,-1.7277992254384593,-10.000001192092896
4489,-6.836513219945524,0.0,-1.8365130709339104,-5.000000596046448
4490,-4.669714654255274,0.0,-1.6697145648483078,-3.0000003576278687
4491,-2.377963403589402,0.0,-1.3779633737870798,-1.0000001192092896
4492,-5.891757782709588,0.0,-1.8917576635002962,-4.000000476837158
4493,-7.830707377396341,0.0,-1.830707198582408,-6.000000715255737
4494,-1.378208766769599,0.0,-1.3782087667695972,0.0
4495,-6.846563106424951,0.0,-1.8465629574133349,-5.000000596046448
4496,-0.3776286194738201,0.0,-1.3776286492761423,1.0000001192092896
4497,-8.87822982473436,0.0,-1.8782296161181014,-7.000000834465027
4498,-5.669893033972022,0.0,-1.6698929147627282,-4.000000476837158
4499,-3.3786834190543322,0.0,-1.3786833594496866,-2.000000238418579
4500,-7.833049226273694,0.0,-1.8330490474597618,-6.000000715255737
4501,-5.8009843455025525,0.0,-1.8009842262932618,-4.000000476837158
4502,-7.839028637553928,0.0,-1.8390284587399965,-6.000000715255737
4503,-5.833609567927311,0.0,-1.8336094487180215,-4.000000476837158
4504,-5.839554208916879,0.0,-1.8395540897075915,-4.000000476837158
4505,-7.669723018775016,0.0,-1.6697228399610868,-6.000000715255737
4506,-5.672111990634286,0.0,-1.6721118714249978,-4.000000476837158
4507,-8.854189464415184,0.0,-1.8541892557989312,-7.000000834465027
4508,-4.813746960028173,0.0,-1.8137468706212014,-3.0000003576278687
4509,-5.37890727025852,0.0,-1.3789071510492346,-4.000000476837158
4510,-4.722720518429936,0.0,-1.7227204290229736,-3.0000003576278687
4511,-0.37782641861023136,0.0,-1.3778264484125538,1.0000001192092896
4512,-0.37830664493424293,0.0,-1.3783066747365655,1.0000001192092896
4513,-9.631372979461538,0.0,-1.6313727410429637,-8.000000953674316
4514,-9.726079558231602,0.0,-1.7260793198130227,-8.000000953674316
4515,-7.7311974509497725,0.0,-1.7311972721358417,-6.000000715255737
4516,-7.707517397760336,0.0,-1.7075172189463999,-6.000000715255737
4517,-6.632907965896555,0.0,-1.6329078168849398,-5.000000596046448
4518,-9.669544431835218,0.0,-1.6695441934166404,-8.000000953674316
4519,-5.66998703404861,0.0,-1.6699869148393236,-4.000000476837158
4520,-5.669212500684823,0.0,-1.6692123814755329,-4.000000476837158
4521,-2.378081259412193,0.0,-1.3780812296098688,-1.0000001192092896
4522,-1.754244351001079,0.0,-1.7542443510010781,0.0
4523,0.6218133256384815,0.0,-1.378186733966163,2.000000238418579
4524,-3.6700529789626932,0.0,-1.6700529193580473,-2.000000238418579
4525,-3.382933824863594,0.0,-1.3829337652589466,-2.000000238418579
4526,-8.71426800440426,0.0,-1.714267795788011,-7.000000834465027
4527,-0.3758690361640067,0.0,-1.375869065966329,1.0000001192092896
4528,-8.762712326322355,0.0,-1.7627121177060925,-7.000000834465027
4529,-2.380901007664032,0.0,-1.3809009778617085,-1.0000001192092896
4530,-4.8792573575116105,-1.0000001192092896,-1.8792572681046424,-2.000000238418579
4531,-5.536334606937787,0.0,-1.5363344877284988,-4.000000476837158
4532,-3.76018440405374,0.0,-1.7601843444490914,-2.000000238418579
4533,-7.747553436835478,0.0,-1.7475532580215438,-6.000000715255737
4534,-8.762614032121492,0.0,-1.7626138235052313,-7.000000834465027
4535,-1.5739693340785013,0.0,-0.5739693042761782,-1.0000001192092896
4536,-8.921419860099709,-1.0000001192092896,-1.9214196514834518,-6.000000715255737
4537,-9.770925699492148,0.0,-1.7709254610735659,-8.000000953674316
4538,-7.736037321376477,0.0,-1.7360371425625407,-6.000000715255737
4539,-9.736212129532701,0.0,-1.7362118911141284,-8.000000953674316
4540,-6.861555754567711,0.0,-1.8615556055560964,-5.000000596046448
4541,-0.577613281998024,0.0,-0.577613281998024,0.0
4542,-4.736032115754852,0.0,-1.736032026347886,-3.0000003576278687
4543,-1.8859505097466642,0.0,-1.8859505097466633,0.0
4544,-9.787238138688805,0.0,-1.7872379002702241,-8.000000953674316
4545,-7.738003961797524,0.0,-1.7380037829835886,-6.000000715255737
4546,-1.595256905148827,0.0,-0.5952568753465042,-1.0000001192092896
4547,-1.8866682334060496,0.0,-1.8866682334060494,0.0
4548,-6.3858164399364385,0.0,-1.3858162909248273,-5.000000596046448
4549,-2.8849760835581564,0.0,-1.8849760537558335,-1.0000001192092896
4550,-0.560081922838661,0.0,-0.5600819228386605,0.0
4551,-0.883676699589699,0.0,-1.8836767293920214,1.0000001192092896
4552,-0.8836765933416513,0.0,-1.883676623143974,1.0000001192092896
4553,-6.921767506466356,-1.0000001192092896,-1.9217673574547447,-4.000000476837158
4554,-6.9198861724338965,-1.0000001192092896,-1.919886023422288,-4.000000476837158
4555,-4.584578606000007,0.0,-0.5845784867907174,-4.000000476837158
4556,-9.736891482724154,0.0,-1.7368912443055715,-8.000000953674316
4557,0.11279950035816122,0.0,-1.8872005592464833,2.000000238418579
4558,-6.729227597643938,0.0,-1.7292274486323247,-5.000000596046448
4559,-0.3767908296359963,0.0,-1.3767908594383185,1.0000001192092896
4560,-10.928422273118917,-1.0000001192092896,-1.9284220048980145,-8.000000953674316
4561,-6.736044239343776,-1.0000001192092896,-1.7360440903321632,-4.000000476837158
4562,-1.663744488448486,0.0,-1.6637444884484864,0.0
4563,-2.8815117333242024,0.0,-1.881511703521881,-1.0000001192092896
4564,-0.3793529560868534,0.0,-1.3793529858891758,1.0000001192092896
4565,-2.37730114028337,0.0,-1.3773011104810489,-1.0000001192092896
4566,-10.92771376545665,-1.0000001192092896,-1.9277134972357457,-8.000000953674316
4567,-4.576084463389551,0.0,-0.5760843441802622,-4.000000476837158
4568,-9.736111996749795,0.0,-1.7361117583312091,-8.000000953674316
4569,-3.7982008900305875,0.0,-1.7982008304259458,-2.000000238418579
4570,0.11671933628107045,0.0,-1.8832807233235744,2.000000238418579
4571,-9.922050567055742,-1.0000001192092896,-1.9220503286371569,-7.000000834465027
4572,-6.754476020862026,0.0,-1.7544758718504148,-5.000000596046448
4573,-6.924080306716659,-1.0000001192092896,-1.9240801577050464,-4.000000476837158
4574,-2.884344008312424,0.0,-1.8843439785101024,-1.0000001192092896
4575,-0.37952706662170965,0.0,-1.3795270964240318,1.0000001192092896
4576,-2.8883869887472358,0.0,-1.8883869589449136,-1.0000001192092896
4577,-4.742730729737058,0.0,-1.7427306403300904,-3.0000003576278687
4578,-0.8843439892002809,0.0,-1.8843440190026026,1.0000001192092896
4579,-6.924718393914391,-1.0000001192092896,-1.9247182449027793,-4.000000476837158
4580,-0.8843437603719064,0.0,-1.8843437901742288,1.0000001192092896
4581,-6.921653159446249,-1.0000001192092896,-1.9216530104346368,-4.000000476837158
4582,-1.7421782201090246,0.0,-1.7421782201090246,0.0
4583,-3.8855735627675303,0.0,-1.885573503162885,-2.000000238418579
4584,-0.3797977369726411,0.0,-1.3797977667749637,1.0000001192092896
4585,-6.922390799653537,-1.0000001192092896,-1.9223906506419264,-4.000000476837158
4586,-5.921595589728957,0.0,-1.9215954705196676,-4.000000476837158
4587,-6.736029270597756,0.0,-1.7360291215861428,-5.000000596046448
4588,-4.92219726947753,-1.0000001192092896,-1.9221971800705635,-2.000000238418579
4589,-0.38574587516632164,0.0,-1.385745904968644,1.0000001192092896
4590,-8.73703320415314,0.0,-1.7370329955368886,-7.000000834465027
4591,-0.8822344521905622,0.0,-1.8822344819928842,1.0000001192092896
4592,-6.736030802990059,-1.0000001192092896,-1.7360306539784427,-4.000000476837158
4593,-7.754900495604591,0.0,-1.7549003167906598,-6.000000715255737
4594,-1.8866682829268941,0.0,-1.8866682829268941,0.0
4595,-1.8875775011014877,0.0,-1.8875775011014868,0.0
4596,-9.736028420225914,0.0,-1.736028181807337,-8.000000953674316
4597,-1.8855695027920274,0.0,-1.885569502792027,0.0
4598,-3.9215153671358762,-1.0000001192092896,-1.9215153075312301,-1.0000001192092896
4599,-11.928659424361866,-1.0000001192092896,-1.928659126338649,-9.000001072883606
4600,-7.693827713285427,0.0,-1.6938275344714941,-6.000000715255737
4601,-5.7360733858979325,0.0,-1.7360732666886418,-4.000000476837158
4602,-3.9240609500538124,-1.0000001192092896,-1.924060890449165,-1.0000001192092896
4603,-0.8861282154536401,0.0,-1.886128245255963,1.0000001192092896
4604,-0.886289996570443,0.0,-1.886290026372765,1.0000001192092896
4605,-3.736275772037573,0.0,-1.7362757124329307,-2.000000238418579
4606,-1.8861378286505228,0.0,-1.8861378286505226,0.0
4607,-6.922109887706193,-1.0000001192092896,-1.922109738694584,-4.000000476837158
4608,-5.736030061165028,0.0,-1.7360299419557392,-4.000000476837158
4609,-1.8849757988449931,0.0,-1.8849757988449927,0.0
4610,-0.8829735008459187,0.0,-1.8829735306482416,1.0000001192092896
4611,-12.736774635492944,0.0,-1.7367743076673974,-11.000001311302185
4612,-10.921424672442846,-1.0000001192092896,-1.9214244042219482,-8.000000953674316
4613,-9.886668557762532,0.0,-1.8866683193439528,-8.000000953674316
4614,-1.5910321498832793,0.0,-0.5910321200809573,-1.0000001192092896
4615,-7.736029351902638,0.0,-1.7360291730887072,-6.000000715255737
4616,-0.8861378356509041,0.0,-1.8861378654532266,1.0000001192092896
4617,-6.735913277358319,0.0,-1.7359131283467044,-5.000000596046448
4618,-2.7360332487202306,0.0,-1.7360332189179057,-1.0000001192092896
4619,-2.9632947978846924,0.0,-1.963294768082371,-1.0000001192092896
4620,-2.8836771341236505,0.0,-1.8836771043213278,-1.0000001192092896
4621,-2.8822348429168043,0.0,-1.8822348131144813,-1.0000001192092896
4622,-0.8871769065102373,0.0,-1.8871769363125597,1.0000001192092896
4623,-0.8796214557354365,0.0,-1.8796214855377587,1.0000001192092896
4624,1.395048108804857,0.0,-0.6049519507997879,2.000000238418579
4625,-0.865029783895368,0.0,-1.8650298136976893,1.0000001192092896
4626,-2.736749524179534,0.0,-1.736749494377212,-1.0000001192092896
4627,-8.921586930717831,-1.0000001192092896,-1.9215867221015732,-6.000000715255737
4628,-3.884344253829489,0.0,-1.8843441942248447,-2.000000238418579
4629,-5.746721164258059,0.0,-1.7467210450487711,-4.000000476837158
4630,-1.884867260147236,0.0,-1.884867260147236,0.0
4631,-8.753707956665849,0.0,-1.7537077480495944,-7.000000834465027
4632,-0.8836769396992348,0.0,-1.883676969501557,1.0000001192092896
4633,-3.325951031893685,0.0,-1.3259509722890417,-2.000000238418579
4634,-0.6899953683254836,0.0,-1.6899953981278066,1.0000001192092896
4635,-0.83227925706352,0.0,-1.8322792868658424,1.0000001192092896
4636,-0.3796343719283226,0.0,-1.379634401730645,1.0000001192092896
4637,-0.8833733312334502,0.0,-1.8833733610357721,1.0000001192092896
4638,0.6214479549414341,0.0,-1.378552104663211,2.000000238418579
4639,-0.3794556201845174,0.0,-1.3794556499868398,1.0000001192092896
4640,-0.37975817346875496,0.0,-1.3797582032710773,1.0000001192092896
4641,0.6210598934329538,0.0,-1.3789401661716905,2.000000238418579
4642,-2.8829737339217747,0.0,-1.8829737041194532,-1.0000001192092896
4643,-7.921445813492988,-1.0000001192092896,-1.9214456346790532,-5.000000596046448
4644,-10.921477927021813,-1.0000001192092896,-1.9214776588009115,-8.000000953674316
4645,-0.8866682696272437,0.0,-1.8866682994295658,1.0000001192092896
4646,-6.9213788342850915,-1.0000001192092896,-1.9213786852734787,-4.000000476837158
4647,1.1133318440413966,0.0,-1.8866682453655705,3.0000003576278687
4648,-4.736193645112424,-1.0000001192092896,-1.7361935557054542,-2.000000238418579
4649,-5.736833672513799,0.0,-1.7368335533045085,-4.000000476837158
4650,-4.9227006237631645,-1.0000001192092896,-1.9227005343561983,-2.000000238418579
4651,-0.8855736056296073,0.0,-1.8855736354319297,1.0000001192092896
4652,-0.3780531903648421,0.0,-1.3780532201671647,1.0000001192092896
4653,-5.736040135829133,0.0,-1.7360400166198466,-4.000000476837158
4654,-2.3770675171080717,0.0,-1.3770674873057485,-1.0000001192092896
4655,-0.8843437172282014,0.0,-1.884343747030524,1.0000001192092896
4656,-0.8876247499742204,0.0,-1.8876247797765418,1.0000001192092896
4657,-1.8822339985273286,0.0,-1.8822339985273286,0.0
4658,-5.743495859095359,0.0,-1.7434957398860673,-4.000000476837158
4659,-6.921586715610343,-1.0000001192092896,-1.9215865665987284,-4.000000476837158
4660,-4.591030912836727,0.0,-0.591030793627437,-4.000000476837158
4661,-0.8829735956859828,0.0,-1.8829736254883054,1.0000001192092896
4662,-5.66616431800458,0.0,-1.6661641987952909,-4.000000476837158
4663,-8.792360717017145,0.0,-1.7923605084008905,-7.000000834465027
4664,-1.8849759957283048,0.0,-1.8849759957283052,0.0
4665,-1.8837238145068569,0.0,-1.8837238145068569,0.0
4666,-0.3771337591151305,0.0,-1.3771337889174524,1.0000001192092896
4667,-4.926882045832989,-1.0000001192092896,-1.9268819564260198,-2.000000238418579
4668,-1.880576655402823,0.0,-1.8805766554028225,0.0
4669,-0.8821887803043885,0.0,-1.8821888101067108,1.0000001192092896
4670,-6.921424553233562,-1.0000001192092896,-1.921424404221948,-4.000000476837158
4671,-3.817922390663938,-1.0000001192092896,-1.817922331059294,-1.0000001192092896
4672,-8.717381943073368,0.0,-1.717381734457111,-7.000000834465027
4673,-2.379540727600225,0.0,-1.3795406977979017,-1.0000001192092896
4674,-0.8861378226173369,0.0,-1.8861378524196595,1.0000001192092896
4675,-1.8833734120942698,0.0,-1.8833734120942693,0.0
4676,-0.3480106864862451,0.0,-1.348010716288567,1.0000001192092896
4677,-5.7360976069085545,0.0,-1.7360974876992656,-4.000000476837158
4678,-2.378342554740133,0.0,-1.3783425249378132,-1.0000001192092896
4679,-2.887176969679284,0.0,-1.8871769398769613,-1.0000001192092896
4680,0.6223096571500354,0.0,-1.377690402454609,2.000000238418579
4681,-0.882234548305921,0.0,-1.8822345781082432,1.0000001192092896
4682,-0.8849760397578093,0.0,-1.884976069560132,1.0000001192092896
4683,-3.7367887383608402,0.0,-1.7367886787561952,-2.000000238418579
4684,-6.92241197973242,-1.0000001192092896,-1.9224118307208076,-4.000000476837158
4685,-10.921608338997926,-1.0000001192092896,-1.9216080707770202,-8.000000953674316
4686,-8.921424612838205,-1.0000001192092896,-1.9214244042219484,-6.000000715255737
4687,-1.696195630666897,0.0,-1.6961956306668953,0.0
4688,1.6223735391456375,0.0,-1.3776265502613316,3.0000003576278687
4689,-3.784451939662891,0.0,-1.784451880058247,-2.000000238418579
4690,-8.921333668592439,-1.0000001192092896,-1.921333459976183,-6.000000715255737
4691,-0.8855736238203277,0.0,-1.8855736536226504,1.0000001192092896
4692,-11.736124724780533,0.0,-1.7361244267573,-10.000001192092896
4693,-6.746193622849764,-1.0000001192092896,-1.7461934738381482,-4.000000476837158
4694,-2.886137894106533,0.0,-1.8861378643042097,-1.0000001192092896
4695,-3.7360305815465003,0.0,-1.7360305219418548,-2.000000238418579
4696,-2.260360092926377,0.0,-1.2603600631240561,-1.0000001192092896
4697,-6.926049026273073,-1.0000001192092896,-1.92604887726146,-4.000000476837158
4698,-6.922330304192354,-1.0000001192092896,-1.922330155180741,-4.000000476837158
4699,-0.8871768933813725,0.0,-1.8871769231836946,1.0000001192092896
4700,-10.736050659088988,-1.0000001192092896,-1.7360503908680929,-8.000000953674316
4701,-4.925944778126091,-1.0000001192092896,-1.925944688719123,-2.000000238418579
4702,-5.723687666852192,0.0,-1.723687547642905,-4.000000476837158
4703,-6.922805566745575,-1.0000001192092896,-1.9228054177339633,-4.000000476837158
4704,-9.739043355011944,-1.0000001192092896,-1.7390431165933644,-7.000000834465027
4705,-0.8849760239363923,0.0,-1.8849760537387148,1.0000001192092896
4706,-9.734911328712274,0.0,-1.7349110902936906,-8.000000953674316
4707,-7.738737608508863,0.0,-1.7387374296949312,-6.000000715255737
4708,-9.73599813352905,0.0,-1.735997895110466,-8.000000953674316
4709,-7.735993329847947,0.0,-1.7359931510340125,-6.000000715255737
4710,-0.8836765631556625,0.0,-1.883676592957985,1.0000001192092896
4711,-2.2943280303279114,0.0,-1.2943280005255882,-1.0000001192092896
4712,-4.773895100976302,0.0,-1.773895011569332,-3.0000003576278687
4713,-10.740371409439037,0.0,-1.7403711412181389,-9.000001072883606
4714,-2.886668329813227,0.0,-1.886668300010904,-1.0000001192092896
4715,-1.8843438339096932,0.0,-1.8843438339096932,0.0
4716,-6.921530202145049,-1.0000001192092896,-1.9215300531334374,-4.000000476837158
4717,-4.921861309282804,-1.0000001192092896,-1.921861219875837,-2.000000238418579
4718,-8.92361184811904,-1.0000001192092896,-1.9236116395027805,-6.000000715255737
4719,-5.801015247493772,0.0,-1.8010151282844824,-4.000000476837158
4720,-0.37359854275907645,0.0,-1.373598572561399,1.0000001192092896
4721,-6.920936904250709,-1.0000001192092896,-1.920936755239091,-4.000000476837158
4722,-5.745725033977201,0.0,-1.7457249147679095,-4.000000476837158
4723,-0.8829739059886086,0.0,-1.8829739357909308,1.0000001192092896
4724,-10.736029234320153,0.0,-1.7360289660992394,-9.000001072883606
4725,-1.8855445124062813,0.0,-1.8855445124062817,0.0
4726,-1.886668248771532,0.0,-1.886668248771532,0.0
4727,-8.735068377624811,0.0,-1.7350681690085572,-7.000000834465027
4728,-0.887577471299164,0.0,-1.8875775011014864,1.0000001192092896
4729,-6.921478561088643,-1.0000001192092896,-1.9214784120770252,-4.000000476837158
4730,-0.37990609844906387,0.0,-1.3799061282513863,1.0000001192092896
4731,-0.8866682053153431,0.0,-1.8866682351176656,1.0000001192092896
4732,-7.7361162598730875,0.0,-1.7361160810591527,-6.000000715255737
4733,-5.7897945735785035,-1.0000001192092896,-1.7897944543692157,-3.0000003576278687
4734,-2.3794935862451942,0.0,-1.379493556442873,-1.0000001192092896
4735,-6.789472659655909,0.0,-1.7894725106442975,-5.000000596046448
4736,-9.85361988388616,0.0,-1.853619645467586,-8.000000953674316
4737,0.11504374765004732,0.0,-1.884956311954597,2.000000238418579
4738,-11.742357210005146,0.0,-1.7423569119819249,-10.000001192092896
4739,-1.882234015859434,0.0,-1.882234015859434,0.0
4740,-1.6457929859632352,0.0,-1.6457929859632348,0.0
4741,-10.923694593547792,-1.0000001192092896,-1.923694325326891,-8.000000953674316
4742,-3.9213794697376994,-1.0000001192092896,-1.921379410133054,-1.0000001192092896
4743,-10.921366008310597,-1.0000001192092896,-1.9213657400896917,-8.000000953674316
4744,-1.3804073150577976,0.0,-1.3804073150577996,0.0
4745,-0.8836766386205492,0.0,-1.883676668422872,1.0000001192092896
4746,-2.6049899728690287,0.0,-0.6049899132643837,-2.000000238418579
4747,-5.737633595697753,0.0,-1.7376334764884676,-4.000000476837158
4748,-0.8843437457933955,0.0,-1.8843437755957182,1.0000001192092896
4749,-6.92142455323356,-1.0000001192092896,-1.9214244042219475,-4.000000476837158
4750,-2.6440053160628776,0.0,-1.6440052862605545,-1.0000001192092896
4751,-7.736050228393756,0.0,-1.73605004957982,-6.000000715255737
4752,-0.37653875407836734,0.0,-1.3765387838806897,1.0000001192092896
4753,-10.921662327068882,-1.0000001192092896,-1.921662058847983,-8.000000953674316
4754,-0.8836765933416509,0.0,-1.8836766231439732,1.0000001192092896
4755,-5.73606278137878,0.0,-1.7360626621694948,-4.000000476837158
4756,-4.738278045267974,0.0,-1.7382779558610064,-3.0000003576278687
4757,-6.921438180248022,-1.0000001192092896,-1.921438031236406,-4.000000476837158
4758,-0.8866682155574918,0.0,-1.886668245359814,1.0000001192092896
4759,-6.921424553232987,-1.0000001192092896,-1.9214244042213768,-4.000000476837158
4760,-8.921424612838203,-1.0000001192092896,-1.9214244042219475,-6.000000715255737
4761,-6.736053738190039,0.0,-1.736053589178426,-5.000000596046448
4762,-8.755631312434467,0.0,-1.7556311038182204,-7.000000834465027
4763,-6.921810474493383,-1.0000001192092896,-1.9218103254817702,-4.000000476837158
4764,-1.8855734835033497,0.0,-1.8855734835033489,0.0
4765,-0.8849757983413077,0.0,-1.88497582814363,1.0000001192092896
4766,-8.736034247975747,-1.0000001192092896,-1.7360340393594924,-6.000000715255737
4767,0.6231858105923139,0.0,-1.3768142490123305,2.000000238418579
4768,0.1212253092053201,0.0,-1.8787747503993253,2.000000238418579
4769,-0.8322695723505185,0.0,-1.8322696021528406,1.0000001192092896
4770,-5.79874919948387,0.0,-1.7987490802745825,-4.000000476837158
4771,-0.8868644772363516,0.0,-1.8868645070386745,1.0000001192092896
4772,-2.8843441856193,0.0,-1.8843441558169787,-1.0000001192092896
4773,-9.736038287683831,0.0,-1.7360380492652552,-8.000000953674316
4774,-11.746789754333177,0.0,-1.7467894563099475,-10.000001192092896
4775,-4.715357707699177,0.0,-1.7153576182922101,-3.0000003576278687
4776,-4.921793924537583,-1.0000001192092896,-1.9217938351306156,-2.000000238418579
4777,-3.9526096133557753,0.0,-1.9526095537511277,-2.000000238418579
4778,-9.921424642606713,-1.0000001192092896,-1.9214244041881285,-7.000000834465027
4779,-9.92318211911833,-1.0000001192092896,-1.9231818806997525,-7.000000834465027
4780,-6.922619308863964,-1.0000001192092896,-1.9226191598523477,-4.000000476837158
4781,-0.882595463681733,0.0,-1.8825954934840552,1.0000001192092896
4782,0.11442645126838236,0.0,-1.8855736083362622,2.000000238418579
4783,-6.734819191358759,0.0,-1.7348190423471468,-5.000000596046448
4784,-6.927894161272243,-1.0000001192092896,-1.9278940122606283,-4.000000476837158
4785,-0.883373541426018,0.0,-1.8833735712283404,1.0000001192092896
4786,-7.73606629891479,0.0,-1.736066120100854,-6.000000715255737
4787,-5.736511747736283,0.0,-1.7365116285269928,-4.000000476837158
4788,-5.736059284575034,0.0,-1.7360591653657425,-4.000000476837158
4789,-9.788916039314415,0.0,-1.7889158008958392,-8.000000953674316
4790,-2.5531446369189665,0.0,-1.5531446071166433,-1.0000001192092896
4791,-6.921249539914923,-1.0000001192092896,-1.9212493909033124,-4.000000476837158
4792,-0.38462483748887744,0.0,-1.3846248672912,1.0000001192092896
4793,-2.884975841538176,0.0,-1.884975811735854,-1.0000001192092896
4794,-0.37818023091002195,0.0,-1.3781802607123443,1.0000001192092896
4795,-7.738643585066479,0.0,-1.7386434062525404,-6.000000715255737
4796,-1.8875775121163338,0.0,-1.8875775121163343,0.0
4797,-9.737568241395174,0.0,-1.7375680029765919,-8.000000953674316
4798,-2.3764058219027104,0.0,-1.376405792100388,-1.0000001192092896
4799,-3.6378864100391213,0.0,-1.6378863504344743,-2.000000238418579
4800,0.11565625544377833,0.0,-1.8843438041608667,2.000000238418579
4801,-3.882234746838781,0.0,-1.882234687234135,-2.000000238418579
4802,-6.736085643789895,0.0,-1.736085494778284,-5.000000596046448
4803,0.6645813123313321,0.0,-1.3354187472733126,2.000000238418579
4804,-1.3805572370897135,0.0,-1.380557237089714,0.0
4805,-5.753017539677078,0.0,-1.7530174204677886,-4.000000476837158
4806,0.11092094705463555,0.0,-0.8890790827476864,1.0000001192092896
4807,-4.922985066166365,-1.0000001192092896,-1.9229849767593983,-2.000000238418579
4808,-0.8849759208061307,0.0,-1.8849759506084534,1.0000001192092896
4809,-4.842637409931529,0.0,-1.8426373205245625,-3.0000003576278687
4810,0.11702599957331716,0.0,-1.8829740600313283,2.000000238418579
4811,2.1138622549050785,0.0,-1.8861378643042106,4.000000476837158
4812,-6.737670406185774,0.0,-1.737670257174162,-5.000000596046448
4813,-4.928142472364877,-1.0000001192092896,-1.928142382957911,-2.000000238418579
4814,-0.8851368089936955,0.0,-1.8851368387960183,1.0000001192092896
4815,-5.736024880059305,0.0,-1.7360247608500163,-4.000000476837158
4816,0.11776588076441252,0.0,-1.8822341788402324,2.000000238418579
4817,-6.7382363029872145,0.0,-1.7382361539756057,-5.000000596046448
4818,-2.379175252454466,0.0,-1.379175222652144,-1.0000001192092896
4819,-2.925727724643772,-1.0000001192092896,-1.9257276948414488,0.0
4820,-8.737612993703804,0.0,-1.7376127850875451,-7.000000834465027
4821,-1.8866682692730652,0.0,-1.8866682692730647,0.0
4822,-0.88661390883343,0.0,-1.8866139386357514,1.0000001192092896
4823,-6.736050411462009,0.0,-1.7360502624504,-5.000000596046448
4824,-10.736032588339297,-1.0000001192092896,-1.7360323201183903,-8.000000953674316
4825,-0.8855591179164468,0.0,-1.8855591477187696,1.0000001192092896
4826,-8.74173197424361,0.0,-1.7417317656273534,-7.000000834465027
4827,-1.887577520344344,0.0,-1.887577520344344,0.0
4828,-0.8855734548617545,0.0,-1.8855734846640764,1.0000001192092896
4829,0.1124225502751387,0.0,-1.887577509329507,2.000000238418579
4830,-7.738825341777257,0.0,-1.738825162963323,-6.000000715255737
4831,-7.921424583035884,-1.0000001192092896,-1.9214244042219484,-5.000000596046448
4832,-8.92472057973958,-1.0000001192092896,-1.9247203711233223,-6.000000715255737
4833,-4.744937981836853,0.0,-1.7449378924298846,-3.0000003576278687
4834,-3.3982841461348947,0.0,-1.3982840865302508,-2.000000238418579
4835,-3.921424485005195,-1.0000001192092896,-1.9214244254005506,-1.0000001192092896
4836,-0.3800423034787921,0.0,-1.3800423332811145,1.0000001192092896
4837,-1.8825955802714496,0.0,-1.88259558027145,0.0
4838,-8.81357561544987,0.0,-1.8135754068336116,-7.000000834465027
4839,-1.6137775682112312,0.0,-0.613777538408908,-1.0000001192092896
4840,-6.921131291953486,-1.0000001192092896,-1.9211311429418736,-4.000000476837158
4841,-4.794178650466769,-1.0000001192092896,-1.7941785610598013,-2.000000238418579
4842,-8.691678993035733,0.0,-1.6916787844194736,-7.000000834465027
4843,-4.922840693285724,-1.0000001192092896,-1.9228406038787549,-2.000000238418579
4844,-5.73602823409019,0.0,-1.736028114880901,-4.000000476837158
4845,-1.886668277240711,0.0,-1.886668277240712,0.0
4846,-8.921477856959823,-1.0000001192092896,-1.9214776483435685,-6.000000715255737
4847,-4.922450546650428,-1.0000001192092896,-1.922450457243459,-2.000000238418579
4848,-6.921424575276539,-1.0000001192092896,-1.9214244262649283,-4.000000476837158
4849,-11.921424702245174,-1.0000001192092896,-1.9214244042219468,-9.000001072883606
4850,-3.792654686615216,0.0,-1.7926546270105694,-2.000000238418579
4851,-4.7518267331086195,0.0,-1.7518266437016488,-3.0000003576278687
4852,-10.736016101618455,0.0,-1.7360158333975573,-9.000001072883606
4853,-0.8861377722064729,0.0,-1.8861378020087955,1.0000001192092896
4854,-3.996077371097352,0.0,-1.9960773114927042,-2.000000238418579
4855,-6.921924488633137,-1.0000001192092896,-1.921924339621526,-4.000000476837158
4856,-7.736079049296621,0.0,-1.736078870482688,-6.000000715255737
4857,-8.921424612837633,-1.0000001192092896,-1.9214244042213762,-6.000000715255737
4858,-0.3777709663016553,0.0,-1.3777709961039777,1.0000001192092896
4859,0.11967789145571894,0.0,-1.8803221681489264,2.000000238418579
4860,-3.736090556818407,0.0,-1.7360904972137639,-2.000000238418579
4861,-11.73998288520178,0.0,-1.7399825871785457,-10.000001192092896
4862,-1.8875775147707008,0.0,-1.8875775147707012,0.0
4863,-6.923533192412977,-1.0000001192092896,-1.9235330434013673,-4.000000476837158
4864,-6.921327769310755,-1.0000001192092896,-1.9213276202991407,-4.000000476837158
4865,-8.921824212639505,-1.0000001192092896,-1.9218240040232475,-6.000000715255737
4866,-2.379078711780178,0.0,-1.3790786819778549,-1.0000001192092896
4867,0.11851516852367949,0.0,-1.8814848910809654,2.000000238418579
4868,-6.73603112965603,0.0,-1.7360309806444174,-5.000000596046448
4869,0.3433327113224521,0.0,-1.6566673482821934,2.000000238418579
4870,-10.92270617350522,-1.0000001192092896,-1.9227059052843196,-8.000000953674316
4871,-0.882973517657461,0.0,-1.8829735474597835,1.0000001192092896
4872,-9.736038102027205,0.0,-1.7360378636086167,-8.000000953674316
4873,0.3905449346352679,0.0,-0.6094550951670548,1.0000001192092896
4874,-6.921500025999826,-1.0000001192092896,-1.9214998769882112,-4.000000476837158
4875,-6.921565024447755,-1.0000001192092896,-1.9215648754361465,-4.000000476837158
4876,-6.736900280483219,0.0,-1.7369001314716084,-5.000000596046448
4877,-6.7359834680107955,0.0,-1.7359833189991807,-5.000000596046448
4878,-0.8871769070728532,0.0,-1.887176936875175,1.0000001192092896
4879,-0.8871768894430657,0.0,-1.8871769192453882,1.0000001192092896
4880,-6.926121814291729,-1.0000001192092896,-1.92612166528012,-4.000000476837158
4881,-3.745252285951871,0.0,-1.7452522263472279,-2.000000238418579
4882,-0.883676517876594,0.0,-1.8836765476789163,1.0000001192092896
4883,-1.8822340468743215,0.0,-1.8822340468743217,0.0
4884,-0.8322413849520202,0.0,-1.8322414147543424,1.0000001192092896
4885,-6.736028955841397,0.0,-1.7360288068297811,-5.000000596046448
4886,-1.8843438193312168,0.0,-1.8843438193312168,0.0
4887,-6.754783313292573,0.0,-1.7547831642809588,-5.000000596046448
4888,-7.73581096242416,0.0,-1.735810783610224,-6.000000715255737
4889,-1.8861378156169197,0.0,-1.8861378156169197,0.0
4890,-3.7360339157607463,0.0,-1.7360338561561022,-2.000000238418579
4891,-8.736036777109565,0.0,-1.73603656849331,-7.000000834465027
4892,-6.922666067731099,-1.0000001192092896,-1.92266591871949,-4.000000476837158
4893,-6.921424553233562,-1.0000001192092896,-1.9214244042219488,-4.000000476837158
4894,-4.743006980187424,0.0,-0.7430068609781306,-4.000000476837158
4895,-3.7362521332625245,0.0,-1.73625207365788,-2.000000238418579
4896,-4.9214244936289155,-1.0000001192092896,-1.9214244042219482,-2.000000238418579
4897,-4.9252570764013,-1.0000001192092896,-1.9252569869943348,-2.000000238418579
4898,0.11702564969620671,0.0,-1.8829744099084382,2.000000238418579
4899,-1.8843439353668443,0.0,-1.8843439353668452,0.0
4900,-0.3771532849055168,0.0,-1.3771533147078392,1.0000001192092896
4901,0.11776551315042028,0.0,-1.8822345464542238,2.000000238418579
4902,-6.923927803760972,-1.0000001192092896,-1.9239276547493582,-4.000000476837158
4903,-0.884272731698875,0.0,-1.8842727615011974,1.0000001192092896
4904,-11.687463104945053,0.0,-1.6874628069218194,-10.000001192092896
4905,-2.378069297186503,0.0,-1.37806926738418,-1.0000001192092896
4906,-8.737471527643068,0.0,-1.73747131902681,-7.000000834465027
4907,-0.8843438332642894,0.0,-1.8843438630666114,1.0000001192092896
4908,-9.736117071802656,0.0,-1.7361168333840724,-8.000000953674316
4909,-4.379478189534296,0.0,-1.3794781001273284,-3.0000003576278687
4910,-1.8842729090102792,0.0,-1.8842729090102797,0.0
4911,-6.923637797026159,-1.0000001192092896,-1.9236376480145452,-4.000000476837158
4912,-0.3787488742869549,0.0,-1.3787489040892775,1.0000001192092896
4913,-2.7472917967614268,0.0,-0.7472917371567797,-2.000000238418579
4914,-7.733295536830333,0.0,-1.7332953580163972,-6.000000715255737
4915,-6.9230496245616875,-1.0000001192092896,-1.9230494755500755,-4.000000476837158
4916,-0.3778460988352452,0.0,-1.3778461286375676,1.0000001192092896
4917,-8.922604587599936,-1.0000001192092896,-1.9226043789836795,-6.000000715255737
4918,-1.8822341188437497,0.0,-1.8822341188437495,0.0
4919,-4.717312302303367,0.0,-1.7173122128963973,-3.0000003576278687
4920,-1.58088762909924,0.0,-0.5808875992969174,-1.0000001192092896
4921,-8.922902310165956,-1.0000001192092896,-1.922902101549694,-6.000000715255737
4922,-0.3786041692167075,0.0,-1.3786041990190299,1.0000001192092896
4923,-8.921207676781567,-1.0000001192092896,-1.9212074681653153,-6.000000715255737
4924,-4.923516997368784,-1.0000001192092896,-1.9235169079618195,-2.000000238418579
4925,-8.921592800695684,-1.0000001192092896,-1.921592592079427,-6.000000715255737
4926,-3.7350886713554834,0.0,-1.7350886117508375,-2.000000238418579
4927,-1.8836765627719507,0.0,-1.8836765627719503,0.0
4928,0.6085632511509622,0.0,-1.3914368084536828,2.000000238418579
4929,-1.3774053971543272,0.0,-1.3774053971543285,0.0
4930,-4.921666548823427,-1.0000001192092896,-1.921666459416458,-2.000000238418579
4931,0.11702652775059807,0.0,-1.8829735318540468,2.000000238418579
4932,-5.736042498172124,0.0,-1.736042378962835,-4.000000476837158
4933,-10.922241693102297,-1.0000001192092896,-1.9222414248813964,-8.000000953674316
4934,-11.736030912229147,0.0,-1.736030614205922,-10.000001192092896
4935,-6.736603030566733,0.0,-1.7366028815551158,-5.000000596046448
4936,-0.884344022191275,0.0,-1.8843440519935974,1.0000001192092896
4937,-1.8805696099599027,0.0,-1.8805696099599027,0.0
4938,-13.736217251492514,0.0,-1.7362168938646456,-12.000001430511475
4939,-0.8848364103767584,0.0,-1.8848364401790811,1.0000001192092896
4940,-7.927795293940839,-1.0000001192092896,-1.9277951151269024,-5.000000596046448
4941,-4.921424493527492,-1.0000001192092896,-1.9214244041205255,-2.000000238418579
4942,-6.921741127169129,-1.0000001192092896,-1.921740978157518,-4.000000476837158
4943,-0.37905555513739375,0.0,-1.3790555849397164,1.0000001192092896
4944,-6.921793332750597,-1.0000001192092896,-1.9217931837389814,-4.000000476837158
4945,-4.925171355051452,-1.0000001192092896,-1.9251712656444864,-2.000000238418579
4946,-9.73602623508019,0.0,-1.7360259966616107,-8.000000953674316
4947,-2.736010665523008,0.0,-1.736010635720685,-1.0000001192092896
4948,-5.70755639000123,0.0,-1.7075562707919418,-4.000000476837158
4949,-8.923417470677853,-1.0000001192092896,-1.923417262061594,-6.000000715255737
4950,-7.736332987372311,0.0,-1.7363328085583778,-6.000000715255737
4951,-2.611103534021862,0.0,-0.6111034744172172,-2.000000238418579
4952,0.11776610759975814,0.0,-1.8822339520048867,2.000000238418579
4953,-4.736047714858128,0.0,-1.7360476254511596,-3.0000003576278687
4954,-6.925226002947466,-1.0000001192092896,-1.9252258539358522,-4.000000476837158
4955,-6.920866536194183,-1.0000001192092896,-1.920866387182572,-4.000000476837158
4956,-5.921618856577558,-1.0000001192092896,-1.9216187373682692,-3.0000003576278687
4957,-0.8849757831058398,0.0,-1.8849758129081622,1.0000001192092896
4958,-1.8836766684228725,0.0,-1.883676668422873,0.0
4959,-2.885573513305672,0.0,-1.8855734835033493,-1.0000001192092896
4960,-0.13346106768541147,0.0,-1.1334610974877337,1.0000001192092896
4961,-4.747448120480729,0.0,-1.74744803107376,-3.0000003576278687
4962,-1.0176673505631018,1.0000001192092896,-2.0176673803654235,0.0
4963,-4.736039452739235,0.0,-1.7360393633322662,-3.0000003576278687
4964,-6.921424575276539,-1.0000001192092896,-1.9214244262649278,-4.000000476837158
4965,-5.382599304142468,0.0,-1.382599184933178,-4.000000476837158
4966,-1.6049907565862322,0.0,-0.6049907267839104,-1.0000001192092896
4967,-2.3814336349572995,0.0,-1.381433605154978,-1.0000001192092896
4968,-5.736149024639704,0.0,-1.7361489054304144,-4.000000476837158
4969,-7.736218519887245,0.0,-1.7362183410733092,-6.000000715255737
4970,-9.924921127449817,-1.0000001192092896,-1.9249208890312373,-7.000000834465027
4971,-0.8875775069980215,0.0,-1.8875775368003442,1.0000001192092896
4972,-4.735770600393339,0.0,-1.7357705109863715,-3.0000003576278687
4973,-0.8866682400336057,0.0,-1.8866682698359278,1.0000001192092896
4974,-0.37821077600623987,0.0,-1.3782108058085623,1.0000001192092896
4975,-6.7415607011924745,-1.0000001192092896,-1.7415605521808628,-4.000000476837158
4976,-6.666585484355675,0.0,-1.6665853353440672,-5.000000596046448
4977,-4.373699119683119,0.0,-1.373699030276152,-3.0000003576278687
4978,-2.886137893353653,0.0,-1.8861378635513302,-1.0000001192092896
4979,-7.91979936804621,-1.0000001192092896,-1.9197991892322763,-5.000000596046448
4980,-4.616495867751577,0.0,-1.6164957783446143,-3.0000003576278687
4981,-0.8856919752126922,0.0,-1.8856920050150145,1.0000001192092896
4982,-5.926616516200095,-1.0000001192092896,-1.9266163969908028,-3.0000003576278687
4983,-6.736069316580934,0.0,-1.736069167569321,-5.000000596046448
4984,-5.736040470624312,0.0,-1.736040351415018,-4.000000476837158
4985,-4.924031943128263,-1.0000001192092896,-1.9240318537212957,-2.000000238418579
4986,-11.735038207253982,0.0,-1.7350379092307564,-10.000001192092896
4987,-11.735760499531276,0.0,-1.7357602015080487,-10.000001192092896
4988,-0.3794476570480052,0.0,-1.3794476868503276,1.0000001192092896
4989,-4.921478429493927,-1.0000001192092896,-1.9214783400869597,-2.000000238418579
4990,-8.757954753226537,-1.0000001192092896,-1.7579545446102838,-6.000000715255737
4991,0.11632348114222724,0.0,-1.8836765784624177,2.000000238418579
4992,-8.921424612838203,-1.0000001192092896,-1.921424404221947,-6.000000715255737
4993,-3.5903025938716446,0.0,-0.5903025044646764,-3.0000003576278687
4994,-0.8836769845605126,0.0,-1.883677014362835,1.0000001192092896
4995,-7.736031124673279,0.0,-1.736030945859341,-6.000000715255737
4996,-4.92142450408626,-1.0000001192092896,-1.9214244146792918,-2.000000238418579
4997,-0.3784946125279407,0.0,-1.378494642330263,1.0000001192092896
4998,-1.8875853708410044,0.0,-1.887585370841004,0.0
4999,-0.37940770010566416,0.0,-1.3794077299079865,1.0000001192092896
5000,-3.676540285454273,0.0,-1.6765402258496285,-2.000000238418579
5001,-0.37749520079277543,0.0,-1.3774952305950978,1.0000001192092896
5002,-0.8843437463852579,0.0,-1.8843437761875805,1.0000001192092896
5003,-4.921258272306536,-1.0000001192092896,-1.9212581828995678,-2.000000238418579
5004,-2.3791890139759486,0.0,-1.3791889841736276,-1.0000001192092896
5005,-4.72059363018033,0.0,-1.7205935407733612,-3.0000003576278687
5006,-1.8852238446244933,0.0,-1.8852238446244933,0.0
5007,-0.38555390540004564,0.0,-1.3855539352023682,1.0000001192092896
5008,-3.8861379714485143,0.0,-1.8861379118438681,-2.000000238418579
5009,-2.3746537173959994,0.0,-1.3746536875936766,-1.0000001192092896
5010,-0.8871769037001709,0.0,-1.8871769335024933,1.0000001192092896
5011,-4.921424493628914,-1.0000001192092896,-1.9214244042219466,-2.000000238418579
5012,-2.377039887931813,0.0,-1.3770398581294883,-1.0000001192092896
5013,0.11632308932504798,0.0,-1.883676970279597,2.000000238418579
5014,-8.80818782580248,0.0,-1.8081876171862215,-7.000000834465027
5015,-0.8859306495321649,0.0,-1.8859306793344872,1.0000001192092896
5016,-0.8822342663129024,0.0,-1.8822342961152245,1.0000001192092896
5017,-4.374559906679022,0.0,-1.3745598172720515,-3.0000003576278687
5018,-8.875157950325054,0.0,-1.875157741708795,-7.000000834465027
5019,-1.5910276970177708,0.0,-0.5910276672154477,-1.0000001192092896
5020,0.11242252057484714,0.0,-1.8875775390297975,2.000000238418579
5021,0.42727660619850016,0.0,-1.5727234534061443,2.000000238418579
5022,-5.736040777654933,0.0,-1.7360406584456434,-4.000000476837158
5023,-3.7360157372874814,0.0,-1.7360156776828375,-2.000000238418579
5024,-2.861823055988742,0.0,-1.8618230261864182,-1.0000001192092896
5025,-0.8829738459782962,0.0,-1.8829738757806183,1.0000001192092896
5026,-6.9214245532335585,-1.0000001192092896,-1.9214244042219468,-4.000000476837158
5027,-5.736040624801098,0.0,-1.736040505591806,-4.000000476837158
5028,-0.3849440628502778,0.0,-1.3849440926526002,1.0000001192092896
5029,-0.3783465040171794,0.0,-1.3783465338195018,1.0000001192092896
5030,-2.3763727277296396,0.0,-1.3763726979273165,-1.0000001192092896
5031,-4.786106539627369,0.0,-1.786106450220402,-3.0000003576278687
5032,-1.672385532875491,0.0,-1.6723855328754897,0.0
5033,-7.736164500560692,0.0,-1.7361643217467557,-6.000000715255737
5034,-8.92202042074501,-1.0000001192092896,-1.9220202121287555,-6.000000715255737
5035,-0.8849757831058407,0.0,-1.8849758129081633,1.0000001192092896
5036,1.1156817795429532,0.0,-1.884318309864014,3.0000003576278687
5037,-4.5969983933588,0.0,-1.596998303951839,-3.0000003576278687
5038,-10.922478475801519,-1.0000001192092896,-1.9224782075806153,-8.000000953674316
5039,-1.8861282429639257,0.0,-1.8861282429639263,0.0
5040,-6.922449028290352,-1.0000001192092896,-1.9224488792787446,-4.000000476837158
5041,-2.7257510271355447,0.0,-1.725750997333221,-1.0000001192092896
5042,-6.598409387913084,0.0,-1.598409238901471,-5.000000596046448
5043,-7.736683000929695,0.0,-1.736682822115756,-6.000000715255737
5044,-11.736114636278325,0.0,-1.7361143382550992,-10.000001192092896
5045,-4.92167282223884,-1.0000001192092896,-1.9216727328318717,-2.000000238418579
5046,-0.016855577004856043,1.0000001192092896,-2.0168556366095007,1.0000001192092896
5047,-1.381172312367684,0.0,-1.3811723123676831,0.0
5048,-0.58615575753703,0.0,-0.5861557575370302,0.0
5049,-9.770768490339474,0.0,-1.770768251920898,-8.000000953674316
5050,-6.7495946859243405,0.0,-1.7495945369127293,-5.000000596046448
5051,-5.736029539971031,0.0,-1.7360294207617386,-4.000000476837158
5052,-1.8829735318540461,0.0,-1.8829735318540461,0.0
5053,-7.734054163349978,0.0,-1.7340539845360408,-6.000000715255737
5054,-6.920910050018974,-1.0000001192092896,-1.9209099010073585,-4.000000476837158
5055,-0.8849759506906605,0.0,-1.8849759804929827,1.0000001192092896
5056,-1.886137860857168,0.0,-1.8861378608571675,0.0
5057,-1.6058904877251974,0.0,-0.6058904579228745,-1.0000001192092896
5058,0.11632303014912602,0.0,-1.8836770294555185,2.000000238418579
5059,-3.7360544040400367,0.0,-1.7360543444353937,-2.000000238418579
5060,-5.736031164104389,0.0,-1.7360310448950997,-4.000000476837158
5061,-8.846835267655802,0.0,-1.846835059039546,-7.000000834465027
5062,-0.8849759366276312,0.0,-1.8849759664299535,1.0000001192092896
5063,-8.92262157015822,-1.0000001192092896,-1.9226213615419614,-6.000000715255737
5064,-6.921972896200671,-1.0000001192092896,-1.9219727471890613,-4.000000476837158
5065,-9.736034562692927,0.0,-1.736034324274351,-8.000000953674316
5066,-5.9231082570823395,-1.0000001192092896,-1.9231081378730506,-3.0000003576278687
5067,-8.923632165945714,-1.0000001192092896,-1.923631957329456,-6.000000715255737
5068,-4.924288539623715,-1.0000001192092896,-1.9242884502167483,-2.000000238418579
5069,0.11565616856488381,0.0,-1.884343891039761,2.000000238418579
5070,-0.8836766072397422,0.0,-1.8836766370420641,1.0000001192092896
5071,-8.736698372789233,-1.0000001192092896,-1.7366981641729777,-6.000000715255737
5072,-0.8866682411708433,0.0,-1.8866682709731655,1.0000001192092896
5073,-3.8829741946481855,0.0,-1.882974135043542,-2.000000238418579
5074,-0.8855736096921494,0.0,-1.8855736394944715,1.0000001192092896
5075,-3.7362330179906103,0.0,-1.736232958385967,-2.000000238418579
5076,-1.7773189953374713,0.0,-1.7773189953374704,0.0
5077,-8.736030346111374,-1.0000001192092896,-1.7360301374951137,-6.000000715255737
5078,-6.744182842938715,0.0,-1.7441826939270997,-5.000000596046448
5079,-2.379241870295883,0.0,-1.3792418404935614,-1.0000001192092896
5080,-5.379159171670487,0.0,-1.3791590524611954,-4.000000476837158
5081,-0.6652192463686638,0.0,-1.6652192761709863,1.0000001192092896
5082,-8.924455943763201,-1.0000001192092896,-1.924455735146947,-6.000000715255737
5083,-3.7360369353138374,0.0,-1.7360368757091946,-2.000000238418579
5084,-6.8235667603375525,0.0,-1.8235666113259372,-5.000000596046448
5085,-2.887176923170593,0.0,-1.8871768933682698,-1.0000001192092896
5086,-0.37618071244247964,0.0,-1.3761807422448018,1.0000001192092896
5087,0.11702601578158933,0.0,-1.8829740438230558,2.000000238418579
5088,-8.921346766402387,-1.0000001192092896,-1.9213465577861248,-6.000000715255737
5089,-4.815921119162399,0.0,-1.815921029755432,-3.0000003576278687
5090,-12.921424732047495,-1.0000001192092896,-1.9214244042219486,-10.000001192092896
5091,0.26235544519561826,0.0,-1.737644614409027,2.000000238418579
5092,-1.8829735306482407,0.0,-1.882973530648242,0.0
5093,-0.37915712893548315,0.0,-1.3791571587378055,1.0000001192092896
5094,-2.8842363949369267,0.0,-1.8842363651346026,-1.0000001192092896
5095,-0.8829739403796956,0.0,-1.8829739701820185,1.0000001192092896
5096,-8.921933978703402,-1.0000001192092896,-1.9219337700871415,-6.000000715255737
5097,-2.379302508556926,0.0,-1.3793024787546044,-1.0000001192092896
5098,-0.8871768900056812,0.0,-1.8871769198080033,1.0000001192092896
5099,-2.885808239424695,0.0,-1.8858082096223736,-1.0000001192092896
5100,-6.923384756740882,-1.0000001192092896,-1.9233846077292702,-4.000000476837158
5101,-6.92142455323356,-1.0000001192092896,-1.9214244042219477,-4.000000476837158
5102,-1.8866683193439517,0.0,-1.8866683193439528,0.0
5103,-6.921424646376577,-1.0000001192092896,-1.92142449736496,-4.000000476837158
5104,-1.8843437755957178,0.0,-1.8843437755957178,0.0
5105,-6.7452956101141925,-1.0000001192092896,-1.7452954611025797,-4.000000476837158
5106,-8.737183067807402,0.0,-1.7371828591911496,-7.000000834465027
5107,-5.7489691935001765,0.0,-1.7489690742908879,-4.000000476837158
5108,-0.8875774899846559,0.0,-1.8875775197869786,1.0000001192092896
5109,-5.921686279081645,-1.0000001192092896,-1.921686159872354,-3.0000003576278687
5110,-7.7360431148911175,0.0,-1.7360429360771807,-6.000000715255737
5111,-3.377835645843602,0.0,-1.3778355862389549,-2.000000238418579
5112,-8.922946708277621,-1.0000001192092896,-1.9229464996613614,-6.000000715255737
5113,-12.737048306335634,0.0,-1.7370479785100943,-11.000001311302185
5114,-0.8829352931491179,0.0,-1.8829353229514396,1.0000001192092896
5115,-1.8822340803220245,0.0,-1.882234080322025,0.0
5116,-5.9303904143446164,-1.0000001192092896,-1.9303902951353253,-3.0000003576278687
5117,-9.742532063047964,0.0,-1.7425318246293835,-8.000000953674316
5118,-5.735204698878113,0.0,-1.735204579668831,-4.000000476837158
5119,-0.8866682713331021,0.0,-1.8866683011354242,1.0000001192092896
5120,-0.8875774623166874,0.0,-1.88757749211901,1.0000001192092896
5121,-0.8851672506283437,0.0,-1.885167280430666,1.0000001192092896
5122,-0.01766727931829906,1.0000001192092896,-2.0176673389229443,1.0000001192092896
5123,-9.80126206117448,0.0,-1.8012618227559027,-8.000000953674316
5124,-0.3811222255419615,0.0,-1.381122255344284,1.0000001192092896
5125,-0.8861377846655801,0.0,-1.8861378144679022,1.0000001192092896
5126,-1.8871769329368677,0.0,-1.8871769329368677,0.0
5127,-4.923923954129569,-1.0000001192092896,-1.923923864722604,-2.000000238418579
5128,-5.762672953499423,-1.0000001192092896,-1.7626728342901319,-3.0000003576278687
5129,0.11386215217825202,0.0,-1.886137907426393,2.000000238418579
5130,-0.3794377390556023,0.0,-1.3794377688579247,1.0000001192092896
5131,-5.962073404338096,0.0,-1.9620732851288092,-4.000000476837158
5132,-8.92175221869369,-1.0000001192092896,-1.9217520100774363,-6.000000715255737
5133,-5.921424523397423,-1.0000001192092896,-1.9214244041881279,-3.0000003576278687
5134,-0.37340145800280555,0.0,-1.3734014878051277,1.0000001192092896
5135,-7.738927133470573,0.0,-1.7389269546566373,-6.000000715255737
5136,-6.9225668239669975,-1.0000001192092896,-1.9225666749553865,-4.000000476837158
5137,-7.736416751424567,0.0,-1.736416572610632,-6.000000715255737
5138,-0.8852239947413223,0.0,-1.8852240245436453,1.0000001192092896
5139,-0.8829735332631881,0.0,-1.8829735630655104,1.0000001192092896
5140,-4.921867281687019,-1.0000001192092896,-1.92186719228005,-2.000000238418579
5141,-2.791177209723616,0.0,-1.7911771799212954,-1.0000001192092896
5142,-0.6956049402722113,0.0,-1.6956049700745344,1.0000001192092896
5143,-2.733933646489233,0.0,-1.7339336166869113,-1.0000001192092896
5144,-3.7369190772795347,0.0,-1.736919017674889,-2.000000238418579
5145,-8.736030022578253,0.0,-1.7360298139620016,-7.000000834465027
5146,-11.739036792482016,0.0,-1.7390364944587906,-10.000001192092896
5147,-1.8866683089755905,0.0,-1.886668308975591,0.0
5148,-6.7360354598223315,-1.0000001192092896,-1.7360353108107192,-4.000000476837158
5149,-6.9226770584899215,-1.0000001192092896,-1.9226769094783078,-4.000000476837158
5150,-1.306216367482848,0.0,-1.3062163674828466,0.0
5151,-6.921424553233562,-1.0000001192092896,-1.9214244042219482,-4.000000476837158
5152,-0.8796220257101405,0.0,-1.8796220555124628,1.0000001192092896
5153,0.1163234062747277,0.0,-1.8836766533299167,2.000000238418579
5154,-4.921827826969996,-1.0000001192092896,-1.921827737563028,-2.000000238418579
5155,-2.882973622873449,0.0,-1.8829735930711262,-1.0000001192092896
5156,-7.922544166665887,-1.0000001192092896,-1.922543987851951,-5.000000596046448
5157,-0.3846224800204432,0.0,-1.3846225098227656,1.0000001192092896
5158,-1.8822339675123767,0.0,-1.882233967512377,0.0
5159,-1.885573547760794,0.0,-1.885573547760794,0.0
5160,-8.921424612836512,-1.0000001192092896,-1.9214244042202595,-6.000000715255737
5161,-6.921424553233562,-1.0000001192092896,-1.9214244042219477,-4.000000476837158
5162,-0.8871769042597751,0.0,-1.887176934062098,1.0000001192092896
5163,-0.8836765631556623,0.0,-1.8836765929579848,1.0000001192092896
5164,-8.91981824921728,-1.0000001192092896,-1.9198180406010197,-6.000000715255737
5165,-4.743195979182022,0.0,-1.7431958897750524,-3.0000003576278687
5166,-1.6104428389507168,0.0,-0.610442809148395,-1.0000001192092896
5167,-4.921366716029815,-1.0000001192092896,-1.9213666266228469,-2.000000238418579
5168,-0.8843441108445731,0.0,-1.884344140646896,1.0000001192092896
5169,-5.736226172476869,-1.0000001192092896,-1.7362260532675837,-3.0000003576278687
5170,-0.8866682303600983,0.0,-1.8866682601624207,1.0000001192092896
5171,-3.764783350978358,0.0,-1.764783291373713,-2.000000238418579
5172,-0.37762079809965465,0.0,-1.377620827901977,1.0000001192092896
5173,-1.9255842317174074,0.0,-1.9255842317174052,0.0
5174,-1.8855735063728907,0.0,-1.8855735063728907,0.0
5175,-6.7431106265482,0.0,-1.743110477536584,-5.000000596046448
5176,-0.8855735511662327,0.0,-1.8855735809685548,1.0000001192092896
5177,-1.8843439633398802,0.0,-1.8843439633398797,0.0
5178,-1.8849072171859305,0.0,-1.88490721718593,0.0
5179,-4.731997075394393,0.0,-1.7319969859874271,-3.0000003576278687
5180,-0.555282221627059,0.0,-1.5552822514293816,1.0000001192092896
5181,-2.8843445235822234,0.0,-1.8843444937799008,-1.0000001192092896
5182,-1.884975798258838,0.0,-1.884975798258838,0.0
5183,-10.921637993234295,-1.0000001192092896,-1.9216377250133914,-8.000000953674316
5184,-9.736052494485715,0.0,-1.7360522560671448,-8.000000953674316
5185,-9.73604896050812,0.0,-1.7360487220895477,-8.000000953674316
5186,-9.736059316829786,0.0,-1.736059078411211,-8.000000953674316
5187,-4.92107716899594,-1.0000001192092896,-1.9210770795889736,-2.000000238418579
5188,-9.777930815733574,0.0,-1.777930577315,-8.000000953674316
5189,-4.92446234584744,-1.0000001192092896,-1.924462256440472,-2.000000238418579
5190,-1.8871769329368675,0.0,-1.887176932936868,0.0
5191,-5.736044736884487,0.0,-1.736044617675198,-4.000000476837158
5192,-0.8822339036539817,0.0,-1.8822339334563036,1.0000001192092896
5193,-0.8821551022617041,0.0,-1.8821551320640266,1.0000001192092896
5194,-2.6130242137913804,0.0,-0.613024154186735,-2.000000238418579
5195,-0.3756218034110155,0.0,-1.3756218332133376,1.0000001192092896
5196,-4.792265868167021,0.0,-1.7922657787600542,-3.0000003576278687
5197,-10.921722466514366,-1.0000001192092896,-1.921722198293472,-8.000000953674316
5198,-3.0182169488682065,1.0000001192092896,-2.018216919065884,-2.000000238418579
5199,-2.378451954609251,0.0,-1.3784519248069291,-1.0000001192092896
5200,0.11242259253003795,0.0,-1.8875774670746077,2.000000238418579
5201,-6.736046672907353,-1.0000001192092896,-1.7360465238957408,-4.000000476837158
5202,-0.8779400651791837,0.0,-1.8779400949815062,1.0000001192092896
5203,-0.36677214826409377,0.0,-1.3667721780664162,1.0000001192092896
5204,-1.8861378263524884,0.0,-1.8861378263524888,0.0
5205,-0.8866682149946296,0.0,-1.8866682447969518,1.0000001192092896
5206,-11.766888834435823,0.0,-1.7668885364126046,-10.000001192092896
5207,-4.378519805503126,0.0,-1.3785197160961618,-3.0000003576278687
5208,-7.736258529635881,0.0,-1.7362583508219467,-6.000000715255737
5209,-7.7367253536449265,0.0,-1.7367251748309964,-6.000000715255737
5210,-0.8855734819576384,0.0,-1.885573511759961,1.0000001192092896
5211,-2.8986657717289317,0.0,-1.8986657419266098,-1.0000001192092896
5212,-8.730784154445828,0.0,-1.730783945829573,-7.000000834465027
5213,-7.736030209315254,0.0,-1.736030030501321,-6.000000715255737
5214,-0.8829353084639826,0.0,-1.882935338266305,1.0000001192092896
5215,-4.378681907637637,0.0,-1.3786818182306677,-3.0000003576278687
5216,-1.8849759658437997,0.0,-1.8849759658438,0.0
5217,-0.8822339538257519,0.0,-1.882233983628074,1.0000001192092896
5218,-9.735789353889723,0.0,-1.7357891154711425,-8.000000953674316
5219,-8.736028078038437,0.0,-1.7360278694221776,-7.000000834465027
5220,-0.3774552791257808,0.0,-1.3774553089281034,1.0000001192092896
5221,-0.8855734937644715,0.0,-1.8855735235667939,1.0000001192092896
5222,-1.5693393375228513,0.0,-0.5693393077205291,-1.0000001192092896
5223,-5.737519882602226,0.0,-1.7375197633929393,-4.000000476837158
5224,-1.8829739826072496,0.0,-1.8829739826072505,0.0
5225,-0.8876247697744188,0.0,-1.8876247995767415,1.0000001192092896
5226,-0.8242568739806514,0.0,-1.8242569037829746,1.0000001192092896
5227,-6.73636425744995,0.0,-1.7363641084383377,-5.000000596046448
5228,-2.378802255494157,0.0,-1.3788022256918326,-1.0000001192092896
5229,-1.8852237842527875,0.0,-1.885223784252787,0.0
5230,-9.736040645467748,0.0,-1.7360404070491668,-8.000000953674316
5231,-0.3776940806165172,0.0,-1.3776941104188394,1.0000001192092896
5232,-9.921424642640527,-1.0000001192092896,-1.9214244042219477,-7.000000834465027
5233,-4.7738804879568,-1.0000001192092896,-1.7738803985498335,-2.000000238418579
5234,-2.804203792386356,0.0,-1.8042037625840357,-1.0000001192092896
5235,-5.735922305461042,0.0,-1.7359221862517529,-4.000000476837158
5236,-1.6071330855866115,0.0,-0.6071330557842893,-1.0000001192092896
5237,-7.921489231769345,-1.0000001192092896,-1.9214890529554107,-5.000000596046448
5238,-4.746151305979627,0.0,-1.746151216572661,-3.0000003576278687
5239,-6.92414265481062,-1.0000001192092896,-1.9241425057990105,-4.000000476837158
5240,-0.8322757321060411,0.0,-1.8322757619083634,1.0000001192092896
5241,-1.8843439924965906,0.0,-1.884343992496592,0.0
5242,0.2418758944555763,0.0,-1.7581241651490669,2.000000238418579
5243,-5.737358544727946,0.0,-1.7373584255186536,-4.000000476837158
5244,-0.3791626072800638,0.0,-1.3791626370823864,1.0000001192092896
5245,-3.8321320715744407,0.0,-1.8321320119697968,-2.000000238418579
5246,-8.775155716732394,0.0,-1.77515550811614,-7.000000834465027
5247,-5.736022790810372,0.0,-1.7360226716010816,-4.000000476837158
5248,-2.884976068891916,0.0,-1.8849760390895929,-1.0000001192092896
5249,-0.3812900462533608,0.0,-1.3812900760556832,1.0000001192092896
5250,-9.746134038674343,0.0,-1.7461338002557647,-8.000000953674316
5251,-5.736028938618667,0.0,-1.7360288194093814,-4.000000476837158
5252,-8.921425182763665,-1.0000001192092896,-1.9214249741474079,-6.000000715255737
5253,-1.8875774988720224,0.0,-1.8875774988720229,0.0
5254,-3.7523853790688384,0.0,-1.7523853194641938,-2.000000238418579
5255,-1.881484387621705,0.0,-1.8814843876217053,0.0
5256,-3.8836766223765955,0.0,-1.8836765627719503,-2.000000238418579
5257,-5.743821685289951,0.0,-1.7438215660806589,-4.000000476837158
5258,-0.019664112915828168,1.0000001192092896,-2.019664172520473,1.0000001192092896
5259,-7.7441400407377134,0.0,-1.7441398619237802,-6.000000715255737
5260,-9.736042514773448,0.0,-1.7360422763548642,-8.000000953674316
5261,-7.741537943785033,0.0,-1.7415377649710961,-6.000000715255737
5262,-6.922571799577836,-1.0000001192092896,-1.9225716505662238,-4.000000476837158
5263,-4.921477758929136,-1.0000001192092896,-1.9214776695221683,-2.000000238418579
5264,0.413843935807485,0.0,-0.5861560939948369,1.0000001192092896
5265,-2.377611001457417,0.0,-1.3776109716550944,-1.0000001192092896
5266,-0.8861377846655795,0.0,-1.8861378144679017,1.0000001192092896
5267,-0.3810496935381793,0.0,-1.3810497233405015,1.0000001192092896
5268,-5.732324986072794,0.0,-1.732324866863504,-4.000000476837158
5269,-7.736197843558262,0.0,-1.7361976647443265,-6.000000715255737
5270,-7.745700233001181,0.0,-1.7457000541872505,-6.000000715255737
5271,-4.736183371667854,0.0,-1.7361832822608856,-3.0000003576278687
5272,-7.736047142778308,0.0,-1.736046963964377,-6.000000715255737
5273,-7.698409667735211,0.0,-1.6984094889212764,-6.000000715255737
5274,-0.3768440795015129,0.0,-1.3768441093038353,1.0000001192092896
5275,-6.9203158871299415,-1.0000001192092896,-1.920315738118331,-4.000000476837158
5276,-8.922722346845532,-1.0000001192092896,-1.9227221382292787,-6.000000715255737
5277,-8.923665056245373,-1.0000001192092896,-1.9236648476291172,-6.000000715255737
5278,-4.925334147273403,-1.0000001192092896,-1.9253340578664333,-2.000000238418579
5279,-0.382607789874031,0.0,-1.3826078196763534,1.0000001192092896
5280,-4.736127983305344,0.0,-1.7361278938983737,-3.0000003576278687
5281,-7.7367751756044845,0.0,-1.7367749967905501,-6.000000715255737
5282,-7.923956719543159,-1.0000001192092896,-1.9239565407292234,-5.000000596046448
5283,-3.8654750177040977,0.0,-1.8654749580994545,-2.000000238418579
5284,-0.8871768813777261,0.0,-1.8871769111800487,1.0000001192092896
5285,-3.736500492960905,0.0,-1.7365004333562597,-2.000000238418579
5286,0.1166465162871323,0.0,-1.8833535433175124,2.000000238418579
5287,-0.8871769162664079,0.0,-1.8871769460687307,1.0000001192092896
5288,-2.832279184163583,0.0,-1.83227915436126,-1.0000001192092896
5289,-1.6094562581457996,0.0,-0.6094562283434771,-1.0000001192092896
5290,-0.3784510658464728,0.0,-1.3784510956487952,1.0000001192092896
5291,0.11282312104162073,0.0,-1.8871769385630244,2.000000238418579
5292,-1.7554978167013817,0.0,-1.7554978167013813,0.0
5293,-6.927561272463455,-1.0000001192092896,-1.9275611234518455,-4.000000476837158
5294,-2.376306161587564,0.0,-1.3763061317852419,-1.0000001192092896
5295,0.6097763819410685,0.0,-1.3902236776635761,2.000000238418579
5296,-2.3795483303529537,0.0,-1.3795483005506324,-1.0000001192092896
5297,-1.5811714215307924,0.0,-0.5811713917284701,-1.0000001192092896
5298,-0.376965556841385,0.0,-1.3769655866437072,1.0000001192092896
5299,-6.923766069138942,-1.0000001192092896,-1.9237659201273292,-4.000000476837158
5300,-0.8829735002430172,0.0,-1.8829735300453403,1.0000001192092896
5301,-8.833306111760784,0.0,-1.8333059031445313,-7.000000834465027
5302,-3.9228708169406326,-1.0000001192092896,-1.9228707573359871,-1.0000001192092896
5303,1.1177653723752583,0.0,-1.882234717031709,3.0000003576278687
5304,-0.37918622682853154,0.0,-1.3791862566308537,1.0000001192092896
5305,-8.921431679577527,-1.0000001192092896,-1.9214314709612736,-6.000000715255737
5306,-8.921668411871192,-1.0000001192092896,-1.9216682032549337,-6.000000715255737
5307,-0.37735065388222666,0.0,-1.3773506836845488,1.0000001192092896
5308,-0.8829741976671056,0.0,-1.8829742274694279,1.0000001192092896
5309,-6.924086875488844,-1.0000001192092896,-1.9240867264772283,-4.000000476837158
5310,-0.37810486555682643,0.0,-1.3781048953591488,1.0000001192092896
5311,0.3941036033194079,0.0,-0.6058964264829143,1.0000001192092896
5312,-0.37885048296925894,0.0,-1.3788505127715815,1.0000001192092896
5313,-8.81348280922533,-1.0000001192092896,-1.8134826006090776,-6.000000715255737
5314,-0.3751026393011747,0.0,-1.3751026691034975,1.0000001192092896
5315,-4.922188257573179,-1.0000001192092896,-1.9221881681662112,-2.000000238418579
5316,-5.734073478223089,0.0,-1.7340733590138009,-4.000000476837158
5317,-2.379079973231182,0.0,-1.3790799434288608,-1.0000001192092896
5318,-3.7360399428183015,0.0,-1.7360398832136577,-2.000000238418579
5319,-2.3776773450155853,0.0,-1.377677315213263,-1.0000001192092896
5320,-2.8866683150036936,0.0,-1.886668285201371,-1.0000001192092896
5321,-8.922108805410726,-1.0000001192092896,-1.922108596794468,-6.000000715255737
5322,-8.92221568716844,-1.0000001192092896,-1.9222154785521857,-6.000000715255737
5323,-4.926161367434091,-1.0000001192092896,-1.9261612780271236,-2.000000238418579
5324,-8.923111823287925,-1.0000001192092896,-1.9231116146716671,-6.000000715255737
5325,-4.92403410995316,-1.0000001192092896,-1.9240340205461937,-2.000000238418579
5326,-0.8855950560523336,0.0,-1.8855950858546562,1.0000001192092896
5327,-12.923452173065405,-1.0000001192092896,-1.923451845239862,-10.000001192092896
5328,-0.8824239726844492,0.0,-1.882424002486771,1.0000001192092896
5329,-1.8849758539252948,0.0,-1.8849758539252952,0.0
5330,-6.736663994517859,-1.0000001192092896,-1.7366638455062449,-4.000000476837158
5331,-7.7375425961005,0.0,-1.7375424172865732,-6.000000715255737
5332,-7.7360295190530355,0.0,-1.736029340239099,-6.000000715255737
5333,-2.3774823569625703,0.0,-1.3774823271602477,-1.0000001192092896
5334,-9.921424642640535,-1.0000001192092896,-1.921424404221949,-7.000000834465027
5335,-7.736043006250661,0.0,-1.7360428274367217,-6.000000715255737
5336,-8.921298132487403,-1.0000001192092896,-1.9212979238711436,-6.000000715255737
5337,-8.686914549125042,0.0,-1.6869143405087779,-7.000000834465027
5338,1.1156815599088836,0.0,-1.884318529498083,3.0000003576278687
5339,-4.908413650864661,0.0,-1.9084135614576945,-3.0000003576278687
5340,-3.7451532365470657,0.0,-1.7451531769424196,-2.000000238418579
5341,-9.737224258052997,0.0,-1.7372240196344177,-8.000000953674316
5342,-11.920809027900663,-1.0000001192092896,-1.9208087298774363,-9.000001072883606
5343,-7.736049306864353,0.0,-1.7360491280504153,-6.000000715255737
5344,-1.3792729052588133,0.0,-1.379272905258814,0.0
5345,-0.3859794804359107,0.0,-1.3859795102382324,1.0000001192092896
5346,-9.736066661494787,0.0,-1.7360664230762053,-8.000000953674316
5347,-0.736519570495798,0.0,-1.7365196002981218,1.0000001192092896
5348,-7.645082303929647,0.0,-1.6450821251157095,-6.000000715255737
5349,-0.8855734609734953,0.0,-1.8855734907758175,1.0000001192092896
5350,-1.8849758422067766,0.0,-1.884975842206777,0.0
5351,-1.7539218735580933,0.0,-1.7539218735580926,0.0
5352,-0.38244723877378894,0.0,-1.3824472685761113,1.0000001192092896
5353,-6.922523605170645,-1.0000001192092896,-1.922523456159034,-4.000000476837158
5354,-1.8869530618194572,0.0,-1.8869530618194572,0.0
5355,-5.7360351672923455,0.0,-1.736035048083057,-4.000000476837158
5356,-3.7360627306164815,0.0,-1.7360626710118345,-2.000000238418579
5357,-6.921424560477826,-1.0000001192092896,-1.9214244114662138,-4.000000476837158
5358,-11.736032197528143,0.0,-1.7360318995049098,-10.000001192092896
5359,-9.734885789484682,0.0,-1.7348855510661048,-8.000000953674316
5360,-0.3780901102318832,0.0,-1.3780901400342058,1.0000001192092896
5361,0.11386223113298988,0.0,-1.8861378284716548,2.000000238418579
5362,-0.37833828917291035,0.0,-1.3783383189752332,1.0000001192092896
5363,-3.737757323330857,0.0,-1.7377572637262118,-2.000000238418579
5364,-0.8875774713002083,0.0,-1.8875775011025304,1.0000001192092896
5365,0.11242257007538492,0.0,-1.8875774895292592,2.000000238418579
5366,-0.88717688081511,0.0,-1.8871769106174323,1.0000001192092896
5367,-11.736898747445695,0.0,-1.736898449422467,-10.000001192092896
5368,0.11333176131231948,0.0,-1.8866682982923249,2.000000238418579
5369,-8.921424621013722,-1.0000001192092896,-1.921424412397469,-6.000000715255737
5370,-5.737688748428597,0.0,-1.7376886292193074,-4.000000476837158
5371,-7.768055352676063,0.0,-1.7680551738621244,-6.000000715255737
5372,-10.927968423626245,-1.0000001192092896,-1.9279681554053378,-8.000000953674316
5373,-8.921605223912017,-1.0000001192092896,-1.9216050152957602,-6.000000715255737
5374,-1.8861378647000466,0.0,-1.8861378647000464,0.0
5375,-5.940864711217736,0.0,-1.9408645920084497,-4.000000476837158
5376,-8.92262155869383,-1.0000001192092896,-1.9226213500775717,-6.000000715255737
5377,-9.75373334340316,-1.0000001192092896,-1.7537331049845835,-7.000000834465027
5378,-6.925850841472769,-1.0000001192092896,-1.9258506924611571,-4.000000476837158
5379,-0.38173338547819835,0.0,-1.3817334152805207,1.0000001192092896
5380,-5.737439435279729,0.0,-1.7374393160704389,-4.000000476837158
5381,-0.756263904340493,0.0,-1.7562639341428157,1.0000001192092896
5382,-5.736117843693031,0.0,-1.7361177244837496,-4.000000476837158
5383,-5.795710384103298,0.0,-1.79571026489401,-4.000000476837158
5384,-6.7361099086219545,0.0,-1.7361097596103392,-5.000000596046448
5385,-1.8875775236885373,0.0,-1.8875775236885373,0.0
5386,-1.7999180172805862,0.0,-1.7999180172805855,0.0
5387,-8.73603141862624,0.0,-1.736031210009976,-7.000000834465027
5388,0.6196842255167009,0.0,-1.3803158340879447,2.000000238418579
5389,-0.8866682707644817,0.0,-1.8866683005668037,1.0000001192092896
5390,-0.8836765178765944,0.0,-1.8836765476789163,1.0000001192092896
5391,0.11378325495395325,0.0,-1.8862168046506915,2.000000238418579
5392,-2.3808821786204435,0.0,-1.3808821488181189,-1.0000001192092896
5393,-6.925961644980934,-1.0000001192092896,-1.9259614959693188,-4.000000476837158
5394,-6.926952196136911,-1.0000001192092896,-1.9269520471252992,-4.000000476837158
5395,-0.8843440373823745,0.0,-1.8843440671846965,1.0000001192092896
5396,-6.921633481546758,-1.0000001192092896,-1.9216333325351438,-4.000000476837158
5397,-1.887176917557544,0.0,-1.8871769175575448,0.0
5398,-6.921424553233559,-1.0000001192092896,-1.921424404221948,-4.000000476837158
5399,-12.855862690393405,0.0,-1.8558623625678572,-11.000001311302185
5400,-6.736216774506947,-1.0000001192092896,-1.7362166254953342,-4.000000476837158
5401,-0.8861378645905408,0.0,-1.8861378943928635,1.0000001192092896
5402,-0.8849757549794874,0.0,-1.8849757847818098,1.0000001192092896
5403,-3.8870659877796245,0.0,-1.8870659281749824,-2.000000238418579
5404,-2.37869148653994,0.0,-1.3786914567376163,-1.0000001192092896
5405,-0.37743527272558763,0.0,-1.37743530252791,1.0000001192092896
5406,-5.740944277636052,0.0,-1.74094415842676,-4.000000476837158
5407,-9.741097038858989,0.0,-1.741096800440413,-8.000000953674316
5408,-5.736027368206139,0.0,-1.7360272489968538,-4.000000476837158
5409,-6.736045184007574,-1.0000001192092896,-1.7360450349959626,-4.000000476837158
5410,-0.8866682884043877,0.0,-1.88666831820671,1.0000001192092896
5411,-8.748643287359526,0.0,-1.7486430787432665,-7.000000834465027
5412,-8.921541151079214,-1.0000001192092896,-1.9215409424629561,-6.000000715255737
5413,-0.8836449257191195,0.0,-1.883644955521442,1.0000001192092896
5414,-7.7875092524517315,0.0,-1.7875090736377963,-6.000000715255737
5415,-2.339950836846475,0.0,-1.339950807044152,-1.0000001192092896
5416,0.11571880661142575,0.0,-1.8842812529932182,2.000000238418579
5417,-1.8871769111800485,0.0,-1.887176911180049,0.0
5418,-10.92427551057787,-1.0000001192092896,-1.9242752423569618,-8.000000953674316
5419,-0.5494708390592833,0.0,-1.5494708688616057,1.0000001192092896
5420,-10.92142467977674,-1.0000001192092896,-1.9214244115558459,-8.000000953674316
5421,-7.736698097052694,0.0,-1.7366979182387627,-6.000000715255737
5422,-8.921645619355157,-1.0000001192092896,-1.9216454107388978,-6.000000715255737
5423,-1.3854207127131586,0.0,-1.3854207127131577,0.0
5424,-3.736364738776242,-1.0000001192092896,-1.7363646791715965,-1.0000001192092896
5425,-1.8875854005413277,0.0,-1.8875854005413275,0.0
5426,-12.740409629068013,-1.0000001192092896,-1.7404093012424688,-10.000001192092896
5427,-2.3488994823639597,0.0,-1.348899452561637,-1.0000001192092896
5428,-9.736032115944687,0.0,-1.7360318775261077,-8.000000953674316
5429,-9.736034337465476,0.0,-1.7360340990469056,-8.000000953674316
5430,-4.920356161789043,-1.0000001192092896,-1.9203560723820747,-2.000000238418579
5431,-5.805070327100728,0.0,-1.8050702078914398,-4.000000476837158
5432,-5.921077043909178,-1.0000001192092896,-1.9210769246998838,-3.0000003576278687
5433,-6.921424553233561,-1.0000001192092896,-1.9214244042219488,-4.000000476837158
5434,-4.886864569579272,0.0,-1.8868644801723047,-3.0000003576278687
5435,-1.8860931020488867,0.0,-1.8860931020488865,0.0
5436,-8.730190762211004,0.0,-1.7301905535947455,-7.000000834465027
5437,-9.741265348840678,0.0,-1.7412651104220993,-8.000000953674316
5438,-9.737845421373025,0.0,-1.7378451829544466,-8.000000953674316
5439,-4.374800585657795,0.0,-1.3748004962508307,-3.0000003576278687
5440,-4.695603532591047,0.0,-1.6956034431840818,-3.0000003576278687
5441,-6.764881001778275,0.0,-1.7648808527666617,-5.000000596046448
5442,-0.8843437603719071,0.0,-1.8843437901742295,1.0000001192092896
5443,-2.8837001747956137,0.0,-1.8837001449932913,-1.0000001192092896
5444,-1.6417344478437985,0.0,-1.641734447843798,0.0
5445,-2.88666831102336,0.0,-1.8866682812210378,-1.0000001192092896
5446,-2.740636540253554,0.0,-1.7406365104512294,-1.0000001192092896
5447,1.1150242366539804,0.0,-1.8849758527529867,3.0000003576278687
5448,-4.925130856563227,-1.0000001192092896,-1.9251307671562587,-2.000000238418579
5449,-8.737506395966136,0.0,-1.7375061873498745,-7.000000834465027
5450,-1.8226912743536723,0.0,-1.8226912743536727,0.0
5451,-5.377385564413716,0.0,-1.3773854452044278,-4.000000476837158
5452,-7.738264878318112,0.0,-1.738264699504175,-6.000000715255737
5453,-0.38258524482892775,0.0,-1.3825852746312501,1.0000001192092896
5454,-8.921974633178419,-1.0000001192092896,-1.9219744245621635,-6.000000715255737
5455,-8.92145600435028,-1.0000001192092896,-1.9214557957340237,-6.000000715255737
5456,-2.378288255929178,0.0,-1.3782882261268563,-1.0000001192092896
5457,-3.921431564081603,-1.0000001192092896,-1.9214315044769583,-1.0000001192092896
5458,-7.921424583035884,-1.0000001192092896,-1.9214244042219475,-5.000000596046448
5459,-9.736124668864521,0.0,-1.7361244304459427,-8.000000953674316
5460,-4.733644958115961,0.0,-1.7336448687089925,-3.0000003576278687
5461,-0.8861377988482001,0.0,-1.8861378286505228,1.0000001192092896
5462,-8.743304403853827,0.0,-1.7433041952375719,-7.000000834465027
5463,-2.887577462160067,0.0,-1.8875774323577448,-1.0000001192092896
5464,-0.37851166727294583,0.0,-1.3785116970752682,1.0000001192092896
5465,-0.3761104020979513,0.0,-1.376110431900274,1.0000001192092896
5466,-4.738841824035615,0.0,-1.738841734628649,-3.0000003576278687
5467,-1.884788350390509,0.0,-1.8847883503905092,0.0
5468,-1.8855073882776765,0.0,-1.885507388277676,0.0
5469,-4.921540842664422,-1.0000001192092896,-1.9215407532574553,-2.000000238418579
5470,-1.863974976043656,0.0,-1.8639749760436564,0.0
5471,-3.8855736091065247,0.0,-1.8855735495018804,-2.000000238418579
5472,-6.921761865974506,-1.0000001192092896,-1.9217617169628955,-4.000000476837158
5473,-7.751148350000778,0.0,-1.7511481711868462,-6.000000715255737
5474,-7.736095802012047,0.0,-1.7360956231981104,-6.000000715255737
5475,-1.881512862643037,0.0,-1.8815128626430369,0.0
5476,-0.37914674299890794,0.0,-1.3791467728012305,1.0000001192092896
5477,-7.735106321050036,0.0,-1.7351061422361016,-6.000000715255737
5478,0.11372461927800481,0.0,-1.8862754403266395,2.000000238418579
5479,0.11333182676721565,0.0,-1.8866682328374293,2.000000238418579
5480,-2.737951805231105,0.0,-1.7379517754287837,-1.0000001192092896
5481,-6.922037631634882,-1.0000001192092896,-1.9220374826232682,-4.000000476837158
5482,-0.38028148962587327,0.0,-1.3802815194281959,1.0000001192092896
5483,-1.88559528831265,0.0,-1.88559528831265,0.0
5484,-4.613023949793657,0.0,-0.6130238305843685,-4.000000476837158
5485,-6.92152192031685,-1.0000001192092896,-1.9215217713052357,-4.000000476837158
5486,-6.922509487488517,-1.0000001192092896,-1.922509338476905,-4.000000476837158
5487,-1.885573472276846,0.0,-1.8855734722768465,0.0
5488,-1.8836765784624179,0.0,-1.8836765784624179,0.0
5489,-1.8849757842127595,0.0,-1.884975784212759,0.0
5490,-0.8829739077973076,0.0,-1.8829739375996297,1.0000001192092896
5491,-5.7361060174238805,0.0,-1.7361058982145905,-4.000000476837158
5492,-0.8836765788707739,0.0,-1.8836766086730963,1.0000001192092896
5493,-2.7108878540299224,0.0,-1.7108878242275996,-1.0000001192092896
5494,-5.736032278598882,0.0,-1.736032159389594,-4.000000476837158
5495,-1.8821886877125724,0.0,-1.882188687712572,0.0
5496,-0.380493940732751,0.0,-1.3804939705350734,1.0000001192092896
5497,-10.922022895091272,-1.0000001192092896,-1.9220226268703702,-8.000000953674316
5498,-2.8137485736281316,0.0,-1.8137485438258105,-1.0000001192092896
5499,-0.3788282444075066,0.0,-1.378828274209829,1.0000001192092896
5500,-9.73611283611273,0.0,-1.7361125976941452,-8.000000953674316
5501,-2.78974350789663,0.0,-1.7897434780943082,-1.0000001192092896
5502,-8.73561131750401,0.0,-1.735611108887747,-7.000000834465027
5503,-8.91955973472813,-1.0000001192092896,-1.9195595261118774,-6.000000715255737
5504,-8.925600570643908,-1.0000001192092896,-1.9256003620276516,-6.000000715255737
5505,-1.8875853708410046,0.0,-1.8875853708410046,0.0
5506,-2.7554569013683916,0.0,-1.75545687156607,-1.0000001192092896
5507,-8.737367217507273,0.0,-1.7373670088910163,-7.000000834465027
5508,-11.736036049396317,0.0,-1.7360357513730904,-10.000001192092896
5509,-4.925178532165653,-1.0000001192092896,-1.925178442758686,-2.000000238418579
5510,-7.7360379114059805,0.0,-1.7360377325920433,-6.000000715255737
5511,0.6206535607100204,0.0,-1.3793464988946234,2.000000238418579
5512,-4.735000300268124,0.0,-1.7350002108611555,-3.0000003576278687
5513,-6.92485919230454,-1.0000001192092896,-1.9248590432929238,-4.000000476837158
5514,-6.784900926175534,0.0,-1.7849007771639256,-5.000000596046448
5515,-0.3785685186301917,0.0,-1.378568548432514,1.0000001192092896
5516,-8.727365100212584,0.0,-1.7273648915963304,-7.000000834465027
5517,-0.8836767744566356,0.0,-1.8836768042589578,1.0000001192092896
5518,-3.9214244711604924,-1.0000001192092896,-1.9214244115558443,-1.0000001192092896
5519,-0.8871769036971605,0.0,-1.8871769334994826,1.0000001192092896
5520,-7.736747347149276,0.0,-1.7367471683353417,-6.000000715255737
5521,-4.7359913783949565,0.0,-1.7359912889879874,-3.0000003576278687
5522,-6.744094966749838,0.0,-1.744094817738222,-5.000000596046448
5523,-4.736045606747796,-1.0000001192092896,-1.7360455173408282,-2.000000238418579
5524,-7.736030837204373,0.0,-1.736030658390441,-6.000000715255737
5525,-0.37967061723608886,0.0,-1.379670647038411,1.0000001192092896
5526,-6.921424596965486,-1.0000001192092896,-1.9214244479538762,-4.000000476837158
5527,-5.921921219058495,-1.0000001192092896,-1.921921099849205,-3.0000003576278687
5528,-2.5910310481256857,0.0,-0.5910309885210406,-2.000000238418579
5529,0.11386224513674248,0.0,-1.8861378144679022,2.000000238418579
5530,-13.743788939495797,0.0,-1.7437885818679293,-12.000001430511475
5531,0.11502400469362428,0.0,-1.8849760549110197,2.000000238418579
5532,-8.740542549754759,0.0,-1.7405423411384955,-7.000000834465027
5533,-6.988330974411228,0.0,-1.9883308253996161,-5.000000596046448
5534,-6.7360629353648225,0.0,-1.7360627863532085,-5.000000596046448
5535,-3.736028227421701,0.0,-1.7360281678170586,-2.000000238418579
5536,-7.738899385140529,0.0,-1.7388992063265967,-6.000000715255737
5537,-1.882233998559055,0.0,-1.8822339985590548,0.0
5538,-2.8836769687261796,0.0,-1.8836769389238577,-1.0000001192092896
5539,-1.88613780028527,0.0,-1.8861378002852698,0.0
5540,-1.8868645742043824,0.0,-1.8868645742043824,0.0
5541,-7.736029902214186,0.0,-1.7360297234002497,-6.000000715255737
5542,0.11776604374521038,0.0,-1.8822340158594346,2.000000238418579
5543,0.11521175338090262,0.0,-1.8847883062237423,2.000000238418579
5544,-9.92246046416751,-1.0000001192092896,-1.9224602257489352,-7.000000834465027
5545,-6.739591076746706,-1.0000001192092896,-1.7395909277350925,-4.000000476837158
5546,-0.8869531003150672,0.0,-1.8869531301173899,1.0000001192092896
5547,-0.7638920069358103,0.0,-1.7638920367381314,1.0000001192092896
5548,-2.3790589270649543,0.0,-1.379058897262634,-1.0000001192092896
5549,-1.882155320471312,0.0,-1.882155320471312,0.0
5550,-8.921543657658571,-1.0000001192092896,-1.9215434490423187,-6.000000715255737
5551,-6.729421799609195,0.0,-1.7294216505975837,-5.000000596046448
5552,-0.37888218255355577,0.0,-1.3788822123558782,1.0000001192092896
5553,-4.7362967751202,0.0,-1.7362966857132345,-3.0000003576278687
5554,-8.920953785211422,-1.0000001192092896,-1.9209535765951646,-6.000000715255737
5555,-7.735959959402727,0.0,-1.7359597805887936,-6.000000715255737
5556,-1.8843440671637495,0.0,-1.8843440671637497,0.0
5557,-8.921967592680373,-1.0000001192092896,-1.9219673840641178,-6.000000715255737
5558,-4.375824001501149,0.0,-1.3758239120941793,-3.0000003576278687
5559,-6.7360417095094505,0.0,-1.7360415604978374,-5.000000596046448
5560,-7.736472277555406,0.0,-1.7364720987414708,-6.000000715255737
5561,-8.757027979777675,0.0,-1.757027771161417,-7.000000834465027
5562,-4.922786381532078,-1.0000001192092896,-1.9227862921251122,-2.000000238418579
5563,-5.736616669944615,0.0,-1.7366165507353215,-4.000000476837158
5564,-4.60972086909361,0.0,-1.609720779686641,-3.0000003576278687
5565,-11.73819369218955,0.0,-1.738193394166329,-10.000001192092896
5566,-0.8866682172633508,0.0,-1.8866682470656735,1.0000001192092896
5567,-3.884344215421625,0.0,-1.8843441558169773,-2.000000238418579
5568,-4.736053893559877,0.0,-1.7360538041529077,-3.0000003576278687
5569,-7.736063081892698,0.0,-1.736062903078763,-6.000000715255737
5570,-8.737629628931936,0.0,-1.737629420315675,-7.000000834465027
5571,-2.6130226027164523,0.0,-0.6130225431118068,-2.000000238418579
5572,-0.8843438326724273,0.0,-1.8843438624747497,1.0000001192092896
5573,-4.922896049954948,-1.0000001192092896,-1.9228959605479812,-2.000000238418579
5574,-5.921365834827731,-1.0000001192092896,-1.9213657156184403,-3.0000003576278687
5575,0.1170260301811763,0.0,-1.8829740294234685,2.000000238418579
5576,-0.8829734696344109,0.0,-1.882973499436733,1.0000001192092896
5577,-6.921674262562303,-1.0000001192092896,-1.9216741135506905,-4.000000476837158
5578,-2.887577490189545,0.0,-1.887577460387222,-1.0000001192092896
5579,-6.736029125818152,0.0,-1.7360289768065373,-5.000000596046448
5580,-2.377133013501303,0.0,-1.377132983698983,-1.0000001192092896
5581,0.39954272833946136,0.0,-0.6004573014628611,1.0000001192092896
5582,-0.37958112536777766,0.0,-1.3795811551700998,1.0000001192092896
5583,-9.805389302351537,0.0,-1.8053890639329537,-8.000000953674316
5584,-1.8822341453926583,0.0,-1.8822341453926583,0.0
5585,-4.743527424157216,-1.0000001192092896,-1.7435273347502496,-2.000000238418579
5586,-0.8875774800845495,0.0,-1.8875775098868717,1.0000001192092896
5587,-0.8861377858145972,0.0,-1.8861378156169195,1.0000001192092896
5588,-4.922796769056591,-1.0000001192092896,-1.9227966796496228,-2.000000238418579
5589,0.11632343646067134,0.0,-1.8836766231439737,2.000000238418579
5590,-1.8829735150424938,0.0,-1.8829735150424933,0.0
5591,-0.8875774817566464,0.0,-1.8875775115589692,1.0000001192092896
5592,-4.929548815470698,-1.0000001192092896,-1.9295487260637325,-2.000000238418579
5593,-3.3789053182573356,0.0,-1.3789052586526895,-2.000000238418579
5594,-9.923788532775683,-1.0000001192092896,-1.9237882943571019,-7.000000834465027
5595,-7.73550256415932,0.0,-1.7355023853453884,-6.000000715255737
5596,-3.823691494102986,0.0,-1.8236914344983428,-2.000000238418579
5597,-2.3350898363306927,0.0,-1.3350898065283725,-1.0000001192092896
5598,-1.8822339836280735,0.0,-1.882233983628074,0.0
5599,-0.8829735002430175,0.0,-1.8829735300453396,1.0000001192092896
5600,-5.736054358050475,0.0,-1.7360542388411861,-4.000000476837158
5601,-8.921657463537123,-1.0000001192092896,-1.9216572549208673,-6.000000715255737
5602,-5.921424523430667,-1.0000001192092896,-1.921424404221377,-3.0000003576278687
5603,-1.8849073272021806,0.0,-1.884907327202181,0.0
5604,-1.884975812322007,0.0,-1.8849758123220075,0.0
5605,-2.664062586648766,0.0,-1.6640625568464427,-1.0000001192092896
5606,-1.8861378926693404,0.0,-1.88613789266934,0.0
5607,-8.921993058953667,-1.0000001192092896,-1.9219928503374064,-6.000000715255737
5608,-1.8822340474825354,0.0,-1.8822340474825356,0.0
5609,-8.742294074003098,0.0,-1.7422938653868396,-7.000000834465027
5610,0.11333167596847105,0.0,-1.8866683836361737,2.000000238418579
5611,-4.377363632207565,0.0,-1.3773635428005988,-3.0000003576278687
5612,-11.921477989139035,-1.0000001192092896,-1.9214776911158078,-9.000001072883606
5613,-6.92142455319974,-1.0000001192092896,-1.9214244041881285,-4.000000476837158
5614,-5.734239381360968,0.0,-1.734239262151676,-4.000000476837158
5615,-0.8855697797671902,0.0,-1.8855698095695121,1.0000001192092896
5616,0.11442648358736152,0.0,-1.8855735760172836,2.000000238418579
5617,0.11502406387633946,0.0,-1.884975995728305,2.000000238418579
5618,-11.746477767454572,0.0,-1.7464774694313505,-10.000001192092896
5619,-0.8836765486600947,0.0,-1.8836765784624174,1.0000001192092896
5620,-5.727608990850736,0.0,-1.7276088716414484,-4.000000476837158
5621,-10.747590588675218,-1.0000001192092896,-1.7475903204543166,-8.000000953674316
5622,-0.887176919076474,0.0,-1.8871769488787964,1.0000001192092896
5623,-12.756397444016105,0.0,-1.7563971161905607,-11.000001311302185
5624,-9.921424642640527,-1.0000001192092896,-1.921424404221948,-7.000000834465027
5625,-9.736041393702699,0.0,-1.7360411552841273,-8.000000953674316
5626,-4.644443269808839,0.0,-1.64444318040187,-3.0000003576278687
5627,0.1139741102508457,0.0,-1.886025949353799,2.000000238418579
5628,-0.6094567677933513,0.0,-0.6094567677933502,0.0
5629,-1.8814847023022425,0.0,-1.8814847023022416,0.0
5630,-9.68650322736697,0.0,-1.6865029889483907,-8.000000953674316
5631,-8.74334413065142,0.0,-1.7433439220351612,-7.000000834465027
5632,-2.3777505327967794,0.0,-1.3777505029944548,-1.0000001192092896
5633,0.11483263136706434,0.0,-1.8851674282375799,2.000000238418579
5634,-9.738018445561961,0.0,-1.738018207143376,-8.000000953674316
5635,-7.601617431360034,0.0,-1.6016172525461037,-6.000000715255737
5636,1.6203012292426389,0.0,-1.3796988601643285,3.0000003576278687
5637,-6.921483839255114,-1.0000001192092896,-1.9214836902434995,-4.000000476837158
5638,-6.690518263611334,0.0,-1.6905181145997217,-5.000000596046448
5639,-3.8870066187544667,0.0,-1.887006559149824,-2.000000238418579
5640,-4.921378774680443,-1.0000001192092896,-1.921378685273478,-2.000000238418579
5641,-12.74708416895762,0.0,-1.7470838411320686,-11.000001311302185
5642,-2.884976109317657,0.0,-1.8849760795153347,-1.0000001192092896
5643,-7.744428649202685,0.0,-1.7444284703887494,-6.000000715255737
5644,-7.764252617347649,0.0,-1.764252438533721,-6.000000715255737
5645,-4.922338333896839,-1.0000001192092896,-1.9223382444898696,-2.000000238418579
5646,0.11370994905611842,0.0,-1.886290110548526,2.000000238418579
5647,-0.8860259240825974,0.0,-1.88602595388492,1.0000001192092896
5648,-6.839994533406326,0.0,-1.8399943843947189,-5.000000596046448
5649,-4.921369847435525,-1.0000001192092896,-1.9213697580285587,-2.000000238418579
5650,-1.8871769329368664,0.0,-1.8871769329368664,0.0
5651,0.29924737022355463,0.0,-1.7007526893810911,2.000000238418579
5652,-2.738110204608008,0.0,-1.7381101748056873,-1.0000001192092896
5653,-6.924829035980488,-1.0000001192092896,-1.9248288869688726,-4.000000476837158
5654,-9.736046414887593,0.0,-1.7360461764690123,-8.000000953674316
5655,-6.7360365435305365,-1.0000001192092896,-1.7360363945189254,-4.000000476837158
5656,-5.736027989322965,0.0,-1.7360278701136769,-4.000000476837158
5657,-10.737833819818698,0.0,-1.7378335515978032,-9.000001072883606
5658,-0.37824908201357976,0.0,-1.3782491118159022,1.0000001192092896
5659,-11.743274138220798,0.0,-1.7432738401975827,-10.000001192092896
5660,-7.7368058400834,0.0,-1.7368056612694682,-6.000000715255737
5661,-0.5180813571346592,0.0,-1.5180813869369816,1.0000001192092896
5662,-7.7360358790380275,0.0,-1.7360357002240916,-6.000000715255737
5663,-1.5957985589917236,0.0,-0.5957985291894006,-1.0000001192092896
5664,-0.8876238168559618,0.0,-1.8876238466582844,1.0000001192092896
5665,-6.759967606377212,0.0,-1.7599674573655988,-5.000000596046448
5666,-7.92448022577199,-1.0000001192092896,-1.924480046958052,-5.000000596046448
5667,-10.922140801884746,-1.0000001192092896,-1.9221405336638457,-8.000000953674316
5668,-1.8822339669041617,0.0,-1.8822339669041612,0.0
5669,-0.33054180001864086,0.0,-1.330541829820963,1.0000001192092896
5670,-0.3777277410433062,0.0,-1.3777277708456284,1.0000001192092896
5671,-3.8859509801120655,0.0,-1.8859509205074207,-2.000000238418579
5672,-4.9214244936289155,-1.0000001192092896,-1.9214244042219477,-2.000000238418579
5673,-7.737703711497083,0.0,-1.7377035326831531,-6.000000715255737
5674,-0.3807127843684148,0.0,-1.3807128141707374,1.0000001192092896
5675,-1.8849758281436295,0.0,-1.8849758281436295,0.0
5676,-2.886137841972192,0.0,-1.8861378121698686,-1.0000001192092896
5677,-0.8849757561517975,0.0,-1.8849757859541199,1.0000001192092896
5678,-0.8871769618950138,0.0,-1.8871769916973362,1.0000001192092896
5679,-0.882188657307464,0.0,-1.882188687109786,1.0000001192092896
5680,-2.377275325437683,0.0,-1.3772752956353598,-1.0000001192092896
5681,-0.8855735364578966,0.0,-1.885573566260219,1.0000001192092896
5682,-0.37643059555024694,0.0,-1.3764306253525689,1.0000001192092896
5683,-8.725184419900302,0.0,-1.7251842112840428,-7.000000834465027
5684,-4.921586666362188,-1.0000001192092896,-1.9215865769552223,-2.000000238418579
5685,-0.8861377733554912,0.0,-1.8861378031578133,1.0000001192092896
5686,-1.7150677711285536,0.0,-1.7150677711285542,0.0
5687,-10.921478205310988,-1.0000001192092896,-1.9214779370900872,-8.000000953674316
5688,-6.921792299979631,-1.0000001192092896,-1.9217921509680203,-4.000000476837158
5689,0.11386224341321627,0.0,-1.8861378161914284,2.000000238418579
5690,-4.382601487918375,0.0,-1.3826013985114072,-3.0000003576278687
5691,-0.8875774834287445,0.0,-1.8875775132310668,1.0000001192092896
5692,-2.860954200655992,0.0,-1.8609541708536717,-1.0000001192092896
5693,-2.378767467757193,0.0,-1.3787674379548696,-1.0000001192092896
5694,-0.3776093446911002,0.0,-1.3776093744934228,1.0000001192092896
5695,-6.378443449655988,0.0,-1.3784433006443741,-5.000000596046448
5696,-4.376318028399127,0.0,-1.3763179389921616,-3.0000003576278687
5697,-0.7647151876590854,0.0,-0.7647151876590856,0.0
5698,-0.8849757549794877,0.0,-1.88497578478181,1.0000001192092896
5699,-3.7380239788688514,0.0,-1.738023919264208,-2.000000238418579
5700,-0.37867919238604286,0.0,-1.378679222188365,1.0000001192092896
5701,-7.736031377858826,0.0,-1.7360311990448938,-6.000000715255737
5702,-0.37733879702011164,0.0,-1.3773388268224342,1.0000001192092896
5703,-1.8866682601566647,0.0,-1.8866682601566642,0.0
5704,-0.8855734845871985,0.0,-1.8855735143895214,1.0000001192092896
5705,-2.8234882296909616,0.0,-1.8234881998886399,-1.0000001192092896
5706,-0.832260430573491,0.0,-1.8322604603758137,1.0000001192092896
5707,-0.38002341723641986,0.0,-1.3800234470387422,1.0000001192092896
5708,-1.6574746003994112,0.0,-1.6574746003994116,0.0
5709,-0.8836765788707743,0.0,-1.8836766086730965,1.0000001192092896
5710,-0.38453353077345964,0.0,-1.3845335605757825,1.0000001192092896
5711,-0.8843437452015336,0.0,-1.884343775003856,1.0000001192092896
5712,-3.8861379279304122,0.0,-1.8861378683257675,-2.000000238418579
5713,-8.736460175614397,0.0,-1.736459966998137,-7.000000834465027
5714,-4.377752626235505,0.0,-1.377752536828538,-3.0000003576278687
5715,0.6364117580883472,0.0,-1.3635883015162982,2.000000238418579
5716,-7.74020122090469,0.0,-1.740201042090756,-6.000000715255737
5717,-1.8843439930884527,0.0,-1.8843439930884531,0.0
5718,-0.8866682297857225,0.0,-1.8866682595880446,1.0000001192092896
5719,-1.884975825799013,0.0,-1.884975825799013,0.0
5720,-5.736082594482168,0.0,-1.7360824752728796,-4.000000476837158
5721,-3.736049161075505,0.0,-1.7360491014708601,-2.000000238418579
5722,-6.736410150545961,0.0,-1.736410001534349,-5.000000596046448
5723,-4.921464318163036,-1.0000001192092896,-1.9214642287560675,-2.000000238418579
5724,-10.92313831761266,-1.0000001192092896,-1.9231380493917527,-8.000000953674316
5725,-8.921586776884672,-1.0000001192092896,-1.921586568268412,-6.000000715255737
5726,-10.809530176954736,0.0,-1.8095299087338417,-9.000001072883606
5727,-7.731597817846397,0.0,-1.7315976390324612,-6.000000715255737
5728,-0.3760617360239411,0.0,-1.3760617658262637,1.0000001192092896
5729,-6.92208974895509,-1.0000001192092896,-1.9220895999434773,-4.000000476837158
5730,-4.924946300309952,-1.0000001192092896,-1.9249462109029842,-2.000000238418579
5731,0.6656549172336084,0.0,-1.3343451423710362,2.000000238418579
5732,-0.8855734424745234,0.0,-1.8855734722768451,1.0000001192092896
5733,0.6227541913686265,0.0,-1.3772458682360187,2.000000238418579
5734,-0.8824493165776448,0.0,-1.8824493463799672,1.0000001192092896
5735,-8.922605028535765,-1.0000001192092896,-1.9226048199195052,-6.000000715255737
5736,-0.8829735020517238,0.0,-1.8829735318540464,1.0000001192092896
5737,0.1163224584278213,0.0,-1.883677601176823,2.000000238418579
5738,-4.732373950129587,0.0,-1.7323738607226196,-3.0000003576278687
5739,-6.923802665718867,-1.0000001192092896,-1.9238025167072526,-4.000000476837158
5740,-4.734886009896412,0.0,-1.7348859204894445,-3.0000003576278687
5741,-0.37899084643293635,0.0,-1.3789908762352587,1.0000001192092896
5742,0.1177654337904106,0.0,-1.882234625814234,2.000000238418579
5743,-0.37721182540223275,0.0,-1.3772118552045554,1.0000001192092896
5744,-0.7491422644249817,0.0,-1.7491422942273036,1.0000001192092896
5745,-6.921511235699725,-1.0000001192092896,-1.9215110866881162,-4.000000476837158
5746,-9.736035233333338,0.0,-1.736034994914755,-8.000000953674316
5747,-5.7360401190639685,0.0,-1.736039999854684,-4.000000476837158
5748,-6.921424553233557,-1.0000001192092896,-1.9214244042219477,-4.000000476837158
5749,-0.3751679534626604,0.0,-1.375167983264983,1.0000001192092896
5750,-2.391658795183135,0.0,-1.3916587653808137,-1.0000001192092896
5751,-10.748837645130328,0.0,-1.7488373769094185,-9.000001072883606
5752,-0.8849758375999425,0.0,-1.8849758674022645,1.0000001192092896
5753,-2.8273273415731657,0.0,-1.8273273117708428,-1.0000001192092896
5754,-0.8836767297754845,0.0,-1.8836767595778074,1.0000001192092896
5755,-5.761023254897235,0.0,-1.7610231356879449,-4.000000476837158
5756,-2.8833745788061886,0.0,-1.8833745490038656,-1.0000001192092896
5757,-0.3791525658346555,0.0,-1.379152595636978,1.0000001192092896
5758,0.11565602218935189,0.0,-1.884344037415293,2.000000238418579
5759,-6.737351392700674,-1.0000001192092896,-1.7373512436890624,-4.000000476837158
5760,-0.8836765939390953,0.0,-1.883676623741418,1.0000001192092896
5761,-1.8871769329398782,0.0,-1.8871769329398793,0.0
5762,-10.921387068018085,-1.0000001192092896,-1.9213867997971827,-8.000000953674316
5763,-7.736047398913337,0.0,-1.7360472200994015,-6.000000715255737
5764,-7.763014847857086,0.0,-1.7630146690431505,-6.000000715255737
5765,-2.885573516207491,0.0,-1.885573486405169,-1.0000001192092896
5766,-4.850233265237566,0.0,-1.850233175830593,-3.0000003576278687
5767,-9.928461337146906,-1.0000001192092896,-1.928461098728317,-7.000000834465027
5768,-8.736250495396996,0.0,-1.7362502867807366,-7.000000834465027
5769,-0.8833737540830211,0.0,-1.883373783885344,1.0000001192092896
5770,-8.736046836599138,-1.0000001192092896,-1.7360466279828781,-6.000000715255737
5771,-10.727685376310001,0.0,-1.7276851080891031,-9.000001072883606
5772,-10.733594045794362,0.0,-1.733593777573465,-9.000001072883606
5773,-11.764440879876128,0.0,-1.7644405818529023,-10.000001192092896
5774,0.11282312554254725,0.0,-1.8871769340620979,2.000000238418579
5775,-4.921301361727606,-1.0000001192092896,-1.92130127232064,-2.000000238418579
5776,-9.73607833013747,0.0,-1.7360780917188816,-8.000000953674316
5777,-4.924064139207339,-1.0000001192092896,-1.9240640498003685,-2.000000238418579
5778,-3.5852412168829155,0.0,-0.585241127475948,-3.0000003576278687
5779,-6.736155801393128,-1.0000001192092896,-1.7361556523815171,-4.000000476837158
5780,-10.923445055581146,-1.0000001192092896,-1.9234447873602445,-8.000000953674316
5781,-8.921424623295547,-1.0000001192092896,-1.9214244146792925,-6.000000715255737
5782,-0.8876247576448645,0.0,-1.887624787447187,1.0000001192092896
5783,-1.8822344193560097,0.0,-1.8822344193560099,0.0
5784,-6.736031367469836,0.0,-1.7360312184582263,-5.000000596046448
5785,-4.766881721126185,0.0,-1.7668816317192175,-3.0000003576278687
5786,-0.8866682525559535,0.0,-1.8866682823582754,1.0000001192092896
5787,-0.8849757690426698,0.0,-1.8849757988449922,1.0000001192092896
5788,-7.736036911537941,0.0,-1.7360367327240014,-6.000000715255737
5789,-0.3787533675675152,0.0,-1.3787533973698376,1.0000001192092896
5790,-7.736705178118265,0.0,-1.7367049993043293,-6.000000715255737
5791,-1.88613782979954,0.0,-1.8861378297995408,0.0
5792,-2.3737166451082095,0.0,-1.3737166153058866,-1.0000001192092896
5793,-0.8860258950277138,0.0,-1.8860259248300362,1.0000001192092896
5794,-9.736030123753793,0.0,-1.7360298853352092,-8.000000953674316
5795,-8.745214466341446,0.0,-1.7452142577251932,-7.000000834465027
5796,-8.734135962253442,0.0,-1.7341357536371862,-7.000000834465027
5797,-5.737996601128463,0.0,-1.7379964819191722,-4.000000476837158
5798,-1.6004542573552518,0.0,-0.6004542275529297,-1.0000001192092896
5799,-0.6954006122113928,0.0,-1.6954006420137147,1.0000001192092896
5800,-4.731836087657679,0.0,-1.7318359982507134,-3.0000003576278687
5801,-6.737550107160869,0.0,-1.737549958149258,-5.000000596046448
5802,-2.884343877106757,0.0,-1.884343847304434,-1.0000001192092896
5803,-6.92453797884656,-1.0000001192092896,-1.9245378298349447,-4.000000476837158
5804,-2.378334057371128,0.0,-1.3783340275688043,-1.0000001192092896
5805,-0.8843183253493803,0.0,-1.8843183551517027,1.0000001192092896
5806,-2.8875775116609117,0.0,-1.8875774818585893,-1.0000001192092896
5807,-5.736482912333809,0.0,-1.7364827931245175,-4.000000476837158
5808,-5.7196455907033945,0.0,-1.719645471494105,-4.000000476837158
5809,-6.92142456141066,-1.0000001192092896,-1.9214244123990503,-4.000000476837158
5810,-4.606833365214536,0.0,-1.6068332758075674,-3.0000003576278687
5811,-10.923256915771027,-1.0000001192092896,-1.9232566475501174,-8.000000953674316
5812,-2.3783817307455744,0.0,-1.3783817009432537,-1.0000001192092896
5813,-5.73610584141357,0.0,-1.7361057222042804,-4.000000476837158
5814,-4.633139483245216,0.0,-1.6331393938382486,-3.0000003576278687
5815,-4.736031018938934,0.0,-1.7360309295319651,-3.0000003576278687
5816,-6.736013899623169,0.0,-1.7360137506115554,-5.000000596046448
5817,-1.3777186313358414,0.0,-1.3777186313358407,0.0
5818,-2.3772764032593363,0.0,-1.3772763734570137,-1.0000001192092896
5819,-0.37915483953354623,0.0,-1.3791548693358688,1.0000001192092896
5820,-0.8871769070758642,0.0,-1.8871769368781863,1.0000001192092896
5821,-8.92178572862368,-1.0000001192092896,-1.9217855200074254,-6.000000715255737
5822,-0.8861282131616035,0.0,-1.8861282429639257,1.0000001192092896
5823,1.1133861684008168,0.0,-1.88661392100615,3.0000003576278687
5824,-6.922464504554078,-1.0000001192092896,-1.9224643555424656,-4.000000476837158
5825,-9.749962052046095,0.0,-1.7499618136275132,-8.000000953674316
5826,0.11565600701918799,0.0,-1.8843440525854578,2.000000238418579
5827,-8.717240353462165,0.0,-1.7172401448459067,-7.000000834465027
5828,-8.736112958458744,-1.0000001192092896,-1.7361127498424862,-6.000000715255737
5829,-6.375886408908231,0.0,-1.3758862598966184,-5.000000596046448
5830,-0.37858070163954105,0.0,-1.3785807314418634,1.0000001192092896
5831,-9.73603032897623,0.0,-1.7360300905576491,-8.000000953674316
5832,-5.737162704404397,0.0,-1.7371625851951047,-4.000000476837158
5833,0.1124225276881109,0.0,-1.887577531916533,2.000000238418579
5834,1.1124225657184306,0.0,-1.8875775236885362,3.0000003576278687
5835,-11.757108040133621,0.0,-1.7571077421103967,-10.000001192092896
5836,1.1144926342694423,0.0,-1.8855074551375244,3.0000003576278687
5837,-8.921415135644494,-1.0000001192092896,-1.92141492702824,-6.000000715255737
5838,-0.3778381320929549,0.0,-1.3778381618952773,1.0000001192092896
5839,-3.935228553037235,0.0,-1.9352284934325925,-2.000000238418579
5840,-0.8843438041073713,0.0,-1.8843438339096936,1.0000001192092896
5841,-5.7364885498749745,0.0,-1.7364884306656845,-4.000000476837158
5842,-6.760339872783594,0.0,-1.7603397237719847,-5.000000596046448
5843,-0.8861378952536576,0.0,-1.886137925055979,1.0000001192092896
5844,-0.3772086715710299,0.0,-1.3772087013733525,1.0000001192092896
5845,-1.8822340158594346,0.0,-1.8822340158594344,0.0
5846,-2.609164855306893,0.0,-1.609164825504572,-1.0000001192092896
5847,-1.8875775571578508,0.0,-1.8875775571578504,0.0
5848,-1.8476207328078127,0.0,-1.8476207328078125,0.0
5849,-0.8855734926037463,0.0,-1.8855735224060688,1.0000001192092896
5850,-0.8875774685123339,0.0,-1.8875774983146567,1.0000001192092896
5851,2.6207246902030414,0.0,-1.379275429006248,4.000000476837158
5852,-3.736045594841774,0.0,-1.7360455352371285,-2.000000238418579
5853,-0.8855734537010274,0.0,-1.8855734835033502,1.0000001192092896
5854,-0.379819113165776,0.0,-1.3798191429680982,1.0000001192092896
5855,-6.760073372452076,0.0,-1.760073223440464,-5.000000596046448
5856,-6.921464099477391,-1.0000001192092896,-1.9214639504657745,-4.000000476837158
5857,-3.7363375991674523,0.0,-1.7363375395628071,-2.000000238418579
5858,-1.8861282673150952,0.0,-1.886128267315096,0.0
5859,0.11702595396305937,0.0,-1.8829741056415863,2.000000238418579
5860,-0.3797772934897039,0.0,-1.3797773232920265,1.0000001192092896
5861,-0.3827682881830221,0.0,-1.3827683179853447,1.0000001192092896
5862,-2.3791457827439517,0.0,-1.37914575294163,-1.0000001192092896
5863,-9.736780421885987,0.0,-1.7367801834674097,-8.000000953674316
5864,-12.922467425666717,-1.0000001192092896,-1.9224670978411689,-10.000001192092896
5865,-7.744130574949022,0.0,-1.744130396135088,-6.000000715255737
5866,-7.9220654313818475,-1.0000001192092896,-1.9220652525679116,-5.000000596046448
5867,-5.736106287719683,0.0,-1.736106168510395,-4.000000476837158
5868,-7.736032305500475,0.0,-1.7360321266865395,-6.000000715255737
5869,-0.8875774817566466,0.0,-1.8875775115589686,1.0000001192092896
5870,-0.8323072495269632,0.0,-1.8323072793292856,1.0000001192092896
5871,-4.736088619215197,0.0,-1.7360885298082296,-3.0000003576278687
5872,-4.921611115584182,-1.0000001192092896,-1.9216110261772166,-2.000000238418579
5873,-1.5861505293867344,0.0,-0.586150499584411,-1.0000001192092896
5874,-6.920753279517163,-1.0000001192092896,-1.9207531305055485,-4.000000476837158
5875,-3.9213796216701713,-1.0000001192092896,-1.9213795620655252,-1.0000001192092896
5876,-0.8829735332631883,0.0,-1.882973563065511,1.0000001192092896
5877,-1.576087014438413,0.0,-0.5760869846360901,-1.0000001192092896
5878,-5.003953698517275,0.0,-2.0039536091103076,-3.0000003576278687
5879,-6.925381304866068,-1.0000001192092896,-1.9253811558544576,-4.000000476837158
5880,-5.73699442219598,0.0,-1.736994302986694,-4.000000476837158
5881,-0.3781191031322697,0.0,-1.378119132934592,1.0000001192092896
5882,-4.922555431316274,-1.0000001192092896,-1.9225553419093069,-2.000000238418579
5883,-5.7363498290930215,0.0,-1.736349709883732,-4.000000476837158
5884,-4.749935655555557,0.0,-1.7499355661485907,-3.0000003576278687
5885,-6.923997621529892,-1.0000001192092896,-1.9239974725182822,-4.000000476837158
5886,-4.75116986643321,0.0,-1.7511697770262427,-3.0000003576278687
5887,-5.73603124160028,0.0,-1.73603112239099,-4.000000476837158
5888,-7.737496293104024,0.0,-1.7374961142900875,-6.000000715255737
5889,-0.5861562692016894,0.0,-0.5861562692016892,0.0
5890,-4.9223537733490295,-1.0000001192092896,-1.922353683942063,-2.000000238418579
5891,-1.8591130001834302,0.0,-1.8591130001834293,0.0
5892,-9.377755093765733,0.0,-1.3777548553471508,-8.000000953674316
5893,-0.3804162773184083,0.0,-1.3804163071207305,1.0000001192092896
5894,-1.887624766532231,0.0,-1.887624766532231,0.0
5895,-0.38066779196942546,0.0,-1.380667821771748,1.0000001192092896
5896,-1.8843440076667903,0.0,-1.8843440076667899,0.0
5897,-3.736067402439716,0.0,-1.7360673428350704,-2.000000238418579
5898,-9.747203354912513,0.0,-1.7472031164939326,-8.000000953674316
5899,-0.8855736373681294,0.0,-1.8855736671704517,1.0000001192092896
5900,-7.740537261550089,0.0,-1.740537082736155,-6.000000715255737
5901,-1.88757656795996,0.0,-1.88757656795996,0.0
5902,-0.8855734825380018,0.0,-1.8855735123403243,1.0000001192092896
5903,-8.736030070605045,0.0,-1.7360298619887922,-7.000000834465027
5904,-0.8822339860571117,0.0,-1.882234015859434,1.0000001192092896
5905,0.11442657610129492,0.0,-1.8855734835033495,2.000000238418579
5906,-4.921600058930683,-1.0000001192092896,-1.921599969523714,-2.000000238418579
5907,0.11776568616202843,0.0,-1.882234373442617,2.000000238418579
5908,-2.3780502872090428,0.0,-1.3780502574067204,-1.0000001192092896
5909,-0.37920065615482823,0.0,-1.3792006859571506,1.0000001192092896
5910,-3.8855736838102004,0.0,-1.8855736242055547,-2.000000238418579
5911,-6.920852213556658,-1.0000001192092896,-1.9208520645450444,-4.000000476837158
5912,-0.8861282847109085,0.0,-1.886128314513231,1.0000001192092896
5913,-0.8855734295069163,0.0,-1.8855734593092388,1.0000001192092896
5914,-4.704555131745891,0.0,-1.704555042338922,-3.0000003576278687
5915,-0.37957577580855384,0.0,-1.3795758056108764,1.0000001192092896
5916,-4.736030271944764,0.0,-1.7360301825377986,-3.0000003576278687
5917,-4.924513506451459,-1.0000001192092896,-1.924513417044492,-2.000000238418579
5918,-1.8875775333915819,0.0,-1.8875775333915819,0.0
5919,-0.8822338788795185,0.0,-1.8822339086818414,1.0000001192092896
5920,0.11430805226817509,0.0,-1.8856920073364694,2.000000238418579
5921,-6.92165535309175,-1.0000001192092896,-1.921655204080138,-4.000000476837158
5922,-5.736000083255185,0.0,-1.7359999640458883,-4.000000476837158
5923,-0.8875774795271838,0.0,-1.8875775093295066,1.0000001192092896
5924,-0.8832801503414263,0.0,-1.8832801801437489,1.0000001192092896
5925,-1.6004575931969054,0.0,-0.6004575633945828,-1.0000001192092896
5926,-3.9231844900252213,-1.0000001192092896,-1.9231844304205765,-1.0000001192092896
5927,-0.8875775069980218,0.0,-1.8875775368003442,1.0000001192092896
5928,0.11386216233923763,0.0,-1.886137897265407,2.000000238418579
5929,-2.613022862758319,0.0,-0.6130228031536733,-2.000000238418579
5930,-2.746689589214706,0.0,-1.7466895594123855,-1.0000001192092896
5931,-1.88613780259249,0.0,-1.8861378025924902,0.0
5932,-6.92142457789398,-1.0000001192092896,-1.9214244288823674,-4.000000476837158
5933,-2.883603783208965,0.0,-1.8836037534066439,-1.0000001192092896
5934,-3.0658673574947537,0.0,-1.0658672978901096,-2.000000238418579
5935,-7.736261254023784,0.0,-1.7362610752098497,-6.000000715255737
5936,-0.8836765782486625,0.0,-1.883676608050985,1.0000001192092896
5937,-3.736168810421581,0.0,-1.736168750816937,-2.000000238418579
5938,-4.927445219509678,-1.0000001192092896,-1.9274451301027111,-2.000000238418579
5939,-4.8822347617423025,0.0,-1.8822346723353327,-3.0000003576278687
5940,-7.736101559874704,0.0,-1.736101381060771,-6.000000715255737
5941,-6.736049778662333,-1.0000001192092896,-1.7360496296507228,-4.000000476837158
5942,-6.922466207686889,-1.0000001192092896,-1.9224660586752764,-4.000000476837158
5943,-4.380009127157507,0.0,-1.3800090377505378,-3.0000003576278687
5944,-7.736056331880419,0.0,-1.7360561530664829,-6.000000715255737
5945,-0.8861377863891063,0.0,-1.886137816191429,1.0000001192092896
5946,-0.37742262719620956,0.0,-1.377422656998532,1.0000001192092896
5947,-5.736066333280158,0.0,-1.736066214070873,-4.000000476837158
5948,-0.37892445918308026,0.0,-1.3789244889854024,1.0000001192092896
5949,-6.921333301496231,-1.0000001192092896,-1.9213331524846158,-4.000000476837158
5950,-4.736039953355659,0.0,-1.7360398639486887,-3.0000003576278687
5951,-0.37820793131462915,0.0,-1.378207961116951,1.0000001192092896
5952,-4.921424493628916,-1.0000001192092896,-1.9214244042219484,-2.000000238418579
5953,-0.37687761328469827,0.0,-1.3768776430870209,1.0000001192092896
5954,-4.734817769287495,0.0,-1.734817679880527,-3.0000003576278687
5955,-5.738363496821372,0.0,-1.7383633776120844,-4.000000476837158
5956,-2.378640986334437,0.0,-1.3786409565321165,-1.0000001192092896
5957,-6.921748500981396,-1.0000001192092896,-1.9217483519697869,-4.000000476837158
5958,-4.92314479304511,-1.0000001192092896,-1.9231447036381437,-2.000000238418579
5959,-7.744980750079579,0.0,-1.7449805712656419,-6.000000715255737
5960,-0.3769182038103376,0.0,-1.3769182336126597,1.0000001192092896
5961,-4.747777746362848,-1.0000001192092896,-1.7477776569558803,-2.000000238418579
5962,0.6201032174443136,0.0,-1.3798968421603321,2.000000238418579
5963,-0.37867598541228165,0.0,-1.3786760152146038,1.0000001192092896
5964,0.6218538439325358,0.0,-1.3781462156721098,2.000000238418579
5965,0.1170261544217488,0.0,-1.8829739051828969,2.000000238418579
5966,-1.8861378161914288,0.0,-1.8861378161914286,0.0
5967,-3.9214244638265914,-1.0000001192092896,-1.9214244042219493,-1.0000001192092896
5968,-6.922785759702574,-1.0000001192092896,-1.922785610690959,-4.000000476837158
5969,-2.5872713322202774,0.0,-0.5872712726156325,-2.000000238418579
5970,-1.763416305742226,0.0,-1.7634163057422294,0.0
5971,-4.9439512910812455,0.0,-1.9439512016742766,-3.0000003576278687
5972,-2.88223417519498,0.0,-1.8822341453926588,-1.0000001192092896
5973,-5.737205906323881,0.0,-1.7372057871145905,-4.000000476837158
5974,-4.926669505458582,-1.0000001192092896,-1.9266694160516153,-2.000000238418579
5975,-4.585668768607963,0.0,-1.5856686792009895,-3.0000003576278687
5976,-6.737198133123378,-1.0000001192092896,-1.7371979841117693,-4.000000476837158
5977,-0.8871768933813724,0.0,-1.887176923183695,1.0000001192092896
5978,-8.73864412631014,0.0,-1.7386439176938746,-7.000000834465027
5979,0.11632346784154646,0.0,-1.8836765917630984,2.000000238418579
5980,0.6216617038427442,0.0,-1.3783383557619016,2.000000238418579
5981,-0.8829735800803011,0.0,-1.8829736098826233,1.0000001192092896
5982,-1.8875775203443443,0.0,-1.8875775203443435,0.0
5983,-0.8822339358854083,0.0,-1.8822339656877307,1.0000001192092896
5984,0.11386214758218205,0.0,-1.8861379120224626,2.000000238418579
5985,-3.73846670840066,0.0,-1.738466648796018,-2.000000238418579
5986,-6.736146564838876,0.0,-1.7361464158272648,-5.000000596046448
5987,-9.737815628654829,0.0,-1.7378153902362474,-8.000000953674316
5988,-6.921031895438867,-1.0000001192092896,-1.9210317464272566,-4.000000476837158
5989,-2.3772574357176603,0.0,-1.3772574059153384,-1.0000001192092896
5990,0.11242340043815657,0.0,-1.8875766591664878,2.000000238418579
5991,-8.736028272374197,0.0,-1.736028063757939,-7.000000834465027
5992,0.11502406387633923,0.0,-1.8849759957283057,2.000000238418579
5993,-6.922134742303721,-1.0000001192092896,-1.922134593292105,-4.000000476837158
5994,-1.885573621884102,0.0,-1.8855736218841015,0.0
5995,-1.8869473732470736,0.0,-1.8869473732470738,0.0
5996,-0.37923022042611954,0.0,-1.3792302502284421,1.0000001192092896
5997,0.11242254804463214,0.0,-1.8875775115600124,2.000000238418579
5998,-0.3793241731028236,0.0,-1.379324202905146,1.0000001192092896
5999,-0.8843437895288946,0.0,-1.884343819331217,1.0000001192092896
6000,-1.580428261025204,0.0,-0.5804282312228829,-1.0000001192092896
6001,-4.73731383607916,0.0,-1.7373137466721924,-3.0000003576278687
6002,-2.8866682990696306,0.0,-1.8866682692673091,-1.0000001192092896
6003,-3.741571330603652,0.0,-1.7415712709990094,-2.000000238418579
6004,-1.8860745930907963,0.0,-1.8860745930907963,0.0
6005,-1.624016710026676,0.0,-1.624016710026677,0.0
6006,-3.884975952202355,0.0,-1.8849758925977103,-2.000000238418579
6007,-8.925997873959927,-1.0000001192092896,-1.9259976653436717,-6.000000715255737
6008,-9.050585306804775,0.0,-2.0505850981885128,-7.000000834465027
6009,-8.736023048602416,0.0,-1.7360228399861604,-7.000000834465027
6010,1.117379247891698,0.0,-1.882620841515271,3.0000003576278687
6011,-8.73550318343868,0.0,-1.735502974822425,-7.000000834465027
6012,-5.736047161928468,0.0,-1.7360470427191785,-4.000000476837158
6013,-0.8861377852400886,0.0,-1.8861378150424115,1.0000001192092896
6014,-1.574751334569304,0.0,-0.5747513047669823,-1.0000001192092896
6015,-1.8867155005238276,0.0,-1.8867155005238272,0.0
6016,-7.736363711569,0.0,-1.7363635327550664,-6.000000715255737
6017,-1.8855591223467911,0.0,-1.8855591223467916,0.0
6018,-4.922057207677052,-1.0000001192092896,-1.922057118270085,-2.000000238418579
6019,-6.867929809954456,0.0,-0.8679296311405191,-6.000000715255737
6020,-1.829105644538714,0.0,-1.829105644538714,0.0
6021,-1.3777706767286473,0.0,-1.3777706767286477,0.0
6022,-5.7383721055102574,0.0,-1.7383719863009657,-4.000000476837158
6023,-2.879619247126141,0.0,-1.8796192173238175,-1.0000001192092896
6024,-5.921424616539859,-1.0000001192092896,-1.9214244973305712,-3.0000003576278687
6025,-1.8996633311495497,0.0,-1.8996633311495503,0.0
6026,0.6262290288841376,0.0,-1.3737710307205084,2.000000238418579
6027,-0.3780056716433826,0.0,-1.378005701445705,1.0000001192092896
6028,-2.3767598499189813,0.0,-1.3767598201166593,-1.0000001192092896
6029,-4.738327777909312,0.0,-0.7383276587000249,-4.000000476837158
6030,-6.921365889465379,-1.0000001192092896,-1.921365740453769,-4.000000476837158
6031,-0.8822340170719982,0.0,-1.8822340468743208,1.0000001192092896
6032,-5.9215154951819535,-1.0000001192092896,-1.9215153759726638,-3.0000003576278687
6033,-2.8503691076571043,0.0,-0.8503690480524597,-2.000000238418579
6034,0.11282312948085005,0.0,-1.8871769301237946,2.000000238418579
6035,-5.921518070181421,-1.0000001192092896,-1.9215179509721354,-3.0000003576278687
6036,-0.3786750405398511,0.0,-1.3786750703421737,1.0000001192092896
6037,-1.887176936315571,0.0,-1.8871769363155706,0.0
6038,-0.8871741014320017,0.0,-1.8871741312343238,1.0000001192092896
6039,-3.3803411919782285,0.0,-1.380341132373587,-2.000000238418579
6040,-3.7360308545218603,0.0,-1.736030794917218,-2.000000238418579
6041,-3.884550481928457,0.0,-1.8845504223238123,-2.000000238418579
6042,-1.88367665392736,0.0,-1.8836766539273602,0.0
6043,-0.8299053490387345,0.0,-1.8299053788410569,1.0000001192092896
6044,-1.6726494321966585,0.0,-1.672649432196658,0.0
6045,0.1128230863416515,0.0,-1.8871769732629926,2.000000238418579
6046,-8.711426560601579,0.0,-1.7114263519853272,-7.000000834465027
6047,-2.567419037290268,0.0,-0.5674189776856231,-2.000000238418579
6048,0.11943050284930123,0.0,-1.880569556755343,2.000000238418579
6049,-13.81780900254636,0.0,-1.8178086449184943,-12.000001430511475
6050,-0.8814848972647489,0.0,-1.881484927067071,1.0000001192092896
6051,-5.746143393349234,0.0,-1.7461432741399416,-4.000000476837158
6052,0.11333178749423978,0.0,-1.8866682721104047,2.000000238418579
6053,0.6194394761308502,0.0,-1.3805605834737935,2.000000238418579
6054,-3.7360468521363184,0.0,-1.7360467925316752,-2.000000238418579
6055,-6.736035597474982,0.0,-1.736035448463366,-5.000000596046448
6056,-0.8839315421990002,0.0,-1.8839315720013228,1.0000001192092896
6057,-5.3763977884516825,0.0,-1.3763976692423923,-4.000000476837158
6058,-7.922405083068725,-1.0000001192092896,-1.9224049042547886,-5.000000596046448
6059,-1.8855953882916383,0.0,-1.885595388291639,0.0
6060,-2.886137937443018,0.0,-1.8861379076406937,-1.0000001192092896
6061,-4.756207792935613,0.0,-1.7562077035286472,-3.0000003576278687
6062,-1.8826207847778207,0.0,-1.8826207847778207,0.0
6063,-5.742305450531114,0.0,-1.7423053313218217,-4.000000476837158
6064,-5.7363529667455095,0.0,-1.736352847536219,-4.000000476837158
6065,-0.8335208119370661,0.0,-1.8335208417393885,1.0000001192092896
6066,0.11967798232773752,0.0,-1.8803220772769067,2.000000238418579
6067,0.4089679122867762,0.0,-0.5910321175155464,1.0000001192092896
6068,-7.783019894072487,0.0,-1.783019715258552,-6.000000715255737
6069,-8.693682585182186,0.0,-1.6936823765659337,-7.000000834465027
6070,-0.3791632032014385,0.0,-1.3791632330037609,1.0000001192092896
6071,-4.921586906212381,-1.0000001192092896,-1.9215868168054127,-2.000000238418579
6072,-6.925873826076818,-1.0000001192092896,-1.9258736770652052,-4.000000476837158
6073,-2.327909523563014,0.0,-1.3279094937606903,-1.0000001192092896
6074,-8.92142462329555,-1.0000001192092896,-1.9214244146792931,-6.000000715255737
6075,-7.7360458624211885,0.0,-1.7360456836072515,-6.000000715255737
6076,-11.739219025220192,0.0,-1.7392187271969681,-10.000001192092896
6077,-4.74032559843209,0.0,-1.7403255090251215,-3.0000003576278687
6078,-4.922323052480511,-1.0000001192092896,-1.922322963073542,-2.000000238418579
6079,-8.740166793466578,0.0,-1.7401665848503216,-7.000000834465027
6080,-9.733484498338544,0.0,-1.7334842599199665,-8.000000953674316
6081,0.11632342136769336,0.0,-1.8836766382369512,2.000000238418579
6082,-12.683199765687469,0.0,-1.6831994378619188,-11.000001311302185
6083,-10.736088224564504,-1.0000001192092896,-1.7360879563436007,-8.000000953674316
6084,-6.922384763999874,-1.0000001192092896,-1.9223846149882589,-4.000000476837158
6085,-1.6142184023444663,0.0,-0.6142183725421443,-1.0000001192092896
6086,-3.0177775878462474,1.0000001192092896,-2.0177775580439237,-2.000000238418579
6087,-1.8843437907660914,0.0,-1.8843437907660914,0.0
6088,0.6197121119628552,0.0,-1.380287947641789,2.000000238418579
6089,-4.921483255627853,-1.0000001192092896,-1.921483166220885,-2.000000238418579
6090,-5.926717755575622,-1.0000001192092896,-1.9267176363663328,-3.0000003576278687
6091,-7.736206920922198,0.0,-1.7362067421082663,-6.000000715255737
6092,-3.8910928638624305,0.0,-1.891092804257784,-2.000000238418579
6093,-9.743614655517092,0.0,-1.743614417098512,-8.000000953674316
6094,-3.377061231536656,0.0,-1.377061171932013,-2.000000238418579
6095,-7.737972401075069,0.0,-1.737972222261132,-6.000000715255737
6096,-10.921424672442852,-1.0000001192092896,-1.9214244042219493,-8.000000953674316
6097,-0.886128227342725,0.0,-1.8861282571450475,1.0000001192092896
6098,0.11333179431766438,0.0,-1.8866682652869806,2.000000238418579
6099,-4.921645510603213,-1.0000001192092896,-1.9216454211962417,-2.000000238418579
6100,-0.3782663259605785,0.0,-1.378266355762901,1.0000001192092896
6101,-0.8829735676875289,0.0,-1.8829735974898516,1.0000001192092896
6102,-9.737365070671078,0.0,-1.7373648322525004,-8.000000953674316
6103,-5.736029242178526,0.0,-1.7360291229692426,-4.000000476837158
6104,-4.922323209433614,-1.0000001192092896,-1.9223231200266477,-2.000000238418579
6105,-1.8855735477607944,0.0,-1.885573547760794,0.0
6106,0.11242257007538504,0.0,-1.88757748952926,2.000000238418579
6107,-1.8855734987923878,0.0,-1.8855734987923884,0.0
6108,-5.887177101097155,0.0,-1.8871769818878668,-4.000000476837158
6109,-1.0953169929726965,1.0000001192092896,-1.0953169929726967,-1.0000001192092896
6110,-0.8836765335917403,0.0,-1.8836765633940624,1.0000001192092896
6111,-0.8829735332631882,0.0,-1.8829735630655104,1.0000001192092896
6112,-6.8866684598136,0.0,-1.8866683108019853,-5.000000596046448
6113,-10.820321915971029,0.0,-1.8203216477501285,-9.000001072883606
6114,-4.9219310742959665,-1.0000001192092896,-1.9219309848889983,-2.000000238418579
6115,-1.3740065112055448,0.0,-1.3740065112055433,0.0
6116,-4.736248114197459,0.0,-1.7362480247904941,-3.0000003576278687
6117,-0.8875774685123343,0.0,-1.887577498314657,1.0000001192092896
6118,-6.921771165372059,-1.0000001192092896,-1.9217710163604467,-4.000000476837158
6119,-0.37762640463995756,0.0,-1.3776264344422802,1.0000001192092896
6120,-0.8866682707644828,0.0,-1.8866683005668046,1.0000001192092896
6121,0.11237618716744024,0.0,-1.8876238724372045,2.000000238418579
6122,-1.882973577465421,0.0,-1.8829735774654215,0.0
6123,-0.3796734072672985,0.0,-1.3796734370696209,1.0000001192092896
6124,-7.741540083832624,0.0,-1.741539905018691,-6.000000715255737
6125,-4.736037843711614,0.0,-1.736037754304645,-3.0000003576278687
6126,-0.8861378333528729,0.0,-1.8861378631551955,1.0000001192092896
6127,-9.742101550785662,0.0,-1.7421013123670834,-8.000000953674316
6128,-2.87134604712997,0.0,-1.871346017327648,-1.0000001192092896
6129,-3.819943625249962,0.0,-1.8199435656453182,-2.000000238418579
6130,-1.8871769385630244,0.0,-1.887176938563024,0.0
6131,-2.8929607092235874,0.0,-1.8929606794212641,-1.0000001192092896
6132,-6.920591777070038,-1.0000001192092896,-1.9205916280584288,-4.000000476837158
6133,-0.8844323271093213,0.0,-1.8844323569116437,1.0000001192092896
6134,-0.8871769031345449,0.0,-1.887176932936867,1.0000001192092896
6135,-0.8796214740049796,0.0,-1.879621503807302,1.0000001192092896
6136,-4.921424493628917,-1.0000001192092896,-1.9214244042219486,-2.000000238418579
6137,-6.92142455323356,-1.0000001192092896,-1.9214244042219493,-4.000000476837158
6138,0.11444104071390648,0.0,-1.8855590188907383,2.000000238418579
6139,-4.921424493628915,-1.0000001192092896,-1.921424404221948,-2.000000238418579
6140,-3.8829747017798883,0.0,-1.882974642175245,-2.000000238418579
6141,-9.92158708497617,-1.0000001192092896,-1.9215868465575883,-7.000000834465027
6142,-1.8163899873178448,0.0,-1.8163899873178457,0.0
6143,-5.7369356788882016,0.0,-1.736935559678913,-4.000000476837158
6144,-1.8875774988720222,0.0,-1.8875774988720222,0.0
6145,-6.92142455323356,-1.0000001192092896,-1.9214244042219473,-4.000000476837158
6146,-8.923719459444209,-1.0000001192092896,-1.9237192508279508,-6.000000715255737
6147,-3.736082561694432,0.0,-1.7360825020897885,-2.000000238418579
6148,-4.373145874541651,0.0,-1.3731457851346882,-3.0000003576278687
6149,-2.0170011190967543,1.0000001192092896,-2.017001119096755,-1.0000001192092896
6150,-6.379051751935279,0.0,-1.3790516029236692,-5.000000596046448
6151,-0.3828959702107855,0.0,-1.3828960000131076,1.0000001192092896
6152,-2.884349480676406,0.0,-1.8843494508740828,-1.0000001192092896
6153,-8.921479182436133,-1.0000001192092896,-1.9214789738198765,-6.000000715255737
6154,-6.734522113845636,0.0,-1.7345219648340249,-5.000000596046448
6155,-0.3824301528830192,0.0,-1.3824301826853413,1.0000001192092896
6156,-0.37933833673679973,0.0,-1.379338366539122,1.0000001192092896
6157,-4.926825976381478,-1.0000001192092896,-1.9268258869745132,-2.000000238418579
6158,-1.8871769231836946,0.0,-1.887176923183694,0.0
6159,-7.736990781203621,0.0,-1.736990602389686,-6.000000715255737
6160,-7.734131468926876,0.0,-1.7341312901129429,-6.000000715255737
6161,-2.3775312192095024,0.0,-1.377531189407181,-1.0000001192092896
6162,-5.146630460991347,0.0,-1.1466303417820534,-4.000000476837158
6163,-0.8855734560224828,0.0,-1.8855734858248048,1.0000001192092896
6164,-1.88550740506453,0.0,-1.8855074050645297,0.0
6165,-5.73800719358891,0.0,-1.738007074379623,-4.000000476837158
6166,-0.8871740886202348,0.0,-1.8871741184225574,1.0000001192092896
6167,0.11442642417271676,0.0,-1.8855736354319286,2.000000238418579
6168,-7.736034562149082,0.0,-1.7360343833351501,-6.000000715255737
6169,-9.73602958188356,0.0,-1.7360293434649783,-8.000000953674316
6170,-0.8844327950683467,0.0,-1.8844328248706699,1.0000001192092896
6171,-0.8836766844967886,0.0,-1.8836767142991109,1.0000001192092896
6172,-2.379021649215636,0.0,-1.3790216194133151,-1.0000001192092896
6173,-0.3795605650806415,0.0,-1.379560594882964,1.0000001192092896
6174,-6.737335694293714,0.0,-1.7373355452820962,-5.000000596046448
6175,-3.846502674386177,0.0,-1.8465026147815353,-2.000000238418579
6176,-0.8836448648085692,0.0,-1.883644894610892,1.0000001192092896
6177,-3.755030657955075,0.0,-1.7550305983504315,-2.000000238418579
6178,-4.82627354031147,-1.0000001192092896,-1.8262734509045029,-2.000000238418579
6179,-9.921424642640524,-1.0000001192092896,-1.9214244042219488,-7.000000834465027
6180,-4.921517219461296,-1.0000001192092896,-1.9215171300543283,-2.000000238418579
6181,-8.921781807316535,-1.0000001192092896,-1.9217815987002775,-6.000000715255737
6182,-0.381051719730759,0.0,-1.3810517495330816,1.0000001192092896
6183,-6.736151809775851,-1.0000001192092896,-1.73615166076424,-4.000000476837158
6184,-0.8829735364411461,0.0,-1.8829735662434688,1.0000001192092896
6185,0.11632354211182983,0.0,-1.8836765174928152,2.000000238418579
6186,-11.736042129393383,0.0,-1.736041831370161,-10.000001192092896
6187,-9.742884039340566,0.0,-1.7428838009219867,-8.000000953674316
6188,-0.5861552620216612,0.0,-0.5861552620216608,0.0
6189,-3.5856874935427063,0.0,-0.5856874041357393,-3.0000003576278687
6190,-6.9253429078384325,-1.0000001192092896,-1.9253427588268204,-4.000000476837158
6191,-1.884343833317831,0.0,-1.884343833317831,0.0
6192,-9.736576007984176,0.0,-1.736575769565598,-8.000000953674316
6193,-0.8875765726781797,0.0,-1.887576602480502,1.0000001192092896
6194,-0.8836765792610322,0.0,-1.8836766090633539,1.0000001192092896
6195,-7.922420193531452,-1.0000001192092896,-1.9224200147175212,-5.000000596046448
6196,0.11706428528724311,0.0,-1.882935774317402,2.000000238418579
6197,-0.37421735987826055,0.0,-1.3742173896805832,1.0000001192092896
6198,-3.736066009686677,0.0,-1.7360659500820357,-2.000000238418579
6199,-7.738632773965215,0.0,-1.73863259515128,-6.000000715255737
6200,-1.600034084074713,0.0,-0.6000340542723903,-1.0000001192092896
6201,-9.73601336950085,0.0,-1.7360131310822757,-8.000000953674316
6202,-8.92904525254122,-1.0000001192092896,-1.929045043924961,-6.000000715255737
6203,-2.376595301754638,0.0,-1.3765952719523153,-1.0000001192092896
6204,-4.887577587721626,0.0,-1.8875774983146576,-3.0000003576278687
6205,0.11606823221874552,0.0,-1.8839318273858994,2.000000238418579
6206,0.11313548540026197,0.0,-1.8868645742043828,2.000000238418579
6207,-0.8871769003214725,0.0,-1.8871769301237944,1.0000001192092896
6208,-0.8836765782486621,0.0,-1.8836766080509844,1.0000001192092896
6209,-0.8866682184063462,0.0,-1.8866682482086685,1.0000001192092896
6210,-4.882974149438294,0.0,-1.8829740600313274,-3.0000003576278687
6211,-2.377454037596644,0.0,-1.3774540077943218,-1.0000001192092896
6212,-1.886137829225032,0.0,-1.886137829225032,0.0
6213,-4.921791566923332,-1.0000001192092896,-1.921791477516364,-2.000000238418579
6214,-4.923239829873906,-1.0000001192092896,-1.923239740466941,-2.000000238418579
6215,0.11776548335266113,0.0,-1.8822345762519834,2.000000238418579
6216,-8.921426106382452,-1.0000001192092896,-1.9214258977661964,-6.000000715255737
6217,-2.3802548316100154,0.0,-1.3802548018076932,-1.0000001192092896
6218,-0.37751539613722107,0.0,-1.3775154259395435,1.0000001192092896
6219,0.11282308578204314,0.0,-1.8871769738226023,2.000000238418579
6220,-2.3756444376444863,0.0,-1.375644407842163,-1.0000001192092896
6221,-1.5943718516883818,0.0,-0.5943718218860591,-1.0000001192092896
6222,-4.923425905293886,-1.0000001192092896,-1.9234258158869177,-2.000000238418579
6223,-2.591030431130401,0.0,-0.5910303715257564,-2.000000238418579
6224,-0.8779400340876129,0.0,-1.8779400638899357,1.0000001192092896
6225,-0.8855734035716678,0.0,-1.8855734333739904,1.0000001192092896
6226,-6.379346855717856,0.0,-1.3793467067062437,-5.000000596046448
6227,-0.38020784356852766,0.0,-1.3802078733708498,1.0000001192092896
6228,-0.8829738609808914,0.0,-1.8829738907832134,1.0000001192092896
6229,-8.736537843282358,0.0,-1.7365376346661048,-7.000000834465027
6230,-1.3797280081317702,0.0,-1.3797280081317687,0.0
6231,-2.8119802073127502,0.0,-1.8119801775104276,-1.0000001192092896
6232,0.11333179033733631,0.0,-1.8866682692673082,2.000000238418579
6233,-0.8796218365258813,0.0,-1.879621866328204,1.0000001192092896
6234,-4.736073440101771,0.0,-1.7360733506948023,-3.0000003576278687
6235,-1.8822340860041975,0.0,-1.882234086004198,0.0
6236,0.11781060798002352,0.0,-1.8821894516246225,2.000000238418579
6237,-7.922384767279041,-1.0000001192092896,-1.9223845884651116,-5.000000596046448
6238,-11.735461604632807,0.0,-1.7354613066095756,-10.000001192092896
6239,-6.921424553233562,-1.0000001192092896,-1.921424404221948,-4.000000476837158
6240,-4.737571997843074,0.0,-1.7375719084361076,-3.0000003576278687
6241,-0.38461045854342557,0.0,-1.3846104883457477,1.0000001192092896
6242,-1.8866625869773102,0.0,-1.8866625869773102,0.0
6243,-2.886137955432811,0.0,-1.8861379256304893,-1.0000001192092896
6244,-5.7361063927957225,0.0,-1.7361062735864345,-4.000000476837158
6245,-3.017401701468956,1.0000001192092896,-2.017401671666633,-2.000000238418579
6246,-1.8837238127968616,0.0,-1.8837238127968607,0.0
6247,-8.736072351088277,0.0,-1.7360721424720127,-7.000000834465027
6248,-3.8822347766363516,0.0,-1.8822347170317077,-2.000000238418579
6249,-0.8843438332642903,0.0,-1.8843438630666125,1.0000001192092896
6250,-2.3772821579516465,0.0,-1.3772821281493242,-1.0000001192092896
6251,-2.7360368703966262,0.0,-1.7360368405943034,-1.0000001192092896
6252,-0.38013339315564254,0.0,-1.3801334229579647,1.0000001192092896
6253,-6.921491965979001,-1.0000001192092896,-1.9214918169673922,-4.000000476837158
6254,-7.736054340322876,0.0,-1.7360541615089407,-6.000000715255737
6255,-7.703163700417237,0.0,-1.703163521603303,-6.000000715255737
6256,-1.8855951120047072,0.0,-1.8855951120047072,0.0
6257,0.4239157550312055,0.0,-0.5760842747711169,1.0000001192092896
6258,-6.740714302304152,0.0,-1.7407141532925454,-5.000000596046448
6259,-2.882234566433598,0.0,-1.8822345366312758,-1.0000001192092896
6260,-1.8836766231439743,0.0,-1.8836766231439737,0.0
6261,-8.736087992272779,0.0,-1.736087783656521,-7.000000834465027
6262,-4.736204353100945,0.0,-1.7362042636939787,-3.0000003576278687
6263,-1.8122813575667338,0.0,-1.812281357566734,0.0
6264,-8.921613248275905,-1.0000001192092896,-1.9216130396596507,-6.000000715255737
6265,-0.8855589506901944,0.0,-1.885558980492517,1.0000001192092896
6266,-3.738304903056134,0.0,-1.7383048434514914,-2.000000238418579
6267,-9.744178313073993,0.0,-1.74417807465541,-8.000000953674316
6268,-5.923286425495259,-1.0000001192092896,-1.9232863062859733,-3.0000003576278687
6269,-0.8866682770193097,0.0,-1.8866683068216323,1.0000001192092896
6270,-8.729770030018463,0.0,-1.7297698214022055,-7.000000834465027
6271,-3.74351239142552,0.0,-1.743512331820877,-2.000000238418579
6272,-6.922484676329472,-1.0000001192092896,-1.9224845273178648,-4.000000476837158
6273,-0.8825955454767076,0.0,-1.88259557527903,1.0000001192092896
6274,-0.34259632208022417,0.0,-1.3425963518825468,1.0000001192092896
6275,-0.3796670062344034,0.0,-1.3796670360367258,1.0000001192092896
6276,-2.8821889366356586,0.0,-1.8821889068333355,-1.0000001192092896
6277,-6.735992993253976,0.0,-1.7359928442423653,-5.000000596046448
6278,-0.3785237934014387,0.0,-1.378523823203761,1.0000001192092896
6279,-8.921478631150626,-1.0000001192092896,-1.92147842253437,-6.000000715255737
6280,-6.921830214693028,-1.0000001192092896,-1.921830065681419,-4.000000476837158
6281,-3.5705072641078117,0.0,-0.5705071747008441,-3.0000003576278687
6282,0.11776552865752754,0.0,-1.8822345309471173,2.000000238418579
6283,-0.8861377846655798,0.0,-1.8861378144679024,1.0000001192092896
6284,-6.923562098262614,-1.0000001192092896,-1.9235619492509977,-4.000000476837158
6285,-2.377437014687313,0.0,-1.3774369848849908,-1.0000001192092896
6286,-0.886137789261654,0.0,-1.8861378190639762,1.0000001192092896
6287,-1.884280556603536,0.0,-1.8842805566035365,0.0
6288,-7.736034719569766,0.0,-1.7360345407558349,-6.000000715255737
6289,-10.740605689358086,0.0,-1.7406054211371806,-9.000001072883606
6290,-9.736191009733071,0.0,-1.7361907713144915,-8.000000953674316
6291,-1.8849757988449922,0.0,-1.8849757988449927,0.0
6292,-2.8735134305621433,0.0,-1.873513400759822,-1.0000001192092896
6293,-4.923613575631271,-1.0000001192092896,-1.9236134862243028,-2.000000238418579
6294,0.11282314898721191,0.0,-1.8871769106174328,2.000000238418579
6295,1.1132845644070026,0.0,-1.8867155249999636,3.0000003576278687
6296,-7.740749167073739,0.0,-1.7407489882598082,-6.000000715255737
6297,-0.381587000317948,0.0,-1.3815870301202704,1.0000001192092896
6298,-8.736209221881948,0.0,-1.736209013265695,-7.000000834465027
6299,-8.925022685451513,-1.0000001192092896,-1.9250224768352546,-6.000000715255737
6300,-11.764847441981622,0.0,-1.7648471439583973,-10.000001192092896
6301,-0.379447057594249,0.0,-1.3794470873965712,1.0000001192092896
6302,-8.807392655531153,0.0,-1.807392446914894,-7.000000834465027
6303,-14.92169851191527,-1.0000001192092896,-1.9216981244850688,-12.000001430511475
6304,-0.8843440822799534,0.0,-1.884344112082276,1.0000001192092896
6305,-10.922251142163308,-1.0000001192092896,-1.9222508739424005,-8.000000953674316
6306,-9.736036091061651,0.0,-1.7360358526430733,-8.000000953674316
6307,-0.37838149901801343,0.0,-1.3783815288203358,1.0000001192092896
6308,0.11386214988021726,0.0,-1.8861379097244275,2.000000238418579
6309,-1.8836028600131238,0.0,-1.8836028600131236,0.0
6310,-8.921425536451165,-1.0000001192092896,-1.9214253278349092,-6.000000715255737
6311,0.11442655644151045,0.0,-1.8855735031631347,2.000000238418579
6312,-6.921431663945918,-1.0000001192092896,-1.9214315149343024,-4.000000476837158
6313,-0.37670186974412845,0.0,-1.3767018995464508,1.0000001192092896
6314,0.11333164125727546,0.0,-1.886668418347369,2.000000238418579
6315,0.11282314354616463,0.0,-1.88717691605848,2.000000238418579
6316,-2.3799314375952294,0.0,-1.3799314077929077,-1.0000001192092896
6317,-7.743059167811259,0.0,-1.7430589889973223,-6.000000715255737
6318,-10.738844939481162,0.0,-1.738844671260257,-9.000001072883606
6319,-2.648691992576261,0.0,-1.6486919627739403,-1.0000001192092896
6320,-6.7482217413234356,0.0,-1.7482215923118292,-5.000000596046448
6321,-6.92286551918214,-1.0000001192092896,-1.9228653701705267,-4.000000476837158
6322,-5.720468760992453,0.0,-1.7204686417831638,-4.000000476837158
6323,-0.8849758051827319,0.0,-1.8849758349850543,1.0000001192092896
6324,-8.923867888240892,-1.0000001192092896,-1.9238676796246306,-6.000000715255737
6325,-1.378153259094685,0.0,-1.3781532590946848,0.0
6326,-7.73795744354913,0.0,-1.737957264735195,-6.000000715255737
6327,-6.743050648170344,0.0,-1.7430504991587277,-5.000000596046448
6328,-1.886074514548791,0.0,-1.8860745145487905,0.0
6329,-0.8875774718565308,0.0,-1.8875775016588534,1.0000001192092896
6330,-7.862367676607079,0.0,-1.8623674977931448,-6.000000715255737
6331,-3.9215418120366836,-1.0000001192092896,-1.9215417524320395,-1.0000001192092896
6332,-7.736302415134034,0.0,-1.7363022363201037,-6.000000715255737
6333,-4.923433188788903,-1.0000001192092896,-1.9234330993819357,-2.000000238418579
6334,0.11442656255334727,0.0,-1.8855734970512974,2.000000238418579
6335,-9.921456103125983,-1.0000001192092896,-1.9214558647073996,-7.000000834465027
6336,-7.923739773919533,-1.0000001192092896,-1.9237395951055989,-5.000000596046448
6337,-8.736045275795881,-1.0000001192092896,-1.7360450671796264,-6.000000715255737
6338,-0.8855735073123842,0.0,-1.8855735371147062,1.0000001192092896
6339,-6.922903663454561,-1.0000001192092896,-1.9229035144429496,-4.000000476837158
6340,-0.8875773625296765,0.0,-1.8875773923319987,1.0000001192092896
6341,-1.0177580222326548,1.0000001192092896,-2.017758052034978,0.0
6342,-3.868242248726683,0.0,-1.8682421891220375,-2.000000238418579
6343,-0.8876247285018786,0.0,-1.8876247583042014,1.0000001192092896
6344,-6.924833353257274,-1.0000001192092896,-1.92483320424566,-4.000000476837158
6345,-3.736077428381945,0.0,-1.7360773687773006,-2.000000238418579
6346,-6.737220124557419,0.0,-1.7372199755458055,-5.000000596046448
6347,-1.8875775135913637,0.0,-1.8875775135913633,0.0
6348,-0.8861377994227091,0.0,-1.8861378292250315,1.0000001192092896
6349,-8.92147785695982,-1.0000001192092896,-1.921477648343567,-6.000000715255737
6350,-4.8575475573964715,0.0,-0.8575474381871766,-4.000000476837158
6351,-6.921424553233565,-1.0000001192092896,-1.9214244042219488,-4.000000476837158
6352,-7.736906580028387,0.0,-1.7369064012144508,-6.000000715255737
6353,-4.924826630558716,-1.0000001192092896,-1.9248265411517482,-2.000000238418579
6354,-5.921622838881066,-1.0000001192092896,-1.9216227196717748,-3.0000003576278687
6355,-3.6049894677582968,0.0,-0.6049893783513303,-3.0000003576278687
6356,-0.8871768991992554,0.0,-1.8871769290015776,1.0000001192092896
6357,-7.73768778937001,0.0,-1.7376876105560748,-6.000000715255737
6358,-1.6257069025811244,0.0,-1.625706902581123,0.0
6359,-1.8843438484881592,0.0,-1.8843438484881587,0.0
6360,-6.930943233978446,-1.0000001192092896,-1.930943084966833,-4.000000476837158
6361,-5.742987045976335,0.0,-1.7429869267670486,-4.000000476837158
6362,-0.8861187018924024,0.0,-1.8861187316947245,1.0000001192092896
6363,-7.921478876530543,-1.0000001192092896,-1.9214786977166067,-5.000000596046448
6364,-4.736033929083758,0.0,-1.7360338396767885,-3.0000003576278687
6365,-2.738149542580731,0.0,-1.7381495127784068,-1.0000001192092896
6366,-9.92273165505668,-1.0000001192092896,-1.9227314166381033,-7.000000834465027
6367,1.1124225910923102,0.0,-1.8875774983146574,3.0000003576278687
6368,-2.886137911736152,0.0,-1.8861378819338306,-1.0000001192092896
6369,-6.921531890249469,-1.0000001192092896,-1.9215317412378574,-4.000000476837158
6370,-7.737616737853881,0.0,-1.7376165590399468,-6.000000715255737
6371,-1.8866682692673091,0.0,-1.886668269267309,0.0
6372,-0.8836765933416514,0.0,-1.8836766231439739,1.0000001192092896
6373,-6.921427313379509,-1.0000001192092896,-1.9214271643678977,-4.000000476837158
6374,-2.8875775342480092,0.0,-1.8875775044456866,-1.0000001192092896
6375,-7.748908565142832,0.0,-1.7489083863288957,-6.000000715255737
6376,-2.0187062720731994,1.0000001192092896,-2.0187062720731985,-1.0000001192092896
6377,-5.922742383310659,-1.0000001192092896,-1.9227422641013678,-3.0000003576278687
6378,-7.736193839896884,0.0,-1.7361936610829483,-6.000000715255737
6379,-1.8829736098826222,0.0,-1.882973609882623,0.0
6380,-3.882234286791513,0.0,-1.882234227186868,-2.000000238418579
6381,-6.736092370711156,0.0,-1.7360922216995405,-5.000000596046448
6382,-4.821193612261448,0.0,-1.8211935228544796,-3.0000003576278687
6383,-0.8866682554048052,0.0,-1.8866682852071273,1.0000001192092896
6384,-5.736064456563829,0.0,-1.7360643373545397,-4.000000476837158
6385,-0.8849757543933333,0.0,-1.884975784195655,1.0000001192092896
6386,-1.8829738445695963,0.0,-1.8829738445695967,0.0
6387,-8.921424612838203,-1.0000001192092896,-1.9214244042219493,-6.000000715255737
6388,-6.844727622028511,0.0,-1.844727473016898,-5.000000596046448
6389,-9.921478578471728,-1.0000001192092896,-1.9214783400531406,-7.000000834465027
6390,-10.736042036152428,-1.0000001192092896,-1.7360417679315252,-8.000000953674316
6391,-3.7291362621737707,0.0,-1.729136202569127,-2.000000238418579
6392,-6.921477804705588,-1.0000001192092896,-1.9214776556939737,-4.000000476837158
6393,-4.736067856489725,0.0,-1.7360677670827591,-3.0000003576278687
6394,-1.8822339985273284,0.0,-1.8822339985273284,0.0
6395,-6.921424553233565,-1.0000001192092896,-1.9214244042219486,-4.000000476837158
6396,0.11242257007538492,0.0,-1.8875774895292599,2.000000238418579
6397,-8.792634543948951,0.0,-1.792634335332698,-7.000000834465027
6398,-5.736537113359083,0.0,-1.7365369941497897,-4.000000476837158
6399,-4.9214244936289155,-1.0000001192092896,-1.921424404221948,-2.000000238418579
6400,0.11393508827241405,0.0,-1.886064971332231,2.000000238418579
6401,0.11632342136769358,0.0,-1.8836766382369512,2.000000238418579
6402,-1.8855736103856886,0.0,-1.8855736103856882,0.0
6403,-7.603483716996656,0.0,-1.6034835381827204,-6.000000715255737
6404,-4.378964093128521,0.0,-1.378964003721551,-3.0000003576278687
6405,-10.92141849238949,-1.0000001192092896,-1.921418224168589,-8.000000953674316
6406,-0.8836765782486626,0.0,-1.883676608050985,1.0000001192092896
6407,-1.7832945697024283,0.0,-1.7832945697024272,0.0
6408,-7.73635330792435,0.0,-1.7363531291104182,-6.000000715255737
6409,2.1138622196458474,0.0,-1.8861378995634435,4.000000476837158
6410,-1.8855734987923878,0.0,-1.8855734987923878,0.0
6411,-2.7374349428734814,0.0,-1.73743491307116,-1.0000001192092896
6412,-10.749559638659527,0.0,-1.749559370438616,-9.000001072883606
6413,-4.73705968704117,0.0,-1.737059597634202,-3.0000003576278687
6414,-3.7360218944499484,0.0,-1.7360218348453016,-2.000000238418579
6415,-6.921783328174026,-1.0000001192092896,-1.9217831791624183,-4.000000476837158
6416,-0.8849758381860957,0.0,-1.8849758679884179,1.0000001192092896
6417,-8.921424612838207,-1.0000001192092896,-1.921424404221948,-6.000000715255737
6418,-8.923567299767353,-1.0000001192092896,-1.9235670911510974,-6.000000715255737
6419,-8.924963540579746,-1.0000001192092896,-1.9249633319634898,-6.000000715255737
6420,-2.382719215192843,0.0,-1.3827191853905187,-1.0000001192092896
6421,-7.801574406930557,-1.0000001192092896,-1.8015742281166212,-5.000000596046448
6422,-6.924032763142373,-1.0000001192092896,-1.9240326141307689,-4.000000476837158
6423,-1.8843438484881592,0.0,-1.8843438484881587,0.0
6424,-6.921443461114343,-1.0000001192092896,-1.9214433121027317,-4.000000476837158
6425,-3.7360169981518063,0.0,-1.7360169385471602,-2.000000238418579
6426,-4.760298893044971,0.0,-1.7602988036380065,-3.0000003576278687
6427,-0.37574507365452914,0.0,-1.3757451034568515,1.0000001192092896
6428,-2.8463968889846565,0.0,-1.8463968591823336,-1.0000001192092896
6429,-10.738766973061267,0.0,-1.7387667048403674,-9.000001072883606
6430,-7.736036771938967,0.0,-1.7360365931250312,-6.000000715255737
6431,-0.3758200835671659,0.0,-1.3758201133694876,1.0000001192092896
6432,-2.5735034455905397,0.0,-0.5735033859858943,-2.000000238418579
6433,0.6732398931058253,0.0,-1.3267601664988198,2.000000238418579
6434,-8.921871146272764,-1.0000001192092896,-1.9218709376565046,-6.000000715255737
6435,-0.3773446056533143,0.0,-1.377344635455637,1.0000001192092896
6436,-5.7387185561668455,0.0,-1.7387184369575566,-4.000000476837158
6437,-0.3790689880855991,0.0,-1.3790690178879212,1.0000001192092896
6438,-2.8843438643038777,0.0,-1.884343834501556,-1.0000001192092896
6439,0.6242431845748994,0.0,-1.3757568750297458,2.000000238418579
6440,-7.736085982710109,0.0,-1.7360858038961748,-6.000000715255737
6441,-4.922485073374982,-1.0000001192092896,-1.9224849839680147,-2.000000238418579
6442,-7.741973525635529,0.0,-1.741973346821591,-6.000000715255737
6443,-3.736041330046619,0.0,-1.736041270441976,-2.000000238418579
6444,-0.8871769036971604,0.0,-1.8871769334994828,1.0000001192092896
6445,-1.8866682823582752,0.0,-1.8866682823582757,0.0
6446,-1.8866138382086435,0.0,-1.8866138382086435,0.0
6447,-0.8855240712474943,0.0,-1.8855241010498167,1.0000001192092896
6448,-6.920655392526829,-1.0000001192092896,-1.9206552435152213,-4.000000476837158
6449,-0.8822339705496528,0.0,-1.8822340003519749,1.0000001192092896
6450,-0.8836765933416509,0.0,-1.8836766231439732,1.0000001192092896
6451,-6.725090878212891,0.0,-1.7250907292012805,-5.000000596046448
6452,-3.4393015403810825,0.0,-1.4393014807764386,-2.000000238418579
6453,-1.5760857207282566,0.0,-0.5760856909259339,-1.0000001192092896
6454,-10.920687151698829,-1.0000001192092896,-1.9206868834779223,-8.000000953674316
6455,-0.38233805891156103,0.0,-1.3823380887138834,1.0000001192092896
6456,-0.8875774899846566,0.0,-1.887577519786979,1.0000001192092896
6457,-1.8843438490800213,0.0,-1.8843438490800213,0.0
6458,-4.736053143805798,0.0,-1.7360530543988304,-3.0000003576278687
6459,-4.921609328920594,-1.0000001192092896,-1.9216092395136286,-2.000000238418579
6460,-8.923120394467418,-1.0000001192092896,-1.9231201858511606,-6.000000715255737
6461,-0.8861377999972182,0.0,-1.8861378297995406,1.0000001192092896
6462,-0.8855953325856831,0.0,-1.8855953623880053,1.0000001192092896
6463,-0.8871768928187571,0.0,-1.887176922621079,1.0000001192092896
6464,-10.748573776598201,0.0,-1.7485735083773033,-9.000001072883606
6465,-0.8843437889579789,0.0,-1.8843438187603017,1.0000001192092896
6466,-2.8855735156271276,0.0,-1.8855734858248043,-1.0000001192092896
6467,-0.38448296324314724,0.0,-1.3844829930454696,1.0000001192092896
6468,-4.737398883705226,0.0,-1.7373987942982572,-3.0000003576278687
6469,-6.92142455323356,-1.0000001192092896,-1.9214244042219484,-4.000000476837158
6470,-1.8855734699553892,0.0,-1.8855734699553892,0.0
6471,-9.736421460542365,0.0,-1.7364212221237871,-8.000000953674316
6472,-3.886137876370583,0.0,-1.8861378167659373,-2.000000238418579
6473,0.11632333037333498,0.0,-1.88367672923131,2.000000238418579
6474,-6.921430349519572,-1.0000001192092896,-1.921430200507965,-4.000000476837158
6475,-3.735488624907536,0.0,-1.7354885653028915,-2.000000238418579
6476,-3.800198921405284,0.0,-1.80019886180064,-2.000000238418579
6477,-3.739135111364506,0.0,-1.7391350517598627,-2.000000238418579
6478,-3.8855735713778,0.0,-1.8855735117731547,-2.000000238418579
6479,-9.73603817976022,0.0,-1.736037941341639,-8.000000953674316
6480,0.11632343646067067,0.0,-1.8836766231439743,2.000000238418579
6481,-10.734672092383466,0.0,-1.7346718241625667,-9.000001072883606
6482,-0.8861378373744281,0.0,-1.8861378671767506,1.0000001192092896
6483,-7.737686858028113,0.0,-1.7376866792141785,-6.000000715255737
6484,-4.887623955090093,0.0,-1.8876238656831266,-3.0000003576278687
6485,-3.600741431532238,0.0,-0.6007413421252713,-3.0000003576278687
6486,-0.8875774746433645,0.0,-1.887577504445687,1.0000001192092896
6487,-8.736581327748208,0.0,-1.736581119131943,-7.000000834465027
6488,-0.8871769400849613,0.0,-1.8871769698872842,1.0000001192092896
6489,-0.38557040302017853,0.0,-1.385570432822501,1.0000001192092896
6490,-8.736875266338629,-1.0000001192092896,-1.7368750577223715,-6.000000715255737
6491,-10.711693419769306,0.0,-1.7116931515484,-9.000001072883606
6492,-7.736162055491115,0.0,-1.7361618766771816,-6.000000715255737
6493,-1.3782432172105918,0.0,-1.3782432172105925,0.0
6494,-0.8829738903831473,0.0,-1.8829739201854698,1.0000001192092896
6495,-5.736107480244036,0.0,-1.7361073610347488,-4.000000476837158
6496,-2.9515263406199366,0.0,-1.951526310817617,-1.0000001192092896
6497,-1.727119805260845,0.0,-1.7271198052608452,0.0
6498,-6.6777471750128345,0.0,-1.6777470260012215,-5.000000596046448
6499,-8.924123970013547,-1.0000001192092896,-1.9241237613972921,-6.000000715255737
6500,-6.921477797355177,-1.0000001192092896,-1.9214776483435667,-4.000000476837158
6501,-10.741366901775802,0.0,-1.7413666335549052,-9.000001072883606
6502,-1.7360249604427873,0.0,-1.7360249604427873,0.0
6503,-6.736051643896571,-1.0000001192092896,-1.7360514948849646,-4.000000476837158
6504,-1.886668261293904,0.0,-1.886668261293905,0.0
6505,-6.921424563690905,-1.0000001192092896,-1.9214244146792916,-4.000000476837158
6506,-1.8843437907660916,0.0,-1.8843437907660912,0.0
6507,-1.8836766690203153,0.0,-1.8836766690203153,0.0
6508,-0.8829735164516564,0.0,-1.8829735462539787,1.0000001192092896
6509,-6.92142464442113,-1.0000001192092896,-1.9214244954095214,-4.000000476837158
6510,-6.736337162037296,0.0,-1.7363370130256817,-5.000000596046448
6511,-7.736093806542456,0.0,-1.736093627728524,-6.000000715255737
6512,-6.921375822637657,-1.0000001192092896,-1.921375673626043,-4.000000476837158
6513,-10.921036705019374,-1.0000001192092896,-1.921036436798467,-8.000000953674316
6514,-1.8871769231836955,0.0,-1.8871769231836946,0.0
6515,0.11333177383465431,0.0,-1.886668285769991,2.000000238418579
6516,-4.882974241864505,0.0,-1.8829741524575403,-3.0000003576278687
6517,-6.901989706861136,0.0,-1.901989557849526,-5.000000596046448
6518,-10.921425648569976,-1.0000001192092896,-1.9214253803490722,-8.000000953674316
6519,-7.73603003747356,0.0,-1.736029858659628,-6.000000715255737
6520,-0.884343760371907,0.0,-1.8843437901742288,1.0000001192092896
6521,-0.3809789787514586,0.0,-1.380979008553781,1.0000001192092896
6522,-4.919953491679924,-1.0000001192092896,-1.9199534022729576,-2.000000238418579
6523,-7.921605194109695,-1.0000001192092896,-1.921605015295761,-5.000000596046448
6524,-7.791659875639437,0.0,-1.7916596968255054,-6.000000715255737
6525,0.11322240695642583,0.0,-1.8867776526482187,2.000000238418579
6526,0.3868670683562127,0.0,-0.6131329614461093,1.0000001192092896
6527,0.9833658514934459,1.0000001192092896,-2.016634237913522,2.000000238418579
6528,-0.3781853169414211,0.0,-1.3781853467437437,1.0000001192092896
6529,-4.736035147457334,0.0,-1.7360350580503632,-3.0000003576278687
6530,-2.378469887171595,0.0,-1.378469857369272,-1.0000001192092896
6531,-2.6060355103602793,0.0,-0.6060354507556355,-2.000000238418579
6532,-6.92142455323356,-1.0000001192092896,-1.9214244042219486,-4.000000476837158
6533,-5.736756668154589,0.0,-1.7367565489453005,-4.000000476837158
6534,-7.776613045339154,0.0,-1.7766128665252157,-6.000000715255737
6535,-0.8858015539414277,0.0,-1.8858015837437503,1.0000001192092896
6536,-8.736029036799238,-1.0000001192092896,-1.7360288281829783,-6.000000715255737
6537,-8.92353042379548,-1.0000001192092896,-1.9235302151792262,-6.000000715255737
6538,-2.887176952986018,0.0,-1.8871769231836955,-1.0000001192092896
6539,-7.921642847389809,-1.0000001192092896,-1.9216426685758738,-5.000000596046448
6540,-0.8829735196644968,0.0,-1.882973549466819,1.0000001192092896
6541,-6.921424553233562,-1.0000001192092896,-1.9214244042219484,-4.000000476837158
6542,-4.752640825309611,0.0,-1.752640735902643,-3.0000003576278687
6543,-9.802002047428207,0.0,-1.8020018090096268,-8.000000953674316
6544,-6.7361591823107485,0.0,-1.7361590332991415,-5.000000596046448
6545,-6.92386707092149,-1.0000001192092896,-1.9238669219098796,-4.000000476837158
6546,-6.736028792913881,-1.0000001192092896,-1.736028643902272,-4.000000476837158
6547,-5.736030655234595,0.0,-1.7360305360253054,-4.000000476837158
6548,-0.38222352658758973,0.0,-1.3822235563899121,1.0000001192092896
6549,-0.8849757842781489,0.0,-1.884975814080471,1.0000001192092896
6550,-1.8875775044456873,0.0,-1.8875775044456877,0.0
6551,0.6724047286600809,0.0,-1.3275953309445636,2.000000238418579
6552,-1.5693398792520372,0.0,-0.5693398494497152,-1.0000001192092896
6553,-5.903126043319132,0.0,-1.9031259241098413,-4.000000476837158
6554,-6.921502353681198,-1.0000001192092896,-1.9215022046695893,-4.000000476837158
6555,-1.8867155214548486,0.0,-1.8867155214548488,0.0
6556,-0.625493399745466,0.0,-1.625493429547789,1.0000001192092896
6557,-0.3794701237979121,0.0,-1.3794701536002343,1.0000001192092896
6558,-0.8875774817566462,0.0,-1.8875775115589686,1.0000001192092896
6559,-1.3804158701592018,0.0,-1.3804158701592013,0.0
6560,-1.7365063888959458,0.0,-1.7365063888959462,0.0
6561,0.6260271405948143,0.0,-1.3739729190098304,2.000000238418579
6562,-7.77820000509118,0.0,-1.7781998262772454,-6.000000715255737
6563,-0.8824493195157368,0.0,-1.8824493493180596,1.0000001192092896
6564,-6.923573137213342,-1.0000001192092896,-1.9235729882017285,-4.000000476837158
6565,-4.920441346989149,-1.0000001192092896,-1.9204412575821812,-2.000000238418579
6566,-5.736004659128478,0.0,-1.736004539919188,-4.000000476837158
6567,-4.922400726391288,-1.0000001192092896,-1.9224006369843198,-2.000000238418579
6568,-0.3748568615678278,0.0,-1.3748568913701502,1.0000001192092896
6569,-2.887577521363968,0.0,-1.8875774915616452,-1.0000001192092896
6570,-5.736029517050105,0.0,-1.7360293978408143,-4.000000476837158
6571,-8.737905811996583,0.0,-1.7379056033803242,-7.000000834465027
6572,0.11304700803309098,0.0,-1.8869530515715536,2.000000238418579
6573,0.11776597989083437,0.0,-1.8822340797138104,2.000000238418579
6574,-4.923702869791169,-1.0000001192092896,-1.923702780384205,-2.000000238418579
6575,-9.736043835997,0.0,-1.736043597578423,-8.000000953674316
6576,-8.7360895255173,0.0,-1.7360893169010438,-7.000000834465027
6577,-5.9237407543588585,-1.0000001192092896,-1.923740635149565,-3.0000003576278687
6578,-4.736187396778067,0.0,-1.7361873073710987,-3.0000003576278687
6579,0.11442658964925478,0.0,-1.8855734699553897,2.000000238418579
6580,-11.740613123358594,0.0,-1.7406128253353776,-10.000001192092896
6581,-2.857759282103797,0.0,-1.8577592523014743,-1.0000001192092896
6582,-8.921662254745767,-1.0000001192092896,-1.9216620461295093,-6.000000715255737
6583,-1.8874610848895716,0.0,-1.8874610848895719,0.0
6584,-6.886315639702938,0.0,-1.8863154906913286,-5.000000596046448
6585,-1.8855734964709339,0.0,-1.8855734964709339,0.0
6586,-1.5708947603425536,0.0,-0.5708947305402321,-1.0000001192092896
6587,-5.762116144826939,0.0,-1.7621160256176487,-4.000000476837158
6588,-6.744111324198659,-1.0000001192092896,-1.7441111751870473,-4.000000476837158
6589,-8.928119191375153,-1.0000001192092896,-1.9281189827588958,-6.000000715255737
6590,-7.736079628147408,0.0,-1.7360794493334748,-6.000000715255737
6591,-6.736238140394892,-1.0000001192092896,-1.736237991383278,-4.000000476837158
6592,-6.920851276936121,-1.0000001192092896,-1.9208511279245082,-4.000000476837158
6593,-12.921424732013676,-1.0000001192092896,-1.9214244041881297,-10.000001192092896
6594,-6.921424553233564,-1.0000001192092896,-1.921424404221948,-4.000000476837158
6595,-10.736051669520755,-1.0000001192092896,-1.7360514012998556,-8.000000953674316
6596,-7.7360427358488835,0.0,-1.7360425570349451,-6.000000715255737
6597,-2.379038719984883,0.0,-1.3790386901825584,-1.0000001192092896
6598,-4.9215159199111405,-1.0000001192092896,-1.9215158305041724,-2.000000238418579
6599,-2.378387078189805,0.0,-1.378387048387483,-1.0000001192092896
6600,-8.736062039788713,0.0,-1.7360618311724598,-7.000000834465027
6601,-8.736378720408828,0.0,-1.7363785117925727,-7.000000834465027
6602,-5.7364804144771915,0.0,-1.7364802952679008,-4.000000476837158
6603,-7.738737522692383,0.0,-1.738737343878451,-6.000000715255737
6604,-5.738571400236576,0.0,-1.7385712810272862,-4.000000476837158
6605,-3.7360413234745278,0.0,-1.7360412638698832,-2.000000238418579
6606,-1.604775190624171,0.0,-0.6047751608218488,-1.0000001192092896
6607,-1.882234098262292,0.0,-1.882234098262292,0.0
6608,-3.3770682750783223,0.0,-1.377068215473674,-2.000000238418579
6609,-0.3788522388317703,0.0,-1.378852268634093,1.0000001192092896
6610,-4.736034084406718,0.0,-1.7360339949997503,-3.0000003576278687
6611,-0.8836768336330518,0.0,-1.8836768634353738,1.0000001192092896
6612,-4.738529258304683,-1.0000001192092896,-1.7385291688977147,-2.000000238418579
6613,-5.923556438996798,-1.0000001192092896,-1.9235563197875103,-3.0000003576278687
6614,-5.736036392653427,0.0,-1.7360362734441366,-4.000000476837158
6615,-0.3781318156049549,0.0,-1.3781318454072768,1.0000001192092896
6616,-7.7456453453068566,0.0,-1.745645166492928,-6.000000715255737
6617,-7.921924496390098,-1.0000001192092896,-1.9219243175761656,-5.000000596046448
6618,-4.761598633954231,0.0,-1.761598544547262,-3.0000003576278687
6619,-2.8849758837276167,0.0,-1.8849758539252945,-1.0000001192092896
6620,-0.8875775064406595,0.0,-1.8875775362429814,1.0000001192092896
6621,-3.736042768310676,0.0,-1.7360427087060302,-2.000000238418579
6622,-1.8829737191221683,0.0,-1.882973719122167,0.0
6623,1.1138621955886125,0.0,-1.8861378938183555,3.0000003576278687
6624,-0.884343760371907,0.0,-1.88434379017423,1.0000001192092896
6625,-6.742178143329185,0.0,-1.7421779943175757,-5.000000596046448
6626,-1.8843439342040713,0.0,-1.8843439342040704,0.0
6627,-0.8322791245428987,0.0,-1.8322791543452208,1.0000001192092896
6628,0.1156562262659021,0.0,-1.8843438333387432,2.000000238418579
6629,-0.38084580803270596,0.0,-1.3808458378350281,1.0000001192092896
6630,-3.8363472269815966,0.0,-1.8363471673769536,-2.000000238418579
6631,-7.731461712017007,0.0,-1.7314615332030714,-6.000000715255737
6632,-0.8855589558872207,0.0,-1.885558985689543,1.0000001192092896
6633,-9.736371000417858,0.0,-1.7363707619992794,-8.000000953674316
6634,-0.8822340350122861,0.0,-1.8822340648146092,1.0000001192092896
6635,0.11282308803251828,0.0,-1.8871769715721265,2.000000238418579
6636,-2.3748478017619226,0.0,-1.3748477719595988,-1.0000001192092896
6637,-0.8866682478738881,0.0,-1.8866682776762103,1.0000001192092896
6638,-8.75106559607674,0.0,-1.7510653874604867,-7.000000834465027
6639,-10.92173595065464,-1.0000001192092896,-1.9217356824337426,-8.000000953674316
6640,-9.92142466711178,-1.0000001192092896,-1.9214244286931998,-7.000000834465027
6641,-6.921310093648413,-1.0000001192092896,-1.9213099446367992,-4.000000476837158
6642,-1.8866682470714293,0.0,-1.8866682470714293,0.0
6643,-0.8836765492575387,0.0,-1.8836765790598609,1.0000001192092896
6644,-8.923902220995723,-1.0000001192092896,-1.9239020123794672,-6.000000715255737
6645,-1.884788335664962,0.0,-1.8847883356649615,0.0
6646,-4.921288460028244,-1.0000001192092896,-1.921288370621276,-2.000000238418579
6647,-0.9327909525530995,0.0,-1.9327909823554212,1.0000001192092896
6648,-8.910776008944172,0.0,-1.9107758003279163,-7.000000834465027
6649,1.1133317740179118,0.0,-1.8866683153890553,3.0000003576278687
6650,-0.8822344044526557,0.0,-1.882234434254978,1.0000001192092896
6651,-8.73622083789481,0.0,-1.7362206292785565,-7.000000834465027
6652,-4.380031959909514,0.0,-1.3800318705025463,-3.0000003576278687
6653,-1.8875775175575207,0.0,-1.887577517557521,0.0
6654,-0.37992756402772554,0.0,-1.3799275938300481,1.0000001192092896
6655,-9.736030792578516,0.0,-1.7360305541599341,-8.000000953674316
6656,-1.8875775093295073,0.0,-1.8875775093295069,0.0
6657,-0.8322749357535207,0.0,-1.8322749655558432,1.0000001192092896
6658,-3.887577590964857,0.0,-1.887577531360213,-2.000000238418579
6659,0.11242253814557046,0.0,-1.8875775214590746,2.000000238418579
6660,-0.8866682679213835,0.0,-1.8866682977237061,1.0000001192092896
6661,-0.8871769065102375,0.0,-1.8871769363125601,1.0000001192092896
6662,-1.8822340319750976,0.0,-1.8822340319750976,0.0
6663,-1.8825956292269148,0.0,-1.8825956292269146,0.0
6664,-6.921424895035386,-1.0000001192092896,-1.9214247460237777,-4.000000476837158
6665,-0.3789025056213824,0.0,-1.378902535423705,1.0000001192092896
6666,-7.7372632927121145,0.0,-1.7372631138981809,-6.000000715255737
6667,-1.8855734717096762,0.0,-1.8855734717096762,0.0
6668,-2.8858083026689663,0.0,-1.8858082728666434,-1.0000001192092896
6669,-0.8855949967386515,0.0,-1.8855950265409736,1.0000001192092896
6670,-0.8843437463852586,0.0,-1.8843437761875808,1.0000001192092896
6671,-2.869660925897172,0.0,-1.8696608960948515,-1.0000001192092896
6672,-7.738215081494101,0.0,-1.7382149026801692,-6.000000715255737
6673,-0.8861378768708885,0.0,-1.886137906673211,1.0000001192092896
6674,0.11242256128998729,0.0,-1.8875774983146578,2.000000238418579
6675,-7.92142560275887,-1.0000001192092896,-1.9214254239449344,-5.000000596046448
6676,-5.736031653601389,0.0,-1.7360315343920927,-4.000000476837158
6677,-10.858376929243791,0.0,-1.8583766610228878,-9.000001072883606
6678,-2.5819193808846452,0.0,-0.5819193212799996,-2.000000238418579
6679,-6.736032902972016,-1.0000001192092896,-1.7360327539604055,-4.000000476837158
6680,-3.5760847051852007,0.0,-0.5760846157782339,-3.0000003576278687
6681,-9.735988252468983,0.0,-1.7359880140504003,-8.000000953674316
6682,-0.8822344056690816,0.0,-1.8822344354714042,1.0000001192092896
6683,-0.8829735338660907,0.0,-1.882973563668413,1.0000001192092896
6684,-7.7977873684107735,0.0,-1.7977871895968391,-6.000000715255737
6685,-7.65199312520306,0.0,-1.6519929463891254,-6.000000715255737
6686,-11.801129276059475,0.0,-1.8011289780362487,-10.000001192092896
6687,-4.637940145222668,0.0,-1.6379400558156931,-3.0000003576278687
6688,-3.880525102815542,0.0,-1.8805250432108973,-2.000000238418579
6689,-5.924049430269708,-1.0000001192092896,-1.9240493110604155,-3.0000003576278687
6690,-10.921484974475367,-1.0000001192092896,-1.9214847062544664,-8.000000953674316
6691,-4.752218127455323,-1.0000001192092896,-1.7522180380483545,-2.000000238418579
6692,-0.7979938310765128,0.0,-1.7979938608788346,1.0000001192092896
6693,-7.926446136461152,-1.0000001192092896,-1.9264459576472188,-5.000000596046448
6694,-6.924328681975908,-1.0000001192092896,-1.9243285329642963,-4.000000476837158
6695,-6.8446350321170435,0.0,-1.8446348831054369,-5.000000596046448
6696,-0.882233968725006,0.0,-1.8822339985273278,1.0000001192092896
6697,-0.37824223829037873,0.0,-1.3782422680927011,1.0000001192092896
6698,-0.379624314791958,0.0,-1.3796243445942804,1.0000001192092896
6699,-4.74434054854375,0.0,-1.7443404591367855,-3.0000003576278687
6700,-6.815943291048433,0.0,-1.8159431420368217,-5.000000596046448
6701,-0.37455825366495366,0.0,-1.3745582834672758,1.0000001192092896
6702,-0.8822340344040713,0.0,-1.8822340642063935,1.0000001192092896
6703,-10.869667728438621,0.0,-1.8696674602177201,-9.000001072883606
6704,-0.8855734424745235,0.0,-1.885573472276846,1.0000001192092896
6705,-4.7360958215344064,0.0,-1.7360957321274393,-3.0000003576278687
6706,-0.3774102626315712,0.0,-1.3774102924338936,1.0000001192092896
6707,-1.8855736824593323,0.0,-1.885573682459333,0.0
6708,-9.745318570044315,0.0,-1.7453183316257346,-8.000000953674316
6709,-1.8855734872935561,0.0,-1.8855734872935557,0.0
6710,-8.736042799837398,0.0,-1.736042591221145,-7.000000834465027
6711,-1.5901754392276468,0.0,-0.5901754094253242,-1.0000001192092896
6712,0.27583469030097024,0.0,-1.7241653693036743,2.000000238418579
6713,-0.01803965315960139,1.0000001192092896,-2.018039712764246,1.0000001192092896
6714,-6.736252883661085,0.0,-1.7362527346494754,-5.000000596046448
6715,-7.73614033021705,0.0,-1.7361401514031145,-6.000000715255737
6716,-6.928583478824393,-1.0000001192092896,-1.9285833298127815,-4.000000476837158
6717,-10.921288349658749,-1.0000001192092896,-1.9212880814378517,-8.000000953674316
6718,-0.3792899844379307,0.0,-1.379290014240253,1.0000001192092896
6719,-0.8843437457933956,0.0,-1.8843437755957184,1.0000001192092896
6720,-4.922992352811695,-1.0000001192092896,-1.9229922634047274,-2.000000238418579
6721,-2.8107796969037,0.0,-1.8107796671013783,-1.0000001192092896
6722,-1.887577513034,0.0,-1.8875775130340005,0.0
6723,-10.736034266899301,0.0,-1.736033998678404,-9.000001072883606
6724,-4.9214244936283436,-1.0000001192092896,-1.9214244042213766,-2.000000238418579
6725,-2.882973919379737,0.0,-1.8829738895774133,-1.0000001192092896
6726,-3.3774470779539687,0.0,-1.377447018349325,-2.000000238418579
6727,-0.8856114375684129,0.0,-1.8856114673707354,1.0000001192092896
6728,-0.3790536949958576,0.0,-1.37905372479818,1.0000001192092896
6729,-7.718861044925485,0.0,-1.7188608661115545,-6.000000715255737
6730,-3.9263816726715532,-1.0000001192092896,-1.9263816130669102,-1.0000001192092896
6731,-7.736028849271704,0.0,-1.7360286704577679,-6.000000715255737
6732,0.11333180513417074,0.0,-1.8866682544704738,2.000000238418579
6733,-0.8866138877567744,0.0,-1.8866139175590968,1.0000001192092896
6734,-3.7360384800512643,0.0,-1.7360384204466195,-2.000000238418579
6735,-2.8855735144663988,0.0,-1.8855734846640773,-1.0000001192092896
6736,-5.7416759053989015,0.0,-1.7416757861896082,-4.000000476837158
6737,-0.37967675450498883,0.0,-1.3796767843073112,1.0000001192092896
6738,-2.8861378465682606,0.0,-1.8861378167659382,-1.0000001192092896
6739,-7.737860020532333,0.0,-1.7378598417183992,-6.000000715255737
6740,-10.737478314090957,0.0,-1.7374780458700518,-9.000001072883606
6741,-15.727381554405145,0.0,-1.7273811371726338,-14.000001668930054
6742,-2.883677045360037,0.0,-1.8836770155577147,-1.0000001192092896
6743,-7.736258860307624,0.0,-1.7362586814936916,-6.000000715255737
6744,-9.800458120087757,0.0,-1.8004578816691739,-8.000000953674316
6745,-0.3753512550455911,0.0,-1.3753512848479135,1.0000001192092896
6746,-1.884975879137882,0.0,-1.8849758791378814,0.0
6747,-6.920564411779448,-1.0000001192092896,-1.920564262767837,-4.000000476837158
6748,-4.866706553521154,0.0,-1.866706464114184,-3.0000003576278687
6749,-1.8855734734375746,0.0,-1.8855734734375746,0.0
6750,-8.980449137688588,0.0,-1.9804489290723364,-7.000000834465027
6751,-6.7360342253333245,0.0,-1.736034076321714,-5.000000596046448
6752,-0.8861283237451814,0.0,-1.8861283535475035,1.0000001192092896
6753,-4.733798124429749,0.0,-1.7337980350227822,-3.0000003576278687
6754,-6.7403205497184535,0.0,-1.740320400706842,-5.000000596046448
6755,-2.377692004930239,0.0,-1.3776919751279169,-1.0000001192092896
6756,-0.37988948673974265,0.0,-1.379889516542065,1.0000001192092896
6757,0.11282312948085071,0.0,-1.8871769301237935,2.000000238418579
6758,-5.921426307677796,-1.0000001192092896,-1.9214261884685064,-3.0000003576278687
6759,-1.883676638261563,0.0,-1.8836766382615626,0.0
6760,-5.727211348045544,0.0,-1.7272112288362542,-4.000000476837158
6761,-0.3805933258362659,0.0,-1.3805933556385883,1.0000001192092896
6762,-0.8875774690697,0.0,-1.8875774988720226,1.0000001192092896
6763,-5.736038170432179,-1.0000001192092896,-1.7360380512228937,-3.0000003576278687
6764,-5.736614776477144,0.0,-1.7366146572678556,-4.000000476837158
6765,-6.563256670866978,0.0,-1.5632565218553618,-5.000000596046448
6766,-2.3770894776819396,0.0,-1.3770894478796158,-1.0000001192092896
6767,-0.8866682360532757,0.0,-1.8866682658555978,1.0000001192092896
6768,-0.8860258391833618,0.0,-1.8860258689856844,1.0000001192092896
6769,-7.736151134362206,0.0,-1.7361509555482753,-6.000000715255737
6770,-8.922883986066903,-1.0000001192092896,-1.9228837774506453,-6.000000715255737
6771,-1.8822346784174444,0.0,-1.8822346784174442,0.0
6772,-1.8836449558866484,0.0,-1.8836449558866482,0.0
6773,-9.73937154208506,0.0,-1.739371303666477,-8.000000953674316
6774,0.11486298056423183,0.0,-1.8851370790404138,2.000000238418579
6775,-0.8849757690597738,0.0,-1.8849757988620959,1.0000001192092896
6776,-5.740473652568597,0.0,-1.7404735333593064,-4.000000476837158
6777,-0.8859504860776206,0.0,-1.885950515879943,1.0000001192092896
6778,-0.35009389223911036,0.0,-1.3500939220414327,1.0000001192092896
6779,0.11282312554254736,0.0,-1.8871769340620972,2.000000238418579
6780,-3.884976085217409,0.0,-1.8849760256127635,-2.000000238418579
6781,-5.61040264919474,0.0,-1.610402529985452,-4.000000476837158
6782,-8.736028387216098,0.0,-1.7360281785998437,-7.000000834465027
6783,-2.8843438351469146,0.0,-1.8843438053445918,-1.0000001192092896
6784,-4.922923071644391,-1.0000001192092896,-1.9229229822374254,-2.000000238418579
6785,-1.8866682334060487,0.0,-1.8866682334060494,0.0
6786,-0.881512214311019,0.0,-1.8815122441133414,1.0000001192092896
6787,-0.37961047747881316,0.0,-1.3796105072811358,1.0000001192092896
6788,-6.921424563690902,-1.0000001192092896,-1.9214244146792918,-4.000000476837158
6789,-0.8842728288221676,0.0,-1.88427285862449,1.0000001192092896
6790,-4.9216710299632656,-1.0000001192092896,-1.9216709405562986,-2.000000238418579
6791,-3.825469278124127,0.0,-1.825469218519482,-2.000000238418579
6792,-2.37745507578086,0.0,-1.3774550459785386,-1.0000001192092896
6793,-9.739320592315782,0.0,-1.7393203538972022,-8.000000953674316
6794,-7.736095430918873,0.0,-1.7360952521049413,-6.000000715255737
6795,-7.747904993449291,0.0,-1.747904814635353,-6.000000715255737
6796,-9.736441628331978,0.0,-1.736441389913397,-8.000000953674316
6797,0.11444094245492753,0.0,-1.8855591171497172,2.000000238418579
6798,-1.8843440817420292,0.0,-1.88434408174203,0.0
6799,-3.922878662538844,-1.0000001192092896,-1.922878602934198,-1.0000001192092896
6800,-0.3802282632122893,0.0,-1.3802282930146115,1.0000001192092896
6801,-6.922242055919654,-1.0000001192092896,-1.9222419069080454,-4.000000476837158
6802,-8.736035090350354,0.0,-1.7360348817340956,-7.000000834465027
6803,-6.921167752034445,-1.0000001192092896,-1.9211676030228317,-4.000000476837158
6804,-0.880569064145361,0.0,-1.8805690939476833,1.0000001192092896
6805,-8.736032963060396,0.0,-1.7360327544441405,-7.000000834465027
6806,-0.35186366664969215,0.0,-1.3518636964520143,1.0000001192092896
6807,-5.9214245234312415,-1.0000001192092896,-1.9214244042219486,-3.0000003576278687
6808,-5.921498824621645,-1.0000001192092896,-1.9214987054123553,-3.0000003576278687
6809,-4.921531673615545,-1.0000001192092896,-1.9215315842085772,-2.000000238418579
6810,-6.92208432295694,-1.0000001192092896,-1.9220841739453265,-4.000000476837158
6811,-0.8821555101232831,0.0,-1.8821555399256051,1.0000001192092896
6812,-5.580357824107914,0.0,-1.5803577048986268,-4.000000476837158
6813,-8.921829290382162,-1.0000001192092896,-1.9218290817659074,-6.000000715255737
6814,-5.7384451904148435,0.0,-1.7384450712055524,-4.000000476837158
6815,-7.921424625605262,-1.0000001192092896,-1.9214244467913275,-5.000000596046448
6816,-0.3783205803509957,0.0,-1.3783206101533179,1.0000001192092896
6817,-1.884836065465555,0.0,-1.8848360654655554,0.0
6818,-1.8876248033458265,0.0,-1.8876248033458263,0.0
6819,-3.9214777079482124,-1.0000001192092896,-1.921477648343567,-1.0000001192092896
6820,-0.8875774752007317,0.0,-1.887577505003054,1.0000001192092896
6821,-5.923650859304238,-1.0000001192092896,-1.9236507400949483,-3.0000003576278687
6822,-6.923387705692101,-1.0000001192092896,-1.9233875566804872,-4.000000476837158
6823,-0.8849757971689984,0.0,-1.8849758269713206,1.0000001192092896
6824,-0.8872005369468554,0.0,-1.887200566749178,1.0000001192092896
6825,-5.736069145630745,0.0,-1.7360690264214569,-4.000000476837158
6826,-0.8871768928187567,0.0,-1.8871769226210788,1.0000001192092896
6827,-5.834789106054263,0.0,-1.834788986844973,-4.000000476837158
6828,-6.747854702628947,0.0,-1.747854553617329,-5.000000596046448
6829,-0.5918293923823275,0.0,-0.5918293923823281,0.0
6830,-4.92390939087059,-1.0000001192092896,-1.923909301463623,-2.000000238418579
6831,-3.8869474527890846,0.0,-1.88694739318444,-2.000000238418579
6832,-3.720609144731528,0.0,-1.720609085126884,-2.000000238418579
6833,-0.3791085752775585,0.0,-1.3791086050798809,1.0000001192092896
6834,-7.742535472613328,0.0,-1.742535293799394,-6.000000715255737
6835,-1.9948069999030231,0.0,-0.9948069701007013,-1.0000001192092896
6836,-9.73604760230528,0.0,-1.7360473638867095,-8.000000953674316
6837,-6.315851511721954,0.0,-1.3158513627103416,-5.000000596046448
6838,-4.8862282553375165,0.0,-1.8862281659305513,-3.0000003576278687
6839,-0.39786457669270536,0.0,-1.3978646064950278,1.0000001192092896
6840,-6.7365736260679965,0.0,-1.7365734770563817,-5.000000596046448
6841,-4.377572408485583,0.0,-1.3775723190786193,-3.0000003576278687
6842,-5.736686040738658,0.0,-1.7366859215293684,-4.000000476837158
6843,-10.715331578658857,0.0,-1.71533131043796,-9.000001072883606
6844,-7.736092541300082,0.0,-1.736092362486152,-6.000000715255737
6845,-3.7362196960441554,0.0,-1.7362196364395115,-2.000000238418579
6846,0.11304689648195898,0.0,-1.8869531631226855,2.000000238418579
6847,-4.920635254117576,-1.0000001192092896,-1.92063516471061,-2.000000238418579
6848,-8.921722883764229,-1.0000001192092896,-1.9217226751479763,-6.000000715255737
6849,-4.921424493628916,-1.0000001192092896,-1.9214244042219488,-2.000000238418579
6850,-1.8833736857067302,0.0,-1.8833736857067302,0.0
6851,-12.73607138853822,-1.0000001192092896,-1.7360710607126741,-10.000001192092896
6852,-4.7967909099321115,0.0,-1.796790820525146,-3.0000003576278687
6853,-3.7360392580925468,0.0,-1.7360391984879016,-2.000000238418579
6854,-7.73603670087849,0.0,-1.736036522064551,-6.000000715255737
6855,-7.73603499479769,0.0,-1.736034815983757,-6.000000715255737
6856,-4.921424493628916,-1.0000001192092896,-1.9214244042219488,-2.000000238418579
6857,-6.922269895875795,-1.0000001192092896,-1.9222697468641845,-4.000000476837158
6858,0.11702609320572255,0.0,-1.8829739663989224,2.000000238418579
6859,-4.83629180461132,0.0,-1.8362917152043523,-3.0000003576278687
6860,-9.73686315432308,0.0,-1.7368629159044993,-8.000000953674316
6861,-7.756788451121608,-1.0000001192092896,-1.7567882723076709,-5.000000596046448
6862,-9.736053652659445,0.0,-1.7360534142408652,-8.000000953674316
6863,-4.9250543515051,-1.0000001192092896,-1.925054262098131,-2.000000238418579
6864,-1.7354130934658698,0.0,-1.7354130934658702,0.0
6865,-9.702827112223245,0.0,-1.7028268738046652,-8.000000953674316
6866,-2.6662583915286624,0.0,-1.6662583617263402,-1.0000001192092896
6867,-3.591030864500837,0.0,-0.5910307750938687,-3.0000003576278687
6868,-8.708719560513542,0.0,-1.708719351897284,-7.000000834465027
6869,-4.736069871144777,0.0,-1.7360697817378086,-3.0000003576278687
6870,0.11333181481344956,0.0,-1.8866682447911955,2.000000238418579
6871,-1.8849759523669114,0.0,-1.8849759523669118,0.0
6872,-6.866058420140615,0.0,-1.8660582711290052,-5.000000596046448
6873,-3.9214244742839375,-1.0000001192092896,-1.9214244146792914,-1.0000001192092896
6874,-1.8822340525070693,0.0,-1.8822340525070693,0.0
6875,-0.8829356667661731,0.0,-1.8829356965684947,1.0000001192092896
6876,1.115656007664938,0.0,-1.8843440817420298,3.0000003576278687
6877,-4.728776335743222,0.0,-1.7287762463362546,-3.0000003576278687
6878,-6.922057805481748,-1.0000001192092896,-1.9220576564701377,-4.000000476837158
6879,-2.7408554909331753,0.0,-1.7408554611308529,-1.0000001192092896
6880,-1.8861284173625439,0.0,-1.8861284173625439,0.0
6881,-0.22942861576193185,0.0,-1.2294286455642545,1.0000001192092896
6882,0.6214898908956913,0.0,-1.378510168708953,2.000000238418579
6883,-8.723323394944522,0.0,-1.7233231863282692,-7.000000834465027
6884,-6.823345415843672,0.0,-1.8233452668320624,-5.000000596046448
6885,-2.75099846425807,0.0,-1.7509984344557485,-1.0000001192092896
6886,-2.8207705631555036,0.0,-1.8207705333531783,-1.0000001192092896
6887,1.1150240491450694,0.0,-1.8849760402618974,3.0000003576278687
6888,-6.921424553199742,-1.0000001192092896,-1.921424404188129,-4.000000476837158
6889,-2.8866139675032856,0.0,-1.886613937700964,-1.0000001192092896
6890,-0.831274207733627,0.0,-1.8312742375359492,1.0000001192092896
6891,-0.37887060745716306,0.0,-1.3788706372594857,1.0000001192092896
6892,-4.376594783077387,0.0,-1.3765946936704196,-3.0000003576278687
6893,-1.8843441552251188,0.0,-1.8843441552251181,0.0
6894,-4.8855952902492765,0.0,-1.8855952008423098,-3.0000003576278687
6895,-9.736063536118762,0.0,-1.7360632977001722,-8.000000953674316
6896,-4.92210869590562,-1.0000001192092896,-1.922108606498654,-2.000000238418579
6897,-2.3761360851607805,0.0,-1.3761360553584578,-1.0000001192092896
6898,-2.882234873930626,0.0,-1.8822348441283046,-1.0000001192092896
6899,-1.3803028296844957,0.0,-1.3803028296844952,0.0
6900,-8.92017353954827,0.0,-1.9201733309320113,-7.000000834465027
6901,-0.3742592552951214,0.0,-1.3742592850974438,1.0000001192092896
6902,-3.9243142885721847,-1.0000001192092896,-1.9243142289675408,-1.0000001192092896
6903,-4.921831994065476,-1.0000001192092896,-1.9218319046585097,-2.000000238418579
6904,-1.3778176617814077,0.0,-1.3778176617814075,0.0
6905,-6.737391663044445,-1.0000001192092896,-1.7373915140328327,-4.000000476837158
6906,-5.736031631633834,0.0,-1.7360315124245433,-4.000000476837158
6907,-8.920769221434103,-1.0000001192092896,-1.9207690128178432,-6.000000715255737
6908,-0.8826548065794898,0.0,-1.8826548363818125,1.0000001192092896
6909,-2.8226645792705214,0.0,-1.8226645494681986,-1.0000001192092896
6910,-7.645777501976495,0.0,-1.6457773231625596,-6.000000715255737
6911,0.08078660266780494,0.0,-1.9192134569368395,2.000000238418579
6912,-1.37887466426453,0.0,-1.3788746642645302,0.0
6913,-10.736035212746705,-1.0000001192092896,-1.736034944525809,-8.000000953674316
6914,-0.3792190385464489,0.0,-1.3792190683487715,1.0000001192092896
6915,-4.736069836334374,-1.0000001192092896,-1.7360697469274065,-2.000000238418579
6916,-4.921414991490764,-1.0000001192092896,-1.9214149020837947,-2.000000238418579
6917,-1.8836766539273615,0.0,-1.8836766539273608,0.0
6918,-6.921628037876186,-1.0000001192092896,-1.9216278888645746,-4.000000476837158
6919,-6.921792248727111,-1.0000001192092896,-1.9217920997154956,-4.000000476837158
6920,-8.921424612838205,-1.0000001192092896,-1.9214244042219484,-6.000000715255737
6921,-0.8871769196390915,0.0,-1.8871769494414123,1.0000001192092896
6922,-5.921464069660244,-1.0000001192092896,-1.9214639504509567,-3.0000003576278687
6923,-0.37621268310283473,0.0,-1.376212712905157,1.0000001192092896
6924,-7.736032238544041,0.0,-1.7360320597301102,-6.000000715255737
6925,-7.737477566860267,0.0,-1.737477388046336,-6.000000715255737
6926,-4.923297781261397,-1.0000001192092896,-1.9232976918544296,-2.000000238418579
6927,-4.736843881213295,0.0,-1.7368437918063282,-3.0000003576278687
6928,-6.921615059185599,-1.0000001192092896,-1.9216149101739877,-4.000000476837158
6929,-2.7465549838391867,0.0,-1.746554954036864,-1.0000001192092896
6930,-2.921422140687325,-1.0000001192092896,-1.9214221108850027,0.0
6931,-10.921457928993245,-1.0000001192092896,-1.9214576607723477,-8.000000953674316
6932,-2.379259482480464,0.0,-1.3792594526781405,-1.0000001192092896
6933,-5.921445635074447,-1.0000001192092896,-1.921445515865157,-3.0000003576278687
6934,-0.8868645455246686,0.0,-1.886864575326991,1.0000001192092896
6935,-0.8849559363414328,0.0,-1.884955966143755,1.0000001192092896
6936,-0.37919220237758666,0.0,-1.3791922321799093,1.0000001192092896
6937,-0.8855589365618709,0.0,-1.8855589663641934,1.0000001192092896
6938,-6.920882494503002,-1.0000001192092896,-1.9208823454913886,-4.000000476837158
6939,-3.8855736661998193,0.0,-1.8855736065951736,-2.000000238418579
6940,-8.922735905186244,-1.0000001192092896,-1.9227356965699844,-6.000000715255737
6941,-1.887577465205366,0.0,-1.8875774652053656,0.0
6942,-8.922035542023806,-1.0000001192092896,-1.9220353334075473,-6.000000715255737
6943,-10.73768316109593,-1.0000001192092896,-1.7376828928750243,-8.000000953674316
6944,-0.37651827204653276,0.0,-1.3765183018488552,1.0000001192092896
6945,-0.8456149608163204,0.0,-1.845614990618642,1.0000001192092896
6946,-1.8861378286505228,0.0,-1.8861378286505226,0.0
6947,-6.922388703106356,-1.0000001192092896,-1.9223885540947405,-4.000000476837158
6948,-4.921343605121281,-1.0000001192092896,-1.921343515714313,-2.000000238418579
6949,-1.8875775227370764,0.0,-1.8875775227370755,0.0
6950,-0.8875775021142115,0.0,-1.8875775319165338,1.0000001192092896
6951,-5.737826307117206,-1.0000001192092896,-1.737826187907918,-3.0000003576278687
6952,-1.8875775328342197,0.0,-1.8875775328342193,0.0
6953,-8.921478684003073,-1.0000001192092896,-1.9214784753868186,-6.000000715255737
6954,-9.737819898000815,0.0,-1.7378196595822353,-8.000000953674316
6955,-7.737486478875936,0.0,-1.7374863000619996,-6.000000715255737
6956,1.1162998489405287,0.0,-1.8837002404664385,3.0000003576278687
6957,-1.8873190117247858,0.0,-1.8873190117247858,0.0
6958,-1.775377796625832,0.0,-1.7753777966258348,0.0
6959,-2.794116617045535,0.0,-1.7941165872432108,-1.0000001192092896
6960,-0.8826206901217184,0.0,-1.8826207199240401,1.0000001192092896
6961,-10.921456063954928,-1.0000001192092896,-1.9214557957340235,-8.000000953674316
6962,-6.470307998388373,0.0,-1.4703078493767596,-5.000000596046448
6963,-2.7416157471458193,0.0,-1.741615717343499,-1.0000001192092896
6964,-0.7360317061271375,0.0,-1.7360317359294597,1.0000001192092896
6965,-2.3247282305271346,0.0,-1.3247282007248107,-1.0000001192092896
6966,-7.738078360899051,0.0,-1.7380781820851197,-6.000000715255737
6967,-2.886668304199947,0.0,-1.8866682743976257,-1.0000001192092896
6968,-1.8833734438224874,0.0,-1.8833734438224878,0.0
6969,-4.399713741421368,0.0,-1.3997136520144031,-3.0000003576278687
6970,0.4089723626141375,0.0,-0.5910276671881856,1.0000001192092896
6971,-9.758164627560184,0.0,-1.7581643891416026,-8.000000953674316
6972,0.04843700535572873,0.0,-1.9515630542489157,2.000000238418579
6973,-1.8861379060987224,0.0,-1.886137906098723,0.0
6974,-0.017667271170258625,1.0000001192092896,-2.0176673307749042,1.0000001192092896
6975,-8.7386954250433,0.0,-1.7386952164270375,-7.000000834465027
6976,-6.757981601631003,-1.0000001192092896,-1.7579814526193887,-4.000000476837158
6977,-8.887046676003886,0.0,-1.887046467387627,-7.000000834465027
6978,-1.8829736086768203,0.0,-1.8829736086768203,0.0
6979,-5.736172573113833,0.0,-1.7361724539045464,-4.000000476837158
6980,-0.37866910486375294,0.0,-1.3786691346660753,1.0000001192092896
6981,-2.88757753090381,0.0,-1.8875775011014868,-1.0000001192092896
6982,-0.379595128828363,0.0,-1.3795951586306856,1.0000001192092896
6983,-6.921874772506983,-1.0000001192092896,-1.9218746234953734,-4.000000476837158
6984,-0.6327022756965047,0.0,-1.6327023054988274,1.0000001192092896
6985,-3.9221863027064154,-1.0000001192092896,-1.9221862431017733,-1.0000001192092896
6986,-0.8836766241250388,0.0,-1.8836766539273613,1.0000001192092896
6987,-0.8875774608416706,0.0,-1.8875774906439935,1.0000001192092896
6988,-1.8843438053445911,0.0,-1.8843438053445913,0.0
6989,-0.8796207931938673,0.0,-1.8796208229961897,1.0000001192092896
6990,-7.921372299066663,-1.0000001192092896,-1.9213721202527292,-5.000000596046448
6991,-9.736692774431194,0.0,-1.7366925360126175,-8.000000953674316
6992,-8.921424612838202,-1.0000001192092896,-1.9214244042219477,-6.000000715255737
6993,-1.8829739513963812,0.0,-1.8829739513963812,0.0
6994,-5.736048428454792,0.0,-1.736048309245501,-4.000000476837158
6995,-0.9730848861961138,0.0,-1.9730849159984363,1.0000001192092896
6996,-10.921550609179949,-1.0000001192092896,-1.921550340959047,-8.000000953674316
6997,-1.8861378376625564,0.0,-1.886137837662556,0.0
6998,-4.9214244936289155,-1.0000001192092896,-1.9214244042219473,-2.000000238418579
6999,-1.6044613261475074,0.0,-0.604461296345184,-1.0000001192092896
7000,-5.736034361322979,0.0,-1.7360342421136894,-4.000000476837158
7001,-4.921785705723288,-1.0000001192092896,-1.9217856163163178,-2.000000238418579
7002,-1.8828973208015776,0.0,-1.882897320801578,0.0
7003,-7.736353039216115,0.0,-1.73635286040218,-6.000000715255737
7004,-6.785915711141501,0.0,-1.7859155621298906,-5.000000596046448
7005,-8.735859971971824,0.0,-1.7358597633555672,-7.000000834465027
7006,-9.740153899399935,0.0,-1.7401536609813542,-8.000000953674316
7007,-1.88613781561692,0.0,-1.8861378156169204,0.0
7008,-0.8861378237663531,0.0,-1.886137853568676,1.0000001192092896
7009,-7.9247209021766825,-1.0000001192092896,-1.9247207233627472,-5.000000596046448
7010,-7.737886355105469,0.0,-1.737886176291536,-6.000000715255737
7011,-3.8849759276101823,0.0,-1.884975868005538,-2.000000238418579
7012,-3.8849563312805317,0.0,-1.884956271675888,-2.000000238418579
7013,-0.8866138225981274,0.0,-1.88661385240045,1.0000001192092896
7014,-2.3563829009977644,0.0,-1.3563828711954427,-1.0000001192092896
7015,-0.9206627421347414,0.0,-1.9206627719370635,1.0000001192092896
7016,-1.8855737606446614,0.0,-1.885573760644661,0.0
7017,-7.920697095136156,-1.0000001192092896,-1.9206969163222194,-5.000000596046448
7018,-1.8822340015684074,0.0,-1.882234001568407,0.0
7019,-0.38058033170863315,0.0,-1.3805803615109555,1.0000001192092896
7020,-12.639272385338922,0.0,-1.6392720575133735,-11.000001311302185
7021,-2.3783505842712325,0.0,-1.3783505544689107,-1.0000001192092896
7022,-2.3850018649717213,0.0,-1.3850018351694002,-1.0000001192092896
7023,-8.92556160096758,-1.0000001192092896,-1.9255613923513268,-6.000000715255737
7024,-3.736050889200535,0.0,-1.7360508295958896,-2.000000238418579
7025,-0.8322791084761392,0.0,-1.8322791382784618,1.0000001192092896
7026,-5.841483959683648,0.0,-1.841483840474357,-4.000000476837158
7027,-2.899368893023532,0.0,-1.8993688632212093,-1.0000001192092896
7028,-0.8871769036971602,0.0,-1.887176933499482,1.0000001192092896
7029,-10.921745151903679,-1.0000001192092896,-1.9217448836827744,-8.000000953674316
7030,-4.923408660799864,-1.0000001192092896,-1.923408571392896,-2.000000238418579
7031,-6.924017087334993,-1.0000001192092896,-1.9240169383233816,-4.000000476837158
7032,-1.6094567961632678,0.0,-0.6094567663609449,-1.0000001192092896
7033,-5.7363265966568,0.0,-1.736326477447512,-4.000000476837158
7034,-4.921605105639907,-1.0000001192092896,-1.9216050162329372,-2.000000238418579
7035,-10.796958567681862,0.0,-1.7969582994609603,-9.000001072883606
7036,-4.741242200175451,0.0,-1.7412421107684821,-3.0000003576278687
7037,-0.6187234127095336,0.0,-1.6187234425118553,1.0000001192092896
7038,-10.921451425460956,-1.0000001192092896,-1.921451157240054,-8.000000953674316
7039,-2.6578022357348847,0.0,-1.6578022059325601,-1.0000001192092896
7040,-2.7358129220376424,0.0,-1.7358128922353206,-1.0000001192092896
7041,-5.921483872965441,-1.0000001192092896,-1.921483753756154,-3.0000003576278687
7042,0.1137762210975064,0.0,-1.886223838507138,2.000000238418579
7043,-7.7962724987847185,0.0,-1.796272319970779,-6.000000715255737
7044,-7.736152267185647,0.0,-1.7361520883717145,-6.000000715255737
7045,-1.8836767142991122,0.0,-1.8836767142991122,0.0
7046,-4.926152224262998,-1.0000001192092896,-1.9261521348560298,-2.000000238418579
7047,-4.736275376259661,0.0,-1.736275286852693,-3.0000003576278687
7048,-5.736025838487688,0.0,-1.736025719278394,-4.000000476837158
7049,-8.736829035633027,0.0,-1.7368288270167704,-7.000000834465027
7050,-0.645382430365173,0.0,-1.6453824601674936,1.0000001192092896
7051,-4.921410268296046,-1.0000001192092896,-1.9214101788890794,-2.000000238418579
7052,-7.795283361420301,0.0,-1.7952831826063678,-6.000000715255737
7053,-6.920763749347834,-1.0000001192092896,-1.9207636003362205,-4.000000476837158
7054,-8.736387941397124,0.0,-1.7363877327808686,-7.000000834465027
7055,-7.729093918921561,0.0,-1.7290937401076276,-6.000000715255737
7056,-2.3779971645656532,0.0,-1.3779971347633295,-1.0000001192092896
7057,-7.739688647938196,0.0,-1.7396884691242642,-6.000000715255737
7058,-0.8866682189692104,0.0,-1.886668248771533,1.0000001192092896
7059,-4.521240046815767,0.0,-1.5212399574087965,-3.0000003576278687
7060,-7.73604026636713,0.0,-1.7360400875531947,-6.000000715255737
7061,-6.9243497230188655,-1.0000001192092896,-1.9243495740072536,-4.000000476837158
7062,-7.741334909517168,0.0,-1.7413347307032367,-6.000000715255737
7063,-2.3794444899944205,0.0,-1.3794444601920994,-1.0000001192092896
7064,-4.92165583855537,-1.0000001192092896,-1.9216557491484032,-2.000000238418579
7065,-4.757160826250384,-1.0000001192092896,-1.7571607368434183,-2.000000238418579
7066,-6.92147779735518,-1.0000001192092896,-1.921477648343567,-4.000000476837158
7067,-9.7425400046259,0.0,-1.7425397662073174,-8.000000953674316
7068,0.11702590714710503,0.0,-1.8829741524575396,2.000000238418579
7069,-2.377021831493674,0.0,-1.377021801691353,-1.0000001192092896
7070,-0.37738002497198675,0.0,-1.3773800547743091,1.0000001192092896
7071,-2.7360285785104574,0.0,-1.7360285487081368,-1.0000001192092896
7072,-0.3772677592145217,0.0,-1.377267789016844,1.0000001192092896
7073,-0.884318572876374,0.0,-1.8843186026786967,1.0000001192092896
7074,-8.923562170001212,-1.0000001192092896,-1.9235619613849555,-6.000000715255737
7075,-0.8862899040431476,0.0,-1.88628993384547,1.0000001192092896
7076,-5.757151005327181,0.0,-1.757150886117892,-4.000000476837158
7077,-2.376875553927295,0.0,-1.3768755241249728,-1.0000001192092896
7078,-7.736943966021514,0.0,-1.7369437872075788,-6.000000715255737
7079,-11.737053465242095,0.0,-1.7370531672188776,-10.000001192092896
7080,-7.736064130797313,0.0,-1.736063951983378,-6.000000715255737
7081,-5.789719903454926,0.0,-1.7897197842456372,-4.000000476837158
7082,-6.736036203023673,0.0,-1.7360360540120592,-5.000000596046448
7083,-4.923041172021845,-1.0000001192092896,-1.9230410826148774,-2.000000238418579
7084,-8.736025465653485,0.0,-1.7360252570372283,-7.000000834465027
7085,-7.73603101490266,0.0,-1.7360308360887282,-6.000000715255737
7086,-4.736038683972366,0.0,-1.7360385945654027,-3.0000003576278687
7087,-1.6049912750443935,0.0,-0.6049912452420702,-1.0000001192092896
7088,-6.92187088647759,-1.0000001192092896,-1.9218707374659811,-4.000000476837158
7089,-2.8867777072071017,0.0,-1.8867776774047784,-1.0000001192092896
7090,-5.7360524453292765,-1.0000001192092896,-1.7360523261199865,-3.0000003576278687
7091,-4.736032944156337,0.0,-1.7360328547493697,-3.0000003576278687
7092,-0.8860745501981698,0.0,-1.8860745800004923,1.0000001192092896
7093,-4.737134490416814,0.0,-1.7371344010098482,-3.0000003576278687
7094,1.11282315759533,0.0,-1.8871769318116374,3.0000003576278687
7095,-0.38322150303151203,0.0,-1.3832215328338346,1.0000001192092896
7096,-6.73616274714204,-1.0000001192092896,-1.7361625981304294,-4.000000476837158
7097,-7.744332747203818,0.0,-1.7443325683898783,-6.000000715255737
7098,-8.736036539187173,0.0,-1.736036330570914,-7.000000834465027
7099,-7.737749964127375,0.0,-1.7377497853134403,-6.000000715255737
7100,-0.37738503510663635,0.0,-1.3773850649089587,1.0000001192092896
7101,-5.800885766213586,0.0,-1.8008856470042969,-4.000000476837158
7102,-6.921465051650633,-1.0000001192092896,-1.9214649026390187,-4.000000476837158
7103,-0.3790243416943171,0.0,-1.3790243714966397,1.0000001192092896
7104,-0.3781961450047313,0.0,-1.3781961748070535,1.0000001192092896
7105,-5.770853168713157,0.0,-1.7708530495038686,-4.000000476837158
7106,-1.8791381425678857,0.0,-1.8791381425678855,0.0
7107,-8.921743802132351,-1.0000001192092896,-1.9217435935160925,-6.000000715255737
7108,-5.73604496264174,0.0,-1.7360448434324505,-4.000000476837158
7109,-1.8360658432337442,0.0,-1.836065843233745,0.0
7110,-7.73647363813284,0.0,-1.7364734593189044,-6.000000715255737
7111,-4.7359283472270794,0.0,-1.7359282578201123,-3.0000003576278687
7112,-6.924678363945371,-1.0000001192092896,-1.9246782149337562,-4.000000476837158
7113,-5.635600098358572,0.0,-1.6355999791492855,-4.000000476837158
7114,-0.8322757160224559,0.0,-1.8322757458247785,1.0000001192092896
7115,-7.736037281645561,0.0,-1.7360371028316228,-6.000000715255737
7116,-9.736041009128195,0.0,-1.7360407707096226,-8.000000953674316
7117,-5.698438697660536,0.0,-1.6984385784512486,-4.000000476837158
7118,-0.8824680275452143,0.0,-1.882468057347538,1.0000001192092896
7119,-1.8814812509860879,0.0,-1.881481250986088,0.0
7120,-4.921375649682345,-1.0000001192092896,-1.9213755602753784,-2.000000238418579
7121,-1.884976054911021,0.0,-1.884976054911021,0.0
7122,-5.650695571080146,0.0,-1.650695451870854,-4.000000476837158
7123,-8.923136129659007,-1.0000001192092896,-1.9231359210427474,-6.000000715255737
7124,-0.37941421603002623,0.0,-1.3794142458323488,1.0000001192092896
7125,-3.877940278862397,0.0,-1.8779402192577521,-2.000000238418579
7126,-5.922156700594005,-1.0000001192092896,-1.9221565813847112,-3.0000003576278687
7127,-4.731128067480627,0.0,-1.731127978073662,-3.0000003576278687
7128,-0.8866682184005904,0.0,-1.8866682482029127,1.0000001192092896
7129,-7.725769964423904,0.0,-1.72576978560997,-6.000000715255737
7130,-0.37958408285229317,0.0,-1.3795841126546158,1.0000001192092896
7131,-10.789709133296995,0.0,-1.7897088650760988,-9.000001072883606
7132,-1.8822348292296063,0.0,-1.8822348292296074,0.0
7133,-0.3972928408250771,0.0,-1.3972928706273997,1.0000001192092896
7134,-11.762415352683055,0.0,-1.7624150546598332,-10.000001192092896
7135,-4.741632102047079,0.0,-1.741632012640114,-3.0000003576278687
7136,-5.739613707777742,0.0,-1.7396135885684545,-4.000000476837158
7137,-0.88666252757682,0.0,-1.8866625573791425,1.0000001192092896
7138,-8.923511669849653,-1.0000001192092896,-1.9235114612333928,-6.000000715255737
7139,-3.7367236135935107,-1.0000001192092896,-1.7367235539888657,-1.0000001192092896
7140,-6.748741063114416,0.0,-1.7487409141028019,-5.000000596046448
7141,-0.37830154543664274,0.0,-1.3783015752389651,1.0000001192092896
7142,-6.92153910794317,-1.0000001192092896,-1.9215389589315541,-4.000000476837158
7143,-2.8876248189226486,0.0,-1.8876247891203264,-1.0000001192092896
7144,-5.736090766218613,0.0,-1.7360906470093243,-4.000000476837158
7145,-6.9245299144307015,-1.0000001192092896,-1.9245297654190885,-4.000000476837158
7146,-1.884343863066612,0.0,-1.8843438630666127,0.0
7147,0.11279867599245529,0.0,-1.8872013836121895,2.000000238418579
7148,-6.92272246443055,-1.0000001192092896,-1.92272231541894,-4.000000476837158
7149,-1.8855735930473223,0.0,-1.885573593047322,0.0
7150,-4.738800422231518,0.0,-1.7388003328245472,-3.0000003576278687
7151,-2.3772193626708757,0.0,-1.3772193328685516,-1.0000001192092896
7152,-12.875619520783896,0.0,-1.8756191929583608,-11.000001311302185
7153,-0.3803354934157728,0.0,-1.3803355232180954,1.0000001192092896
7154,-0.3798160619397646,0.0,-1.379816091742087,1.0000001192092896
7155,-0.8866233230502527,0.0,-1.886623352852575,1.0000001192092896
7156,-1.8849760092051588,0.0,-1.8849760092051588,0.0
7157,-6.73670917853644,0.0,-1.7367090295248309,-5.000000596046448
7158,-13.67177797343959,0.0,-1.671777615811722,-12.000001430511475
7159,0.11442651184385155,0.0,-1.8855735477607931,2.000000238418579
7160,-6.921424553233558,-1.0000001192092896,-1.9214244042219475,-4.000000476837158
7161,-1.502220108304364,0.0,-1.5022201083043638,0.0
7162,-0.8843439627152174,0.0,-1.88434399251754,1.0000001192092896
7163,-0.8849760116318826,0.0,-1.8849760414342054,1.0000001192092896
7164,-4.736033358942983,-1.0000001192092896,-1.7360332695360174,-2.000000238418579
7165,-1.883676623766029,0.0,-1.8836766237660294,0.0
7166,-0.38528063429811343,0.0,-1.3852806641004358,1.0000001192092896
7167,-1.8553498544545353,0.0,-1.8553498544545353,0.0
7168,-0.8829735956859832,0.0,-1.8829736254883058,1.0000001192092896
7169,-5.823887441883155,0.0,-1.8238873226738639,-4.000000476837158
7170,-8.921424637397205,-1.0000001192092896,-1.9214244287809448,-6.000000715255737
7171,-0.3792634382950033,0.0,-1.3792634680973257,1.0000001192092896
7172,-2.886668417418889,0.0,-1.8866683876165675,-1.0000001192092896
7173,-10.869379391644097,0.0,-1.8693791234232027,-9.000001072883606
7174,-0.8803219215413589,0.0,-1.8803219513436813,1.0000001192092896
7175,-6.754417148817248,0.0,-1.7544169998056354,-5.000000596046448
7176,-2.692208303251555,0.0,-1.692208273449232,-1.0000001192092896
7177,-7.736006235649152,0.0,-1.7360060568352202,-6.000000715255737
7178,-1.887174099110673,0.0,-1.8871740991106725,0.0
7179,-10.73602228736274,0.0,-1.7360220191418312,-9.000001072883606
7180,-5.9214319654880745,-1.0000001192092896,-1.9214318462787874,-3.0000003576278687
7181,-8.73654537774253,-1.0000001192092896,-1.736545169126276,-6.000000715255737
7182,-0.8837237133367719,0.0,-1.8837237431390936,1.0000001192092896
7183,-6.921430361583848,-1.0000001192092896,-1.9214302125722345,-4.000000476837158
7184,-5.922043274484016,-1.0000001192092896,-1.9220431552747266,-3.0000003576278687
7185,-0.8836029395793181,0.0,-1.8836029693816407,1.0000001192092896
7186,-7.736399872046703,0.0,-1.7363996932327683,-6.000000715255737
7187,-3.921414951231096,-1.0000001192092896,-1.9214148916264493,-1.0000001192092896
7188,-4.921924500126146,-1.0000001192092896,-1.9219244107191773,-2.000000238418579
7189,-4.9214244936289155,-1.0000001192092896,-1.921424404221947,-2.000000238418579
7190,-10.736032254589675,0.0,-1.7360319863687745,-9.000001072883606
7191,-4.921477737750536,-1.0000001192092896,-1.9214776483435685,-2.000000238418579
7192,-4.923516669450207,-1.0000001192092896,-1.9235165800432394,-2.000000238418579
7193,-0.3842097216895368,0.0,-1.3842097514918592,1.0000001192092896
7194,-9.736038486012864,0.0,-1.736038247594283,-8.000000953674316
7195,-8.741264709723017,0.0,-1.741264501106749,-7.000000834465027
7196,-9.736030596266529,0.0,-1.7360303578479448,-8.000000953674316
7197,-1.6094562727071526,0.0,-0.6094562429048294,-1.0000001192092896
7198,-4.480808154079188,0.0,-1.4808080646722217,-3.0000003576278687
7199,0.1157199658678284,0.0,-1.8842800937368174,2.000000238418579
7200,-6.921542265542865,-1.0000001192092896,-1.9215421165312532,-4.000000476837158
7201,-8.736038087077663,0.0,-1.736037878461407,-7.000000834465027
7202,-1.5811727086369776,0.0,-0.581172678834655,-1.0000001192092896
7203,-5.7360546833190575,0.0,-1.7360545641097669,-4.000000476837158
7204,-6.736975652899279,0.0,-1.7369755038876693,-5.000000596046448
7205,-2.8842803053747645,0.0,-1.8842802755724422,-1.0000001192092896
7206,-2.7338184334689815,0.0,-1.7338184036666602,-1.0000001192092896
7207,0.1155671876042832,0.0,-1.8844328720003611,2.000000238418579
7208,-3.8849760248622918,0.0,-1.884975965257647,-2.000000238418579
7209,-5.740203818396623,0.0,-1.7402036991873338,-4.000000476837158
7210,-8.923032974707121,-1.0000001192092896,-1.9230327660908648,-6.000000715255737
7211,0.1138621953004344,0.0,-1.8861378643042106,2.000000238418579
7212,-5.3771153024027845,0.0,-1.3771151831934956,-4.000000476837158
7213,1.183820078741245,0.0,-1.8161800106657227,3.0000003576278687
7214,-4.754890528063244,0.0,-1.7548904386562771,-3.0000003576278687
7215,-2.3765133458988674,0.0,-1.376513316096545,-1.0000001192092896
7216,-4.921424518099595,-1.0000001192092896,-1.9214244286926287,-2.000000238418579
7217,-3.736166846013174,0.0,-1.7361667864085295,-2.000000238418579
7218,-3.939084300593553,0.0,-0.9390842111865836,-3.0000003576278687
7219,-4.9210019524022695,-1.0000001192092896,-1.921001862995303,-2.000000238418579
7220,-6.921645570207854,-1.0000001192092896,-1.9216454211962435,-4.000000476837158
7221,-0.37924205359128393,0.0,-1.3792420833936063,1.0000001192092896
7222,-7.736039094923833,0.0,-1.736038916109899,-6.000000715255737
7223,-8.73603685858758,0.0,-1.7360366499713185,-7.000000834465027
7224,-5.7360354842219134,0.0,-1.7360353650126226,-4.000000476837158
7225,-7.7706088782211715,0.0,-1.7706086994072374,-6.000000715255737
7226,-6.736164394581719,0.0,-1.736164245570109,-5.000000596046448
7227,-0.8836770896116221,0.0,-1.883677119413945,1.0000001192092896
7228,-8.923812211486956,-1.0000001192092896,-1.9238120028707004,-6.000000715255737
7229,-6.923360248745368,-1.0000001192092896,-1.9233600997337568,-4.000000476837158
7230,-2.6964586679839986,0.0,-1.6964586381816766,-1.0000001192092896
7231,-4.768773334985932,0.0,-1.768773245578967,-3.0000003576278687
7232,-3.7360028338411313,0.0,-1.736002774236486,-2.000000238418579
7233,-6.927916589028822,-1.0000001192092896,-1.9279164400172097,-4.000000476837158
7234,-9.736002629961119,0.0,-1.7360023915425462,-8.000000953674316
7235,-7.755903172792692,0.0,-1.7559029939787578,-6.000000715255737
7236,-6.921485859028437,-1.0000001192092896,-1.9214857100168259,-4.000000476837158
7237,-2.377902748469645,0.0,-1.377902718667322,-1.0000001192092896
7238,-6.921477797355179,-1.0000001192092896,-1.9214776483435683,-4.000000476837158
7239,-8.742735948557293,0.0,-1.7427357399410304,-7.000000834465027
7240,-2.736088541897092,0.0,-1.73608851209477,-1.0000001192092896
7241,-0.3765729700903233,0.0,-1.3765729998926457,1.0000001192092896
7242,-6.8198579791330705,0.0,-1.819857830121457,-5.000000596046448
7243,-9.736342769750419,0.0,-1.7363425313318428,-8.000000953674316
7244,-2.351513886890116,0.0,-1.3515138570877934,-1.0000001192092896
7245,-2.88557369136864,0.0,-1.8855736615663181,-1.0000001192092896
7246,-0.38416549337095884,0.0,-1.3841655231732812,1.0000001192092896
7247,-2.325106689986444,0.0,-1.3251066601841197,-1.0000001192092896
7248,0.11242259921846609,0.0,-1.8875774603861784,2.000000238418579
7249,-8.923997830395566,-1.0000001192092896,-1.9239976217793096,-6.000000715255737
7250,-1.5760853221327085,0.0,-0.5760852923303853,-1.0000001192092896
7251,-5.851987253072577,0.0,-1.8519871338632865,-4.000000476837158
7252,-4.922086167464162,-1.0000001192092896,-1.9220860780571947,-2.000000238418579
7253,-6.736067977730899,-1.0000001192092896,-1.7360678287192863,-4.000000476837158
7254,-0.884550220539422,0.0,-1.8845502503417437,1.0000001192092896
7255,-2.8875774952048197,0.0,-1.8875774654024982,-1.0000001192092896
7256,-4.921424493628917,-1.0000001192092896,-1.9214244042219484,-2.000000238418579
7257,-2.7377678834033645,0.0,-1.737767853601042,-1.0000001192092896
7258,0.6203881060311072,0.0,-1.3796119535735376,2.000000238418579
7259,-7.735719399184178,0.0,-1.7357192203702434,-6.000000715255737
7260,-10.921603786426887,-1.0000001192092896,-1.9216035182059856,-8.000000953674316
7261,0.11333178635700147,0.0,-1.8866682732476436,2.000000238418579
7262,-2.8821889384440014,0.0,-1.882188908641677,-1.0000001192092896
7263,-4.379608946044418,0.0,-1.3796088566374538,-3.0000003576278687
7264,-5.923592802690651,-1.0000001192092896,-1.9235926834813633,-3.0000003576278687
7265,-8.921424634807336,-1.0000001192092896,-1.921424426191077,-6.000000715255737
7266,-0.37497702856542814,0.0,-1.3749770583677503,1.0000001192092896
7267,-1.8836449262855275,0.0,-1.8836449262855273,0.0
7268,-11.736663845118326,0.0,-1.7366635470950982,-10.000001192092896
7269,-6.919919312959841,-1.0000001192092896,-1.9199191639482285,-4.000000476837158
7270,-3.8855736226544133,0.0,-1.8855735630497692,-2.000000238418579
7271,-5.378149346305632,0.0,-1.37814922709634,-4.000000476837158
7272,-4.9213741043893595,-1.0000001192092896,-1.921374014982392,-2.000000238418579
7273,-4.55981412103317,0.0,-0.559814001823882,-4.000000476837158
7274,-0.3786421121510801,0.0,-1.3786421419534027,1.0000001192092896
7275,-2.3756085569999685,0.0,-1.3756085271976453,-1.0000001192092896
7276,-0.8871769020093156,0.0,-1.8871769318116385,1.0000001192092896
7277,-6.92471471588703,-1.0000001192092896,-1.924714566875418,-4.000000476837158
7278,-1.8849561911950266,0.0,-1.884956191195026,0.0
7279,-9.74197156429085,0.0,-1.7419713258722656,-8.000000953674316
7280,-3.0176673687252666,1.0000001192092896,-2.0176673389229443,-2.000000238418579
7281,-3.8861379562955425,0.0,-1.886137896690899,-2.000000238418579
7282,-1.8849759224823348,0.0,-1.8849759224823348,0.0
7283,-7.731879832811412,0.0,-1.7318796539974777,-6.000000715255737
7284,-7.879741364121218,0.0,-1.879741185307282,-6.000000715255737
7285,-9.922746439127978,-1.0000001192092896,-1.9227462007094025,-7.000000834465027
7286,-8.961305551671739,0.0,-1.9613053430554805,-7.000000834465027
7287,-3.736087361818557,0.0,-1.7360873022139114,-2.000000238418579
7288,-0.37930426805999384,0.0,-1.3793042978623162,1.0000001192092896
7289,-5.73653793300813,0.0,-1.736537813798837,-4.000000476837158
7290,-0.8866682331974419,0.0,-1.8866682629997644,1.0000001192092896
7291,-7.736047545817615,0.0,-1.7360473670036776,-6.000000715255737
7292,-6.737532952013277,0.0,-1.7375328030016661,-5.000000596046448
7293,-5.736029870259719,0.0,-1.7360297510504266,-4.000000476837158
7294,-0.3780876970089413,0.0,-1.378087726811264,1.0000001192092896
7295,-1.8875765784179346,0.0,-1.887576578417935,0.0
7296,-1.8866682982923257,0.0,-1.8866682982923253,0.0
7297,0.112823091408225,0.0,-1.8871769681964201,2.000000238418579
7298,1.2008719078877108,0.0,-1.7991281815192568,3.0000003576278687
7299,-0.378907212846076,0.0,-1.3789072426483981,1.0000001192092896
7300,-2.377213200196084,0.0,-1.3772131703937625,-1.0000001192092896
7301,-9.739170888194476,0.0,-1.7391706497758987,-8.000000953674316
7302,-6.92259013397622,-1.0000001192092896,-1.9225899849646058,-4.000000476837158
7303,-2.770845211862397,0.0,-1.7708451820600766,-1.0000001192092896
7304,-2.8986842285311525,0.0,-1.89868419872883,-1.0000001192092896
7305,-1.8871769340620983,0.0,-1.8871769340620979,0.0
7306,-4.921693667970519,-1.0000001192092896,-1.9216935785635532,-2.000000238418579
7307,-0.8822339848406813,0.0,-1.8822340146430032,1.0000001192092896
7308,-7.668250949336628,0.0,-1.6682507705226943,-6.000000715255737
7309,0.11304694485267608,0.0,-1.886953114751968,2.000000238418579
7310,-1.8873190271040987,0.0,-1.8873190271040987,0.0
7311,-8.921642784313029,-1.0000001192092896,-1.921642575696774,-6.000000715255737
7312,-4.736035600078968,0.0,-1.7360355106719985,-3.0000003576278687
7313,-0.8875853410386819,0.0,-1.887585370841004,1.0000001192092896
7314,-9.920581047169568,-1.0000001192092896,-1.920580808750984,-7.000000834465027
7315,-8.736036163672287,0.0,-1.736035955056033,-7.000000834465027
7316,-8.736654797530585,0.0,-1.736654588914329,-7.000000834465027
7317,-0.37570569961888145,0.0,-1.375705729421204,1.0000001192092896
7318,-5.736032046050246,0.0,-1.7360319268409574,-4.000000476837158
7319,-6.926171336212276,-1.0000001192092896,-1.9261711872006642,-4.000000476837158
7320,-1.8829738907832132,0.0,-1.882973890783213,0.0
7321,-2.376279698378707,0.0,-1.3762796685763838,-1.0000001192092896
7322,-2.7360686115244754,0.0,-1.7360685817221522,-1.0000001192092896
7323,-6.921424720978656,-1.0000001192092896,-1.9214245719670482,-4.000000476837158
7324,-1.6973285432214433,0.0,-1.6973285432214442,0.0
7325,-2.8861379358995745,0.0,-1.886137906097252,-1.0000001192092896
7326,-3.3786455674024998,0.0,-1.3786455077978557,-2.000000238418579
7327,-1.8862899621021332,0.0,-1.8862899621021332,0.0
7328,-4.736102067606949,0.0,-1.7361019781999822,-3.0000003576278687
7329,0.1128231484245964,0.0,-1.8871769111800485,2.000000238418579
7330,-4.921964459371295,-1.0000001192092896,-1.9219643699643267,-2.000000238418579
7331,-4.921539056847083,-1.0000001192092896,-1.9215389674401175,-2.000000238418579
7332,-8.922139256424257,-1.0000001192092896,-1.9221390478080027,-6.000000715255737
7333,-10.923394415015082,-1.0000001192092896,-1.923394146794178,-8.000000953674316
7334,-0.3769139995577777,0.0,-1.3769140293601003,1.0000001192092896
7335,-5.885951078853198,0.0,-1.885950959643907,-4.000000476837158
7336,-5.922029122516602,-1.0000001192092896,-1.9220290033073089,-3.0000003576278687
7337,-3.739140704297061,0.0,-1.739140644692417,-2.000000238418579
7338,-0.3795540824749293,0.0,-1.3795541122772517,1.0000001192092896
7339,-1.8008494920102582,0.0,-1.8008494920102567,0.0
7340,-3.7360292457824134,0.0,-1.7360291861777684,-2.000000238418579
7341,-9.736031806934438,0.0,-1.7360315685158538,-8.000000953674316
7342,-0.37852678339124624,0.0,-1.3785268131935684,1.0000001192092896
7343,-3.9214837498481447,-1.0000001192092896,-1.9214836902435002,-1.0000001192092896
7344,0.11333176017508018,0.0,-1.886668299429564,2.000000238418579
7345,-5.736936181233431,0.0,-1.7369360620241432,-4.000000476837158
7346,-0.8323071752648423,0.0,-1.8323072050671643,1.0000001192092896
7347,-0.8866682314915817,0.0,-1.8866682612939045,1.0000001192092896
7348,-7.036503204379728,0.0,-2.036503055368109,-5.000000596046448
7349,-0.8836765329696282,0.0,-1.8836765627719503,1.0000001192092896
7350,-3.9119502066483918,0.0,-0.9119501172414239,-3.0000003576278687
7351,-3.736065502934357,0.0,-1.736065443329711,-2.000000238418579
7352,-10.746372193909622,0.0,-1.746371925688719,-9.000001072883606
7353,-10.921508201721233,-1.0000001192092896,-1.9215079335003322,-8.000000953674316
7354,-4.922135747765415,-1.0000001192092896,-1.9221356583584472,-2.000000238418579
7355,-0.7676455105571047,0.0,-1.7676455403594271,1.0000001192092896
7356,-1.8861282736890432,0.0,-1.8861282736890428,0.0
7357,-3.8829740416089953,0.0,-1.8829739820043512,-2.000000238418579
7358,-1.0166058665885915,1.0000001192092896,-2.0166058963909137,0.0
7359,-0.8866233230387295,0.0,-1.8866233528410512,1.0000001192092896
7360,-8.738484117500526,0.0,-1.7384839088842698,-7.000000834465027
7361,-4.9278706067180735,-1.0000001192092896,-1.9278705173111073,-2.000000238418579
7362,-5.736035036045643,0.0,-1.7360349168363514,-4.000000476837158
7363,-0.8855734537010265,0.0,-1.8855734835033489,1.0000001192092896
7364,-7.80977118763828,0.0,-1.8097710088243466,-6.000000715255737
7365,-0.3796208493237698,0.0,-1.379620879126092,1.0000001192092896
7366,-1.6130226590423924,0.0,-0.6130226292400702,-1.0000001192092896
7367,-1.8866682623106452,0.0,-1.8866682623106457,0.0
7368,-0.8836765329696283,0.0,-1.8836765627719505,1.0000001192092896
7369,-7.736049709994696,0.0,-1.7360495311807653,-6.000000715255737
7370,-3.7754658306165307,0.0,-1.7754657710118855,-2.000000238418579
7371,-1.8836766086730972,0.0,-1.8836766086730967,0.0
7372,-6.85949353468994,0.0,-0.8594933558760037,-6.000000715255737
7373,-10.736820063219957,0.0,-1.736819794999058,-9.000001072883606
7374,-9.812292104194272,0.0,-1.812291865775696,-8.000000953674316
7375,-10.922909657151223,-1.0000001192092896,-1.922909388930317,-8.000000953674316
7376,-8.926267314431307,-1.0000001192092896,-1.9262671058150507,-6.000000715255737
7377,-0.3832820051217152,0.0,-1.3832820349240378,1.0000001192092896
7378,-6.921424553233559,-1.0000001192092896,-1.9214244042219486,-4.000000476837158
7379,-7.735534077191126,0.0,-1.7355338983771917,-6.000000715255737
7380,-1.8861378416841135,0.0,-1.8861378416841132,0.0
7381,-7.739321864743478,0.0,-1.739321685929544,-6.000000715255737
7382,-1.8855735489215184,0.0,-1.8855735489215186,0.0
7383,-0.38043034750616767,0.0,-1.3804303773084903,1.0000001192092896
7384,-1.8866682321355017,0.0,-1.8866682321355017,0.0
7385,-0.3772156420255195,0.0,-1.3772156718278423,1.0000001192092896
7386,-5.736030048043256,0.0,-1.736029928833969,-4.000000476837158
7387,-8.92189882528092,-1.0000001192092896,-1.9218986166646637,-6.000000715255737
7388,-1.8851368921178095,0.0,-1.88513689211781,0.0
7389,-1.8836766986087474,0.0,-1.883676698608748,0.0
7390,-10.733088446229562,0.0,-1.733088178008651,-9.000001072883606
7391,-8.923781901050086,-1.0000001192092896,-1.9237816924338305,-6.000000715255737
7392,-1.8855734749062258,0.0,-1.8855734749062258,0.0
7393,-4.922079274704428,-1.0000001192092896,-1.922079185297461,-2.000000238418579
7394,-3.818379550291961,0.0,-1.818379490687317,-2.000000238418579
7395,-5.736045921476154,0.0,-1.7360458022668654,-4.000000476837158
7396,-8.736561726784306,-1.0000001192092896,-1.7365615181680536,-6.000000715255737
7397,-6.922835548436157,-1.0000001192092896,-1.9228353994245442,-4.000000476837158
7398,-4.921819152126004,-1.0000001192092896,-1.9218190627190361,-2.000000238418579
7399,-0.88367668594593,0.0,-1.8836767157482524,1.0000001192092896
7400,-0.8871769070728532,0.0,-1.8871769368751758,1.0000001192092896
7401,-6.9239189013814,-1.0000001192092896,-1.9239187523697905,-4.000000476837158
7402,-8.752276886633286,0.0,-1.7522766780170291,-7.000000834465027
7403,-1.8836765929579848,0.0,-1.883676592957985,0.0
7404,-2.376070503443148,0.0,-1.3760704736408242,-1.0000001192092896
7405,-0.882973516451657,0.0,-1.8829735462539792,1.0000001192092896
7406,-4.681437700150162,0.0,-1.6814376107431945,-3.0000003576278687
7407,-2.7360230652315973,0.0,-1.7360230354292756,-1.0000001192092896
7408,-5.7360337087315845,0.0,-1.736033589522293,-4.000000476837158
7409,-0.8875774834287444,0.0,-1.8875775132310673,1.0000001192092896
7410,-8.736256373502197,0.0,-1.7362561648859445,-7.000000834465027
7411,-12.92160630470815,-1.0000001192092896,-1.9216059768826088,-10.000001192092896
7412,-6.921484855266653,-1.0000001192092896,-1.9214847062550393,-4.000000476837158
7413,-10.924050368603405,-1.0000001192092896,-1.9240501003825075,-8.000000953674316
7414,-0.8849757983413071,0.0,-1.8849758281436295,1.0000001192092896
7415,0.11442642011017323,0.0,-1.8855736394944715,2.000000238418579
7416,-0.8855734401530679,0.0,-1.88557346995539,1.0000001192092896
7417,-6.736146451007227,-1.0000001192092896,-1.7361463019956163,-4.000000476837158
7418,-1.7425480715820167,0.0,-1.7425480715820179,0.0
7419,-9.92142464264052,-1.0000001192092896,-1.9214244042219468,-7.000000834465027
7420,-6.921478561088639,-1.0000001192092896,-1.9214784120770256,-4.000000476837158
7421,-6.92182050066048,-1.0000001192092896,-1.9218203516488703,-4.000000476837158
7422,-0.884343776134132,0.0,-1.8843438059364548,1.0000001192092896
7423,-0.8851429980390835,0.0,-1.8851430278414054,1.0000001192092896
7424,-7.736030674743608,0.0,-1.7360304959296762,-6.000000715255737
7425,-10.922313376835792,-1.0000001192092896,-1.9223131086148861,-8.000000953674316
7426,-8.922033542628238,-1.0000001192092896,-1.922033334011986,-6.000000715255737
7427,-0.8855734430548877,0.0,-1.8855734728572107,1.0000001192092896
7428,-0.37829116407237895,0.0,-1.3782911938747011,1.0000001192092896
7429,-3.88613792275984,0.0,-1.8861378631551962,-2.000000238418579
7430,-7.791092580746317,0.0,-1.791092401932382,-6.000000715255737
7431,-5.798735106897087,0.0,-1.7987349876877978,-4.000000476837158
7432,-5.7360368985374475,0.0,-1.7360367793281613,-4.000000476837158
7433,-0.3758494113983968,0.0,-1.3758494412007192,1.0000001192092896
7434,-0.37487632582573616,0.0,-1.3748763556280585,1.0000001192092896
7435,-9.737328037371162,0.0,-1.7373277989525808,-8.000000953674316
7436,-2.73601630821834,0.0,-1.7360162784160162,-1.0000001192092896
7437,-3.0176673712646647,1.0000001192092896,-2.017667341462342,-2.000000238418579
7438,-6.796734606248436,0.0,-1.796734457236821,-5.000000596046448
7439,-11.736041343015994,0.0,-1.7360410449927732,-10.000001192092896
7440,0.11710235218430431,0.0,-1.8828977074203412,2.000000238418579
7441,-2.8849761274883328,0.0,-1.8849760976860122,-1.0000001192092896
7442,-7.736054312142162,0.0,-1.736054133328228,-6.000000715255737
7443,-4.793845081105783,0.0,-1.7938449916988162,-3.0000003576278687
7444,-0.8861378645905413,0.0,-1.886137894392864,1.0000001192092896
7445,-4.376671919468093,0.0,-1.3766718300611263,-3.0000003576278687
7446,-4.921478501483994,-1.0000001192092896,-1.9214784120770245,-2.000000238418579
7447,-0.3791007636845727,0.0,-1.3791007934868948,1.0000001192092896
7448,-4.707616791451778,0.0,-1.7076167020448099,-3.0000003576278687
7449,-4.7360308475065,0.0,-1.7360307580995349,-3.0000003576278687
7450,0.11282592917494938,0.0,-1.8871741304296958,2.000000238418579
7451,-6.924125878910896,-1.0000001192092896,-1.9241257298992875,-4.000000476837158
7452,-0.8822339060868465,0.0,-1.8822339358891687,1.0000001192092896
7453,-7.736029711595213,0.0,-1.7360295327812751,-6.000000715255737
7454,-5.722903957878682,0.0,-1.7229038386693918,-4.000000476837158
7455,0.11502424669648159,0.0,-1.884975812908163,2.000000238418579
7456,0.11632309051993017,0.0,-1.8836769690847144,2.000000238418579
7457,-15.75613936870737,0.0,-1.756138951474859,-14.000001668930054
7458,-0.3837006464854915,0.0,-1.383700676287814,1.0000001192092896
7459,-4.736033744263464,0.0,-1.736033654856494,-3.0000003576278687
7460,-0.8849757983413078,0.0,-1.8849758281436302,1.0000001192092896
7461,-0.7360217056517582,0.0,-1.7360217354540806,1.0000001192092896
7462,0.1140495738811399,0.0,-1.8859504857235048,2.000000238418579
7463,-12.921320416241223,-1.0000001192092896,-1.9213200884156818,-10.000001192092896
7464,-5.736257594778841,0.0,-1.736257475569552,-4.000000476837158
7465,-0.37748676978838547,0.0,-1.377486799590708,1.0000001192092896
7466,-4.738233422345832,0.0,-1.7382333329388633,-3.0000003576278687
7467,-4.980723896551915,0.0,-1.980723807144948,-3.0000003576278687
7468,-7.736074338544488,0.0,-1.7360741597305531,-6.000000715255737
7469,-0.8866682757614651,0.0,-1.8866683055637872,1.0000001192092896
7470,-2.3740440152093782,0.0,-1.374043985407059,-1.0000001192092896
7471,-8.736226673034935,0.0,-1.7362264644186762,-7.000000834465027
7472,-8.921424612838203,-1.0000001192092896,-1.9214244042219477,-6.000000715255737
7473,-1.8843182673680345,0.0,-1.8843182673680356,0.0
7474,-4.921792235616671,-1.0000001192092896,-1.9217921462097038,-2.000000238418579
7475,-2.7360277732274807,0.0,-1.7360277434251608,-1.0000001192092896
7476,0.11544994896220195,0.0,-1.8845501106424425,2.000000238418579
7477,-1.8866568665304233,0.0,-1.8866568665304229,0.0
7478,-7.738272989842746,0.0,-1.738272811028812,-6.000000715255737
7479,-7.736039087548773,0.0,-1.736038908734842,-6.000000715255737
7480,-4.715265907538207,0.0,-1.7152658181312388,-3.0000003576278687
7481,0.11443049753642243,0.0,-1.8855695620682225,2.000000238418579
7482,-6.921487635710383,-1.0000001192092896,-1.9214874866987695,-4.000000476837158
7483,-7.741192839965151,0.0,-1.7411926611512165,-6.000000715255737
7484,-1.886668276672094,0.0,-1.8866682766720944,0.0
7485,-5.921477767552858,-1.0000001192092896,-1.9214776483435678,-3.0000003576278687
7486,-9.73603855250856,0.0,-1.7360383140899827,-8.000000953674316
7487,-5.921424523431236,-1.0000001192092896,-1.9214244042219477,-3.0000003576278687
7488,-0.3771811158010867,0.0,-1.377181145603409,1.0000001192092896
7489,-5.736154285985392,0.0,-1.7361541667761007,-4.000000476837158
7490,-10.933998035944628,-1.0000001192092896,-1.9339977677237195,-8.000000953674316
7491,-2.886953116097893,0.0,-1.8869530862955721,-1.0000001192092896
7492,0.11502407167940198,0.0,-1.8849759879252432,2.000000238418579
7493,-4.92109488817581,-1.0000001192092896,-1.921094798768842,-2.000000238418579
7494,0.1124225612899874,0.0,-1.8875774983146574,2.000000238418579
7495,-13.59227453549368,0.0,-1.592274177865809,-12.000001430511475
7496,-8.921437289136508,-1.0000001192092896,-1.9214370805202514,-6.000000715255737
7497,-1.8873190117247844,0.0,-1.887319011724785,0.0
7498,-4.641914284435742,0.0,-1.6419141950287754,-3.0000003576278687
7499,-0.8836769392823925,0.0,-1.8836769690847146,1.0000001192092896
7500,-0.8866682622351967,0.0,-1.8866682920375188,1.0000001192092896
7501,-1.5861555169342303,0.0,-0.5861554871319086,-1.0000001192092896
7502,-2.7360381068885657,0.0,-1.7360380770862434,-1.0000001192092896
7503,-7.745926020766158,0.0,-1.7459258419522183,-6.000000715255737
7504,-8.923721085340986,-1.0000001192092896,-1.9237208767247296,-6.000000715255737
7505,-0.38076207395229056,0.0,-1.380762103754613,1.0000001192092896
7506,-9.736026677108377,0.0,-1.7360264386898008,-8.000000953674316
7507,-7.534810343599322,0.0,-1.534810164785388,-6.000000715255737
7508,-3.6004554654389924,0.0,-0.6004553760320257,-3.0000003576278687
7509,-4.612081035640278,0.0,-1.6120809462333126,-3.0000003576278687
7510,-10.73679504737216,-1.0000001192092896,-1.7367947791512568,-8.000000953674316
7511,-6.923481841788914,-1.0000001192092896,-1.9234816927773029,-4.000000476837158
7512,-8.924160022265468,-1.0000001192092896,-1.9241598136492137,-6.000000715255737
7513,-8.921956573790373,-1.0000001192092896,-1.9219563651741165,-6.000000715255737
7514,-4.921424511700578,-1.0000001192092896,-1.9214244222936108,-2.000000238418579
7515,-1.8829739820043505,0.0,-1.8829739820043505,0.0
7516,0.35286898869658545,0.0,-1.6471310709080598,2.000000238418579
7517,-1.3802417401915685,0.0,-1.3802417401915679,0.0
7518,-4.758038620496024,0.0,-1.7580385310890576,-3.0000003576278687
7519,-11.840711276990627,0.0,-1.8407109789674017,-10.000001192092896
7520,-4.921624258716751,-1.0000001192092896,-1.9216241693097815,-2.000000238418579
7521,-8.726415368908029,0.0,-1.7264151602917737,-7.000000834465027
7522,-0.8821888450865789,0.0,-1.8821888748889013,1.0000001192092896
7523,-1.8843440374152942,0.0,-1.8843440374152935,0.0
7524,-1.5760867175999809,0.0,-0.5760866877976578,-1.0000001192092896
7525,-0.8849758045966145,0.0,-1.8849758343989371,1.0000001192092896
7526,-8.921431755865454,-1.0000001192092896,-1.9214315472491996,-6.000000715255737
7527,-10.736730725956221,0.0,-1.7367304577353195,-9.000001072883606
7528,-0.8822339060868462,0.0,-1.8822339358891687,1.0000001192092896
7529,-1.8855589669423658,0.0,-1.8855589669423654,0.0
7530,-4.3805487607418945,0.0,-1.3805486713349278,-3.0000003576278687
7531,-8.7388632483198,0.0,-1.7388630397035452,-7.000000834465027
7532,-0.3801565251317087,0.0,-1.380156554934031,1.0000001192092896
7533,-6.378371026807791,0.0,-1.3783708777961805,-5.000000596046448
7534,-4.92318131531757,-1.0000001192092896,-1.923181225910603,-2.000000238418579
7535,-8.921466039033172,-1.0000001192092896,-1.9214658304169159,-6.000000715255737
7536,-4.921489083161123,-1.0000001192092896,-1.9214889937541566,-2.000000238418579
7537,0.11282313979664182,0.0,-1.8871769198080024,2.000000238418579
7538,-11.740541621642485,0.0,-1.7405413236192613,-10.000001192092896
7539,-3.9213369448778175,-1.0000001192092896,-1.9213368852731727,-1.0000001192092896
7540,-3.714588196315823,0.0,-1.7145881367111795,-2.000000238418579
7541,-6.921968083773499,-1.0000001192092896,-1.9219679347618839,-4.000000476837158
7542,-6.921424616746215,-1.0000001192092896,-1.9214244677346026,-4.000000476837158
7543,-1.8866625921105453,0.0,-1.8866625921105458,0.0
7544,-9.744460542324871,0.0,-1.7444603039062936,-8.000000953674316
7545,-3.8150332447475446,0.0,-1.8150331851429,-2.000000238418579
7546,-1.8843439353668447,0.0,-1.8843439353668452,0.0
7547,-1.8858082850290998,0.0,-1.8858082850291003,0.0
7548,-5.5833153980952295,0.0,-1.583315278885943,-4.000000476837158
7549,0.11242262390267543,0.0,-1.8875774357019681,2.000000238418579
7550,-7.7438393118888955,0.0,-1.7438391330749623,-6.000000715255737
7551,-5.736309598557551,0.0,-1.7363094793482605,-4.000000476837158
7552,-1.5861563787104487,0.0,-0.586156348908127,-1.0000001192092896
7553,-5.736430267602759,0.0,-1.7364301483934668,-4.000000476837158
7554,-4.377265359470043,0.0,-1.3772652700630728,-3.0000003576278687
7555,-0.882973921594059,0.0,-1.8829739513963815,1.0000001192092896
7556,-7.921424583035882,-1.0000001192092896,-1.9214244042219486,-5.000000596046448
7557,-3.765935341767847,0.0,-1.7659352821632026,-2.000000238418579
7558,-8.923809741962966,-1.0000001192092896,-1.9238095333467058,-6.000000715255737
7559,-2.8871769627391903,0.0,-1.8871769329368675,-1.0000001192092896
7560,-4.920136835885634,-1.0000001192092896,-1.9201367464786676,-2.000000238418579
7561,-4.488831525121562,0.0,-1.4888314357145929,-3.0000003576278687
7562,0.11565634113936052,0.0,-1.884343718465284,2.000000238418579
7563,-0.8875775021142109,0.0,-1.887577531916533,1.0000001192092896
7564,-0.8814801445633278,0.0,-1.88148017436565,1.0000001192092896
7565,-0.3810163208089796,0.0,-1.3810163506113022,1.0000001192092896
7566,-7.7360315880890305,0.0,-1.736031409275094,-6.000000715255737
7567,-3.7360323105170195,0.0,-1.7360322509123747,-2.000000238418579
7568,-4.758696041480616,0.0,-1.7586959520736483,-3.0000003576278687
7569,-7.923773140136609,-1.0000001192092896,-1.9237729613226706,-5.000000596046448
7570,-0.8843182372215803,0.0,-1.8843182670239027,1.0000001192092896
7571,1.1161001252494418,0.0,-1.8838999641575254,3.0000003576278687
7572,-0.8862899446870298,0.0,-1.8862899744893524,1.0000001192092896
7573,-10.924839272086626,-1.0000001192092896,-1.9248390038657257,-8.000000953674316
7574,-0.37965978188664873,0.0,-1.3796598116889711,1.0000001192092896
7575,-12.74328365066698,0.0,-1.7432833228414362,-11.000001311302185
7576,0.11565600701918743,0.0,-1.884344052585457,2.000000238418579
7577,-2.7360272547834112,0.0,-1.7360272249810897,-1.0000001192092896
7578,-10.922731320800636,-1.0000001192092896,-1.9227310525797359,-8.000000953674316
7579,-4.736046109316978,0.0,-1.73604601991001,-3.0000003576278687
7580,-7.736021764682929,0.0,-1.7360215858689978,-6.000000715255737
7581,-9.743036608313227,0.0,-1.7430363698946494,-8.000000953674316
7582,-0.3777490728364372,0.0,-1.3777491026387598,1.0000001192092896
7583,-7.73783735672386,0.0,-1.737837177909925,-6.000000715255737
7584,-5.737755782699864,0.0,-1.7377556634905735,-4.000000476837158
7585,-7.737265528201143,0.0,-1.737265349387209,-6.000000715255737
7586,-6.92574273725234,-1.0000001192092896,-1.925742588240732,-4.000000476837158
7587,-0.882973516451657,0.0,-1.8829735462539792,1.0000001192092896
7588,-5.737129302234272,0.0,-1.7371291830249829,-4.000000476837158
7589,-7.737853756937996,0.0,-1.7378535781240592,-6.000000715255737
7590,-10.921934533306493,-1.0000001192092896,-1.9219342650855915,-8.000000953674316
7591,-7.737020311107179,0.0,-1.7370201322932501,-6.000000715255737
7592,-4.92142450408626,-1.0000001192092896,-1.9214244146792936,-2.000000238418579
7593,-8.921424612838205,-1.0000001192092896,-1.921424404221948,-6.000000715255737
7594,-2.643968231075395,0.0,-1.6439682012730708,-1.0000001192092896
7595,-0.8875775004421168,0.0,-1.8875775302444393,1.0000001192092896
7596,-2.576084373952345,0.0,-0.5760843143476991,-2.000000238418579
7597,-1.8829735662439415,0.0,-1.8829735662439424,0.0
7598,-2.7577778677632607,0.0,-1.7577778379609372,-1.0000001192092896
7599,-5.7360060934587835,0.0,-1.7360059742494935,-4.000000476837158
7600,-0.887576542058055,0.0,-1.8875765718603774,1.0000001192092896
7601,-1.8832801470953457,0.0,-1.8832801470953453,0.0
7602,-3.736048272000291,0.0,-1.7360482123956498,-2.000000238418579
7603,-3.9220262007234123,-1.0000001192092896,-1.9220261411187685,-1.0000001192092896
7604,-1.8866682487715334,0.0,-1.886668248771533,0.0
7605,-6.922675909806234,-1.0000001192092896,-1.9226757607946232,-4.000000476837158
7606,0.6206626098478193,0.0,-1.3793374497568256,2.000000238418579
7607,-9.736748009084089,0.0,-1.7367477706655061,-8.000000953674316
7608,-1.5743834738614275,0.0,-0.5743834440591048,-1.0000001192092896
7609,-2.3789463737345304,0.0,-1.378946343932207,-1.0000001192092896
7610,-6.736911224701158,0.0,-1.736911075689543,-5.000000596046448
7611,-0.3789875873654933,0.0,-1.3789876171678157,1.0000001192092896
7612,-0.886290039522322,0.0,-1.886290069324645,1.0000001192092896
7613,-10.922864700138122,-1.0000001192092896,-1.9228644319172228,-8.000000953674316
7614,-7.735929001580514,0.0,-1.7359288227665792,-6.000000715255737
7615,-10.92148932107489,-1.0000001192092896,-1.9214890528539874,-8.000000953674316
7616,-9.736031050483849,0.0,-1.7360308120652679,-8.000000953674316
7617,-0.37985824243507693,0.0,-1.3798582722373993,1.0000001192092896
7618,-6.922086205650111,-1.0000001192092896,-1.922086056638499,-4.000000476837158
7619,-6.921477890498197,-1.0000001192092896,-1.9214777414865822,-4.000000476837158
7620,-2.678826194121106,0.0,-1.6788261643187818,-1.0000001192092896
7621,-6.727653235621178,0.0,-1.7276530866095665,-5.000000596046448
7622,-6.737038740513169,0.0,-1.73703859150156,-5.000000596046448
7623,-1.887577521459074,0.0,-1.8875775214590738,0.0
7624,-4.736251383172098,0.0,-1.7362512937651333,-3.0000003576278687
7625,-2.6824153813643443,0.0,-1.6824153515620235,-1.0000001192092896
7626,-7.737145036831251,0.0,-1.7371448580173152,-6.000000715255737
7627,-1.638649013515582,0.0,-1.638649013515582,0.0
7628,-0.8866682314915824,0.0,-1.886668261293905,1.0000001192092896
7629,-3.738133550599525,0.0,-1.7381334909948798,-2.000000238418579
7630,-0.8866625389647349,0.0,-1.8866625687670568,1.0000001192092896
7631,-2.7406374858341294,0.0,-1.7406374560318065,-1.0000001192092896
7632,-10.960350021087283,0.0,-1.9603497528663791,-9.000001072883606
7633,-1.5658622079823856,0.0,-0.5658621781800636,-1.0000001192092896
7634,0.6220407063104557,0.0,-1.3779593532941896,2.000000238418579
7635,-6.921489774896558,-1.0000001192092896,-1.921489625884947,-4.000000476837158
7636,-1.5705078523335017,0.0,-0.5705078225311796,-1.0000001192092896
7637,-0.8849759225645899,0.0,-1.8849759523669125,1.0000001192092896
7638,0.11776601151389299,0.0,-1.8822340480907513,2.000000238418579
7639,-0.8866682058782062,0.0,-1.8866682356805287,1.0000001192092896
7640,-0.8822346878692222,0.0,-1.8822347176715446,1.0000001192092896
7641,-13.736018577839157,0.0,-1.7360182202112895,-12.000001430511475
7642,-7.856784772075629,0.0,-1.8567845932616929,-6.000000715255737
7643,-6.750355405065481,0.0,-1.7503552560538698,-5.000000596046448
7644,-8.921577611935371,-1.0000001192092896,-1.9215774033191104,-6.000000715255737
7645,-10.769859031149341,0.0,-1.7698587629284461,-9.000001072883606
7646,0.11442657377983956,0.0,-1.885573485824805,2.000000238418579
7647,-6.736033985803534,-1.0000001192092896,-1.736033836791923,-4.000000476837158
7648,-2.882973639684945,0.0,-1.8829736098826235,-1.0000001192092896
7649,-8.741232518236387,0.0,-1.741232309620132,-7.000000834465027
7650,-9.759871049703836,0.0,-1.7598708112852586,-8.000000953674316
7651,-0.8875843869140557,0.0,-1.8875844167163778,1.0000001192092896
7652,-4.736045576576088,0.0,-1.7360454871691215,-3.0000003576278687
7653,-4.9228735237824885,-1.0000001192092896,-1.9228734343755234,-2.000000238418579
7654,-4.92734762611695,-1.0000001192092896,-1.9273475367099844,-2.000000238418579
7655,-8.792401345271845,0.0,-1.792401136655583,-7.000000834465027
7656,-5.736043690273248,0.0,-1.7360435710639572,-4.000000476837158
7657,-8.886916599865573,0.0,-1.8869163912493154,-7.000000834465027
7658,-0.647746514254463,0.0,-1.6477465440567856,1.0000001192092896
7659,-0.8843437312148726,0.0,-1.884343761017195,1.0000001192092896
7660,-5.73152149063082,0.0,-1.7315213714215276,-4.000000476837158
7661,-7.736418070345188,0.0,-1.7364178915312494,-6.000000715255737
7662,-7.73535494589942,0.0,-1.7353547670854856,-6.000000715255737
7663,0.21592401965867525,0.0,-1.78407603994597,2.000000238418579
7664,-5.921506789377791,-1.0000001192092896,-1.9215066701684969,-3.0000003576278687
7665,-5.739116839887574,0.0,-1.7391167206782814,-4.000000476837158
7666,-2.37915106866214,0.0,-1.379151038859821,-1.0000001192092896
7667,-7.73605628591652,0.0,-1.736056107102585,-6.000000715255737
7668,-6.73620146872392,0.0,-1.7362013197123098,-5.000000596046448
7669,0.11386225702134034,0.0,-1.8861378025833047,2.000000238418579
7670,-0.8875774998847528,0.0,-1.887577529687075,1.0000001192092896
7671,-0.5115918447773316,0.0,-1.5115918745796537,1.0000001192092896
7672,-3.921619369498214,-1.0000001192092896,-1.9216193098935705,-1.0000001192092896
7673,-1.884550266103981,0.0,-1.884550266103981,0.0
7674,-4.732574903851359,0.0,-1.7325748144443904,-3.0000003576278687
7675,-7.921424747590444,-1.0000001192092896,-1.9214245687765077,-5.000000596046448
7676,-6.923640296249183,-1.0000001192092896,-1.923640147237568,-4.000000476837158
7677,-6.736793224817559,0.0,-1.736793075805946,-5.000000596046448
7678,-0.3797396144204923,0.0,-1.3797396442228145,1.0000001192092896
7679,-2.8836768497515632,0.0,-1.8836768199492413,-1.0000001192092896
7680,0.11632337505492574,0.0,-1.8836766845497195,2.000000238418579
7681,-0.8829352763140302,0.0,-1.8829353061163527,1.0000001192092896
7682,-0.8814849447381974,0.0,-1.8814849745405196,1.0000001192092896
7683,-4.720132065970303,0.0,-1.7201319765633378,-3.0000003576278687
7684,-8.921424612838205,-1.0000001192092896,-1.9214244042219482,-6.000000715255737
7685,-0.37804579477912625,0.0,-1.3780458245814486,1.0000001192092896
7686,1.112823139965555,0.0,-1.8871769494414126,3.0000003576278687
7687,-0.8866682172633511,0.0,-1.8866682470656737,1.0000001192092896
7688,-6.921674912890336,-1.0000001192092896,-1.9216747638787264,-4.000000476837158
7689,-0.6942152945161418,0.0,-1.6942153243184632,1.0000001192092896
7690,-6.9233116527422185,-1.0000001192092896,-1.923311503730607,-4.000000476837158
7691,-1.884975834398937,0.0,-1.884975834398937,0.0
7692,-10.922550658949207,-1.0000001192092896,-1.9225503907283028,-8.000000953674316
7693,-1.3784011317886433,0.0,-1.3784011317886424,0.0
7694,-2.8866683098988943,0.0,-1.8866682800965702,-1.0000001192092896
7695,-4.923121600274062,-1.0000001192092896,-1.9231215108670947,-2.000000238418579
7696,-2.3736622667041978,0.0,-1.3736622369018752,-1.0000001192092896
7697,-9.738265997016235,0.0,-1.738265758597667,-8.000000953674316
7698,-0.8848364134612444,0.0,-1.8848364432635667,1.0000001192092896
7699,-5.736856940195254,0.0,-1.7368568209859676,-4.000000476837158
7700,0.11386223095412107,0.0,-1.8861378286505235,2.000000238418579
7701,-4.923021788930118,-1.0000001192092896,-1.9230216995231506,-2.000000238418579
7702,-6.923671060605463,-1.0000001192092896,-1.9236709115938497,-4.000000476837158
7703,-0.8829735476630999,0.0,-1.882973577465423,1.0000001192092896
7704,-1.8871769106174325,0.0,-1.8871769106174328,0.0
7705,-8.921424664947782,-1.0000001192092896,-1.9214244563315306,-6.000000715255737
7706,-7.736841766405029,0.0,-1.7368415875910934,-6.000000715255737
7707,-0.8875774998847528,0.0,-1.8875775296870747,1.0000001192092896
7708,-0.883676863818634,0.0,-1.8836768936209567,1.0000001192092896
7709,-7.736111069416523,0.0,-1.7361108906025897,-6.000000715255737
7710,-4.921424493628917,-1.0000001192092896,-1.9214244042219488,-2.000000238418579
7711,0.5945501967097275,0.0,-1.4054498628949172,2.000000238418579
7712,-1.8875853455995284,0.0,-1.8875853455995282,0.0
7713,0.623894862864309,0.0,-1.3761051967403364,2.000000238418579
7714,-9.73604753225948,0.0,-1.7360472938408964,-8.000000953674316
7715,-10.796246454854925,-1.0000001192092896,-1.7962461866340207,-8.000000953674316
7716,-4.921532766842046,-1.0000001192092896,-1.9215326774350792,-2.000000238418579
7717,-7.737664436575517,0.0,-1.737664257761585,-6.000000715255737
7718,-4.920707944511575,-1.0000001192092896,-1.9207078551046093,-2.000000238418579
7719,0.11386223037961318,0.0,-1.8861378292250317,2.000000238418579
7720,-1.741604217808295,0.0,-1.741604217808296,0.0
7721,-2.7406129728439894,0.0,-1.740612943041668,-1.0000001192092896
7722,-3.8871770011694475,0.0,-1.8871769415648032,-2.000000238418579
7723,-7.736911085349665,0.0,-1.73691090653573,-6.000000715255737
7724,-0.8843437463852585,0.0,-1.8843437761875808,1.0000001192092896
7725,-1.882234047482536,0.0,-1.882234047482536,0.0
7726,-1.385912258831418,0.0,-1.3859122588314183,0.0
7727,-1.7322956510129124,0.0,-1.7322956510129117,0.0
7728,-4.924350182839666,-1.0000001192092896,-1.924350093432697,-2.000000238418579
7729,-4.73603573192637,-1.0000001192092896,-1.7360356425194012,-2.000000238418579
7730,-1.8855735270489744,0.0,-1.8855735270489744,0.0
7731,-1.8822340648146088,0.0,-1.8822340648146085,0.0
7732,-0.38233022770791836,0.0,-1.382330257510241,1.0000001192092896
7733,-1.8839316617796102,0.0,-1.8839316617796098,0.0
7734,1.1170256158723677,0.0,-1.8829744735345986,3.0000003576278687
7735,-7.622198944263237,0.0,-1.6221987654492995,-6.000000715255737
7736,-0.8871769070728535,0.0,-1.8871769368751758,1.0000001192092896
7737,-4.9226694469286585,-1.0000001192092896,-1.9226693575216918,-2.000000238418579
7738,-6.927027862212327,-1.0000001192092896,-1.9270277132007154,-4.000000476837158
7739,-5.744319822125504,0.0,-1.7443197029162179,-4.000000476837158
7740,-3.8043919565206292,0.0,-1.8043918969159845,-2.000000238418579
7741,-0.8871769070728535,0.0,-1.8871769368751758,1.0000001192092896
7742,1.1177658944511788,0.0,-1.8822341949557884,3.0000003576278687
7743,-2.8849760249444762,0.0,-1.8849759951421525,-1.0000001192092896
7744,-9.736038688148362,0.0,-1.736038449729787,-8.000000953674316
7745,-8.736033123440015,0.0,-1.7360329148237605,-7.000000834465027
7746,-6.725006448336008,0.0,-1.7250062993243953,-5.000000596046448
7747,0.11740435543197081,0.0,-1.8825957041726742,2.000000238418579
7748,-6.736066917384974,-1.0000001192092896,-1.7360667683733615,-4.000000476837158
7749,-0.3785308074266567,0.0,-1.3785308372289793,1.0000001192092896
7750,-1.3771215473745733,0.0,-1.3771215473745737,0.0
7751,0.11781070953519024,0.0,-1.8821893500694549,2.000000238418579
7752,-4.376888363099939,0.0,-1.3768882736929733,-3.0000003576278687
7753,-1.88497584904825,0.0,-1.88497584904825,0.0
7754,-0.37859791445856117,0.0,-1.3785979442608838,1.0000001192092896
7755,-1.8849760836230771,0.0,-1.8849760836230767,0.0
7756,-0.6130234083495112,0.0,-0.6130234083495092,0.0
7757,-6.373739305304277,0.0,-1.3737391562926637,-5.000000596046448
7758,-6.736914255609381,0.0,-1.7369141065977713,-5.000000596046448
7759,-5.73604822654025,0.0,-1.7360481073309606,-4.000000476837158
7760,-8.921843718966324,-1.0000001192092896,-1.9218435103500684,-6.000000715255737
7761,-1.887577513034,0.0,-1.887577513034,0.0
7762,-13.742847331892598,0.0,-1.7428469742647346,-12.000001430511475
7763,-0.8821888603071562,0.0,-1.8821888901094783,1.0000001192092896
7764,-1.8851368927039638,0.0,-1.885136892703965,0.0
7765,-0.8875774938862137,0.0,-1.8875775236885366,1.0000001192092896
7766,-7.7441046780015785,0.0,-1.744104499187642,-6.000000715255737
7767,-8.922859326492532,-1.0000001192092896,-1.9228591178762746,-6.000000715255737
7768,-7.727044667281416,0.0,-1.7270444884674874,-6.000000715255737
7769,-8.736022683900051,0.0,-1.7360224752837983,-7.000000834465027
7770,-0.8866625485079918,0.0,-1.8866625783103144,1.0000001192092896
7771,-3.7360350636644277,0.0,-1.7360350040597834,-2.000000238418579
7772,-1.958010583426798,0.0,-0.9580105536244738,-1.0000001192092896
7773,-8.735503004067223,0.0,-1.7355027954509732,-7.000000834465027
7774,-6.736038475486205,-1.0000001192092896,-1.7360383264745902,-4.000000476837158
7775,-0.8871769036971606,0.0,-1.8871769334994832,1.0000001192092896
7776,-4.921367581922368,-1.0000001192092896,-1.9213674925153994,-2.000000238418579
7777,-6.9217776091775205,-1.0000001192092896,-1.921777460165908,-4.0000004768371581
